ISO-10303-21;
HEADER;
FILE_DESCRIPTION (( 'STEP AP214' ),
    '1' );
FILE_NAME ('Handle spacer.STEP',
    '2025-12-15T14:11:59',
    ( '' ),
    ( '' ),
    'SwSTEP 2.0',
    'SolidWorks 2025',
    '' );
FILE_SCHEMA (( 'AUTOMOTIVE_DESIGN' ));
ENDSEC;

DATA;
#1 = ORIENTED_EDGE ( 'NONE', *, *, #512, .T. ) ;
#2 = CARTESIAN_POINT ( 'NONE',  ( 0.000000000000000000, 0.000000000000000000, -9.500000000000000000 ) ) ;
#3 = CARTESIAN_POINT ( 'NONE',  ( 4.895465762364035633, 0.000000000000000000, 3.200321336784469395 ) ) ;
#4 = CARTESIAN_POINT ( 'NONE',  ( -4.635325236812398053, 0.3999999999999975797, 3.753140858476881281 ) ) ;
#5 = CARTESIAN_POINT ( 'NONE',  ( 8.000000000000000000, 9.071069597503624848, 2.500000631318421096 ) ) ;
#6 = ORIENTED_EDGE ( 'NONE', *, *, #1076, .T. ) ;
#7 = CARTESIAN_POINT ( 'NONE',  ( 8.309156053706418757E-05, 0.4000000000000000222, -6.999999370062417903 ) ) ;
#8 = CARTESIAN_POINT ( 'NONE',  ( 5.471622153089493068, 0.000000000000000000, 0.8164774565966163022 ) ) ;
#9 = AXIS2_PLACEMENT_3D ( 'NONE', #228, #1336, #1064 ) ;
#10 = EDGE_CURVE ( 'NONE', #1022, #281, #713, .T. ) ;
#11 = EDGE_CURVE ( 'NONE', #680, #845, #1403, .T. ) ;
#12 = CARTESIAN_POINT ( 'NONE',  ( -5.500086315106962331, 0.000000000000000000, 0.4067895847964239642 ) ) ;
#13 = FACE_OUTER_BOUND ( 'NONE', #457, .T. ) ;
#14 = CARTESIAN_POINT ( 'NONE',  ( 3.015824843776317543, 0.3999999999999975797, 5.856945636244857312 ) ) ;
#15 = CARTESIAN_POINT ( 'NONE',  ( -4.065758146820641628E-16, 0.000000000000000000, 7.000000000000000000 ) ) ;
#16 = ORIENTED_EDGE ( 'NONE', *, *, #721, .F. ) ;
#17 = DIRECTION ( 'NONE',  ( 1.000000000000000000, 0.000000000000000000, 0.000000000000000000 ) ) ;
#18 = CARTESIAN_POINT ( 'NONE',  ( 5.263350216612317389, 0.3999999999999975797, -2.028213969412615558 ) ) ;
#19 = ORIENTED_EDGE ( 'NONE', *, *, #1055, .T. ) ;
#20 = PRESENTATION_STYLE_ASSIGNMENT (( #878 ) ) ;
#21 = CARTESIAN_POINT ( 'NONE',  ( 3.605298225344404361, 0.000000000000000000, -5.272029189298429230 ) ) ;
#22 = VERTEX_POINT ( 'NONE', #413 ) ;
#23 = CARTESIAN_POINT ( 'NONE',  ( -8.000000000000000000, 9.071069597503624848, 0.000000000000000000 ) ) ;
#24 = CIRCLE ( 'NONE', #107, 2.500000631318422428 ) ;
#25 = CARTESIAN_POINT ( 'NONE',  ( -10.20274168105784263, 0.000000000000000000, -2.936550601345009781 ) ) ;
#26 = EDGE_CURVE ( 'NONE', #948, #62, #1335, .T. ) ;
#27 = CARTESIAN_POINT ( 'NONE',  ( 9.260910607558349383, 0.000000000000000000, 5.717223270049095696 ) ) ;
#28 = CARTESIAN_POINT ( 'NONE',  ( -7.910273378312862924, 0.3999999999999975797, 7.912345428347993703 ) ) ;
#29 = CARTESIAN_POINT ( 'NONE',  ( -5.590052615769631559E-64, 2.000000000000000000, 6.999999368681577572 ) ) ;
#30 = CIRCLE ( 'NONE', #9, 2.500000631318421540 ) ;
#31 = CARTESIAN_POINT ( 'NONE',  ( -1.981032612738087062, 0.3999999999999975797, 6.527128929508222654 ) ) ;
#32 = PLANE ( 'NONE',  #979 ) ;
#33 = PRODUCT_DEFINITION_SHAPE ( 'NONE', 'NONE',  #971 ) ;
#34 = DIRECTION ( 'NONE',  ( 0.000000000000000000, 0.000000000000000000, 1.000000000000000000 ) ) ;
#35 = CARTESIAN_POINT ( 'NONE',  ( 3.598463190794231270, 0.000000000000000000, 11.28454589000159913 ) ) ;
#36 = DIRECTION ( 'NONE',  ( 0.000000000000000000, 1.000000000000000000, 0.000000000000000000 ) ) ;
#37 = EDGE_LOOP ( 'NONE', ( #1326, #390, #1270, #859 ) ) ;
#38 = CARTESIAN_POINT ( 'NONE',  ( -10.20595251390328784, 0.3999999999999975797, 2.921586721044471258 ) ) ;
#39 =( GEOMETRIC_REPRESENTATION_CONTEXT ( 3 ) GLOBAL_UNCERTAINTY_ASSIGNED_CONTEXT ( ( #821 ) ) GLOBAL_UNIT_ASSIGNED_CONTEXT ( ( #616, #626, #1236 ) ) REPRESENTATION_CONTEXT ( 'NONE', 'WORKASPACE' ) );
#40 = CARTESIAN_POINT ( 'NONE',  ( -1.603745922614672192, 0.000000000000000000, 6.695181370814618838 ) ) ;
#41 = CARTESIAN_POINT ( 'NONE',  ( -8.132079633186021894, 0.000000000000000000, 7.612590611558883502 ) ) ;
#42 = CARTESIAN_POINT ( 'NONE',  ( 0.000000000000000000, 0.000000000000000000, -9.500000000000000000 ) ) ;
#43 = CARTESIAN_POINT ( 'NONE',  ( 4.592607358057603228, 0.000000000000000000, 10.80446175416255450 ) ) ;
#44 = EDGE_CURVE ( 'NONE', #1031, #220, #223, .T. ) ;
#45 = CARTESIAN_POINT ( 'NONE',  ( 5.357042513691267160, 0.000000000000000000, 1.627558495578288023 ) ) ;
#46 = ORIENTED_EDGE ( 'NONE', *, *, #899, .F. ) ;
#47 = CARTESIAN_POINT ( 'NONE',  ( -10.44004641984199466, 0.3999999999999975797, -1.481696219090140376 ) ) ;
#48 = AXIS2_PLACEMENT_3D ( 'NONE', #1274, #1294, #1404 ) ;
#49 = CARTESIAN_POINT ( 'NONE',  ( -8.735481580843929450, 0.000000000000000000, 6.680593755567498349 ) ) ;
#50 = CARTESIAN_POINT ( 'NONE',  ( -1.020491551207380221, 0.000000000000000000, 6.880925458489033808 ) ) ;
#51 = DIRECTION ( 'NONE',  ( 0.000000000000000000, -0.000000000000000000, 1.000000000000000000 ) ) ;
#52 = CARTESIAN_POINT ( 'NONE',  ( 3.871803458559933020, 0.3999999999999975797, 4.971425316501708380 ) ) ;
#53 = CARTESIAN_POINT ( 'NONE',  ( 9.674018174897774713, 0.000000000000000000, -4.690185112185016436 ) ) ;
#54 = DIRECTION ( 'NONE',  ( 0.000000000000000000, 0.000000000000000000, 1.000000000000000000 ) ) ;
#55 = ORIENTED_EDGE ( 'NONE', *, *, #839, .T. ) ;
#56 = CIRCLE ( 'NONE', #1372, 2.500000631318421096 ) ;
#57 = DIRECTION ( 'NONE',  ( 0.000000000000000000, 0.000000000000000000, 1.000000000000000000 ) ) ;
#58 = DIRECTION ( 'NONE',  ( -0.000000000000000000, -1.000000000000000000, -0.000000000000000000 ) ) ;
#59 = CARTESIAN_POINT ( 'NONE',  ( 6.689728504792751274, 0.000000000000000000, 9.294098618909846010 ) ) ;
#60 = CARTESIAN_POINT ( 'NONE',  ( 8.732519091443831982, 0.3999999999999975797, 6.685706405721596468 ) ) ;
#61 = CARTESIAN_POINT ( 'NONE',  ( 3.605218217991488672, 0.000000000000000000, 5.287837184611945851 ) ) ;
#62 = VERTEX_POINT ( 'NONE', #1267 ) ;
#63 = EDGE_CURVE ( 'NONE', #1256, #383, #909, .T. ) ;
#64 = VECTOR ( 'NONE', #551, 1000.000000000000000 ) ;
#65 = DIRECTION ( 'NONE',  ( 0.000000000000000000, 0.000000000000000000, 1.000000000000000000 ) ) ;
#66 = EDGE_CURVE ( 'NONE', #990, #840, #882, .T. ) ;
#67 = CARTESIAN_POINT ( 'NONE',  ( -5.844688758088294911, 0.000000000000000000, 9.985095320807078068 ) ) ;
#68 = CARTESIAN_POINT ( 'NONE',  ( -0.4007047148927931346, 0.000000000000000000, -6.986021196227187424 ) ) ;
#69 = CARTESIAN_POINT ( 'NONE',  ( 4.910794224545314890, 0.000000000000000000, 10.62053575899824054 ) ) ;
#70 = CARTESIAN_POINT ( 'NONE',  ( 5.500260400896212154, 0.000000000000000000, 0.4028858385959740440 ) ) ;
#71 = VERTEX_POINT ( 'NONE', #1580 ) ;
#72 = CARTESIAN_POINT ( 'NONE',  ( -8.544966197215755344, 0.3999999999999975797, 6.996079071273299199 ) ) ;
#73 = AXIS2_PLACEMENT_3D ( 'NONE', #307, #180, #528 ) ;
#74 = CARTESIAN_POINT ( 'NONE',  ( -1.484299145504539785, 0.000000000000000000, 11.88768154806927235 ) ) ;
#75 = CARTESIAN_POINT ( 'NONE',  ( -5.041145998447069232, 0.000000000000000000, 2.812271801941681026 ) ) ;
#76 = CARTESIAN_POINT ( 'NONE',  ( 3.962545395994085062, 0.000000000000000000, -11.12458353204228523 ) ) ;
#77 = LINE ( 'NONE', #94, #625 ) ;
#78 = CARTESIAN_POINT ( 'NONE',  ( -1.009838838191978505, 0.000000000000000000, -6.883573938702106432 ) ) ;
#79 = ORIENTED_EDGE ( 'NONE', *, *, #1138, .F. ) ;
#80 = CARTESIAN_POINT ( 'NONE',  ( -10.49999999963562480, 0.3999999999999975797, -2.889350578418225377E-06 ) ) ;
#81 = CYLINDRICAL_SURFACE ( 'NONE', #755, 1.600000000000000755 ) ;
#82 = ADVANCED_FACE ( 'NONE', ( #471 ), #1460, .T. ) ;
#83 = CARTESIAN_POINT ( 'NONE',  ( -9.238611005058062986, 0.3999999999999975797, -5.726270119976924811 ) ) ;
#84 = CARTESIAN_POINT ( 'NONE',  ( -5.471516974596377203, 0.000000000000000000, -0.8178999945701421748 ) ) ;
#85 = CARTESIAN_POINT ( 'NONE',  ( 7.454267363263923585, 0.000000000000000000, -8.471245689429917292 ) ) ;
#86 = AXIS2_PLACEMENT_3D ( 'NONE', #1441, #93, #757 ) ;
#87 = CARTESIAN_POINT ( 'NONE',  ( 5.212435780217543169, 0.000000000000000000, -2.228843264896993137 ) ) ;
#88 = VERTEX_POINT ( 'NONE', #1421 ) ;
#89 = CARTESIAN_POINT ( 'NONE',  ( -5.038453937012159933, 0.3999999999999975797, -2.820314126744672301 ) ) ;
#90 = DIRECTION ( 'NONE',  ( 0.000000000000000000, 1.000000000000000000, -0.000000000000000000 ) ) ;
#91 = CARTESIAN_POINT ( 'NONE',  ( -2.519406308149578777, 0.3999999999999975797, -11.65883085367924110 ) ) ;
#92 = CARTESIAN_POINT ( 'NONE',  ( -1.411667136193661243, 0.000000000000000000, 6.766053347799921625 ) ) ;
#93 = DIRECTION ( 'NONE',  ( 0.000000000000000000, 1.000000000000000000, 0.000000000000000000 ) ) ;
#94 = CARTESIAN_POINT ( 'NONE',  ( 1.959434878635765477E-16, 9.071069597503624848, -7.899999999999999467 ) ) ;
#95 = AXIS2_PLACEMENT_3D ( 'NONE', #23, #856, #1244 ) ;
#96 = CARTESIAN_POINT ( 'NONE',  ( -5.590052615769631559E-64, 9.071069597503624848, 6.999999368681577572 ) ) ;
#97 = EDGE_LOOP ( 'NONE', ( #236, #557, #1466, #1426 ) ) ;
#98 = CARTESIAN_POINT ( 'NONE',  ( -8.000000000000000000, 9.071069597503624848, 0.000000000000000000 ) ) ;
#99 = LINE ( 'NONE', #1309, #547 ) ;
#100 = CARTESIAN_POINT ( 'NONE',  ( -9.670579226919668869, 0.000000000000000000, -4.699363105424130715 ) ) ;
#101 = CARTESIAN_POINT ( 'NONE',  ( -1.009838838191978505, 0.000000000000000000, -6.883573938702106432 ) ) ;
#102 = CARTESIAN_POINT ( 'NONE',  ( 5.828222196794039967, 0.3999999999999975797, 9.997809326638995131 ) ) ;
#103 = DIRECTION ( 'NONE',  ( 0.000000000000000000, 1.000000000000000000, 0.000000000000000000 ) ) ;
#104 = ORIENTED_EDGE ( 'NONE', *, *, #597, .T. ) ;
#105 = CYLINDRICAL_SURFACE ( 'NONE', #164, 1.600000000000000089 ) ;
#106 = DIRECTION ( 'NONE',  ( 0.000000000000000000, 0.000000000000000000, 1.000000000000000000 ) ) ;
#107 = AXIS2_PLACEMENT_3D ( 'NONE', #1361, #1495, #1135 ) ;
#108 = CARTESIAN_POINT ( 'NONE',  ( -5.356586527893155925, 0.000000000000000000, -1.630104980113234125 ) ) ;
#109 = CARTESIAN_POINT ( 'NONE',  ( 5.567555122179086879, 0.3999999999999975797, -10.21266409334464953 ) ) ;
#110 = DIRECTION ( 'NONE',  ( -0.000000000000000000, -1.000000000000000000, -0.000000000000000000 ) ) ;
#111 = EDGE_CURVE ( 'NONE', #566, #509, #259, .T. ) ;
#112 = EDGE_LOOP ( 'NONE', ( #1539, #449 ) ) ;
#113 = FACE_OUTER_BOUND ( 'NONE', #539, .T. ) ;
#114 = CIRCLE ( 'NONE', #497, 2.500000631318421096 ) ;
#115 = EDGE_CURVE ( 'NONE', #1022, #594, #1119, .T. ) ;
#116 = CARTESIAN_POINT ( 'NONE',  ( 3.605298225344404361, 0.3999999999999975797, -5.272029189298429230 ) ) ;
#117 = ADVANCED_FACE ( 'NONE', ( #707 ), #1591, .T. ) ;
#118 = CIRCLE ( 'NONE', #1017, 2.500000631318421096 ) ;
#119 = DIRECTION ( 'NONE',  ( -0.000000000000000000, -1.000000000000000000, -0.000000000000000000 ) ) ;
#120 = CARTESIAN_POINT ( 'NONE',  ( 5.499735981486713499, 0.3999999999999975797, -0.4141583174628524766 ) ) ;
#121 = ORIENTED_EDGE ( 'NONE', *, *, #780, .T. ) ;
#122 = DIRECTION ( 'NONE',  ( 0.000000000000000000, 0.000000000000000000, 1.000000000000000000 ) ) ;
#123 = CARTESIAN_POINT ( 'NONE',  ( -4.065758146820641628E-16, 0.3999999999999975797, 7.000000000000000000 ) ) ;
#124 = ORIENTED_EDGE ( 'NONE', *, *, #1292, .F. ) ;
#125 = CARTESIAN_POINT ( 'NONE',  ( -5.500086315106962331, 0.3999999999999975797, 0.4067895847964239642 ) ) ;
#126 = DIRECTION ( 'NONE',  ( 0.000000000000000000, 0.000000000000000000, 1.000000000000000000 ) ) ;
#127 = CARTESIAN_POINT ( 'NONE',  ( 3.465891816929385083, 0.3999999999999975797, -5.421780720147950206 ) ) ;
#128 = VECTOR ( 'NONE', #283, 1000.000000000000000 ) ;
#129 = CARTESIAN_POINT ( 'NONE',  ( -4.065758146820641628E-16, 0.3999999999999975797, 7.000000000000000000 ) ) ;
#130 = FILL_AREA_STYLE ('',( #397 ) ) ;
#131 = CARTESIAN_POINT ( 'NONE',  ( 3.605218217991488672, 0.000000000000000000, 5.287837184611945851 ) ) ;
#132 = ORIENTED_EDGE ( 'NONE', *, *, #232, .T. ) ;
#133 = EDGE_CURVE ( 'NONE', #985, #877, #412, .T. ) ;
#134 = AXIS2_PLACEMENT_3D ( 'NONE', #447, #110, #1451 ) ;
#135 = FACE_BOUND ( 'NONE', #672, .T. ) ;
#136 = CARTESIAN_POINT ( 'NONE',  ( 0.000000000000000000, 2.000000000000000000, -9.500000000000000000 ) ) ;
#137 = CARTESIAN_POINT ( 'NONE',  ( 1.409910056873257655, 0.3999999999999975797, 6.766730178533169493 ) ) ;
#138 =( NAMED_UNIT ( * ) SI_UNIT ( $, .STERADIAN. ) SOLID_ANGLE_UNIT ( ) );
#139 = CARTESIAN_POINT ( 'NONE',  ( 0.8186527332130845158, 0.3999999999999975797, 6.939871465264904060 ) ) ;
#140 = EDGE_LOOP ( 'NONE', ( #866, #613 ) ) ;
#141 = CARTESIAN_POINT ( 'NONE',  ( -6.669181016294101205, 0.3999999999999975797, -9.312983779800539708 ) ) ;
#142 = AXIS2_PLACEMENT_3D ( 'NONE', #540, #1041, #288 ) ;
#143 = LINE ( 'NONE', #864, #333 ) ;
#144 = CIRCLE ( 'NONE', #1102, 2.500000631318421096 ) ;
#145 = EDGE_LOOP ( 'NONE', ( #1238, #6, #152, #1180, #1592 ) ) ;
#146 = CARTESIAN_POINT ( 'NONE',  ( 3.996389805603262513, 0.3999999999999975797, -4.793699164916830568 ) ) ;
#147 = ORIENTED_EDGE ( 'NONE', *, *, #166, .F. ) ;
#148 = EDGE_CURVE ( 'NONE', #1022, #71, #564, .T. ) ;
#149 = CARTESIAN_POINT ( 'NONE',  ( -2.165157792152014427, 0.000000000000000000, 6.430201023991125808 ) ) ;
#150 = DIRECTION ( 'NONE',  ( 0.000000000000000000, 0.000000000000000000, -1.000000000000000000 ) ) ;
#151 = LINE ( 'NONE', #5, #204 ) ;
#152 = ORIENTED_EDGE ( 'NONE', *, *, #1001, .F. ) ;
#153 = CARTESIAN_POINT ( 'NONE',  ( -4.603040890924617656, 0.3999999999999975797, 10.79869760076587859 ) ) ;
#154 = CARTESIAN_POINT ( 'NONE',  ( -4.065758146820641628E-16, 0.000000000000000000, 7.000000000000000000 ) ) ;
#155 = VERTEX_POINT ( 'NONE', #1187 ) ;
#156 = CARTESIAN_POINT ( 'NONE',  ( -7.190264876957575879, 0.3999999999999975797, -8.791091934297307731 ) ) ;
#157 = ADVANCED_FACE ( 'NONE', ( #207 ), #1223, .F. ) ;
#158 = CARTESIAN_POINT ( 'NONE',  ( -9.262387091381869553, 0.000000000000000000, 5.713875779178436254 ) ) ;
#159 = DIRECTION ( 'NONE',  ( 0.000000000000000000, 1.000000000000000000, -0.000000000000000000 ) ) ;
#160 = CARTESIAN_POINT ( 'NONE',  ( 5.527907362637979105, 0.3999999999999975797, 10.21779893462074007 ) ) ;
#161 = CARTESIAN_POINT ( 'NONE',  ( 3.871803458559933020, 0.000000000000000000, 4.971425316501708380 ) ) ;
#162 = ORIENTED_EDGE ( 'NONE', *, *, #584, .F. ) ;
#163 = CARTESIAN_POINT ( 'NONE',  ( -3.618114846084797609, 0.3999999999999975797, 11.29847254425951242 ) ) ;
#164 = AXIS2_PLACEMENT_3D ( 'NONE', #98, #1445, #245 ) ;
#165 = CARTESIAN_POINT ( 'NONE',  ( -8.135077959936166891, 0.000000000000000000, -7.639552165312990972 ) ) ;
#166 = EDGE_CURVE ( 'NONE', #1479, #62, #77, .T. ) ;
#167 = CARTESIAN_POINT ( 'NONE',  ( 3.598463190794231270, 0.000000000000000000, 11.28454589000159913 ) ) ;
#168 = CARTESIAN_POINT ( 'NONE',  ( 8.732519091443831982, 0.000000000000000000, 6.685706405721596468 ) ) ;
#169 = CARTESIAN_POINT ( 'NONE',  ( 1.605261422932909854, 0.000000000000000000, 6.694530598271875910 ) ) ;
#170 = VERTEX_POINT ( 'NONE', #1432 ) ;
#171 = PLANE ( 'NONE',  #605 ) ;
#172 = CARTESIAN_POINT ( 'NONE',  ( -7.910273378312862924, 0.000000000000000000, 7.912345428347993703 ) ) ;
#173 = CARTESIAN_POINT ( 'NONE',  ( 5.527907362637979105, 0.000000000000000000, 10.21779893462074007 ) ) ;
#174 = CARTESIAN_POINT ( 'NONE',  ( 4.910794224545314890, 0.3999999999999975797, 10.62053575899824054 ) ) ;
#175 = DIRECTION ( 'NONE',  ( 0.000000000000000000, 1.000000000000000000, -0.000000000000000000 ) ) ;
#176 = VERTEX_POINT ( 'NONE', #1582 ) ;
#177 = ADVANCED_FACE ( 'NONE', ( #826 ), #356, .F. ) ;
#178 = CARTESIAN_POINT ( 'NONE',  ( -7.910273378312862924, 0.3999999999999975797, 7.912345428347993703 ) ) ;
#179 = CARTESIAN_POINT ( 'NONE',  ( -2.691796311744655945, 0.3999999999999975797, 6.111063159519178001 ) ) ;
#180 = DIRECTION ( 'NONE',  ( 0.000000000000000000, 1.000000000000000000, 0.000000000000000000 ) ) ;
#181 = CARTESIAN_POINT ( 'NONE',  ( 9.540326727377239635, 0.000000000000000000, -5.036330245683756424 ) ) ;
#182 = CYLINDRICAL_SURFACE ( 'NONE', #652, 1.600000000000001865 ) ;
#183 = ORIENTED_EDGE ( 'NONE', *, *, #579, .F. ) ;
#184 = CARTESIAN_POINT ( 'NONE',  ( 9.540326727377239635, 0.3999999999999975797, -5.036330245683756424 ) ) ;
#185 = CARTESIAN_POINT ( 'NONE',  ( -10.02638075830777176, 0.000000000000000000, 3.648894049555896579 ) ) ;
#186 = CARTESIAN_POINT ( 'NONE',  ( -8.545059085261010878, 0.000000000000000000, -7.026737178143571683 ) ) ;
#187 = CIRCLE ( 'NONE', #443, 2.500000631318421096 ) ;
#188 = CARTESIAN_POINT ( 'NONE',  ( 10.20516804252454435, 0.3999999999999975797, -2.924188310503295529 ) ) ;
#189 = CARTESIAN_POINT ( 'NONE',  ( -4.065758146820641628E-16, 0.3999999999999975797, 7.000000000000000000 ) ) ;
#190 = ORIENTED_EDGE ( 'NONE', *, *, #63, .T. ) ;
#191 = FACE_OUTER_BOUND ( 'NONE', #112, .T. ) ;
#192 = AXIS2_PLACEMENT_3D ( 'NONE', #231, #720, #1550 ) ;
#193 = CARTESIAN_POINT ( 'NONE',  ( -0.3724695180531405470, 0.000000000000000000, 12.00000000000000178 ) ) ;
#194 = EDGE_CURVE ( 'NONE', #1374, #1291, #1523, .T. ) ;
#195 = CARTESIAN_POINT ( 'NONE',  ( -10.20274168105784263, 0.3999999999999975797, -2.936550601345009781 ) ) ;
#196 = CARTESIAN_POINT ( 'NONE',  ( -3.005071060919619619, 0.3999999999999975797, -5.852256862770428114 ) ) ;
#197 = CARTESIAN_POINT ( 'NONE',  ( 2.584325999248300310, 0.000000000000000000, -11.64013688361523791 ) ) ;
#198 = CARTESIAN_POINT ( 'NONE',  ( 3.061617771010468151E-16, 9.071069597503624848, -6.999999368681577572 ) ) ;
#199 = CARTESIAN_POINT ( 'NONE',  ( -0.4007047150011426306, 0.000000000000000000, -6.986021196211629203 ) ) ;
#200 = ORIENTED_EDGE ( 'NONE', *, *, #1427, .F. ) ;
#201 = CARTESIAN_POINT ( 'NONE',  ( -8.000000000000000000, 0.4000000000000000222, -2.500000631318421096 ) ) ;
#202 = DIRECTION ( 'NONE',  ( -0.000000000000000000, -1.000000000000000000, -0.000000000000000000 ) ) ;
#203 = EDGE_CURVE ( 'NONE', #1337, #22, #1033, .T. ) ;
#204 = VECTOR ( 'NONE', #870, 1000.000000000000000 ) ;
#205 = CARTESIAN_POINT ( 'NONE',  ( -5.524723203590326648, 0.000000000000000000, -10.24354863244697711 ) ) ;
#206 = CARTESIAN_POINT ( 'NONE',  ( 8.155340844349451501, 0.000000000000000000, -7.610685995844232998 ) ) ;
#207 = FACE_OUTER_BOUND ( 'NONE', #889, .T. ) ;
#208 = CARTESIAN_POINT ( 'NONE',  ( -3.162118205461780907, 0.000000000000000000, -5.715654696622435971 ) ) ;
#209 = ORIENTED_EDGE ( 'NONE', *, *, #299, .F. ) ;
#210 = CARTESIAN_POINT ( 'NONE',  ( -1.600300296026362146, 0.3999999999999975797, -6.711585498657679061 ) ) ;
#211 = CARTESIAN_POINT ( 'NONE',  ( 0.0001298399923691897270, 0.3999999999999975797, -12.00000062794673994 ) ) ;
#212 = VECTOR ( 'NONE', #807, 1000.000000000000000 ) ;
#213 = CARTESIAN_POINT ( 'NONE',  ( 0.03284041553402632790, 0.3999999999999975797, -11.99994161989750729 ) ) ;
#214 = CARTESIAN_POINT ( 'NONE',  ( 0.01223531260983170936, 0.3999999999999975797, -6.999982333181327121 ) ) ;
#215 = CARTESIAN_POINT ( 'NONE',  ( 0.4018564443987959200, 0.000000000000000000, -11.99862962389688015 ) ) ;
#216 = DIRECTION ( 'NONE',  ( 0.000000000000000000, 1.000000000000000000, 0.000000000000000000 ) ) ;
#217 = ADVANCED_FACE ( 'NONE', ( #946 ), #1442, .T. ) ;
#218 = EDGE_CURVE ( 'NONE', #270, #464, #56, .T. ) ;
#219 = CARTESIAN_POINT ( 'NONE',  ( 2.693794607804870456, 0.000000000000000000, -6.094438625795506326 ) ) ;
#220 = VERTEX_POINT ( 'NONE', #227 ) ;
#221 = CARTESIAN_POINT ( 'NONE',  ( -2.510167712197714618, 0.3999999999999975797, -6.221469906961984542 ) ) ;
#222 = DIRECTION ( 'NONE',  ( 0.000000000000000000, 1.000000000000000000, 0.000000000000000000 ) ) ;
#223 = CIRCLE ( 'NONE', #1205, 1.600000000000000755 ) ;
#224 = CARTESIAN_POINT ( 'NONE',  ( -7.190264876957575879, 0.000000000000000000, -8.791091934297307731 ) ) ;
#225 = CARTESIAN_POINT ( 'NONE',  ( -5.270170156554707219, 0.000000000000000000, 2.031761385979870660 ) ) ;
#226 = CARTESIAN_POINT ( 'NONE',  ( 0.03284041522817338771, 0.000000000000000000, -11.99994161989859265 ) ) ;
#227 = CARTESIAN_POINT ( 'NONE',  ( 1.959434878635764984E-16, 0.000000000000000000, 11.09999999999999964 ) ) ;
#228 = CARTESIAN_POINT ( 'NONE',  ( -5.590052615769631559E-64, 2.000000000000000000, 9.500000000000000000 ) ) ;
#229 = VERTEX_POINT ( 'NONE', #717 ) ;
#230 = CARTESIAN_POINT ( 'NONE',  ( -4.894788254288685359, 0.3999999999999975797, -3.201867658351858381 ) ) ;
#231 = CARTESIAN_POINT ( 'NONE',  ( 0.000000000000000000, 2.000000000000000000, 0.000000000000000000 ) ) ;
#232 = EDGE_CURVE ( 'NONE', #689, #1476, #1577, .T. ) ;
#233 = CARTESIAN_POINT ( 'NONE',  ( 6.414928607590036691, 0.3999999999999975797, -9.517554988556812035 ) ) ;
#234 = PLANE ( 'NONE',  #1417 ) ;
#235 = ADVANCED_FACE ( 'NONE', ( #1462, #1342 ), #234, .T. ) ;
#236 = ORIENTED_EDGE ( 'NONE', *, *, #273, .T. ) ;
#237 = CARTESIAN_POINT ( 'NONE',  ( -10.49999999993202415, 0.3999999999999975797, 0.0002535669977125163278 ) ) ;
#238 = CARTESIAN_POINT ( 'NONE',  ( -4.334574510547136050, 0.3999999999999975797, 4.293034366861077977 ) ) ;
#239 = CYLINDRICAL_SURFACE ( 'NONE', #347, 1.600000000000000755 ) ;
#240 = AXIS2_PLACEMENT_3D ( 'NONE', #1251, #487, #1489 ) ;
#241 = EDGE_CURVE ( 'NONE', #1216, #982, #922, .T. ) ;
#242 = CARTESIAN_POINT ( 'NONE',  ( -4.546228914269300425, 0.3999999999999975797, -3.941969482909252420 ) ) ;
#243 = DIRECTION ( 'NONE',  ( 0.000000000000000000, 1.000000000000000000, -0.000000000000000000 ) ) ;
#244 = ORIENTED_EDGE ( 'NONE', *, *, #313, .F. ) ;
#245 = DIRECTION ( 'NONE',  ( 0.000000000000000000, 0.000000000000000000, -1.000000000000000000 ) ) ;
#246 = FACE_OUTER_BOUND ( 'NONE', #145, .T. ) ;
#247 = ORIENTED_EDGE ( 'NONE', *, *, #115, .F. ) ;
#248 = CARTESIAN_POINT ( 'NONE',  ( -5.471516974596377203, 0.3999999999999975797, -0.8178999945701421748 ) ) ;
#249 = FACE_OUTER_BOUND ( 'NONE', #433, .T. ) ;
#250 = EDGE_LOOP ( 'NONE', ( #19, #1015 ) ) ;
#251 = CARTESIAN_POINT ( 'NONE',  ( -5.547720676612424739, 0.3999999999999975797, 10.20395566696970491 ) ) ;
#252 = CARTESIAN_POINT ( 'NONE',  ( 5.357042513691267160, 0.000000000000000000, 1.627558495578288023 ) ) ;
#253 = ORIENTED_EDGE ( 'NONE', *, *, #265, .T. ) ;
#254 = CARTESIAN_POINT ( 'NONE',  ( -4.894788254288685359, 0.000000000000000000, -3.201867658351858381 ) ) ;
#255 = DIRECTION ( 'NONE',  ( 0.000000000000000000, 1.000000000000000000, 0.000000000000000000 ) ) ;
#256 = ORIENTED_EDGE ( 'NONE', *, *, #66, .T. ) ;
#257 = CARTESIAN_POINT ( 'NONE',  ( 0.7449390361062675492, 0.000000000000000000, 11.99999999999999645 ) ) ;
#258 = CARTESIAN_POINT ( 'NONE',  ( 2.687524410044964451, 0.000000000000000000, 6.114061669759728090 ) ) ;
#259 = LINE ( 'NONE', #198, #212 ) ;
#260 = CARTESIAN_POINT ( 'NONE',  ( -5.269262392170986686, 0.000000000000000000, -2.035969662655130463 ) ) ;
#261 = CARTESIAN_POINT ( 'NONE',  ( 8.000000000000000000, 2.000000000000000000, 0.000000000000000000 ) ) ;
#262 = ADVANCED_FACE ( 'NONE', ( #13 ), #627, .T. ) ;
#263 = ORIENTED_EDGE ( 'NONE', *, *, #1173, .F. ) ;
#264 = CARTESIAN_POINT ( 'NONE',  ( -5.590052615769631559E-64, 0.4000000000000000222, 12.00000063131842154 ) ) ;
#265 = EDGE_CURVE ( 'NONE', #566, #155, #24, .T. ) ;
#266 = CARTESIAN_POINT ( 'NONE',  ( 5.499735981486713499, 0.3999999999999975797, -0.4141583174628524766 ) ) ;
#267 = APPLICATION_CONTEXT ( 'automotive_design' ) ;
#268 = CARTESIAN_POINT ( 'NONE',  ( 4.923326169898398774, 0.3999999999999975797, -3.212488541385532415 ) ) ;
#269 = VECTOR ( 'NONE', #459, 1000.000000000000000 ) ;
#270 = VERTEX_POINT ( 'NONE', #501 ) ;
#271 = CARTESIAN_POINT ( 'NONE',  ( -1.484299145504539785, 0.3999999999999975797, 11.88768154806927235 ) ) ;
#272 = CARTESIAN_POINT ( 'NONE',  ( 5.385498417725778530, 0.000000000000000000, -1.425795032384962635 ) ) ;
#273 = EDGE_CURVE ( 'NONE', #88, #1479, #1139, .T. ) ;
#274 = CARTESIAN_POINT ( 'NONE',  ( -4.224985372232108460, 0.000000000000000000, 4.465888069864984544 ) ) ;
#275 = EDGE_CURVE ( 'NONE', #155, #566, #1006, .T. ) ;
#276 = CARTESIAN_POINT ( 'NONE',  ( -10.20595251390328784, 0.000000000000000000, 2.921586721044471258 ) ) ;
#277 = CARTESIAN_POINT ( 'NONE',  ( 8.128738975110071152, 0.000000000000000000, 7.617243371927478357 ) ) ;
#278 = CARTESIAN_POINT ( 'NONE',  ( 10.01463856084635218, 0.3999999999999975797, 3.633400479946304440 ) ) ;
#279 = CIRCLE ( 'NONE', #764, 2.500000631318421096 ) ;
#280 = CARTESIAN_POINT ( 'NONE',  ( 2.161655223903852896, 0.000000000000000000, 6.432115343415471642 ) ) ;
#281 = VERTEX_POINT ( 'NONE', #1483 ) ;
#282 = CARTESIAN_POINT ( 'NONE',  ( -6.696012905883516275, 0.3999999999999975797, 9.287440222027194991 ) ) ;
#283 = DIRECTION ( 'NONE',  ( -0.000000000000000000, -1.000000000000000000, -0.000000000000000000 ) ) ;
#284 = CARTESIAN_POINT ( 'NONE',  ( 5.499999975256551821, 0.3999999999999975797, -1.704671759241649717E-05 ) ) ;
#285 = CARTESIAN_POINT ( 'NONE',  ( 2.901499501642654355, 0.000000000000000000, 11.54265721141034184 ) ) ;
#286 = CARTESIAN_POINT ( 'NONE',  ( 0.4220155761222837976, 0.000000000000000000, -6.998798951632182686 ) ) ;
#287 = ORIENTED_EDGE ( 'NONE', *, *, #44, .F. ) ;
#288 = DIRECTION ( 'NONE',  ( 0.000000000000000000, -0.000000000000000000, 1.000000000000000000 ) ) ;
#289 = CARTESIAN_POINT ( 'NONE',  ( -5.844688758088294911, 0.000000000000000000, 9.985095320807078068 ) ) ;
#290 =( GEOMETRIC_REPRESENTATION_CONTEXT ( 3 ) GLOBAL_UNCERTAINTY_ASSIGNED_CONTEXT ( ( #322 ) ) GLOBAL_UNIT_ASSIGNED_CONTEXT ( ( #886, #1384, #138 ) ) REPRESENTATION_CONTEXT ( 'NONE', 'WORKASPACE' ) );
#291 = CARTESIAN_POINT ( 'NONE',  ( -3.014459253246068116, 0.3999999999999975797, 5.858477420988190687 ) ) ;
#292 = CARTESIAN_POINT ( 'NONE',  ( -10.44008775879266437, 0.000000000000000000, -1.481442780604883547 ) ) ;
#293 = CARTESIAN_POINT ( 'NONE',  ( 7.907571716749260737, 0.000000000000000000, 7.915888881929762810 ) ) ;
#294 = CARTESIAN_POINT ( 'NONE',  ( 10.03000066432012183, 0.000000000000000000, -3.636966625903698347 ) ) ;
#295 = CLOSED_SHELL ( 'NONE', ( #1262, #177, #1578, #157, #262, #975, #117, #763, #879, #620, #558, #703, #1040, #1481, #1590, #1142, #1003, #1214, #82, #1375, #1196, #217, #235, #1360, #578, #1228, #466, #1541, #800 ) ) ;
#296 = CARTESIAN_POINT ( 'NONE',  ( 2.522674169099231367, 0.3999999999999975797, -6.213197923264572431 ) ) ;
#297 = ORIENTED_EDGE ( 'NONE', *, *, #561, .F. ) ;
#298 = CARTESIAN_POINT ( 'NONE',  ( -10.44142907809006537, 0.3999999999999975797, 1.468406727744678841 ) ) ;
#299 = EDGE_CURVE ( 'NONE', #1374, #1434, #151, .T. ) ;
#300 = CARTESIAN_POINT ( 'NONE',  ( -3.014459253246068116, 0.000000000000000000, 5.858477420988190687 ) ) ;
#301 = CARTESIAN_POINT ( 'NONE',  ( -2.876665621630543512, 0.000000000000000000, -11.55063419507986211 ) ) ;
#302 = CARTESIAN_POINT ( 'NONE',  ( 7.204755359862652142, 0.000000000000000000, -8.748811927668301180 ) ) ;
#303 = CARTESIAN_POINT ( 'NONE',  ( 3.936439354706768423, 0.000000000000000000, 11.13646231615442872 ) ) ;
#304 = DIRECTION ( 'NONE',  ( 0.000000000000000000, 1.000000000000000000, 0.000000000000000000 ) ) ;
#305 = EDGE_LOOP ( 'NONE', ( #517, #1415 ) ) ;
#306 = CARTESIAN_POINT ( 'NONE',  ( -10.49995903262947472, 0.000000000000000000, 0.7369770459584757960 ) ) ;
#307 = CARTESIAN_POINT ( 'NONE',  ( 8.000000000000000000, 2.000000000000000000, 0.000000000000000000 ) ) ;
#308 = CARTESIAN_POINT ( 'NONE',  ( 10.44009027089468766, 0.000000000000000000, -1.478888197873154065 ) ) ;
#309 = CARTESIAN_POINT ( 'NONE',  ( 10.44092862053371285, 0.3999999999999975797, 1.471901486975652817 ) ) ;
#310 = DIRECTION ( 'NONE',  ( -0.000000000000000000, -1.000000000000000000, -0.000000000000000000 ) ) ;
#311 = ORIENTED_EDGE ( 'NONE', *, *, #275, .F. ) ;
#312 = CARTESIAN_POINT ( 'NONE',  ( 8.155340844349451501, 0.3999999999999975797, -7.610685995844232998 ) ) ;
#313 = EDGE_CURVE ( 'NONE', #1356, #220, #143, .T. ) ;
#314 = DIRECTION ( 'NONE',  ( 0.000000000000000000, 1.000000000000000000, -0.000000000000000000 ) ) ;
#315 = CARTESIAN_POINT ( 'NONE',  ( -0.7051916428149628269, 0.3999999999999975797, -12.00256561193821625 ) ) ;
#316 = CIRCLE ( 'NONE', #1144, 1.600000000000000089 ) ;
#317 = CARTESIAN_POINT ( 'NONE',  ( -3.873965609264074406, 0.000000000000000000, 4.968433955008288549 ) ) ;
#318 = CARTESIAN_POINT ( 'NONE',  ( -5.590052615769631559E-64, 0.4000000000000000222, 12.00000063131842154 ) ) ;
#319 = CARTESIAN_POINT ( 'NONE',  ( 5.385498417725778530, 0.000000000000000000, -1.425795032384962635 ) ) ;
#320 = EDGE_LOOP ( 'NONE', ( #244, #651, #369, #330 ) ) ;
#321 = CARTESIAN_POINT ( 'NONE',  ( 0.03284041553399224406, 0.3999999999999975797, -11.99994161989750907 ) ) ;
#322 = UNCERTAINTY_MEASURE_WITH_UNIT (LENGTH_MEASURE( 1.000000000000000082E-05 ), #886, 'distance_accuracy_value', 'NONE');
#323 = CARTESIAN_POINT ( 'NONE',  ( -2.876665621630543512, 0.000000000000000000, -11.55063419507986211 ) ) ;
#324 = PRODUCT_DEFINITION_FORMATION_WITH_SPECIFIED_SOURCE ( 'ANY', '', #778, .NOT_KNOWN. ) ;
#325 = APPLICATION_CONTEXT ( 'automotive_design' ) ;
#326 = CARTESIAN_POINT ( 'NONE',  ( -5.038453937012159933, 0.000000000000000000, -2.820314126744672301 ) ) ;
#327 = CARTESIAN_POINT ( 'NONE',  ( 9.260910607558349383, 0.3999999999999975797, 5.717223270049095696 ) ) ;
#328 = DIRECTION ( 'NONE',  ( 0.000000000000000000, 0.000000000000000000, 1.000000000000000000 ) ) ;
#329 = CARTESIAN_POINT ( 'NONE',  ( 1.622903583116148685, 0.000000000000000000, -6.703092606365963491 ) ) ;
#330 = ORIENTED_EDGE ( 'NONE', *, *, #334, .F. ) ;
#331 = CARTESIAN_POINT ( 'NONE',  ( 0.03284041553399224406, 0.3999999999999975797, -11.99994161989750907 ) ) ;
#332 = CARTESIAN_POINT ( 'NONE',  ( 0.03284041553399224406, 0.000000000000000000, -11.99994161989750907 ) ) ;
#333 = VECTOR ( 'NONE', #1368, 1000.000000000000000 ) ;
#334 = EDGE_CURVE ( 'NONE', #220, #1031, #691, .T. ) ;
#335 = FACE_OUTER_BOUND ( 'NONE', #742, .T. ) ;
#336 = CARTESIAN_POINT ( 'NONE',  ( -1.981032612738087062, 0.000000000000000000, 6.527128929508222654 ) ) ;
#337 = DIRECTION ( 'NONE',  ( 0.000000000000000000, 1.000000000000000000, -0.000000000000000000 ) ) ;
#338 = CARTESIAN_POINT ( 'NONE',  ( 4.923326169898398774, 0.000000000000000000, -3.212488541385532415 ) ) ;
#339 = ORIENTED_EDGE ( 'NONE', *, *, #636, .F. ) ;
#340 = CARTESIAN_POINT ( 'NONE',  ( 8.000000000000000000, 2.000000000000000000, 2.500000631318421096 ) ) ;
#341 = CARTESIAN_POINT ( 'NONE',  ( -1.603745922614672192, 0.3999999999999975797, 6.695181370814618838 ) ) ;
#342 = CARTESIAN_POINT ( 'NONE',  ( -3.569510833401821071, 0.3999999999999975797, -11.29639672734994704 ) ) ;
#343 = B_SPLINE_CURVE_WITH_KNOTS ( 'NONE', 3,
 ( #1197, #838, #199, #1188, #78, #1215, #448, #1557, #938, #1433, #208, #344, #1449, #1203, #1331, #1185, #326, #581, #1089, #84, #470, #1322, #934, #963, #225, #75, #1545, #705, #715, #1579, #686, #317, #436, #1062, #1340, #1193, #336, #1459, #92, #1439, #461, #943, #924, #843 ),
 .UNSPECIFIED., .F., .F.,
 ( 4, 2, 2, 2, 2, 2, 2, 2, 2, 2, 2, 2, 2, 2, 2, 2, 2, 2, 2, 2, 2, 4 ),
 ( 0.5000000000000000000, 0.5156250000000000000, 0.5312499999999998890, 0.5624999999999997780, 0.5781249999999997780, 0.5937499999999996669, 0.6249999999999995559, 0.6562499999999996669, 0.6874999999999996669, 0.7187499999999995559, 0.7499999999999995559, 0.7812499999999995559, 0.8124999999999995559, 0.8437499999999994449, 0.8593749999999995559, 0.8749999999999995559, 0.9062499999999996669, 0.9374999999999997780, 0.9531249999999997780, 0.9687499999999997780, 0.9843749999999997780, 1.000000000000000000 ),
 .UNSPECIFIED. ) ;
#344 = CARTESIAN_POINT ( 'NONE',  ( -3.605869825397647332, 0.000000000000000000, -5.287272842732679834 ) ) ;
#345 = CARTESIAN_POINT ( 'NONE',  ( 2.934342888565748542, 0.000000000000000000, -11.53168849008528696 ) ) ;
#346 = DIRECTION ( 'NONE',  ( -0.000000000000000000, -1.000000000000000000, -0.000000000000000000 ) ) ;
#347 = AXIS2_PLACEMENT_3D ( 'NONE', #712, #469, #352 ) ;
#348 = FACE_OUTER_BOUND ( 'NONE', #1207, .T. ) ;
#349 = ORIENTED_EDGE ( 'NONE', *, *, #10, .F. ) ;
#350 = DIRECTION ( 'NONE',  ( -0.000000000000000000, -1.000000000000000000, -0.000000000000000000 ) ) ;
#351 = CARTESIAN_POINT ( 'NONE',  ( -3.609765226649967573, 0.3999999999999975797, 5.283232333131501868 ) ) ;
#352 = DIRECTION ( 'NONE',  ( 0.000000000000000000, 0.000000000000000000, -1.000000000000000000 ) ) ;
#353 = AXIS2_PLACEMENT_3D ( 'NONE', #1339, #1088, #106 ) ;
#354 = FACE_OUTER_BOUND ( 'NONE', #1369, .T. ) ;
#355 = CARTESIAN_POINT ( 'NONE',  ( 7.454267363263923585, 0.3999999999999975797, -8.471245689429917292 ) ) ;
#356 = CYLINDRICAL_SURFACE ( 'NONE', #134, 1.600000000000000755 ) ;
#357 = ORIENTED_EDGE ( 'NONE', *, *, #1543, .T. ) ;
#358 = CARTESIAN_POINT ( 'NONE',  ( -0.4047432778977798074, 0.3999999999999976352, -6.985441276771562791 ) ) ;
#359 = CARTESIAN_POINT ( 'NONE',  ( -1.981032612738087062, 0.3999999999999975797, 6.527128929508222654 ) ) ;
#360 = CARTESIAN_POINT ( 'NONE',  ( -8.673617379884035472E-16, 0.3999999999999975797, 7.000000000000000888 ) ) ;
#361 = CARTESIAN_POINT ( 'NONE',  ( 0.03284041553399224406, 0.000000000000000000, -11.99994161989750907 ) ) ;
#362 = DIRECTION ( 'NONE',  ( 0.000000000000000000, -0.000000000000000000, 1.000000000000000000 ) ) ;
#363 = ORIENTED_EDGE ( 'NONE', *, *, #542, .F. ) ;
#364 = CARTESIAN_POINT ( 'NONE',  ( 1.959434878635764984E-16, 2.000000000000000000, 11.09999999999999964 ) ) ;
#365 = CARTESIAN_POINT ( 'NONE',  ( 4.343020583504177523, 0.3999999999999975797, 4.297004004421830281 ) ) ;
#366 = CARTESIAN_POINT ( 'NONE',  ( -4.898054960659357526, 0.000000000000000000, 3.194214678631283277 ) ) ;
#367 = FACE_OUTER_BOUND ( 'NONE', #1574, .T. ) ;
#368 = CARTESIAN_POINT ( 'NONE',  ( 0.8275180089444803544, 0.3999999999999975797, -6.938502046920373090 ) ) ;
#369 = ORIENTED_EDGE ( 'NONE', *, *, #1008, .T. ) ;
#370 = FACE_OUTER_BOUND ( 'NONE', #1004, .T. ) ;
#371 = MECHANICAL_DESIGN_GEOMETRIC_PRESENTATION_REPRESENTATION (  '', ( #1068 ), #290 ) ;
#372 = CARTESIAN_POINT ( 'NONE',  ( 2.687524410044964451, 0.3999999999999975797, 6.114061669759728090 ) ) ;
#373 = ORIENTED_EDGE ( 'NONE', *, *, #952, .F. ) ;
#374 = CARTESIAN_POINT ( 'NONE',  ( -5.269262392170986686, 0.3999999999999975797, -2.035969662655130463 ) ) ;
#375 = CARTESIAN_POINT ( 'NONE',  ( 5.499999393348744547, 0.3999999999999975797, -0.003763281332039232312 ) ) ;
#376 = ORIENTED_EDGE ( 'NONE', *, *, #313, .T. ) ;
#377 = CARTESIAN_POINT ( 'NONE',  ( -1.355252715606880543E-15, 0.000000000000000000, 12.00000000000000000 ) ) ;
#378 = CARTESIAN_POINT ( 'NONE',  ( 5.499735981486713499, 0.000000000000000000, -0.4141583174628524766 ) ) ;
#379 = ORIENTED_EDGE ( 'NONE', *, *, #1257, .F. ) ;
#380 = CARTESIAN_POINT ( 'NONE',  ( -4.339036774445019340, 0.3999999999999975797, -4.303317979936367443 ) ) ;
#381 = FACE_BOUND ( 'NONE', #1343, .T. ) ;
#382 = CARTESIAN_POINT ( 'NONE',  ( 0.000000000000000000, 2.000000000000000000, -9.500000000000000000 ) ) ;
#383 = VERTEX_POINT ( 'NONE', #1229 ) ;
#384 = CARTESIAN_POINT ( 'NONE',  ( -10.49999999294860764, 0.3999999999999975797, 0.0005100221594772223928 ) ) ;
#385 = CARTESIAN_POINT ( 'NONE',  ( 3.605218217991488672, 0.3999999999999975797, 5.287837184611945851 ) ) ;
#386 = ORIENTED_EDGE ( 'NONE', *, *, #839, .F. ) ;
#387 = CARTESIAN_POINT ( 'NONE',  ( -5.038453937012159933, 0.000000000000000000, -2.820314126744672301 ) ) ;
#388 = DIRECTION ( 'NONE',  ( 0.000000000000000000, -0.000000000000000000, -1.000000000000000000 ) ) ;
#389 = CARTESIAN_POINT ( 'NONE',  ( 0.000000000000000000, 2.000000000000000000, 0.000000000000000000 ) ) ;
#390 = ORIENTED_EDGE ( 'NONE', *, *, #1055, .F. ) ;
#391 = CARTESIAN_POINT ( 'NONE',  ( -0.3724695180531405470, 0.3999999999999975797, 12.00000000000000178 ) ) ;
#392 = CARTESIAN_POINT ( 'NONE',  ( 1.980455856127634862, 0.3999999999999975797, 6.527361502543531202 ) ) ;
#393 = AXIS2_PLACEMENT_3D ( 'NONE', #823, #1420, #676 ) ;
#394 = CARTESIAN_POINT ( 'NONE',  ( -9.238611005058062986, 0.000000000000000000, -5.726270119976924811 ) ) ;
#395 = CIRCLE ( 'NONE', #353, 2.500000631318422428 ) ;
#396 = CARTESIAN_POINT ( 'NONE',  ( 5.357042513691267160, 0.3999999999999975797, 1.627558495578288023 ) ) ;
#397 = FILL_AREA_STYLE_COLOUR ( '', #858 ) ;
#398 = DIRECTION ( 'NONE',  ( -0.000000000000000000, -1.000000000000000000, -0.000000000000000000 ) ) ;
#399 = ORIENTED_EDGE ( 'NONE', *, *, #1097, .F. ) ;
#400 = CARTESIAN_POINT ( 'NONE',  ( -9.536176060422212331, 0.3999999999999975797, -5.046879916835832702 ) ) ;
#401 = CARTESIAN_POINT ( 'NONE',  ( -4.925191393526391792, 0.3999999999999975797, 10.61200398251324728 ) ) ;
#402 = CARTESIAN_POINT ( 'NONE',  ( -6.669181016294101205, 0.000000000000000000, -9.312983779800539708 ) ) ;
#403 = CARTESIAN_POINT ( 'NONE',  ( 9.674018174897774713, 0.000000000000000000, -4.690185112185016436 ) ) ;
#404 = CARTESIAN_POINT ( 'NONE',  ( 10.26478240398689756, 0.3999999999999975797, 2.558330287753524335 ) ) ;
#405 = AXIS2_PLACEMENT_3D ( 'NONE', #1046, #884, #794 ) ;
#406 = B_SPLINE_SURFACE_WITH_KNOTS ( 'NONE', 3, 1, ( 
 ( #214, #954 ),
 ( #1176, #1081 ),
 ( #453, #68 ),
 ( #1571, #1312 ),
 ( #589, #101 ),
 ( #1211, #1070 ),
 ( #1552, #562 ),
 ( #553, #1053 ),
 ( #804, #1304 ),
 ( #196, #445 ),
 ( #1430, #812 ),
 ( #694, #980 ),
 ( #849, #972 ),
 ( #380, #1221 ),
 ( #242, #1123 ),
 ( #1114, #254 ),
 ( #727, #387 ),
 ( #374, #260 ),
 ( #1243, #108 ),
 ( #248, #606 ),
 ( #1106, #855 ),
 ( #125, #12 ),
 ( #748, #1249 ),
 ( #479, #1588 ),
 ( #598, #633 ),
 ( #1469, #500 ),
 ( #1596, #366 ),
 ( #4, #1235 ),
 ( #615, #492 ),
 ( #986, #863 ),
 ( #1009, #274 ),
 ( #756, #646 ),
 ( #1516, #1034 ),
 ( #291, #300 ),
 ( #179, #1507 ),
 ( #410, #149 ),
 ( #31, #543 ),
 ( #1273, #40 ),
 ( #1045, #527 ),
 ( #1157, #50 ),
 ( #1319, #1458 ),
 ( #1569, #1234 ),
 ( #1099, #1595 ),
 ( #360, #1113 ) ),
 .UNSPECIFIED., .F., .F., .F.,
 ( 4, 2, 2, 2, 2, 2, 2, 2, 2, 2, 2, 2, 2, 2, 2, 2, 2, 2, 2, 2, 2, 4 ),
 ( 2, 2 ),
 ( 0.4999999999999993339, 0.5156249999999993339, 0.5312499999999992228, 0.5624999999999992228, 0.5781249999999992228, 0.5937499999999991118, 0.6249999999999991118, 0.6562499999999992228, 0.6874999999999992228, 0.7187499999999992228, 0.7499999999999992228, 0.7812499999999992228, 0.8124999999999992228, 0.8437499999999992228, 0.8593749999999993339, 0.8749999999999993339, 0.9062499999999995559, 0.9374999999999996669, 0.9531249999999996669, 0.9687499999999997780, 0.9843749999999997780, 1.000000000000000000 ),
 ( 0.000000000000000000, 1.000000000000000000 ),
 .UNSPECIFIED. ) ;
#407 = CARTESIAN_POINT ( 'NONE',  ( 4.546278825904494170, 0.000000000000000000, 3.941971037926625065 ) ) ;
#408 = ORIENTED_EDGE ( 'NONE', *, *, #66, .F. ) ;
#409 = DIRECTION ( 'NONE',  ( 0.000000000000000000, 1.000000000000000000, -0.000000000000000000 ) ) ;
#410 = CARTESIAN_POINT ( 'NONE',  ( -2.165157792152014427, 0.3999999999999975797, 6.430201023991125808 ) ) ;
#411 = CARTESIAN_POINT ( 'NONE',  ( -1.435514372653817983, 0.000000000000000000, -11.91769583533103827 ) ) ;
#412 = CIRCLE ( 'NONE', #1321, 2.500000631318421096 ) ;
#413 = CARTESIAN_POINT ( 'NONE',  ( -8.000000000000000000, 0.000000000000000000, 1.600000000000000089 ) ) ;
#414 = CARTESIAN_POINT ( 'NONE',  ( 10.49980268575682096, 0.000000000000000000, -0.7459957266018961697 ) ) ;
#415 = CARTESIAN_POINT ( 'NONE',  ( 3.018231912797951111, 0.3999999999999975797, -5.841188869266970229 ) ) ;
#416 = ORIENTED_EDGE ( 'NONE', *, *, #1257, .T. ) ;
#417 = EDGE_CURVE ( 'NONE', #383, #1256, #486, .T. ) ;
#418 = CARTESIAN_POINT ( 'NONE',  ( -10.44008775879266437, 0.000000000000000000, -1.481442780604883547 ) ) ;
#419 = CIRCLE ( 'NONE', #601, 1.600000000000000755 ) ;
#420 = DIRECTION ( 'NONE',  ( -0.000000000000000000, -1.000000000000000000, -0.000000000000000000 ) ) ;
#421 = CARTESIAN_POINT ( 'NONE',  ( 0.7449390361062675492, 0.000000000000000000, 11.99999999999999645 ) ) ;
#422 = CARTESIAN_POINT ( 'NONE',  ( 9.246195650324780857, 0.000000000000000000, -5.709984211095229689 ) ) ;
#423 = AXIS2_PLACEMENT_3D ( 'NONE', #772, #1412, #34 ) ;
#424 = CARTESIAN_POINT ( 'NONE',  ( 0.000000000000000000, 9.071069597503624848, -12.00000063131842154 ) ) ;
#425 = ORIENTED_EDGE ( 'NONE', *, *, #1378, .T. ) ;
#426 = CARTESIAN_POINT ( 'NONE',  ( 10.44009027089468766, 0.3999999999999975797, -1.478888197873154065 ) ) ;
#427 = CARTESIAN_POINT ( 'NONE',  ( -9.554505678300682092, 0.3999999999999975797, 5.042548620920026536 ) ) ;
#428 = CARTESIAN_POINT ( 'NONE',  ( -4.895066292112333350, 0.000000000000000000, -10.65399400026256949 ) ) ;
#429 = CARTESIAN_POINT ( 'NONE',  ( 8.732519091443831982, 0.000000000000000000, 6.685706405721596468 ) ) ;
#430 = CARTESIAN_POINT ( 'NONE',  ( 3.936439354706768423, 0.3999999999999975797, 11.13646231615442872 ) ) ;
#431 = EDGE_CURVE ( 'NONE', #281, #1050, #624, .T. ) ;
#432 = CARTESIAN_POINT ( 'NONE',  ( 3.172355075874639052, 0.000000000000000000, -5.706356925943670610 ) ) ;
#433 = EDGE_LOOP ( 'NONE', ( #147, #602, #104, #200 ) ) ;
#434 = CARTESIAN_POINT ( 'NONE',  ( -5.547720676612424739, 0.000000000000000000, 10.20395566696970491 ) ) ;
#435 = CARTESIAN_POINT ( 'NONE',  ( -2.519406308149578777, 0.000000000000000000, -11.65883085367924110 ) ) ;
#436 = CARTESIAN_POINT ( 'NONE',  ( -3.609765226649967573, 0.000000000000000000, 5.283232333131501868 ) ) ;
#437 = CARTESIAN_POINT ( 'NONE',  ( -5.590052615769631559E-64, 9.071069597503624848, 9.500000000000000000 ) ) ;
#438 = CARTESIAN_POINT ( 'NONE',  ( 10.19143269371135574, 0.000000000000000000, 2.918226860924402200 ) ) ;
#439 = CARTESIAN_POINT ( 'NONE',  ( 0.4220155761222837976, 0.000000000000000000, -6.998798951632182686 ) ) ;
#440 = ORIENTED_EDGE ( 'NONE', *, *, #1446, .F. ) ;
#441 = DIRECTION ( 'NONE',  ( 0.000000000000000000, 1.000000000000000000, -0.000000000000000000 ) ) ;
#442 = CARTESIAN_POINT ( 'NONE',  ( -4.895066292112333350, 0.000000000000000000, -10.65399400026256949 ) ) ;
#443 = AXIS2_PLACEMENT_3D ( 'NONE', #1467, #710, #1075 ) ;
#444 = B_SPLINE_CURVE_WITH_KNOTS ( 'NONE', 3,
 ( #1586, #1468, #568, #1191, #467, #1456, #477, #970, #711, #238, #1576, #1209, #351, #1067, #1060, #588, #359, #341, #847, #962, #941, #1560, #701, #726 ),
 .UNSPECIFIED., .F., .F.,
 ( 4, 2, 2, 2, 2, 2, 2, 2, 2, 2, 2, 4 ),
 ( 0.7500472925508195887, 0.7812499999999992228, 0.8124999999999992228, 0.8437499999999992228, 0.8593749999999993339, 0.8749999999999993339, 0.9062499999999995559, 0.9374999999999996669, 0.9531249999999996669, 0.9687499999999997780, 0.9843749999999997780, 1.000000000000000000 ),
 .UNSPECIFIED. ) ;
#445 = CARTESIAN_POINT ( 'NONE',  ( -3.005071060919619619, 0.000000000000000000, -5.852256862770428114 ) ) ;
#446 = CARTESIAN_POINT ( 'NONE',  ( 4.910794224545314890, 0.3999999999999975797, 10.62053575899824054 ) ) ;
#447 = CARTESIAN_POINT ( 'NONE',  ( 0.000000000000000000, 9.071069597503624848, -9.500000000000000000 ) ) ;
#448 = CARTESIAN_POINT ( 'NONE',  ( -1.982782616040963175, 0.000000000000000000, -6.540016690629289364 ) ) ;
#449 = ORIENTED_EDGE ( 'NONE', *, *, #218, .T. ) ;
#450 = CARTESIAN_POINT ( 'NONE',  ( 5.567555122179086879, 0.3999999999999975797, -10.21266409334464953 ) ) ;
#451 = CARTESIAN_POINT ( 'NONE',  ( -1.355252715606880543E-15, 32.29252453721352367, 12.00000000000000000 ) ) ;
#452 = CARTESIAN_POINT ( 'NONE',  ( -3.907222565137841386, 0.3999999999999975797, -11.14987783018130152 ) ) ;
#453 = CARTESIAN_POINT ( 'NONE',  ( -0.4007047148927931346, 0.3999999999999975797, -6.986021196227187424 ) ) ;
#454 = CARTESIAN_POINT ( 'NONE',  ( 0.7755417715140123791, 0.3999999999999975797, -11.97482459545422984 ) ) ;
#455 = DIRECTION ( 'NONE',  ( 0.000000000000000000, 0.000000000000000000, -1.000000000000000000 ) ) ;
#456 = CARTESIAN_POINT ( 'NONE',  ( 0.01223531239253568791, 32.29252453721352367, -6.999982333181954175 ) ) ;
#457 = EDGE_LOOP ( 'NONE', ( #524, #906, #121, #913, #1170 ) ) ;
#458 = CARTESIAN_POINT ( 'NONE',  ( 0.7755417716664088079, 0.3999999999999975797, -11.97482459543525302 ) ) ;
#459 = DIRECTION ( 'NONE',  ( -0.000000000000000000, -1.000000000000000000, -0.000000000000000000 ) ) ;
#460 = CARTESIAN_POINT ( 'NONE',  ( -9.075835464952941578, 0.000000000000000000, -6.057674585434098091 ) ) ;
#461 = CARTESIAN_POINT ( 'NONE',  ( -0.8213959819313687571, 0.000000000000000000, 6.924930299119502308 ) ) ;
#462 = CARTESIAN_POINT ( 'NONE',  ( 8.732519091443831982, 0.3999999999999975797, 6.685706405721596468 ) ) ;
#463 = CARTESIAN_POINT ( 'NONE',  ( -5.590052615769631559E-64, 0.000000000000000000, 7.899999999999999467 ) ) ;
#464 = VERTEX_POINT ( 'NONE', #1355 ) ;
#465 = DIRECTION ( 'NONE',  ( 0.000000000000000000, -0.000000000000000000, 1.000000000000000000 ) ) ;
#466 = ADVANCED_FACE ( 'NONE', ( #249 ), #988, .F. ) ;
#467 = CARTESIAN_POINT ( 'NONE',  ( -5.270170156554707219, 0.3999999999999975797, 2.031761385979870660 ) ) ;
#468 = AXIS2_PLACEMENT_3D ( 'NONE', #1423, #1306, #473 ) ;
#469 = DIRECTION ( 'NONE',  ( -0.000000000000000000, -1.000000000000000000, -0.000000000000000000 ) ) ;
#470 = CARTESIAN_POINT ( 'NONE',  ( -5.499913291335847276, 0.000000000000000000, -0.4105076079380310383 ) ) ;
#471 = FACE_OUTER_BOUND ( 'NONE', #37, .T. ) ;
#472 = CARTESIAN_POINT ( 'NONE',  ( 10.50000206478699916, 0.3999999999999975797, 0.7410891409111566297 ) ) ;
#473 = DIRECTION ( 'NONE',  ( 0.000000000000000000, 0.000000000000000000, -1.000000000000000000 ) ) ;
#474 = CARTESIAN_POINT ( 'NONE',  ( 2.522674169099231367, 0.000000000000000000, -6.213197923264572431 ) ) ;
#475 = EDGE_LOOP ( 'NONE', ( #1121, #851, #399, #709, #993, #339, #79 ) ) ;
#476 = CARTESIAN_POINT ( 'NONE',  ( -5.499999999151770069, 0.3999999999999975797, -0.0006221358241672611360 ) ) ;
#477 = CARTESIAN_POINT ( 'NONE',  ( -4.898054960659357526, 0.3999999999999975797, 3.194214678631283277 ) ) ;
#478 = AXIS2_PLACEMENT_3D ( 'NONE', #1148, #36, #54 ) ;
#479 = CARTESIAN_POINT ( 'NONE',  ( -5.356036206186737481, 0.3999999999999975797, 1.633174338866867359 ) ) ;
#480 = CARTESIAN_POINT ( 'NONE',  ( 3.622896473634930725, 0.3999999999999975797, -11.27419933637646920 ) ) ;
#481 = CARTESIAN_POINT ( 'NONE',  ( 3.870238625396473342, 0.3999999999999975797, -4.958462514997507675 ) ) ;
#482 = EDGE_CURVE ( 'NONE', #1291, #1374, #818, .T. ) ;
#483 = EDGE_LOOP ( 'NONE', ( #1359, #376, #287, #791 ) ) ;
#484 = CARTESIAN_POINT ( 'NONE',  ( 0.000000000000000000, 9.071069597503624848, -9.500000000000000000 ) ) ;
#485 = CARTESIAN_POINT ( 'NONE',  ( 0.4146637740648429493, 0.000000000000000000, 6.999999999999998224 ) ) ;
#486 = CIRCLE ( 'NONE', #1387, 1.600000000000001865 ) ;
#487 = DIRECTION ( 'NONE',  ( -0.000000000000000000, -1.000000000000000000, -0.000000000000000000 ) ) ;
#488 = ORIENTED_EDGE ( 'NONE', *, *, #133, .T. ) ;
#489 = CARTESIAN_POINT ( 'NONE',  ( 0.8186527332130845158, 0.000000000000000000, 6.939871465264904060 ) ) ;
#490 = ORIENTED_EDGE ( 'NONE', *, *, #44, .T. ) ;
#491 = CARTESIAN_POINT ( 'NONE',  ( -5.524723203590326648, 0.3999999999999975797, -10.24354863244697711 ) ) ;
#492 = CARTESIAN_POINT ( 'NONE',  ( -4.539551615494857195, 0.000000000000000000, 3.937106244215027750 ) ) ;
#493 = PRODUCT_CONTEXT ( 'NONE', #325, 'mechanical' ) ;
#494 = CARTESIAN_POINT ( 'NONE',  ( 0.01223531239253568791, 0.3999999999999975797, -6.999982333181954175 ) ) ;
#495 = CARTESIAN_POINT ( 'NONE',  ( 2.161655223903852896, 0.3999999999999975797, 6.432115343415471642 ) ) ;
#496 = CARTESIAN_POINT ( 'NONE',  ( -1.355252715606880543E-15, 0.3999999999999975797, 12.00000000000000000 ) ) ;
#497 = AXIS2_PLACEMENT_3D ( 'NONE', #848, #854, #702 ) ;
#498 = CARTESIAN_POINT ( 'NONE',  ( 5.500260400896212154, 0.000000000000000000, 0.4028858385959740440 ) ) ;
#499 = AXIS2_PLACEMENT_3D ( 'NONE', #42, #1136, #1276 ) ;
#500 = CARTESIAN_POINT ( 'NONE',  ( -5.041145998447069232, 0.000000000000000000, 2.812271801941681026 ) ) ;
#501 = CARTESIAN_POINT ( 'NONE',  ( -8.000000000000000000, 2.000000000000000000, 2.500000631318421096 ) ) ;
#502 = ORIENTED_EDGE ( 'NONE', *, *, #579, .T. ) ;
#503 = CARTESIAN_POINT ( 'NONE',  ( -8.132079633186021894, 0.3999999999999975797, 7.612590611558883502 ) ) ;
#504 = CARTESIAN_POINT ( 'NONE',  ( 5.349759145252581227, 0.000000000000000000, -1.627024985997544748 ) ) ;
#505 = DIRECTION ( 'NONE',  ( 0.000000000000000000, 1.000000000000000000, 0.000000000000000000 ) ) ;
#506 = EDGE_LOOP ( 'NONE', ( #751, #775 ) ) ;
#507 = CARTESIAN_POINT ( 'NONE',  ( -10.02638075830777176, 0.3999999999999975797, 3.648894049555896579 ) ) ;
#508 = CARTESIAN_POINT ( 'NONE',  ( 1.605261422932909854, 0.000000000000000000, 6.694530598271875910 ) ) ;
#509 = VERTEX_POINT ( 'NONE', #513 ) ;
#510 = EDGE_CURVE ( 'NONE', #575, #594, #1411, .T. ) ;
#511 = AXIS2_PLACEMENT_3D ( 'NONE', #1213, #592, #1092 ) ;
#512 = EDGE_CURVE ( 'NONE', #982, #754, #892, .T. ) ;
#513 = CARTESIAN_POINT ( 'NONE',  ( 3.061617771010468151E-16, 0.4000000000000000222, -6.999999368681577572 ) ) ;
#514 = CARTESIAN_POINT ( 'NONE',  ( 1.474384694611917901, 0.000000000000000000, 11.91092739732622086 ) ) ;
#515 = CARTESIAN_POINT ( 'NONE',  ( -8.544966197215755344, 0.3999999999999975797, 6.996079071273299199 ) ) ;
#516 = CARTESIAN_POINT ( 'NONE',  ( 1.995606210307311112, 0.000000000000000000, -6.533632375821743388 ) ) ;
#517 = ORIENTED_EDGE ( 'NONE', *, *, #273, .F. ) ;
#518 = CARTESIAN_POINT ( 'NONE',  ( 0.0001298399923691897270, 0.3999999999999975797, -12.00000062794673994 ) ) ;
#519 = CIRCLE ( 'NONE', #393, 2.500000631318421096 ) ;
#520 = CARTESIAN_POINT ( 'NONE',  ( 3.061617771010468151E-16, 2.000000000000000000, -6.999999368681577572 ) ) ;
#521 = CARTESIAN_POINT ( 'NONE',  ( 10.49980268575682096, 0.000000000000000000, -0.7459957266018961697 ) ) ;
#522 = CARTESIAN_POINT ( 'NONE',  ( 9.910746049006936786, 0.000000000000000000, 3.989966717575956334 ) ) ;
#523 = CARTESIAN_POINT ( 'NONE',  ( 8.000000000000000000, 9.071069597503624848, 0.000000000000000000 ) ) ;
#524 = ORIENTED_EDGE ( 'NONE', *, *, #194, .F. ) ;
#525 = CARTESIAN_POINT ( 'NONE',  ( 10.49999983791485114, 0.3999999999999975797, -0.002438332365367818551 ) ) ;
#526 = CARTESIAN_POINT ( 'NONE',  ( -10.44008775879266437, 0.3999999999999975797, -1.481442780604883547 ) ) ;
#527 = CARTESIAN_POINT ( 'NONE',  ( -1.411667136193661243, 0.000000000000000000, 6.766053347799921625 ) ) ;
#528 = DIRECTION ( 'NONE',  ( 0.000000000000000000, 0.000000000000000000, 1.000000000000000000 ) ) ;
#529 = CARTESIAN_POINT ( 'NONE',  ( -1.355252715606880543E-15, 0.000000000000000000, 12.00000000000000000 ) ) ;
#530 = AXIS2_PLACEMENT_3D ( 'NONE', #741, #1245, #1035 ) ;
#531 = DIRECTION ( 'NONE',  ( -0.000000000000000000, -1.000000000000000000, -0.000000000000000000 ) ) ;
#532 = EDGE_LOOP ( 'NONE', ( #1493, #664, #357, #658 ) ) ;
#533 = CARTESIAN_POINT ( 'NONE',  ( -9.262387091381869553, 0.3999999999999975797, 5.713875779178436254 ) ) ;
#534 = CYLINDRICAL_SURFACE ( 'NONE', #1311, 2.500000631318421096 ) ;
#535 = AXIS2_PLACEMENT_3D ( 'NONE', #814, #1072, #455 ) ;
#536 = CARTESIAN_POINT ( 'NONE',  ( 5.041396748983368425, 0.3999999999999975797, 2.811908068815244910 ) ) ;
#537 = CARTESIAN_POINT ( 'NONE',  ( 9.540326727377239635, 0.3999999999999975797, -5.036330245683756424 ) ) ;
#538 = CARTESIAN_POINT ( 'NONE',  ( 0.8275180089444803544, 0.3999999999999975797, -6.938502046920373090 ) ) ;
#539 = EDGE_LOOP ( 'NONE', ( #1299, #759, #1408, #1362, #1, #46 ) ) ;
#540 = CARTESIAN_POINT ( 'NONE',  ( 0.000000000000000000, 2.000000000000000000, 0.000000000000000000 ) ) ;
#541 = CARTESIAN_POINT ( 'NONE',  ( -10.44142907809006537, 0.000000000000000000, 1.468406727744678841 ) ) ;
#542 = EDGE_CURVE ( 'NONE', #1377, #840, #1026, .T. ) ;
#543 = CARTESIAN_POINT ( 'NONE',  ( -1.981032612738087062, 0.000000000000000000, 6.527128929508222654 ) ) ;
#544 = FACE_OUTER_BOUND ( 'NONE', #736, .T. ) ;
#545 = CARTESIAN_POINT ( 'NONE',  ( 7.207611545838879863, 0.000000000000000000, 8.771777502881615618 ) ) ;
#546 = CARTESIAN_POINT ( 'NONE',  ( 6.689728504792751274, 0.000000000000000000, 9.294098618909846010 ) ) ;
#547 = VECTOR ( 'NONE', #577, 1000.000000000000000 ) ;
#548 = DIRECTION ( 'NONE',  ( 0.000000000000000000, 1.000000000000000000, 0.000000000000000000 ) ) ;
#549 = ORIENTED_EDGE ( 'NONE', *, *, #1138, .T. ) ;
#550 = CARTESIAN_POINT ( 'NONE',  ( 10.49980268575682096, 0.3999999999999975797, -0.7459957266018961697 ) ) ;
#551 = DIRECTION ( 'NONE',  ( -0.000000000000000000, -1.000000000000000000, -0.000000000000000000 ) ) ;
#552 = CARTESIAN_POINT ( 'NONE',  ( -3.907222565137841386, 0.000000000000000000, -11.14987783018130152 ) ) ;
#553 = CARTESIAN_POINT ( 'NONE',  ( -2.510167712197714618, 0.3999999999999975797, -6.221469906961984542 ) ) ;
#554 = DIRECTION ( 'NONE',  ( -0.000000000000000000, -1.000000000000000000, -0.000000000000000000 ) ) ;
#555 = CARTESIAN_POINT ( 'NONE',  ( 7.207611545838879863, 0.000000000000000000, 8.771777502881615618 ) ) ;
#556 = CARTESIAN_POINT ( 'NONE',  ( 5.499735981486713499, 0.000000000000000000, -0.4141583174628524766 ) ) ;
#557 = ORIENTED_EDGE ( 'NONE', *, *, #166, .T. ) ;
#558 = ADVANCED_FACE ( 'NONE', ( #667 ), #32, .T. ) ;
#559 = FACE_OUTER_BOUND ( 'NONE', #483, .T. ) ;
#560 = CARTESIAN_POINT ( 'NONE',  ( -10.02614842180791932, 0.3999999999999975797, -3.650312595988312481 ) ) ;
#561 = EDGE_CURVE ( 'NONE', #383, #689, #1382, .T. ) ;
#562 = CARTESIAN_POINT ( 'NONE',  ( -1.982782616040963175, 0.000000000000000000, -6.540016690629289364 ) ) ;
#563 = CARTESIAN_POINT ( 'NONE',  ( 8.128738975110071152, 0.3999999999999975797, 7.617243371927478357 ) ) ;
#564 = LINE ( 'NONE', #936, #668 ) ;
#565 = CARTESIAN_POINT ( 'NONE',  ( 3.605298225344404361, 0.000000000000000000, -5.272029189298429230 ) ) ;
#566 = VERTEX_POINT ( 'NONE', #520 ) ;
#567 = CARTESIAN_POINT ( 'NONE',  ( 3.962545395994085062, 0.3999999999999975797, -11.12458353204228523 ) ) ;
#568 = CARTESIAN_POINT ( 'NONE',  ( -5.471304059684247711, 0.3999999999999975797, 0.8202183417879788108 ) ) ;
#569 = CARTESIAN_POINT ( 'NONE',  ( -0.3724695180531405470, 0.000000000000000000, 12.00000000000000178 ) ) ;
#570 = DIRECTION ( 'NONE',  ( 0.000000000000000000, 1.000000000000000000, -0.000000000000000000 ) ) ;
#571 = CARTESIAN_POINT ( 'NONE',  ( 4.956760800592901361, 0.000000000000000000, -10.61736609097811979 ) ) ;
#572 = CARTESIAN_POINT ( 'NONE',  ( 10.19143269371135574, 0.3999999999999975797, 2.918226860924402200 ) ) ;
#573 = CARTESIAN_POINT ( 'NONE',  ( -5.590052615769631559E-64, 0.4000000000000000222, 9.500000000000000000 ) ) ;
#574 = CARTESIAN_POINT ( 'NONE',  ( 5.471179013169685135, 0.000000000000000000, -0.8202718517362281858 ) ) ;
#575 = VERTEX_POINT ( 'NONE', #1390 ) ;
#576 = CARTESIAN_POINT ( 'NONE',  ( -5.269262392170986686, 0.3999999999999975797, -2.035969662655130463 ) ) ;
#577 = DIRECTION ( 'NONE',  ( -0.000000000000000000, -1.000000000000000000, -0.000000000000000000 ) ) ;
#578 = ADVANCED_FACE ( 'NONE', ( #544 ), #534, .T. ) ;
#579 = EDGE_CURVE ( 'NONE', #1476, #689, #614, .T. ) ;
#580 = CARTESIAN_POINT ( 'NONE',  ( -8.545059085261010878, 0.3999999999999975797, -7.026737178143571683 ) ) ;
#581 = CARTESIAN_POINT ( 'NONE',  ( -5.269262392170986686, 0.000000000000000000, -2.035969662655130463 ) ) ;
#582 = CARTESIAN_POINT ( 'NONE',  ( 1.511015349438133981, 0.000000000000000000, -11.88323800565323651 ) ) ;
#583 = DIRECTION ( 'NONE',  ( 0.000000000000000000, 0.000000000000000000, 1.000000000000000000 ) ) ;
#584 = EDGE_CURVE ( 'NONE', #840, #990, #1487, .T. ) ;
#585 = DIRECTION ( 'NONE',  ( -0.000000000000000000, -1.000000000000000000, -0.000000000000000000 ) ) ;
#586 = ORIENTED_EDGE ( 'NONE', *, *, #194, .T. ) ;
#587 = FACE_OUTER_BOUND ( 'NONE', #250, .T. ) ;
#588 = CARTESIAN_POINT ( 'NONE',  ( -2.165157792152014427, 0.3999999999999975797, 6.430201023991125808 ) ) ;
#589 = CARTESIAN_POINT ( 'NONE',  ( -1.009838838191978505, 0.3999999999999975797, -6.883573938702106432 ) ) ;
#590 = CARTESIAN_POINT ( 'NONE',  ( 2.934342888565748542, 0.000000000000000000, -11.53168849008528696 ) ) ;
#591 = CARTESIAN_POINT ( 'NONE',  ( 6.689728504792751274, 0.3999999999999975797, 9.294098618909846010 ) ) ;
#592 = DIRECTION ( 'NONE',  ( 0.000000000000000000, 1.000000000000000000, -0.000000000000000000 ) ) ;
#593 = CARTESIAN_POINT ( 'NONE',  ( 5.263350216612317389, 0.000000000000000000, -2.028213969412615558 ) ) ;
#594 = VERTEX_POINT ( 'NONE', #1419 ) ;
#595 = CARTESIAN_POINT ( 'NONE',  ( 8.309156053706418757E-05, 0.4000000000000000222, -6.999999370062417903 ) ) ;
#596 = CARTESIAN_POINT ( 'NONE',  ( 0.000000000000000000, 0.4000000000000000222, -12.00000063131842332 ) ) ;
#597 = EDGE_CURVE ( 'NONE', #88, #948, #822, .T. ) ;
#598 = CARTESIAN_POINT ( 'NONE',  ( -5.270170156554707219, 0.3999999999999975797, 2.031761385979870660 ) ) ;
#599 = CARTESIAN_POINT ( 'NONE',  ( 2.934342888565748542, 0.3999999999999975797, -11.53168849008528696 ) ) ;
#600 = CARTESIAN_POINT ( 'NONE',  ( -8.000000000000000000, 2.000000000000000000, 0.000000000000000000 ) ) ;
#601 = AXIS2_PLACEMENT_3D ( 'NONE', #1056, #1298, #828 ) ;
#602 = ORIENTED_EDGE ( 'NONE', *, *, #937, .T. ) ;
#603 = CARTESIAN_POINT ( 'NONE',  ( -4.339036774445019340, 0.3999999999999975797, -4.303317979936367443 ) ) ;
#604 = CARTESIAN_POINT ( 'NONE',  ( 3.465891816929385083, 0.3999999999999975797, -5.421780720147950206 ) ) ;
#605 = AXIS2_PLACEMENT_3D ( 'NONE', #1218, #222, #1345 ) ;
#606 = CARTESIAN_POINT ( 'NONE',  ( -5.471516974596377203, 0.000000000000000000, -0.8178999945701421748 ) ) ;
#607 = FACE_BOUND ( 'NONE', #724, .T. ) ;
#608 = AXIS2_PLACEMENT_3D ( 'NONE', #361, #1115, #388 ) ;
#609 = CARTESIAN_POINT ( 'NONE',  ( 5.471179013169685135, 0.3999999999999975797, -0.8202718517362281858 ) ) ;
#610 = ORIENTED_EDGE ( 'NONE', *, *, #133, .F. ) ;
#611 = CARTESIAN_POINT ( 'NONE',  ( 8.000000000000000000, 9.071069597503624848, -2.500000631318421096 ) ) ;
#612 = CARTESIAN_POINT ( 'NONE',  ( 3.015824843776317543, 0.3999999999999975797, 5.856945636244857312 ) ) ;
#613 = ORIENTED_EDGE ( 'NONE', *, *, #417, .F. ) ;
#614 = CIRCLE ( 'NONE', #48, 1.600000000000001865 ) ;
#615 = CARTESIAN_POINT ( 'NONE',  ( -4.539551615494857195, 0.3999999999999975797, 3.937106244215027750 ) ) ;
#616 =( LENGTH_UNIT ( ) NAMED_UNIT ( * ) SI_UNIT ( .MILLI., .METRE. ) );
#617 = DIRECTION ( 'NONE',  ( 0.000000000000000000, 1.000000000000000000, -0.000000000000000000 ) ) ;
#618 = CARTESIAN_POINT ( 'NONE',  ( 0.8186527332130845158, 0.3999999999999975797, 6.939871465264904060 ) ) ;
#619 = CARTESIAN_POINT ( 'NONE',  ( 0.004135030743223054757, 0.3999999999999975797, -6.999999806062618291 ) ) ;
#620 = ADVANCED_FACE ( 'NONE', ( #335 ), #1389, .F. ) ;
#621 = CARTESIAN_POINT ( 'NONE',  ( 5.041396748983368425, 0.000000000000000000, 2.811908068815244910 ) ) ;
#622 = EDGE_LOOP ( 'NONE', ( #190, #1352, #183, #16 ) ) ;
#623 = CARTESIAN_POINT ( 'NONE',  ( -9.238611005058062986, 0.3999999999999975797, -5.726270119976924811 ) ) ;
#624 = B_SPLINE_CURVE_WITH_KNOTS ( 'NONE', 3,
 ( #750, #634, #375, #120, #609, #1131, #1002, #18, #1376, #268, #641, #1108, #481, #735, #127, #1471, #1348, #1116, #1597, #981, #1475, #368, #857, #494 ),
 .UNSPECIFIED., .F., .F.,
 ( 4, 2, 2, 2, 2, 2, 2, 2, 2, 2, 2, 4 ),
 ( 0.2498567275948674893, 0.2499999999999993894, 0.2812499999999994449, 0.2968749999999994449, 0.3124999999999995004, 0.3749999999999996669, 0.3906249999999997224, 0.4062499999999997780, 0.4218749999999997780, 0.4374999999999998335, 0.4687500000000000000, 0.5000000000000000000 ),
 .UNSPECIFIED. ) ;
#625 = VECTOR ( 'NONE', #1554, 1000.000000000000000 ) ;
#626 =( NAMED_UNIT ( * ) PLANE_ANGLE_UNIT ( ) SI_UNIT ( $, .RADIAN. ) );
#627 = CYLINDRICAL_SURFACE ( 'NONE', #240, 2.500000631318421096 ) ;
#628 = ORIENTED_EDGE ( 'NONE', *, *, #1093, .F. ) ;
#629 = CARTESIAN_POINT ( 'NONE',  ( -3.618114846084797609, 0.3999999999999975797, 11.29847254425951242 ) ) ;
#630 = VECTOR ( 'NONE', #708, 1000.000000000000000 ) ;
#631 = CARTESIAN_POINT ( 'NONE',  ( 5.357042513691267160, 0.3999999999999975797, 1.627558495578288023 ) ) ;
#632 = ORIENTED_EDGE ( 'NONE', *, *, #482, .F. ) ;
#633 = CARTESIAN_POINT ( 'NONE',  ( -5.270170156554707219, 0.000000000000000000, 2.031761385979870660 ) ) ;
#634 = CARTESIAN_POINT ( 'NONE',  ( 5.499999988029112608, 0.3999999999999975797, -0.001890216670786395515 ) ) ;
#635 = CARTESIAN_POINT ( 'NONE',  ( 1.980455856127634862, 0.3999999999999975797, 6.527361502543531202 ) ) ;
#636 = EDGE_CURVE ( 'NONE', #1242, #985, #279, .T. ) ;
#637 = AXIS2_PLACEMENT_3D ( 'NONE', #1130, #126, #17 ) ;
#638 = CARTESIAN_POINT ( 'NONE',  ( 3.870238625396473342, 0.3999999999999975797, -4.958462514997507675 ) ) ;
#639 = ORIENTED_EDGE ( 'NONE', *, *, #1219, .F. ) ;
#640 = CARTESIAN_POINT ( 'NONE',  ( -8.000000000000000000, 9.071069597503624848, -1.600000000000000089 ) ) ;
#641 = CARTESIAN_POINT ( 'NONE',  ( 4.584313342547322812, 0.3999999999999975797, -3.949230373506586567 ) ) ;
#642 = CARTESIAN_POINT ( 'NONE',  ( 8.155340844349451501, 0.000000000000000000, -7.610685995844232998 ) ) ;
#643 = CARTESIAN_POINT ( 'NONE',  ( -4.925191393526391792, 0.3999999999999975797, 10.61200398251324728 ) ) ;
#644 = CARTESIAN_POINT ( 'NONE',  ( 0.4146637740648429493, 0.000000000000000000, 6.999999999999998224 ) ) ;
#645 = CARTESIAN_POINT ( 'NONE',  ( -8.135077959936166891, 0.3999999999999975797, -7.639552165312990972 ) ) ;
#646 = CARTESIAN_POINT ( 'NONE',  ( -3.873965609264074406, 0.000000000000000000, 4.968433955008288549 ) ) ;
#647 = CARTESIAN_POINT ( 'NONE',  ( -8.735481580843929450, 0.000000000000000000, 6.680593755567498349 ) ) ;
#648 = CARTESIAN_POINT ( 'NONE',  ( 2.901499501642654355, 0.000000000000000000, 11.54265721141034184 ) ) ;
#649 = CARTESIAN_POINT ( 'NONE',  ( 9.260910607558349383, 0.3999999999999975797, 5.717223270049095696 ) ) ;
#650 = CARTESIAN_POINT ( 'NONE',  ( 1.622903583116148685, 0.000000000000000000, -6.703092606365963491 ) ) ;
#651 = ORIENTED_EDGE ( 'NONE', *, *, #1011, .T. ) ;
#652 = AXIS2_PLACEMENT_3D ( 'NONE', #523, #398, #1168 ) ;
#653 = CARTESIAN_POINT ( 'NONE',  ( -3.618114846084797609, 0.000000000000000000, 11.29847254425951242 ) ) ;
#654 = CARTESIAN_POINT ( 'NONE',  ( -10.44142907809006537, 0.000000000000000000, 1.468406727744678841 ) ) ;
#655 = CARTESIAN_POINT ( 'NONE',  ( 5.828222196794039967, 0.000000000000000000, 9.997809326638995131 ) ) ;
#656 = CARTESIAN_POINT ( 'NONE',  ( 10.20516804252454435, 0.000000000000000000, -2.924188310503295529 ) ) ;
#657 = CARTESIAN_POINT ( 'NONE',  ( 0.4220155761222837976, 0.3999999999999975797, -6.998798951632182686 ) ) ;
#658 = ORIENTED_EDGE ( 'NONE', *, *, #681, .F. ) ;
#659 = CARTESIAN_POINT ( 'NONE',  ( -8.132079633186021894, 0.3999999999999975797, 7.612590611558883502 ) ) ;
#660 = CARTESIAN_POINT ( 'NONE',  ( -7.211141135443174477, 0.000000000000000000, 8.767936965154467188 ) ) ;
#661 = CARTESIAN_POINT ( 'NONE',  ( 5.271493858025267265, 0.3999999999999975797, 2.026756045459324973 ) ) ;
#662 = CARTESIAN_POINT ( 'NONE',  ( 5.828222196794039967, 0.000000000000000000, 9.997809326638995131 ) ) ;
#663 = DIRECTION ( 'NONE',  ( 0.000000000000000000, 0.000000000000000000, 1.000000000000000000 ) ) ;
#664 = ORIENTED_EDGE ( 'NONE', *, *, #1265, .T. ) ;
#665 = CARTESIAN_POINT ( 'NONE',  ( -10.49999914905597187, 0.3999999999999975797, -0.7359638186501857859 ) ) ;
#666 = CARTESIAN_POINT ( 'NONE',  ( -8.000000000000000000, 0.000000000000000000, 0.000000000000000000 ) ) ;
#667 = FACE_OUTER_BOUND ( 'NONE', #1512, .T. ) ;
#668 = VECTOR ( 'NONE', #956, 1000.000000000000000 ) ;
#669 = CARTESIAN_POINT ( 'NONE',  ( 4.343020583504177523, 0.3999999999999975797, 4.297004004421830281 ) ) ;
#670 = CARTESIAN_POINT ( 'NONE',  ( 6.689728504792751274, 0.3999999999999975797, 9.294098618909846010 ) ) ;
#671 = CARTESIAN_POINT ( 'NONE',  ( 2.687524410044964451, 0.000000000000000000, 6.114061669759728090 ) ) ;
#672 = EDGE_LOOP ( 'NONE', ( #502, #132 ) ) ;
#673 = CARTESIAN_POINT ( 'NONE',  ( 10.50000063130875816, 0.4000000000000000222, -6.951297828258072308E-06 ) ) ;
#674 = CARTESIAN_POINT ( 'NONE',  ( -1.853368604996552760, 0.3999999999999975797, 11.82000092324860141 ) ) ;
#675 = CARTESIAN_POINT ( 'NONE',  ( -10.02614842180791932, 0.000000000000000000, -3.650312595988312481 ) ) ;
#676 = DIRECTION ( 'NONE',  ( 0.000000000000000000, 0.000000000000000000, 1.000000000000000000 ) ) ;
#677 = CARTESIAN_POINT ( 'NONE',  ( 9.260910607558349383, 0.000000000000000000, 5.717223270049095696 ) ) ;
#678 = VECTOR ( 'NONE', #531, 1000.000000000000000 ) ;
#679 = CARTESIAN_POINT ( 'NONE',  ( 0.000000000000000000, 0.4000000000000000222, 0.000000000000000000 ) ) ;
#680 = VERTEX_POINT ( 'NONE', #1388 ) ;
#681 = EDGE_CURVE ( 'NONE', #22, #1337, #739, .T. ) ;
#682 = CARTESIAN_POINT ( 'NONE',  ( 10.03000066432012183, 0.3999999999999975797, -3.636966625903698347 ) ) ;
#683 = CARTESIAN_POINT ( 'NONE',  ( -9.554505678300682092, 0.000000000000000000, 5.042548620920026536 ) ) ;
#684 = EDGE_CURVE ( 'NONE', #176, #22, #1396, .T. ) ;
#685 = CARTESIAN_POINT ( 'NONE',  ( -5.524723203590326648, 0.3999999999999975797, -10.24354863244697711 ) ) ;
#686 = CARTESIAN_POINT ( 'NONE',  ( -4.224985372232108460, 0.000000000000000000, 4.465888069864984544 ) ) ;
#687 = CARTESIAN_POINT ( 'NONE',  ( 7.907571716749260737, 0.3999999999999975797, 7.915888881929762810 ) ) ;
#688 = CARTESIAN_POINT ( 'NONE',  ( 0.8275180089444803544, 0.000000000000000000, -6.938502046920373090 ) ) ;
#689 = VERTEX_POINT ( 'NONE', #1150 ) ;
#690 = CARTESIAN_POINT ( 'NONE',  ( 10.20516804252454435, 0.3999999999999975797, -2.924188310503295529 ) ) ;
#691 = CIRCLE ( 'NONE', #1241, 1.600000000000000755 ) ;
#692 = CARTESIAN_POINT ( 'NONE',  ( -5.590052615769631559E-64, 9.071069597503624848, 9.500000000000000000 ) ) ;
#693 = CARTESIAN_POINT ( 'NONE',  ( 0.03284041553402632790, 0.000000000000000000, -11.99994161989750729 ) ) ;
#694 = CARTESIAN_POINT ( 'NONE',  ( -3.605869825397647332, 0.3999999999999975797, -5.287272842732679834 ) ) ;
#695 = CARTESIAN_POINT ( 'NONE',  ( 3.598463190794231270, 0.3999999999999975797, 11.28454589000159913 ) ) ;
#696 = CARTESIAN_POINT ( 'NONE',  ( -8.000000000000000000, 0.4000000000000000222, 0.000000000000000000 ) ) ;
#697 = AXIS2_PLACEMENT_3D ( 'NONE', #437, #554, #925 ) ;
#698 = CARTESIAN_POINT ( 'NONE',  ( 4.584313342547322812, 0.000000000000000000, -3.949230373506586567 ) ) ;
#699 = ORIENTED_EDGE ( 'NONE', *, *, #1378, .F. ) ;
#700 = CARTESIAN_POINT ( 'NONE',  ( -1.982782616040963175, 0.3999999999999975797, -6.540016690629289364 ) ) ;
#701 = CARTESIAN_POINT ( 'NONE',  ( -0.2073318870324256658, 0.3999999999999975797, 7.000000000000001776 ) ) ;
#702 = DIRECTION ( 'NONE',  ( 0.000000000000000000, 0.000000000000000000, 1.000000000000000000 ) ) ;
#703 = ADVANCED_FACE ( 'NONE', ( #777 ), #171, .T. ) ;
#704 = CARTESIAN_POINT ( 'NONE',  ( -1.435514372653817983, 0.000000000000000000, -11.91769583533103827 ) ) ;
#705 = CARTESIAN_POINT ( 'NONE',  ( -4.635325236812398053, 0.000000000000000000, 3.753140858476881281 ) ) ;
#706 = CARTESIAN_POINT ( 'NONE',  ( 0.03284041522817338771, 0.3999999999999975797, -11.99994161989859265 ) ) ;
#707 = FACE_OUTER_BOUND ( 'NONE', #1365, .T. ) ;
#708 = DIRECTION ( 'NONE',  ( -0.000000000000000000, -1.000000000000000000, -0.000000000000000000 ) ) ;
#709 = ORIENTED_EDGE ( 'NONE', *, *, #512, .F. ) ;
#710 = DIRECTION ( 'NONE',  ( 0.000000000000000000, 1.000000000000000000, 0.000000000000000000 ) ) ;
#711 = CARTESIAN_POINT ( 'NONE',  ( -4.539551615494857195, 0.3999999999999975797, 3.937106244215027750 ) ) ;
#712 = CARTESIAN_POINT ( 'NONE',  ( -5.590052615769631559E-64, 9.071069597503624848, 9.500000000000000000 ) ) ;
#713 = B_SPLINE_CURVE_WITH_KNOTS ( 'NONE', 3,
 ( #129, #1246, #618, #137, #1117, #635, #495, #1126, #14, #1383, #52, #669, #910, #1527, #536, #661, #396, #1166, #894, #284 ),
 .UNSPECIFIED., .F., .F.,
 ( 4, 2, 2, 2, 2, 2, 2, 2, 2, 4 ),
 ( 0.000000000000000000, 0.03124999999999990286, 0.04687499999999986122, 0.06249999999999981959, 0.09374999999999970857, 0.1249999999999995975, 0.1562499999999995004, 0.1874999999999994726, 0.2187499999999994171, 0.2498567275948674893 ),
 .UNSPECIFIED. ) ;
#714 = CARTESIAN_POINT ( 'NONE',  ( -6.669181016294101205, 0.3999999999999975797, -9.312983779800539708 ) ) ;
#715 = CARTESIAN_POINT ( 'NONE',  ( -4.539551615494857195, 0.000000000000000000, 3.937106244215027750 ) ) ;
#716 = CARTESIAN_POINT ( 'NONE',  ( 4.592607358057603228, 0.3999999999999975797, 10.80446175416255450 ) ) ;
#717 = CARTESIAN_POINT ( 'NONE',  ( 0.01223531239253568791, 0.000000000000000000, -6.999982333181954175 ) ) ;
#718 = ORIENTED_EDGE ( 'NONE', *, *, #684, .T. ) ;
#719 = CARTESIAN_POINT ( 'NONE',  ( -3.605869825397647332, 0.3999999999999975797, -5.287272842732679834 ) ) ;
#720 = DIRECTION ( 'NONE',  ( 0.000000000000000000, 1.000000000000000000, 0.000000000000000000 ) ) ;
#721 = EDGE_CURVE ( 'NONE', #1256, #1476, #99, .T. ) ;
#722 = CARTESIAN_POINT ( 'NONE',  ( 8.560654481966940565, 0.3999999999999975797, -7.001172518388175448 ) ) ;
#723 = DIRECTION ( 'NONE',  ( 0.000000000000000000, 1.000000000000000000, -0.000000000000000000 ) ) ;
#724 = EDGE_LOOP ( 'NONE', ( #490, #1112 ) ) ;
#725 = PLANE ( 'NONE',  #1227 ) ;
#726 = CARTESIAN_POINT ( 'NONE',  ( -4.065758146820641628E-16, 0.3999999999999975797, 7.000000000000000000 ) ) ;
#727 = CARTESIAN_POINT ( 'NONE',  ( -5.038453937012159933, 0.3999999999999975797, -2.820314126744672301 ) ) ;
#728 = APPLICATION_PROTOCOL_DEFINITION ( 'draft international standard', 'automotive_design', 1998, #267 ) ;
#729 = DIRECTION ( 'NONE',  ( 0.000000000000000000, 0.000000000000000000, 1.000000000000000000 ) ) ;
#730 = AXIS2_PLACEMENT_3D ( 'NONE', #835, #570, #1562 ) ;
#731 = EDGE_LOOP ( 'NONE', ( #1484, #311, #1316, #1162 ) ) ;
#732 = CARTESIAN_POINT ( 'NONE',  ( -9.262387091381869553, 0.3999999999999975797, 5.713875779178436254 ) ) ;
#733 = CARTESIAN_POINT ( 'NONE',  ( 3.871803458559933020, 0.000000000000000000, 4.971425316501708380 ) ) ;
#734 = ORIENTED_EDGE ( 'NONE', *, *, #795, .F. ) ;
#735 = CARTESIAN_POINT ( 'NONE',  ( 3.605298225344404361, 0.3999999999999975797, -5.272029189298429230 ) ) ;
#736 = EDGE_LOOP ( 'NONE', ( #440, #124, #1401, #1486, #488 ) ) ;
#737 = CARTESIAN_POINT ( 'NONE',  ( 0.01223531239253568791, 0.3999999999999975797, -6.999982333181954175 ) ) ;
#738 = CARTESIAN_POINT ( 'NONE',  ( 2.161655223903852896, 0.3999999999999975797, 6.432115343415471642 ) ) ;
#739 = CIRCLE ( 'NONE', #1184, 1.600000000000000089 ) ;
#740 = DIRECTION ( 'NONE',  ( -0.000000000000000000, -1.000000000000000000, -0.000000000000000000 ) ) ;
#741 = CARTESIAN_POINT ( 'NONE',  ( 0.000000000000000000, 9.071069597503624848, -9.500000000000000000 ) ) ;
#742 = EDGE_LOOP ( 'NONE', ( #1472, #829, #1198, #734, #699, #639 ) ) ;
#743 = CARTESIAN_POINT ( 'NONE',  ( 1.474384694611917901, 0.3999999999999975797, 11.91092739732622086 ) ) ;
#744 = CARTESIAN_POINT ( 'NONE',  ( 5.349759145252581227, 0.3999999999999975797, -1.627024985997544748 ) ) ;
#745 = CARTESIAN_POINT ( 'NONE',  ( 8.309156053706418757E-05, 0.4000000000000000222, -6.999999370062417903 ) ) ;
#746 = EDGE_CURVE ( 'NONE', #1377, #982, #883, .T. ) ;
#747 = EDGE_CURVE ( 'NONE', #509, #1216, #395, .T. ) ;
#748 = CARTESIAN_POINT ( 'NONE',  ( -5.471391346705773984, 0.3999999999999975797, 0.8196027277597502936 ) ) ;
#749 = CYLINDRICAL_SURFACE ( 'NONE', #1125, 2.500000631318421540 ) ;
#750 = CARTESIAN_POINT ( 'NONE',  ( 5.499999975256551821, 0.3999999999999975797, -1.704671759241649717E-05 ) ) ;
#751 = ORIENTED_EDGE ( 'NONE', *, *, #203, .T. ) ;
#752 = CARTESIAN_POINT ( 'NONE',  ( -8.000000000000000000, 9.071069597503624848, 2.500000631318421096 ) ) ;
#753 = CARTESIAN_POINT ( 'NONE',  ( 4.923326169898398774, 0.000000000000000000, -3.212488541385532415 ) ) ;
#754 = VERTEX_POINT ( 'NONE', #596 ) ;
#755 = AXIS2_PLACEMENT_3D ( 'NONE', #692, #202, #831 ) ;
#756 = CARTESIAN_POINT ( 'NONE',  ( -3.873965609264074406, 0.3999999999999975797, 4.968433955008288549 ) ) ;
#757 = DIRECTION ( 'NONE',  ( 0.000000000000000000, 0.000000000000000000, 1.000000000000000000 ) ) ;
#758 = DIRECTION ( 'NONE',  ( 0.000000000000000000, 0.000000000000000000, 1.000000000000000000 ) ) ;
#759 = ORIENTED_EDGE ( 'NONE', *, *, #111, .T. ) ;
#760 = CARTESIAN_POINT ( 'NONE',  ( 5.471179013169685135, 0.000000000000000000, -0.8202718517362281858 ) ) ;
#761 = VERTEX_POINT ( 'NONE', #931 ) ;
#762 = CARTESIAN_POINT ( 'NONE',  ( -3.569510833401821071, 0.3999999999999975797, -11.29639672734994704 ) ) ;
#763 = ADVANCED_FACE ( 'NONE', ( #559 ), #81, .F. ) ;
#764 = AXIS2_PLACEMENT_3D ( 'NONE', #1286, #409, #65 ) ;
#765 = CARTESIAN_POINT ( 'NONE',  ( -10.02638075830777176, 0.000000000000000000, 3.648894049555896579 ) ) ;
#766 = CARTESIAN_POINT ( 'NONE',  ( 10.26478240398689756, 0.000000000000000000, 2.558330287753524335 ) ) ;
#767 = CARTESIAN_POINT ( 'NONE',  ( 3.598463190794231270, 0.3999999999999975797, 11.28454589000159913 ) ) ;
#768 = LINE ( 'NONE', #1161, #678 ) ;
#769 = ORIENTED_EDGE ( 'NONE', *, *, #1001, .T. ) ;
#770 = CARTESIAN_POINT ( 'NONE',  ( -5.844688758088294911, 0.3999999999999975797, 9.985095320807078068 ) ) ;
#771 = CARTESIAN_POINT ( 'NONE',  ( -5.524723203590326648, 0.000000000000000000, -10.24354863244697711 ) ) ;
#772 = CARTESIAN_POINT ( 'NONE',  ( 8.000000000000000000, 0.4000000000000000222, 0.000000000000000000 ) ) ;
#773 = CARTESIAN_POINT ( 'NONE',  ( 4.592607358057603228, 0.3999999999999975797, 10.80446175416255450 ) ) ;
#774 = CARTESIAN_POINT ( 'NONE',  ( 5.041396748983368425, 0.000000000000000000, 2.811908068815244910 ) ) ;
#775 = ORIENTED_EDGE ( 'NONE', *, *, #681, .T. ) ;
#776 = CIRCLE ( 'NONE', #86, 1.600000000000000089 ) ;
#777 = FACE_OUTER_BOUND ( 'NONE', #475, .T. ) ;
#778 = PRODUCT ( 'Handle spacer', 'Handle spacer', '', ( #493 ) ) ;
#779 = CARTESIAN_POINT ( 'NONE',  ( -3.907222565137841386, 0.000000000000000000, -11.14987783018130152 ) ) ;
#780 = EDGE_CURVE ( 'NONE', #1434, #680, #1504, .T. ) ;
#781 = EDGE_CURVE ( 'NONE', #1057, #1022, #444, .T. ) ;
#782 = CARTESIAN_POINT ( 'NONE',  ( 6.685802305891703767, 0.000000000000000000, -9.271029473083745032 ) ) ;
#783 = CARTESIAN_POINT ( 'NONE',  ( 9.910746049006936786, 0.3999999999999975797, 3.989966717575956334 ) ) ;
#784 = CARTESIAN_POINT ( 'NONE',  ( 2.522674169099231367, 0.000000000000000000, -6.213197923264572431 ) ) ;
#785 = ORIENTED_EDGE ( 'NONE', *, *, #1494, .F. ) ;
#786 = CARTESIAN_POINT ( 'NONE',  ( -5.547720676612424739, 0.3999999999999975797, 10.20395566696970491 ) ) ;
#787 = DIRECTION ( 'NONE',  ( -0.000000000000000000, -1.000000000000000000, -0.000000000000000000 ) ) ;
#788 = DIRECTION ( 'NONE',  ( 0.000000000000000000, 0.000000000000000000, 1.000000000000000000 ) ) ;
#789 = CARTESIAN_POINT ( 'NONE',  ( 2.901499501642654355, 0.3999999999999975797, 11.54265721141034184 ) ) ;
#790 = DIRECTION ( 'NONE',  ( 0.000000000000000000, 0.000000000000000000, 1.000000000000000000 ) ) ;
#791 = ORIENTED_EDGE ( 'NONE', *, *, #1008, .F. ) ;
#792 = CARTESIAN_POINT ( 'NONE',  ( -4.603040890924617656, 0.000000000000000000, 10.79869760076587859 ) ) ;
#793 = AXIS2_PLACEMENT_3D ( 'NONE', #136, #1259, #995 ) ;
#794 = DIRECTION ( 'NONE',  ( 0.000000000000000000, 0.000000000000000000, 1.000000000000000000 ) ) ;
#795 = EDGE_CURVE ( 'NONE', #594, #990, #1447, .T. ) ;
#796 = CARTESIAN_POINT ( 'NONE',  ( 4.592607358057603228, 0.000000000000000000, 10.80446175416255450 ) ) ;
#797 = CARTESIAN_POINT ( 'NONE',  ( 10.49980268575682096, 0.3999999999999975797, -0.7459957266018961697 ) ) ;
#798 = PLANE ( 'NONE',  #1297 ) ;
#799 = ORIENTED_EDGE ( 'NONE', *, *, #148, .T. ) ;
#800 = ADVANCED_FACE ( 'NONE', ( #842, #1226 ), #1568, .T. ) ;
#801 = CARTESIAN_POINT ( 'NONE',  ( -10.20595251390328784, 0.000000000000000000, 2.921586721044471258 ) ) ;
#802 = VECTOR ( 'NONE', #1565, 1000.000000000000000 ) ;
#803 = CARTESIAN_POINT ( 'NONE',  ( -9.536176060422212331, 0.3999999999999975797, -5.046879916835832702 ) ) ;
#804 = CARTESIAN_POINT ( 'NONE',  ( -2.679296832099068659, 0.3999999999999975797, -6.104889903365974035 ) ) ;
#805 = CARTESIAN_POINT ( 'NONE',  ( 6.414928607590036691, 0.000000000000000000, -9.517554988556812035 ) ) ;
#806 = AXIS2_PLACEMENT_3D ( 'NONE', #950, #441, #1436 ) ;
#807 = DIRECTION ( 'NONE',  ( -0.000000000000000000, -1.000000000000000000, -0.000000000000000000 ) ) ;
#808 = CARTESIAN_POINT ( 'NONE',  ( 3.018231912797951111, 0.000000000000000000, -5.841188869266970229 ) ) ;
#809 = ORIENTED_EDGE ( 'NONE', *, *, #1265, .F. ) ;
#810 = DIRECTION ( 'NONE',  ( 0.000000000000000000, 1.000000000000000000, -0.000000000000000000 ) ) ;
#811 = CARTESIAN_POINT ( 'NONE',  ( -3.569510833401821071, 0.000000000000000000, -11.29639672734994704 ) ) ;
#812 = CARTESIAN_POINT ( 'NONE',  ( -3.162118205461780907, 0.000000000000000000, -5.715654696622435971 ) ) ;
#813 = CARTESIAN_POINT ( 'NONE',  ( 5.567555122179086879, 0.000000000000000000, -10.21266409334464953 ) ) ;
#814 = CARTESIAN_POINT ( 'NONE',  ( -8.000000000000000000, 9.071069597503624848, 0.000000000000000000 ) ) ;
#815 = DIRECTION ( 'NONE',  ( 0.000000000000000000, -0.000000000000000000, 1.000000000000000000 ) ) ;
#816 = ORIENTED_EDGE ( 'NONE', *, *, #1093, .T. ) ;
#817 = DIRECTION ( 'NONE',  ( 0.000000000000000000, 1.000000000000000000, 0.000000000000000000 ) ) ;
#818 = CIRCLE ( 'NONE', #73, 2.500000631318421096 ) ;
#819 = B_SPLINE_CURVE_WITH_KNOTS ( 'NONE', 3,
 ( #518, #1366, #881, #1271, #1134, #762, #874, #1122, #491, #141, #156, #645, #1000, #1141, #623, #400, #890, #1522, #1155, #47, #665, #1395 ),
 .UNSPECIFIED., .F., .F.,
 ( 4, 2, 2, 2, 2, 2, 2, 2, 2, 2, 4 ),
 ( 0.5004617519773885137, 0.5312499999999985567, 0.5468749999999986677, 0.5624999999999986677, 0.5937499999999986677, 0.6249999999999986677, 0.6562499999999987788, 0.6718749999999987788, 0.6874999999999987788, 0.7187499999999990008, 0.7499891142737987737 ),
 .UNSPECIFIED. ) ;
#820 = CARTESIAN_POINT ( 'NONE',  ( 0.01103168194131004184, 0.3999999999999975797, -12.00000006174884781 ) ) ;
#821 = UNCERTAINTY_MEASURE_WITH_UNIT (LENGTH_MEASURE( 1.000000000000000082E-05 ), #616, 'distance_accuracy_value', 'NONE');
#822 = LINE ( 'NONE', #933, #1025 ) ;
#823 = CARTESIAN_POINT ( 'NONE',  ( -8.000000000000000000, 0.4000000000000000222, 0.000000000000000000 ) ) ;
#824 = CARTESIAN_POINT ( 'NONE',  ( 0.4018564447085191116, 0.000000000000000000, -11.99862962387715015 ) ) ;
#825 = CARTESIAN_POINT ( 'NONE',  ( 6.685802305891703767, 0.3999999999999975797, -9.271029473083745032 ) ) ;
#826 = FACE_OUTER_BOUND ( 'NONE', #97, .T. ) ;
#827 = AXIS2_PLACEMENT_3D ( 'NONE', #927, #216, #583 ) ;
#828 = DIRECTION ( 'NONE',  ( 0.000000000000000000, 0.000000000000000000, 1.000000000000000000 ) ) ;
#829 = ORIENTED_EDGE ( 'NONE', *, *, #542, .T. ) ;
#830 = CARTESIAN_POINT ( 'NONE',  ( -3.869037163426433779, 0.3999999999999975797, -4.974763449339322463 ) ) ;
#831 = DIRECTION ( 'NONE',  ( 0.000000000000000000, 0.000000000000000000, -1.000000000000000000 ) ) ;
#832 = DIRECTION ( 'NONE',  ( 0.000000000000000000, 0.000000000000000000, -1.000000000000000000 ) ) ;
#833 = CARTESIAN_POINT ( 'NONE',  ( -3.618114846084797609, 0.000000000000000000, 11.29847254425951242 ) ) ;
#834 = CIRCLE ( 'NONE', #730, 2.500000631318422428 ) ;
#835 = CARTESIAN_POINT ( 'NONE',  ( 0.000000000000000000, 0.4000000000000000222, -9.500000000000000000 ) ) ;
#836 = CARTESIAN_POINT ( 'NONE',  ( 2.546581123755152554, 0.3999999999999975797, 11.65099946221649319 ) ) ;
#837 = DIRECTION ( 'NONE',  ( 0.000000000000000000, 0.000000000000000000, -1.000000000000000000 ) ) ;
#838 = CARTESIAN_POINT ( 'NONE',  ( -0.1926548194723257390, 0.000000000000000000, -7.000574023956839476 ) ) ;
#839 = EDGE_CURVE ( 'NONE', #594, #1022, #1302, .T. ) ;
#840 = VERTEX_POINT ( 'NONE', #332 ) ;
#841 = DIRECTION ( 'NONE',  ( 0.000000000000000000, 0.000000000000000000, 1.000000000000000000 ) ) ;
#842 = FACE_BOUND ( 'NONE', #305, .T. ) ;
#843 = CARTESIAN_POINT ( 'NONE',  ( -4.065758146820641628E-16, 0.000000000000000000, 7.000000000000000000 ) ) ;
#844 = CARTESIAN_POINT ( 'NONE',  ( 0.4018564443987959200, 0.3999999999999975797, -11.99862962389688015 ) ) ;
#845 = VERTEX_POINT ( 'NONE', #1318 ) ;
#846 = CARTESIAN_POINT ( 'NONE',  ( 0.03284041553399224406, 0.3999999999999975797, -11.99994161989750907 ) ) ;
#847 = CARTESIAN_POINT ( 'NONE',  ( -1.411667136193661243, 0.3999999999999975797, 6.766053347799921625 ) ) ;
#848 = CARTESIAN_POINT ( 'NONE',  ( 8.000000000000000000, 0.4000000000000000222, 0.000000000000000000 ) ) ;
#849 = CARTESIAN_POINT ( 'NONE',  ( -3.869037163426433779, 0.3999999999999975797, -4.974763449339322463 ) ) ;
#850 = CARTESIAN_POINT ( 'NONE',  ( -5.590052615769631559E-64, 0.000000000000000000, 9.500000000000000000 ) ) ;
#851 = ORIENTED_EDGE ( 'NONE', *, *, #747, .F. ) ;
#852 = CARTESIAN_POINT ( 'NONE',  ( -0.2008773173395807521, 0.3999999999999975797, -6.999992992145953608 ) ) ;
#853 = CARTESIAN_POINT ( 'NONE',  ( 5.271493858025267265, 0.3999999999999975797, 2.026756045459324973 ) ) ;
#854 = DIRECTION ( 'NONE',  ( 0.000000000000000000, 1.000000000000000000, -0.000000000000000000 ) ) ;
#855 = CARTESIAN_POINT ( 'NONE',  ( -5.499913291335847276, 0.000000000000000000, -0.4105076079380310383 ) ) ;
#856 = DIRECTION ( 'NONE',  ( -0.000000000000000000, -1.000000000000000000, -0.000000000000000000 ) ) ;
#857 = CARTESIAN_POINT ( 'NONE',  ( 0.4220155761222837976, 0.3999999999999975797, -6.998798951632182686 ) ) ;
#858 = COLOUR_RGB ( '',0.7921568627450980005, 0.8196078431372548767, 0.9333333333333333481 ) ;
#859 = ORIENTED_EDGE ( 'NONE', *, *, #115, .T. ) ;
#860 = CARTESIAN_POINT ( 'NONE',  ( -1.853368604996552760, 0.3999999999999975797, 11.82000092324860141 ) ) ;
#861 = CARTESIAN_POINT ( 'NONE',  ( 4.895465762364035633, 0.3999999999999975797, 3.200321336784469395 ) ) ;
#862 = EDGE_LOOP ( 'NONE', ( #408, #162 ) ) ;
#863 = CARTESIAN_POINT ( 'NONE',  ( -4.334574510547136050, 0.000000000000000000, 4.293034366861077977 ) ) ;
#864 = CARTESIAN_POINT ( 'NONE',  ( 1.959434878635765477E-16, 9.071069597503624848, 11.09999999999999964 ) ) ;
#865 = EDGE_CURVE ( 'NONE', #877, #1057, #118, .T. ) ;
#866 = ORIENTED_EDGE ( 'NONE', *, *, #63, .F. ) ;
#867 = CARTESIAN_POINT ( 'NONE',  ( 0.7449390361062675492, 0.3999999999999975797, 11.99999999999999645 ) ) ;
#868 = CARTESIAN_POINT ( 'NONE',  ( 5.471179013169685135, 0.3999999999999975797, -0.8202718517362281858 ) ) ;
#869 = ORIENTED_EDGE ( 'NONE', *, *, #1543, .F. ) ;
#870 = DIRECTION ( 'NONE',  ( -0.000000000000000000, -1.000000000000000000, -0.000000000000000000 ) ) ;
#871 = EDGE_LOOP ( 'NONE', ( #297, #1454, #1264, #1086 ) ) ;
#872 = CARTESIAN_POINT ( 'NONE',  ( -8.735481580843929450, 0.3999999999999975797, 6.680593755567498349 ) ) ;
#873 = CARTESIAN_POINT ( 'NONE',  ( 5.263350216612317389, 0.3999999999999975797, -2.028213969412615558 ) ) ;
#874 = CARTESIAN_POINT ( 'NONE',  ( -3.907222565137841386, 0.3999999999999975797, -11.14987783018130152 ) ) ;
#875 = CARTESIAN_POINT ( 'NONE',  ( 0.000000000000000000, 0.4000000000000000222, -9.500000000000000000 ) ) ;
#876 = AXIS2_PLACEMENT_3D ( 'NONE', #1346, #1587, #832 ) ;
#877 = VERTEX_POINT ( 'NONE', #1232 ) ;
#878 = SURFACE_STYLE_USAGE ( .BOTH. , #1357 ) ;
#879 = ADVANCED_FACE ( 'NONE', ( #246 ), #1147, .T. ) ;
#880 = CARTESIAN_POINT ( 'NONE',  ( 4.584313342547322812, 0.000000000000000000, -3.949230373506586567 ) ) ;
#881 = CARTESIAN_POINT ( 'NONE',  ( -1.446191476536284881, 0.3999999999999975797, -11.91514583176507713 ) ) ;
#882 = B_SPLINE_CURVE_WITH_KNOTS ( 'NONE', 3,
 ( #529, #421, #514, #1288, #648, #167, #885, #796, #1028, #173, #655, #59, #545, #293, #277, #1501, #429, #27, #1047, #1536, #1012, #1405, #766, #1509, #1145, #521, #308, #1019, #1152, #403, #181, #1518, #1295, #1391, #642, #903, #302, #782, #1282, #1177, #571, #1082, #1546, #590, #944, #1440, #1332, #1090, #824, #1323 ),
 .UNSPECIFIED., .F., .F.,
 ( 4, 2, 2, 2, 2, 2, 2, 2, 2, 2, 2, 2, 2, 2, 2, 2, 2, 2, 2, 2, 2, 2, 2, 2, 4 ),
 ( 0.000000000000000000, 0.03124999999999990979, 0.04687499999999986122, 0.06249999999999981959, 0.07812499999999977796, 0.09374999999999972244, 0.1249999999999996392, 0.1406249999999996669, 0.1562499999999996392, 0.1874999999999996114, 0.2031249999999996392, 0.2187499999999996392, 0.2499999999999996669, 0.2812499999999997224, 0.3124999999999996669, 0.3281249999999997224, 0.3437499999999997224, 0.3749999999999997224, 0.3906249999999997224, 0.4062499999999997780, 0.4374999999999997780, 0.4531249999999998890, 0.4687499999999998890, 0.4843750000000000000, 0.5000000000000000000 ),
 .UNSPECIFIED. ) ;
#883 = B_SPLINE_CURVE_WITH_KNOTS ( 'NONE', 3,
 ( #321, #1098, #820, #211 ),
 .UNSPECIFIED., .F., .F.,
 ( 4, 4 ),
 ( 0.5000000000000000000, 0.5004617519773401080 ),
 .UNSPECIFIED. ) ;
#884 = DIRECTION ( 'NONE',  ( 0.000000000000000000, 1.000000000000000000, -0.000000000000000000 ) ) ;
#885 = CARTESIAN_POINT ( 'NONE',  ( 3.936439354706768423, 0.000000000000000000, 11.13646231615442872 ) ) ;
#886 =( LENGTH_UNIT ( ) NAMED_UNIT ( * ) SI_UNIT ( .MILLI., .METRE. ) );
#887 = EDGE_CURVE ( 'NONE', #281, #1434, #144, .T. ) ;
#888 = DIRECTION ( 'NONE',  ( 0.000000000000000000, 0.000000000000000000, 1.000000000000000000 ) ) ;
#889 = EDGE_LOOP ( 'NONE', ( #1381, #718, #939, #869 ) ) ;
#890 = CARTESIAN_POINT ( 'NONE',  ( -9.670579226919668869, 0.3999999999999975797, -4.699363105424130715 ) ) ;
#891 = CARTESIAN_POINT ( 'NONE',  ( -9.757819552369539906E-16, 0.000000000000000000, 12.00000000000000000 ) ) ;
#892 = CIRCLE ( 'NONE', #405, 2.500000631318422428 ) ;
#893 = CARTESIAN_POINT ( 'NONE',  ( -9.670579226919668869, 0.000000000000000000, -4.699363105424130715 ) ) ;
#894 = CARTESIAN_POINT ( 'NONE',  ( 5.499997202129692120, 0.3999999999999975797, 0.4066780703794793395 ) ) ;
#895 = CARTESIAN_POINT ( 'NONE',  ( 10.50019634537953728, 0.3999999999999975797, 0.7386876073595870507 ) ) ;
#896 = CARTESIAN_POINT ( 'NONE',  ( 4.895465762364035633, 0.000000000000000000, 3.200321336784469395 ) ) ;
#897 = VERTEX_POINT ( 'NONE', #29 ) ;
#898 = CARTESIAN_POINT ( 'NONE',  ( -9.262387091381869553, 0.000000000000000000, 5.713875779178436254 ) ) ;
#899 = EDGE_CURVE ( 'NONE', #155, #754, #1385, .T. ) ;
#900 = EDGE_CURVE ( 'NONE', #464, #1242, #768, .T. ) ;
#901 = AXIS2_PLACEMENT_3D ( 'NONE', #573, #723, #328 ) ;
#902 = CARTESIAN_POINT ( 'NONE',  ( -7.190264876957575879, 0.000000000000000000, -8.791091934297307731 ) ) ;
#903 = CARTESIAN_POINT ( 'NONE',  ( 7.454267363263923585, 0.000000000000000000, -8.471245689429917292 ) ) ;
#904 = CARTESIAN_POINT ( 'NONE',  ( 10.26478240398689756, 0.000000000000000000, 2.558330287753524335 ) ) ;
#905 = CARTESIAN_POINT ( 'NONE',  ( 3.172355075874639052, 0.3999999999999975797, -5.706356925943670610 ) ) ;
#906 = ORIENTED_EDGE ( 'NONE', *, *, #299, .T. ) ;
#907 = CARTESIAN_POINT ( 'NONE',  ( -8.544966197215755344, 0.000000000000000000, 6.996079071273299199 ) ) ;
#908 = CARTESIAN_POINT ( 'NONE',  ( 3.061617771010468151E-16, 9.071069597503624848, 12.00000063131842154 ) ) ;
#909 = CIRCLE ( 'NONE', #1533, 1.600000000000001865 ) ;
#910 = CARTESIAN_POINT ( 'NONE',  ( 4.546278825904494170, 0.3999999999999975797, 3.941971037926625065 ) ) ;
#911 = CARTESIAN_POINT ( 'NONE',  ( 9.085314510874384908, 0.3999999999999975797, -6.038841064491345278 ) ) ;
#912 = CARTESIAN_POINT ( 'NONE',  ( -1.355252715606880543E-15, 0.000000000000000000, 12.00000000000000000 ) ) ;
#913 = ORIENTED_EDGE ( 'NONE', *, *, #11, .T. ) ;
#914 = CARTESIAN_POINT ( 'NONE',  ( -4.603040890924617656, 0.3999999999999975797, 10.79869760076587859 ) ) ;
#915 = CARTESIAN_POINT ( 'NONE',  ( -9.536176060422212331, 0.000000000000000000, -5.046879916835832702 ) ) ;
#916 = DIRECTION ( 'NONE',  ( 0.000000000000000000, 1.000000000000000000, 0.000000000000000000 ) ) ;
#917 = CARTESIAN_POINT ( 'NONE',  ( 10.01463856084635218, 0.000000000000000000, 3.633400479946304440 ) ) ;
#918 = CARTESIAN_POINT ( 'NONE',  ( 1.622903583116148685, 0.3999999999999975797, -6.703092606365963491 ) ) ;
#919 = ORIENTED_EDGE ( 'NONE', *, *, #1503, .F. ) ;
#920 = CARTESIAN_POINT ( 'NONE',  ( 9.085314510874384908, 0.3999999999999975797, -6.038841064491345278 ) ) ;
#921 = CARTESIAN_POINT ( 'NONE',  ( -1.484299145504539785, 0.3999999999999975797, 11.88768154806927235 ) ) ;
#922 = CIRCLE ( 'NONE', #1220, 2.500000631318422428 ) ;
#923 = CARTESIAN_POINT ( 'NONE',  ( -1.355252715606880543E-15, 0.000000000000000000, 12.00000000000000000 ) ) ;
#924 = CARTESIAN_POINT ( 'NONE',  ( -0.2073318870324256658, 0.000000000000000000, 7.000000000000001776 ) ) ;
#925 = DIRECTION ( 'NONE',  ( 0.000000000000000000, 0.000000000000000000, -1.000000000000000000 ) ) ;
#926 = CARTESIAN_POINT ( 'NONE',  ( 10.50019634537953728, 0.000000000000000000, 0.7386876073595870507 ) ) ;
#927 = CARTESIAN_POINT ( 'NONE',  ( 8.000000000000000000, 2.000000000000000000, 0.000000000000000000 ) ) ;
#928 = PLANE ( 'NONE',  #1499 ) ;
#929 = ORIENTED_EDGE ( 'NONE', *, *, #991, .F. ) ;
#930 = PLANE ( 'NONE',  #142 ) ;
#931 = CARTESIAN_POINT ( 'NONE',  ( -5.590052615769631559E-64, 2.000000000000000000, 7.899999999999999467 ) ) ;
#932 = VECTOR ( 'NONE', #585, 1000.000000000000000 ) ;
#933 = CARTESIAN_POINT ( 'NONE',  ( 0.000000000000000000, 9.071069597503624848, -11.09999999999999964 ) ) ;
#934 = CARTESIAN_POINT ( 'NONE',  ( -5.471391346705773984, 0.000000000000000000, 0.8196027277597502936 ) ) ;
#935 = CARTESIAN_POINT ( 'NONE',  ( 0.7755417715140123791, 0.000000000000000000, -11.97482459545422984 ) ) ;
#936 = CARTESIAN_POINT ( 'NONE',  ( -4.065758146820641628E-16, 32.29252453721352367, 7.000000000000000000 ) ) ;
#937 = EDGE_CURVE ( 'NONE', #1479, #88, #1254, .T. ) ;
#938 = CARTESIAN_POINT ( 'NONE',  ( -2.679296832099068659, 0.000000000000000000, -6.104889903365974035 ) ) ;
#939 = ORIENTED_EDGE ( 'NONE', *, *, #203, .F. ) ;
#940 = CARTESIAN_POINT ( 'NONE',  ( 2.934342888565748542, 0.3999999999999975797, -11.53168849008528696 ) ) ;
#941 = CARTESIAN_POINT ( 'NONE',  ( -0.8213959819313687571, 0.3999999999999975797, 6.924930299119502308 ) ) ;
#942 = CARTESIAN_POINT ( 'NONE',  ( -2.931450250314264760, 0.000000000000000000, 11.55570299695497916 ) ) ;
#943 = CARTESIAN_POINT ( 'NONE',  ( -0.4157758589054963427, 0.000000000000000000, 6.984494531381684190 ) ) ;
#944 = CARTESIAN_POINT ( 'NONE',  ( 2.584325999248300310, 0.000000000000000000, -11.64013688361523791 ) ) ;
#945 = CARTESIAN_POINT ( 'NONE',  ( 10.44073630499493888, 0.3999999999999975797, 1.473087644386565254 ) ) ;
#946 = FACE_OUTER_BOUND ( 'NONE', #1109, .T. ) ;
#947 = CARTESIAN_POINT ( 'NONE',  ( 3.465891816929385083, 0.000000000000000000, -5.421780720147950206 ) ) ;
#948 = VERTEX_POINT ( 'NONE', #1030 ) ;
#949 = CARTESIAN_POINT ( 'NONE',  ( -5.499999934145172631, 0.3999999999999975797, -0.001240578466439742292 ) ) ;
#950 = CARTESIAN_POINT ( 'NONE',  ( -5.590052615769631559E-64, 0.4000000000000000222, 9.500000000000000000 ) ) ;
#951 = CYLINDRICAL_SURFACE ( 'NONE', #876, 1.600000000000001865 ) ;
#952 = EDGE_CURVE ( 'NONE', #761, #1356, #1044, .T. ) ;
#953 = CARTESIAN_POINT ( 'NONE',  ( -4.925191393526391792, 0.000000000000000000, 10.61200398251324728 ) ) ;
#954 = CARTESIAN_POINT ( 'NONE',  ( 0.01223531260983170936, 0.000000000000000000, -6.999982333181327121 ) ) ;
#955 = CARTESIAN_POINT ( 'NONE',  ( 8.541675071975790345, 0.3999999999999975797, 7.001323372437710191 ) ) ;
#956 = DIRECTION ( 'NONE',  ( -0.000000000000000000, -1.000000000000000000, -0.000000000000000000 ) ) ;
#957 = B_SPLINE_CURVE_WITH_KNOTS ( 'NONE', 3,
 ( #318, #1313, #1083, #836, #1305, #695, #1553, #716, #446, #964, #102, #591, #1204, #687, #563, #955, #462, #327, #1461, #1194, #1091, #572, #1581, #945, #472, #1341 ),
 .UNSPECIFIED., .F., .F.,
 ( 4, 2, 2, 2, 2, 2, 2, 2, 2, 2, 2, 2, 4 ),
 ( 0.000000000000000000, 0.03124999999999981959, 0.04687499999999972938, 0.06249999999999963918, 0.07812499999999955591, 0.09374999999999945877, 0.1249999999999992784, 0.1406249999999992506, 0.1562499999999991951, 0.1874999999999990841, 0.2031249999999990563, 0.2187499999999990008, 0.2499488221146219102 ),
 .UNSPECIFIED. ) ;
#958 = AXIS2_PLACEMENT_3D ( 'NONE', #1314, #1084, #1195 ) ;
#959 = LINE ( 'NONE', #456, #630 ) ;
#960 = ORIENTED_EDGE ( 'NONE', *, *, #1480, .T. ) ;
#961 = CYLINDRICAL_SURFACE ( 'NONE', #1275, 2.500000631318421540 ) ;
#962 = CARTESIAN_POINT ( 'NONE',  ( -1.020491551207380221, 0.3999999999999975797, 6.880925458489033808 ) ) ;
#963 = CARTESIAN_POINT ( 'NONE',  ( -5.356036206186737481, 0.000000000000000000, 1.633174338866867359 ) ) ;
#964 = CARTESIAN_POINT ( 'NONE',  ( 5.527907362637979105, 0.3999999999999975797, 10.21779893462074007 ) ) ;
#965 = CARTESIAN_POINT ( 'NONE',  ( 8.000000000000000000, 9.071069597503624848, 0.000000000000000000 ) ) ;
#966 = LINE ( 'NONE', #1464, #802 ) ;
#967 = AXIS2_PLACEMENT_3D ( 'NONE', #1328, #810, #1428 ) ;
#968 = ORIENTED_EDGE ( 'NONE', *, *, #1347, .T. ) ;
#969 = CARTESIAN_POINT ( 'NONE',  ( 0.000000000000000000, 2.000000000000000000, 0.000000000000000000 ) ) ;
#970 = CARTESIAN_POINT ( 'NONE',  ( -4.635325236812398053, 0.3999999999999975797, 3.753140858476881281 ) ) ;
#971 = PRODUCT_DEFINITION ( 'UNKNOWN', '', #324, #1457 ) ;
#972 = CARTESIAN_POINT ( 'NONE',  ( -3.869037163426433779, 0.000000000000000000, -4.974763449339322463 ) ) ;
#973 = APPLICATION_PROTOCOL_DEFINITION ( 'draft international standard', 'automotive_design', 1998, #325 ) ;
#974 = DIRECTION ( 'NONE',  ( 0.000000000000000000, 1.000000000000000000, 0.000000000000000000 ) ) ;
#975 = ADVANCED_FACE ( 'NONE', ( #1529 ), #182, .F. ) ;
#976 = ORIENTED_EDGE ( 'NONE', *, *, #887, .F. ) ;
#977 = CARTESIAN_POINT ( 'NONE',  ( 4.956760800592901361, 0.3999999999999975797, -10.61736609097811979 ) ) ;
#978 = CARTESIAN_POINT ( 'NONE',  ( 1.409910056873257655, 0.000000000000000000, 6.766730178533169493 ) ) ;
#979 = AXIS2_PLACEMENT_3D ( 'NONE', #1517, #1287, #51 ) ;
#980 = CARTESIAN_POINT ( 'NONE',  ( -3.605869825397647332, 0.000000000000000000, -5.287272842732679834 ) ) ;
#981 = CARTESIAN_POINT ( 'NONE',  ( 1.995606210307311112, 0.3999999999999975797, -6.533632375821743388 ) ) ;
#982 = VERTEX_POINT ( 'NONE', #1014 ) ;
#983 = CARTESIAN_POINT ( 'NONE',  ( 8.000000000000000000, 0.000000000000000000, -1.600000000000001865 ) ) ;
#984 = CARTESIAN_POINT ( 'NONE',  ( 4.546278825904494170, 0.000000000000000000, 3.941971037926625065 ) ) ;
#985 = VERTEX_POINT ( 'NONE', #1021 ) ;
#986 = CARTESIAN_POINT ( 'NONE',  ( -4.334574510547136050, 0.3999999999999975797, 4.293034366861077977 ) ) ;
#987 = SHAPE_DEFINITION_REPRESENTATION ( #33, #1555 ) ;
#988 = CYLINDRICAL_SURFACE ( 'NONE', #530, 1.600000000000000755 ) ;
#989 = VECTOR ( 'NONE', #119, 1000.000000000000000 ) ;
#990 = VERTEX_POINT ( 'NONE', #912 ) ;
#991 = EDGE_CURVE ( 'NONE', #575, #897, #1042, .T. ) ;
#992 = CARTESIAN_POINT ( 'NONE',  ( 2.161655223903852896, 0.000000000000000000, 6.432115343415471642 ) ) ;
#993 = ORIENTED_EDGE ( 'NONE', *, *, #1219, .T. ) ;
#994 = PLANE ( 'NONE',  #608 ) ;
#995 = DIRECTION ( 'NONE',  ( 0.000000000000000000, 0.000000000000000000, 1.000000000000000000 ) ) ;
#996 = ORIENTED_EDGE ( 'NONE', *, *, #795, .T. ) ;
#997 = CARTESIAN_POINT ( 'NONE',  ( -6.696012905883516275, 0.3999999999999975797, 9.287440222027194991 ) ) ;
#998 = CARTESIAN_POINT ( 'NONE',  ( 5.263350216612317389, 0.000000000000000000, -2.028213969412615558 ) ) ;
#999 = ORIENTED_EDGE ( 'NONE', *, *, #510, .T. ) ;
#1000 = CARTESIAN_POINT ( 'NONE',  ( -8.545059085261010878, 0.3999999999999975797, -7.026737178143571683 ) ) ;
#1001 = EDGE_CURVE ( 'NONE', #71, #229, #1371, .T. ) ;
#1002 = CARTESIAN_POINT ( 'NONE',  ( 5.349759145252581227, 0.3999999999999975797, -1.627024985997544748 ) ) ;
#1003 = ADVANCED_FACE ( 'NONE', ( #1453 ), #798, .T. ) ;
#1004 = EDGE_LOOP ( 'NONE', ( #363, #379, #785, #996, #256 ) ) ;
#1005 = CARTESIAN_POINT ( 'NONE',  ( -0.7452168456164592891, 0.3999999999999975797, 11.97739458103883692 ) ) ;
#1006 = CIRCLE ( 'NONE', #1058, 2.500000631318422428 ) ;
#1007 = CARTESIAN_POINT ( 'NONE',  ( 4.923326169898398774, 0.3999999999999975797, -3.212488541385532415 ) ) ;
#1008 = EDGE_CURVE ( 'NONE', #761, #1031, #966, .T. ) ;
#1009 = CARTESIAN_POINT ( 'NONE',  ( -4.224985372232108460, 0.3999999999999975797, 4.465888069864984544 ) ) ;
#1010 = DIRECTION ( 'NONE',  ( 0.000000000000000000, 0.000000000000000000, -1.000000000000000000 ) ) ;
#1011 = EDGE_CURVE ( 'NONE', #1356, #761, #419, .T. ) ;
#1012 = CARTESIAN_POINT ( 'NONE',  ( 10.01463856084635218, 0.000000000000000000, 3.633400479946304440 ) ) ;
#1013 = DIRECTION ( 'NONE',  ( 0.000000000000000000, 1.000000000000000000, -0.000000000000000000 ) ) ;
#1014 = CARTESIAN_POINT ( 'NONE',  ( 0.0001298399923691897270, 0.3999999999999975797, -12.00000062794673994 ) ) ;
#1015 = ORIENTED_EDGE ( 'NONE', *, *, #991, .T. ) ;
#1016 = CARTESIAN_POINT ( 'NONE',  ( -6.696012905883516275, 0.000000000000000000, 9.287440222027194991 ) ) ;
#1017 = AXIS2_PLACEMENT_3D ( 'NONE', #1200, #90, #1078 ) ;
#1018 = CARTESIAN_POINT ( 'NONE',  ( -8.000000000000000000, 9.071069597503624848, 0.000000000000000000 ) ) ;
#1019 = CARTESIAN_POINT ( 'NONE',  ( 10.20516804252454435, 0.000000000000000000, -2.924188310503295529 ) ) ;
#1020 = CARTESIAN_POINT ( 'NONE',  ( 10.19143269371135574, 0.3999999999999975797, 2.918226860924402200 ) ) ;
#1021 = CARTESIAN_POINT ( 'NONE',  ( -10.49999999963562480, 0.3999999999999975797, -2.889350578418225377E-06 ) ) ;
#1022 = VERTEX_POINT ( 'NONE', #189 ) ;
#1023 = FACE_BOUND ( 'NONE', #1095, .T. ) ;
#1024 = CARTESIAN_POINT ( 'NONE',  ( -10.49995903262947472, 0.3999999999999975797, 0.7369770459584757960 ) ) ;
#1025 = VECTOR ( 'NONE', #1310, 1000.000000000000000 ) ;
#1026 = LINE ( 'NONE', #1525, #1514 ) ;
#1027 = B_SPLINE_SURFACE_WITH_KNOTS ( 'NONE', 3, 1, ( 
 ( #496, #377 ),
 ( #867, #257 ),
 ( #743, #1406 ),
 ( #1054, #1413 ),
 ( #789, #285 ),
 ( #767, #35 ),
 ( #430, #303 ),
 ( #773, #43 ),
 ( #174, #69 ),
 ( #160, #1178 ),
 ( #1289, #662 ),
 ( #670, #546 ),
 ( #1510, #555 ),
 ( #1519, #1547 ),
 ( #1167, #1268 ),
 ( #1296, #1146 ),
 ( #60, #168 ),
 ( #649, #677 ),
 ( #1048, #1537 ),
 ( #783, #522 ),
 ( #278, #917 ),
 ( #1020, #438 ),
 ( #404, #904 ),
 ( #309, #1160 ),
 ( #895, #926 ),
 ( #797, #414 ),
 ( #1392, #1399 ),
 ( #188, #656 ),
 ( #1029, #294 ),
 ( #1283, #53 ),
 ( #537, #1037 ),
 ( #1528, #422 ),
 ( #911, #1450 ),
 ( #722, #1431 ),
 ( #1186, #206 ),
 ( #355, #85 ),
 ( #1071, #1333 ),
 ( #825, #1222 ),
 ( #233, #805 ),
 ( #109, #813 ),
 ( #1563, #1101 ),
 ( #1063, #76 ),
 ( #480, #1324 ),
 ( #599, #345 ),
 ( #1212, #197 ),
 ( #1572, #1589 ),
 ( #1422, #582 ),
 ( #454, #935 ),
 ( #844, #215 ),
 ( #706, #226 ) ),
 .UNSPECIFIED., .F., .F., .F.,
 ( 4, 2, 2, 2, 2, 2, 2, 2, 2, 2, 2, 2, 2, 2, 2, 2, 2, 2, 2, 2, 2, 2, 2, 2, 4 ),
 ( 2, 2 ),
 ( 0.000000000000000000, 0.03124999999999981959, 0.04687499999999972938, 0.06249999999999963918, 0.07812499999999955591, 0.09374999999999945877, 0.1249999999999992784, 0.1406249999999992506, 0.1562499999999991951, 0.1874999999999990841, 0.2031249999999990563, 0.2187499999999990008, 0.2499999999999989453, 0.2812499999999988898, 0.3124999999999987788, 0.3281249999999987788, 0.3437499999999987232, 0.3749999999999986677, 0.3906249999999986122, 0.4062499999999986122, 0.4374999999999985012, 0.4531249999999985567, 0.4687499999999985567, 0.4843749999999986122, 0.4999999999999985567 ),
 ( 0.000000000000000000, 1.000000000000000000 ),
 .UNSPECIFIED. ) ;
#1028 = CARTESIAN_POINT ( 'NONE',  ( 4.910794224545314890, 0.000000000000000000, 10.62053575899824054 ) ) ;
#1029 = CARTESIAN_POINT ( 'NONE',  ( 10.03000066432012183, 0.3999999999999975797, -3.636966625903698347 ) ) ;
#1030 = CARTESIAN_POINT ( 'NONE',  ( 0.000000000000000000, 0.000000000000000000, -11.09999999999999964 ) ) ;
#1031 = VERTEX_POINT ( 'NONE', #463 ) ;
#1032 = CARTESIAN_POINT ( 'NONE',  ( -7.211141135443174477, 0.3999999999999975797, 8.767936965154467188 ) ) ;
#1033 = CIRCLE ( 'NONE', #958, 1.600000000000000089 ) ;
#1034 = CARTESIAN_POINT ( 'NONE',  ( -3.609765226649967573, 0.000000000000000000, 5.283232333131501868 ) ) ;
#1035 = DIRECTION ( 'NONE',  ( 0.000000000000000000, 0.000000000000000000, -1.000000000000000000 ) ) ;
#1036 = CARTESIAN_POINT ( 'NONE',  ( 8.000000000000000000, 2.000000000000000000, 0.000000000000000000 ) ) ;
#1037 = CARTESIAN_POINT ( 'NONE',  ( 9.540326727377239635, 0.000000000000000000, -5.036330245683756424 ) ) ;
#1038 = CARTESIAN_POINT ( 'NONE',  ( 3.018231912797951111, 0.000000000000000000, -5.841188869266970229 ) ) ;
#1039 = ORIENTED_EDGE ( 'NONE', *, *, #887, .T. ) ;
#1040 = ADVANCED_FACE ( 'NONE', ( #348 ), #928, .T. ) ;
#1041 = DIRECTION ( 'NONE',  ( 0.000000000000000000, 1.000000000000000000, 0.000000000000000000 ) ) ;
#1042 = CIRCLE ( 'NONE', #1526, 2.500000631318421540 ) ;
#1043 = CARTESIAN_POINT ( 'NONE',  ( -1.853368604996552760, 0.000000000000000000, 11.82000092324860141 ) ) ;
#1044 = CIRCLE ( 'NONE', #478, 1.600000000000000755 ) ;
#1045 = CARTESIAN_POINT ( 'NONE',  ( -1.411667136193661243, 0.3999999999999975797, 6.766053347799921625 ) ) ;
#1046 = CARTESIAN_POINT ( 'NONE',  ( 0.000000000000000000, 0.4000000000000000222, -9.500000000000000000 ) ) ;
#1047 = CARTESIAN_POINT ( 'NONE',  ( 9.554684979850023296, 0.000000000000000000, 5.042904928406213294 ) ) ;
#1048 = CARTESIAN_POINT ( 'NONE',  ( 9.554684979850023296, 0.3999999999999975797, 5.042904928406213294 ) ) ;
#1049 = CARTESIAN_POINT ( 'NONE',  ( 0.01223531239254442397, 0.000000000000000000, -6.999982333181954175 ) ) ;
#1050 = VERTEX_POINT ( 'NONE', #1315 ) ;
#1051 = CARTESIAN_POINT ( 'NONE',  ( -2.931450250314264760, 0.3999999999999975797, 11.55570299695497916 ) ) ;
#1052 = CARTESIAN_POINT ( 'NONE',  ( -4.895066292112333350, 0.3999999999999975797, -10.65399400026256949 ) ) ;
#1053 = CARTESIAN_POINT ( 'NONE',  ( -2.510167712197714618, 0.000000000000000000, -6.221469906961984542 ) ) ;
#1054 = CARTESIAN_POINT ( 'NONE',  ( 2.546581123755152554, 0.3999999999999975797, 11.65099946221649319 ) ) ;
#1055 = EDGE_CURVE ( 'NONE', #897, #575, #30, .T. ) ;
#1056 = CARTESIAN_POINT ( 'NONE',  ( -5.590052615769631559E-64, 2.000000000000000000, 9.500000000000000000 ) ) ;
#1057 = VERTEX_POINT ( 'NONE', #1179 ) ;
#1058 = AXIS2_PLACEMENT_3D ( 'NONE', #382, #255, #1237 ) ;
#1059 = CARTESIAN_POINT ( 'NONE',  ( 7.454267363263923585, 0.3999999999999975797, -8.471245689429917292 ) ) ;
#1060 = CARTESIAN_POINT ( 'NONE',  ( -2.691796311744655945, 0.3999999999999975797, 6.111063159519178001 ) ) ;
#1061 = CARTESIAN_POINT ( 'NONE',  ( -7.190264876957575879, 0.3999999999999975797, -8.791091934297307731 ) ) ;
#1062 = CARTESIAN_POINT ( 'NONE',  ( -3.014459253246068116, 0.000000000000000000, 5.858477420988190687 ) ) ;
#1063 = CARTESIAN_POINT ( 'NONE',  ( 3.962545395994085062, 0.3999999999999975797, -11.12458353204228523 ) ) ;
#1064 = DIRECTION ( 'NONE',  ( 0.000000000000000000, 0.000000000000000000, 1.000000000000000000 ) ) ;
#1065 = EDGE_LOOP ( 'NONE', ( #1103, #253 ) ) ;
#1066 = CARTESIAN_POINT ( 'NONE',  ( -5.471516974596377203, 0.3999999999999975797, -0.8178999945701421748 ) ) ;
#1067 = CARTESIAN_POINT ( 'NONE',  ( -3.014459253246068116, 0.3999999999999975797, 5.858477420988190687 ) ) ;
#1068 = STYLED_ITEM ( 'NONE', ( #20 ), #1452 ) ;
#1069 = CARTESIAN_POINT ( 'NONE',  ( -9.238611005058062986, 0.000000000000000000, -5.726270119976924811 ) ) ;
#1070 = CARTESIAN_POINT ( 'NONE',  ( -1.600300296026362146, 0.000000000000000000, -6.711585498657679061 ) ) ;
#1071 = CARTESIAN_POINT ( 'NONE',  ( 7.204755359862652142, 0.3999999999999975797, -8.748811927668301180 ) ) ;
#1072 = DIRECTION ( 'NONE',  ( -0.000000000000000000, -1.000000000000000000, -0.000000000000000000 ) ) ;
#1073 = DIRECTION ( 'NONE',  ( 0.000000000000000000, -0.000000000000000000, 1.000000000000000000 ) ) ;
#1074 = ORIENTED_EDGE ( 'NONE', *, *, #482, .T. ) ;
#1075 = DIRECTION ( 'NONE',  ( 0.000000000000000000, 0.000000000000000000, 1.000000000000000000 ) ) ;
#1076 = EDGE_CURVE ( 'NONE', #1050, #229, #959, .T. ) ;
#1077 = EDGE_CURVE ( 'NONE', #897, #1022, #1548, .T. ) ;
#1078 = DIRECTION ( 'NONE',  ( 0.000000000000000000, 0.000000000000000000, 1.000000000000000000 ) ) ;
#1079 = FACE_OUTER_BOUND ( 'NONE', #871, .T. ) ;
#1080 = CARTESIAN_POINT ( 'NONE',  ( -8.135077959936166891, 0.3999999999999975797, -7.639552165312990972 ) ) ;
#1081 = CARTESIAN_POINT ( 'NONE',  ( -0.1926548192516875091, 0.000000000000000000, -7.000574023972273352 ) ) ;
#1082 = CARTESIAN_POINT ( 'NONE',  ( 3.962545395994085062, 0.000000000000000000, -11.12458353204228523 ) ) ;
#1083 = CARTESIAN_POINT ( 'NONE',  ( 1.474384694611917901, 0.3999999999999975797, 11.91092739732622086 ) ) ;
#1084 = DIRECTION ( 'NONE',  ( 0.000000000000000000, 1.000000000000000000, -0.000000000000000000 ) ) ;
#1085 = CARTESIAN_POINT ( 'NONE',  ( 1.995606210307311112, 0.000000000000000000, -6.533632375821743388 ) ) ;
#1086 = ORIENTED_EDGE ( 'NONE', *, *, #232, .F. ) ;
#1087 = CARTESIAN_POINT ( 'NONE',  ( -3.162118205461780907, 0.3999999999999975797, -5.715654696622435971 ) ) ;
#1088 = DIRECTION ( 'NONE',  ( 0.000000000000000000, 1.000000000000000000, -0.000000000000000000 ) ) ;
#1089 = CARTESIAN_POINT ( 'NONE',  ( -5.356586527893155925, 0.000000000000000000, -1.630104980113234125 ) ) ;
#1090 = CARTESIAN_POINT ( 'NONE',  ( 0.7755417716664088079, 0.000000000000000000, -11.97482459543525302 ) ) ;
#1091 = CARTESIAN_POINT ( 'NONE',  ( 10.01463856084635218, 0.3999999999999975797, 3.633400479946304440 ) ) ;
#1092 = DIRECTION ( 'NONE',  ( 0.000000000000000000, 0.000000000000000000, 1.000000000000000000 ) ) ;
#1093 = EDGE_CURVE ( 'NONE', #229, #71, #343, .T. ) ;
#1094 = CARTESIAN_POINT ( 'NONE',  ( 3.870238625396473342, 0.000000000000000000, -4.958462514997507675 ) ) ;
#1095 = EDGE_LOOP ( 'NONE', ( #919, #809 ) ) ;
#1096 = CARTESIAN_POINT ( 'NONE',  ( -8.000000000000000000, 0.000000000000000000, -1.600000000000000089 ) ) ;
#1097 = EDGE_CURVE ( 'NONE', #754, #509, #834, .T. ) ;
#1098 = CARTESIAN_POINT ( 'NONE',  ( 0.02193520714093510210, 0.3999999999999975797, -11.99998039216993462 ) ) ;
#1099 = CARTESIAN_POINT ( 'NONE',  ( -0.2073318870324256658, 0.3999999999999975797, 7.000000000000001776 ) ) ;
#1100 = B_SPLINE_CURVE_WITH_KNOTS ( 'NONE', 3,
 ( #80, #237, #384, #1502, #1253, #1491, #507, #1110, #732, #872, #515, #503, #28, #1370, #997, #1363, #251, #643, #153, #629, #1497, #860, #271, #1005, #391, #264 ),
 .UNSPECIFIED., .F., .F.,
 ( 4, 2, 2, 2, 2, 2, 2, 2, 2, 2, 2, 2, 4 ),
 ( 0.7499891142737987737, 0.7499999999999991118, 0.7812499999999992228, 0.8124999999999994449, 0.8437499999999995559, 0.8593749999999995559, 0.8749999999999995559, 0.9062499999999997780, 0.9218749999999997780, 0.9374999999999997780, 0.9687499999999998890, 0.9843749999999998890, 1.000000000000000000 ),
 .UNSPECIFIED. ) ;
#1101 = CARTESIAN_POINT ( 'NONE',  ( 4.956760800592901361, 0.000000000000000000, -10.61736609097811979 ) ) ;
#1102 = AXIS2_PLACEMENT_3D ( 'NONE', #1393, #175, #663 ) ;
#1103 = ORIENTED_EDGE ( 'NONE', *, *, #275, .T. ) ;
#1104 = CARTESIAN_POINT ( 'NONE',  ( 3.622896473634930725, 0.3999999999999975797, -11.27419933637646920 ) ) ;
#1105 = CARTESIAN_POINT ( 'NONE',  ( 5.500260400896212154, 0.3999999999999975797, 0.4028858385959740440 ) ) ;
#1106 = CARTESIAN_POINT ( 'NONE',  ( -5.499913291335847276, 0.3999999999999975797, -0.4105076079380310383 ) ) ;
#1107 = FACE_OUTER_BOUND ( 'NONE', #862, .T. ) ;
#1108 = CARTESIAN_POINT ( 'NONE',  ( 3.996389805603262513, 0.3999999999999975797, -4.793699164916830568 ) ) ;
#1109 = EDGE_LOOP ( 'NONE', ( #209, #632, #1278, #1308, #1039 ) ) ;
#1110 = CARTESIAN_POINT ( 'NONE',  ( -9.554505678300682092, 0.3999999999999975797, 5.042548620920026536 ) ) ;
#1111 = CARTESIAN_POINT ( 'NONE',  ( 4.546278825904494170, 0.3999999999999975797, 3.941971037926625065 ) ) ;
#1112 = ORIENTED_EDGE ( 'NONE', *, *, #334, .T. ) ;
#1113 = CARTESIAN_POINT ( 'NONE',  ( -8.673617379884035472E-16, 0.000000000000000000, 7.000000000000000888 ) ) ;
#1114 = CARTESIAN_POINT ( 'NONE',  ( -4.894788254288685359, 0.3999999999999975797, -3.201867658351858381 ) ) ;
#1115 = DIRECTION ( 'NONE',  ( 0.000000000000000000, -1.000000000000000000, 0.000000000000000000 ) ) ;
#1116 = CARTESIAN_POINT ( 'NONE',  ( 2.693794607804870456, 0.3999999999999975797, -6.094438625795506326 ) ) ;
#1117 = CARTESIAN_POINT ( 'NONE',  ( 1.605261422932909854, 0.3999999999999975797, 6.694530598271875910 ) ) ;
#1118 = LINE ( 'NONE', #752, #1556 ) ;
#1119 = CIRCLE ( 'NONE', #901, 2.500000631318421540 ) ;
#1120 = CARTESIAN_POINT ( 'NONE',  ( 5.471622153089493068, 0.3999999999999975797, 0.8164774565966163022 ) ) ;
#1121 = ORIENTED_EDGE ( 'NONE', *, *, #1347, .F. ) ;
#1122 = CARTESIAN_POINT ( 'NONE',  ( -4.895066292112333350, 0.3999999999999975797, -10.65399400026256949 ) ) ;
#1123 = CARTESIAN_POINT ( 'NONE',  ( -4.546228914269300425, 0.000000000000000000, -3.941969482909252420 ) ) ;
#1124 = DIRECTION ( 'NONE',  ( 0.000000000000000000, 0.000000000000000000, 1.000000000000000000 ) ) ;
#1125 = AXIS2_PLACEMENT_3D ( 'NONE', #1250, #740, #150 ) ;
#1126 = CARTESIAN_POINT ( 'NONE',  ( 2.687524410044964451, 0.3999999999999975797, 6.114061669759728090 ) ) ;
#1127 = SURFACE_STYLE_FILL_AREA ( #130 ) ;
#1128 = CARTESIAN_POINT ( 'NONE',  ( 3.015824843776317543, 0.000000000000000000, 5.856945636244857312 ) ) ;
#1129 = ORIENTED_EDGE ( 'NONE', *, *, #241, .F. ) ;
#1130 = CARTESIAN_POINT ( 'NONE',  ( 0.000000000000000000, 0.000000000000000000, 0.000000000000000000 ) ) ;
#1131 = CARTESIAN_POINT ( 'NONE',  ( 5.385498417725778530, 0.3999999999999975797, -1.425795032384962635 ) ) ;
#1132 = ORIENTED_EDGE ( 'NONE', *, *, #1446, .T. ) ;
#1133 = CARTESIAN_POINT ( 'NONE',  ( 3.870238625396473342, 0.000000000000000000, -4.958462514997507675 ) ) ;
#1134 = CARTESIAN_POINT ( 'NONE',  ( -2.876665621630543512, 0.3999999999999975797, -11.55063419507986211 ) ) ;
#1135 = DIRECTION ( 'NONE',  ( 0.000000000000000000, 0.000000000000000000, 1.000000000000000000 ) ) ;
#1136 = DIRECTION ( 'NONE',  ( 0.000000000000000000, 1.000000000000000000, -0.000000000000000000 ) ) ;
#1137 = CARTESIAN_POINT ( 'NONE',  ( 8.000000000000000000, 0.4000000000000000222, 2.500000631318421096 ) ) ;
#1138 = EDGE_CURVE ( 'NONE', #1057, #1242, #519, .T. ) ;
#1139 = CIRCLE ( 'NONE', #793, 1.600000000000000755 ) ;
#1140 = CARTESIAN_POINT ( 'NONE',  ( 1.980455856127634862, 0.000000000000000000, 6.527361502543531202 ) ) ;
#1141 = CARTESIAN_POINT ( 'NONE',  ( -9.075835464952941578, 0.3999999999999975797, -6.057674585434098091 ) ) ;
#1142 = ADVANCED_FACE ( 'NONE', ( #354 ), #406, .T. ) ;
#1143 = CARTESIAN_POINT ( 'NONE',  ( -3.569510833401821071, 0.000000000000000000, -11.29639672734994704 ) ) ;
#1144 = AXIS2_PLACEMENT_3D ( 'NONE', #1317, #817, #841 ) ;
#1145 = CARTESIAN_POINT ( 'NONE',  ( 10.50019634537953728, 0.000000000000000000, 0.7386876073595870507 ) ) ;
#1146 = CARTESIAN_POINT ( 'NONE',  ( 8.541675071975790345, 0.000000000000000000, 7.001323372437710191 ) ) ;
#1147 = B_SPLINE_SURFACE_WITH_KNOTS ( 'NONE', 3, 1, ( 
 ( #123, #15 ),
 ( #1474, #485 ),
 ( #139, #489 ),
 ( #1478, #978 ),
 ( #1485, #508 ),
 ( #392, #1240 ),
 ( #738, #992 ),
 ( #372, #258 ),
 ( #612, #1128 ),
 ( #385, #131 ),
 ( #1351, #733 ),
 ( #365, #1498 ),
 ( #1111, #984 ),
 ( #861, #3 ),
 ( #1248, #621 ),
 ( #853, #1358 ),
 ( #631, #252 ),
 ( #1120, #8 ),
 ( #1105, #498 ),
 ( #266, #378 ),
 ( #868, #760 ),
 ( #1364, #272 ),
 ( #744, #504 ),
 ( #873, #998 ),
 ( #1492, #1373 ),
 ( #1007, #753 ),
 ( #1255, #880 ),
 ( #146, #1380 ),
 ( #638, #1133 ),
 ( #116, #21 ),
 ( #604, #1594 ),
 ( #905, #432 ),
 ( #415, #1038 ),
 ( #1263, #1400 ),
 ( #296, #784 ),
 ( #1284, #516 ),
 ( #918, #650 ),
 ( #538, #1538 ),
 ( #657, #286 ),
 ( #1414, #1049 ) ),
 .UNSPECIFIED., .F., .F., .F.,
 ( 4, 2, 2, 2, 2, 2, 2, 2, 2, 2, 2, 2, 2, 2, 2, 2, 2, 2, 2, 4 ),
 ( 2, 2 ),
 ( -1.670876104142848817E-09, 0.03124999999999990286, 0.04687499999999986122, 0.06249999999999981959, 0.09374999999999970857, 0.1249999999999995975, 0.1562499999999995004, 0.1874999999999994726, 0.2187499999999994171, 0.2499999999999993894, 0.2812499999999993339, 0.2968749999999993339, 0.3124999999999993339, 0.3749999999999993339, 0.3906249999999993339, 0.4062499999999993339, 0.4218749999999993339, 0.4374999999999993339, 0.4687499999999993894, 0.4999999999999993339 ),
 ( 0.000000000000000000, 1.000000000000000000 ),
 .UNSPECIFIED. ) ;
#1148 = CARTESIAN_POINT ( 'NONE',  ( -5.590052615769631559E-64, 2.000000000000000000, 9.500000000000000000 ) ) ;
#1149 = ORIENTED_EDGE ( 'NONE', *, *, #781, .T. ) ;
#1150 = CARTESIAN_POINT ( 'NONE',  ( 8.000000000000000000, 0.000000000000000000, 1.600000000000001865 ) ) ;
#1151 = CARTESIAN_POINT ( 'NONE',  ( -8.544966197215755344, 0.000000000000000000, 6.996079071273299199 ) ) ;
#1152 = CARTESIAN_POINT ( 'NONE',  ( 10.03000066432012183, 0.000000000000000000, -3.636966625903698347 ) ) ;
#1153 = CARTESIAN_POINT ( 'NONE',  ( 5.271493858025267265, 0.000000000000000000, 2.026756045459324973 ) ) ;
#1154 = ORIENTED_EDGE ( 'NONE', *, *, #1076, .F. ) ;
#1155 = CARTESIAN_POINT ( 'NONE',  ( -10.20274168105784263, 0.3999999999999975797, -2.936550601345009781 ) ) ;
#1156 = CARTESIAN_POINT ( 'NONE',  ( -0.7452168456164592891, 0.3999999999999975797, 11.97739458103883692 ) ) ;
#1157 = CARTESIAN_POINT ( 'NONE',  ( -1.020491551207380221, 0.3999999999999975797, 6.880925458489033808 ) ) ;
#1158 = CARTESIAN_POINT ( 'NONE',  ( -10.50004092474117634, 0.000000000000000000, -0.7354440936914311555 ) ) ;
#1159 = CARTESIAN_POINT ( 'NONE',  ( -5.590052615769631559E-64, 0.000000000000000000, 9.500000000000000000 ) ) ;
#1160 = CARTESIAN_POINT ( 'NONE',  ( 10.44092862053371285, 0.000000000000000000, 1.471901486975652817 ) ) ;
#1161 = CARTESIAN_POINT ( 'NONE',  ( -8.000000000000000000, 9.071069597503624848, -2.500000631318421096 ) ) ;
#1162 = ORIENTED_EDGE ( 'NONE', *, *, #1097, .T. ) ;
#1163 = CARTESIAN_POINT ( 'NONE',  ( -10.02638075830777176, 0.3999999999999975797, 3.648894049555896579 ) ) ;
#1164 = AXIS2_PLACEMENT_3D ( 'NONE', #965, #346, #837 ) ;
#1165 = CARTESIAN_POINT ( 'NONE',  ( 8.000000000000000000, 9.071069597503624848, 1.600000000000001865 ) ) ;
#1166 = CARTESIAN_POINT ( 'NONE',  ( 5.471359495481241453, 0.3999999999999975797, 0.8183367450960048473 ) ) ;
#1167 = CARTESIAN_POINT ( 'NONE',  ( 8.128738975110071152, 0.3999999999999975797, 7.617243371927478357 ) ) ;
#1168 = DIRECTION ( 'NONE',  ( 0.000000000000000000, 0.000000000000000000, -1.000000000000000000 ) ) ;
#1169 = B_SPLINE_CURVE_WITH_KNOTS ( 'NONE', 3,
 ( #737, #1239, #619, #7 ),
 .UNSPECIFIED., .F., .F.,
 ( 4, 4 ),
 ( 0.5000000000000000000, 0.5003088182278365714 ),
 .UNSPECIFIED. ) ;
#1170 = ORIENTED_EDGE ( 'NONE', *, *, #1465, .F. ) ;
#1171 = CARTESIAN_POINT ( 'NONE',  ( 10.50000000077543838, 0.3999999999999975797, -0.001222629590636922867 ) ) ;
#1172 = CARTESIAN_POINT ( 'NONE',  ( -0.7452168456164592891, 0.000000000000000000, 11.97739458103883692 ) ) ;
#1173 = EDGE_CURVE ( 'NONE', #845, #281, #114, .T. ) ;
#1174 = AXIS2_PLACEMENT_3D ( 'NONE', #1277, #548, #888 ) ;
#1175 = CARTESIAN_POINT ( 'NONE',  ( -10.02614842180791932, 0.000000000000000000, -3.650312595988312481 ) ) ;
#1176 = CARTESIAN_POINT ( 'NONE',  ( -0.1926548192516875091, 0.3999999999999975797, -7.000574023972273352 ) ) ;
#1177 = CARTESIAN_POINT ( 'NONE',  ( 5.567555122179086879, 0.000000000000000000, -10.21266409334464953 ) ) ;
#1178 = CARTESIAN_POINT ( 'NONE',  ( 5.527907362637979105, 0.000000000000000000, 10.21779893462074007 ) ) ;
#1179 = CARTESIAN_POINT ( 'NONE',  ( -5.499999368684293621, 0.4000000000000000222, -3.683680238754447671E-06 ) ) ;
#1180 = ORIENTED_EDGE ( 'NONE', *, *, #148, .F. ) ;
#1181 = CARTESIAN_POINT ( 'NONE',  ( 6.414928607590036691, 0.3999999999999975797, -9.517554988556812035 ) ) ;
#1182 = CARTESIAN_POINT ( 'NONE',  ( -10.50004092474117634, 0.3999999999999975797, -0.7354440936914311555 ) ) ;
#1183 = CARTESIAN_POINT ( 'NONE',  ( -1.853368604996552760, 0.000000000000000000, 11.82000092324860141 ) ) ;
#1184 = AXIS2_PLACEMENT_3D ( 'NONE', #666, #314, #57 ) ;
#1185 = CARTESIAN_POINT ( 'NONE',  ( -4.894788254288685359, 0.000000000000000000, -3.201867658351858381 ) ) ;
#1186 = CARTESIAN_POINT ( 'NONE',  ( 8.155340844349451501, 0.3999999999999975797, -7.610685995844232998 ) ) ;
#1187 = CARTESIAN_POINT ( 'NONE',  ( 0.000000000000000000, 2.000000000000000000, -12.00000063131842332 ) ) ;
#1188 = CARTESIAN_POINT ( 'NONE',  ( -0.8093758335873666443, 0.000000000000000000, -6.927337864460266559 ) ) ;
#1189 = ORIENTED_EDGE ( 'NONE', *, *, #1480, .F. ) ;
#1190 = CARTESIAN_POINT ( 'NONE',  ( 2.584325999248300310, 0.3999999999999975797, -11.64013688361523791 ) ) ;
#1191 = CARTESIAN_POINT ( 'NONE',  ( -5.356036206186737481, 0.3999999999999975797, 1.633174338866867359 ) ) ;
#1192 = CARTESIAN_POINT ( 'NONE',  ( -8.545059085261010878, 0.000000000000000000, -7.026737178143571683 ) ) ;
#1193 = CARTESIAN_POINT ( 'NONE',  ( -2.165157792152014427, 0.000000000000000000, 6.430201023991125808 ) ) ;
#1194 = CARTESIAN_POINT ( 'NONE',  ( 9.910746049006936786, 0.3999999999999975797, 3.989966717575956334 ) ) ;
#1195 = DIRECTION ( 'NONE',  ( 0.000000000000000000, 0.000000000000000000, 1.000000000000000000 ) ) ;
#1196 = ADVANCED_FACE ( 'NONE', ( #1079 ), #951, .F. ) ;
#1197 = CARTESIAN_POINT ( 'NONE',  ( 0.01223531239253568791, 0.000000000000000000, -6.999982333181954175 ) ) ;
#1198 = ORIENTED_EDGE ( 'NONE', *, *, #584, .T. ) ;
#1199 = CARTESIAN_POINT ( 'NONE',  ( -2.679296832099068659, 0.3999999999999975797, -6.104889903365974035 ) ) ;
#1200 = CARTESIAN_POINT ( 'NONE',  ( -8.000000000000000000, 0.4000000000000000222, 0.000000000000000000 ) ) ;
#1201 = PRESENTATION_LAYER_ASSIGNMENT (  '', '', ( #1068 ) ) ;
#1202 = CARTESIAN_POINT ( 'NONE',  ( -1.435514372653817983, 0.3999999999999975797, -11.91769583533103827 ) ) ;
#1203 = CARTESIAN_POINT ( 'NONE',  ( -4.339036774445019340, 0.000000000000000000, -4.303317979936367443 ) ) ;
#1204 = CARTESIAN_POINT ( 'NONE',  ( 7.207611545838879863, 0.3999999999999975797, 8.771777502881615618 ) ) ;
#1205 = AXIS2_PLACEMENT_3D ( 'NONE', #1159, #159, #1398 ) ;
#1206 = CARTESIAN_POINT ( 'NONE',  ( 5.349759145252581227, 0.000000000000000000, -1.627024985997544748 ) ) ;
#1207 = EDGE_LOOP ( 'NONE', ( #610, #425, #247, #1584, #1230 ) ) ;
#1208 = CARTESIAN_POINT ( 'NONE',  ( -0.8093758335873666443, 0.3999999999999975797, -6.927337864460266559 ) ) ;
#1209 = CARTESIAN_POINT ( 'NONE',  ( -3.873965609264074406, 0.3999999999999975797, 4.968433955008288549 ) ) ;
#1210 = CARTESIAN_POINT ( 'NONE',  ( -9.075835464952941578, 0.3999999999999975797, -6.057674585434098091 ) ) ;
#1211 = CARTESIAN_POINT ( 'NONE',  ( -1.600300296026362146, 0.3999999999999975797, -6.711585498657679061 ) ) ;
#1212 = CARTESIAN_POINT ( 'NONE',  ( 2.584325999248300310, 0.3999999999999975797, -11.64013688361523791 ) ) ;
#1213 = CARTESIAN_POINT ( 'NONE',  ( 8.000000000000000000, 0.000000000000000000, 0.000000000000000000 ) ) ;
#1214 = ADVANCED_FACE ( 'NONE', ( #1329 ), #239, .F. ) ;
#1215 = CARTESIAN_POINT ( 'NONE',  ( -1.600300296026362146, 0.000000000000000000, -6.711585498657679061 ) ) ;
#1216 = VERTEX_POINT ( 'NONE', #745 ) ;
#1217 = CARTESIAN_POINT ( 'NONE',  ( 1.872661202614679832, 0.3999999999999975797, -11.81590800982335310 ) ) ;
#1218 = CARTESIAN_POINT ( 'NONE',  ( 0.000000000000000000, 0.4000000000000000222, 0.000000000000000000 ) ) ;
#1219 = EDGE_CURVE ( 'NONE', #982, #985, #819, .T. ) ;
#1220 = AXIS2_PLACEMENT_3D ( 'NONE', #875, #617, #1124 ) ;
#1221 = CARTESIAN_POINT ( 'NONE',  ( -4.339036774445019340, 0.000000000000000000, -4.303317979936367443 ) ) ;
#1222 = CARTESIAN_POINT ( 'NONE',  ( 6.685802305891703767, 0.000000000000000000, -9.271029473083745032 ) ) ;
#1223 = CYLINDRICAL_SURFACE ( 'NONE', #535, 1.600000000000000089 ) ;
#1224 = ORIENTED_EDGE ( 'NONE', *, *, #26, .T. ) ;
#1225 = CARTESIAN_POINT ( 'NONE',  ( -4.546228914269300425, 0.3999999999999975797, -3.941969482909252420 ) ) ;
#1226 = FACE_OUTER_BOUND ( 'NONE', #1065, .T. ) ;
#1227 = AXIS2_PLACEMENT_3D ( 'NONE', #969, #1575, #465 ) ;
#1228 = ADVANCED_FACE ( 'NONE', ( #1023, #191 ), #930, .T. ) ;
#1229 = CARTESIAN_POINT ( 'NONE',  ( 8.000000000000000000, 2.000000000000000000, 1.600000000000001865 ) ) ;
#1230 = ORIENTED_EDGE ( 'NONE', *, *, #865, .F. ) ;
#1231 = LINE ( 'NONE', #611, #1482 ) ;
#1232 = CARTESIAN_POINT ( 'NONE',  ( -8.000000000000000000, 0.4000000000000000222, 2.500000631318421096 ) ) ;
#1233 = ORIENTED_EDGE ( 'NONE', *, *, #780, .F. ) ;
#1234 = CARTESIAN_POINT ( 'NONE',  ( -0.4157758589054963427, 0.000000000000000000, 6.984494531381684190 ) ) ;
#1235 = CARTESIAN_POINT ( 'NONE',  ( -4.635325236812398053, 0.000000000000000000, 3.753140858476881281 ) ) ;
#1236 =( NAMED_UNIT ( * ) SI_UNIT ( $, .STERADIAN. ) SOLID_ANGLE_UNIT ( ) );
#1237 = DIRECTION ( 'NONE',  ( 0.000000000000000000, 0.000000000000000000, 1.000000000000000000 ) ) ;
#1238 = ORIENTED_EDGE ( 'NONE', *, *, #431, .T. ) ;
#1239 = CARTESIAN_POINT ( 'NONE',  ( 0.008185788717418205837, 0.3999999999999975797, -6.999994027575332289 ) ) ;
#1240 = CARTESIAN_POINT ( 'NONE',  ( 1.980455856127634862, 0.000000000000000000, 6.527361502543531202 ) ) ;
#1241 = AXIS2_PLACEMENT_3D ( 'NONE', #850, #243, #758 ) ;
#1242 = VERTEX_POINT ( 'NONE', #201 ) ;
#1243 = CARTESIAN_POINT ( 'NONE',  ( -5.356586527893155925, 0.3999999999999975797, -1.630104980113234125 ) ) ;
#1244 = DIRECTION ( 'NONE',  ( 0.000000000000000000, 0.000000000000000000, -1.000000000000000000 ) ) ;
#1245 = DIRECTION ( 'NONE',  ( -0.000000000000000000, -1.000000000000000000, -0.000000000000000000 ) ) ;
#1246 = CARTESIAN_POINT ( 'NONE',  ( 0.4146637740648429493, 0.3999999999999975797, 6.999999999999998224 ) ) ;
#1247 = DIRECTION ( 'NONE',  ( -0.000000000000000000, -1.000000000000000000, -0.000000000000000000 ) ) ;
#1248 = CARTESIAN_POINT ( 'NONE',  ( 5.041396748983368425, 0.3999999999999975797, 2.811908068815244910 ) ) ;
#1249 = CARTESIAN_POINT ( 'NONE',  ( -5.471391346705773984, 0.000000000000000000, 0.8196027277597502936 ) ) ;
#1250 = CARTESIAN_POINT ( 'NONE',  ( 0.000000000000000000, 9.071069597503624848, -9.500000000000000000 ) ) ;
#1251 = CARTESIAN_POINT ( 'NONE',  ( 8.000000000000000000, 9.071069597503624848, 0.000000000000000000 ) ) ;
#1252 = ORIENTED_EDGE ( 'NONE', *, *, #900, .F. ) ;
#1253 = CARTESIAN_POINT ( 'NONE',  ( -10.44142907809006537, 0.3999999999999975797, 1.468406727744678841 ) ) ;
#1254 = CIRCLE ( 'NONE', #1174, 1.600000000000000755 ) ;
#1255 = CARTESIAN_POINT ( 'NONE',  ( 4.584313342547322812, 0.3999999999999975797, -3.949230373506586567 ) ) ;
#1256 = VERTEX_POINT ( 'NONE', #1531 ) ;
#1257 = EDGE_CURVE ( 'NONE', #680, #1377, #1463, .T. ) ;
#1258 = FACE_OUTER_BOUND ( 'NONE', #731, .T. ) ;
#1259 = DIRECTION ( 'NONE',  ( 0.000000000000000000, 1.000000000000000000, 0.000000000000000000 ) ) ;
#1260 = ORIENTED_EDGE ( 'NONE', *, *, #1427, .T. ) ;
#1261 = DIRECTION ( 'NONE',  ( -0.000000000000000000, -1.000000000000000000, -0.000000000000000000 ) ) ;
#1262 = ADVANCED_FACE ( 'NONE', ( #113 ), #961, .T. ) ;
#1263 = CARTESIAN_POINT ( 'NONE',  ( 2.693794607804870456, 0.3999999999999975797, -6.094438625795506326 ) ) ;
#1264 = ORIENTED_EDGE ( 'NONE', *, *, #721, .T. ) ;
#1265 = EDGE_CURVE ( 'NONE', #176, #170, #316, .T. ) ;
#1266 = CARTESIAN_POINT ( 'NONE',  ( -9.554505678300682092, 0.000000000000000000, 5.042548620920026536 ) ) ;
#1267 = CARTESIAN_POINT ( 'NONE',  ( 1.959434878635764984E-16, 0.000000000000000000, -7.899999999999999467 ) ) ;
#1268 = CARTESIAN_POINT ( 'NONE',  ( 8.128738975110071152, 0.000000000000000000, 7.617243371927478357 ) ) ;
#1269 = CARTESIAN_POINT ( 'NONE',  ( 3.015824843776317543, 0.000000000000000000, 5.856945636244857312 ) ) ;
#1270 = ORIENTED_EDGE ( 'NONE', *, *, #1077, .T. ) ;
#1271 = CARTESIAN_POINT ( 'NONE',  ( -2.519406308149578777, 0.3999999999999975797, -11.65883085367924110 ) ) ;
#1272 = CARTESIAN_POINT ( 'NONE',  ( -7.910273378312862924, 0.000000000000000000, 7.912345428347993703 ) ) ;
#1273 = CARTESIAN_POINT ( 'NONE',  ( -1.603745922614672192, 0.3999999999999975797, 6.695181370814618838 ) ) ;
#1274 = CARTESIAN_POINT ( 'NONE',  ( 8.000000000000000000, 0.000000000000000000, 0.000000000000000000 ) ) ;
#1275 = AXIS2_PLACEMENT_3D ( 'NONE', #484, #350, #1455 ) ;
#1276 = DIRECTION ( 'NONE',  ( 0.000000000000000000, 0.000000000000000000, 1.000000000000000000 ) ) ;
#1277 = CARTESIAN_POINT ( 'NONE',  ( 0.000000000000000000, 2.000000000000000000, -9.500000000000000000 ) ) ;
#1278 = ORIENTED_EDGE ( 'NONE', *, *, #1465, .T. ) ;
#1279 = CARTESIAN_POINT ( 'NONE',  ( -1.484299145504539785, 0.000000000000000000, 11.88768154806927235 ) ) ;
#1280 = PRODUCT_RELATED_PRODUCT_CATEGORY ( 'part', '', ( #778 ) ) ;
#1281 = CARTESIAN_POINT ( 'NONE',  ( -10.49995903262947472, 0.000000000000000000, 0.7369770459584757960 ) ) ;
#1282 = CARTESIAN_POINT ( 'NONE',  ( 6.414928607590036691, 0.000000000000000000, -9.517554988556812035 ) ) ;
#1283 = CARTESIAN_POINT ( 'NONE',  ( 9.674018174897774713, 0.3999999999999975797, -4.690185112185016436 ) ) ;
#1284 = CARTESIAN_POINT ( 'NONE',  ( 1.995606210307311112, 0.3999999999999975797, -6.533632375821743388 ) ) ;
#1285 = ORIENTED_EDGE ( 'NONE', *, *, #1077, .F. ) ;
#1286 = CARTESIAN_POINT ( 'NONE',  ( -8.000000000000000000, 0.4000000000000000222, 0.000000000000000000 ) ) ;
#1287 = DIRECTION ( 'NONE',  ( 0.000000000000000000, 1.000000000000000000, 0.000000000000000000 ) ) ;
#1288 = CARTESIAN_POINT ( 'NONE',  ( 2.546581123755152554, 0.000000000000000000, 11.65099946221649319 ) ) ;
#1289 = CARTESIAN_POINT ( 'NONE',  ( 5.828222196794039967, 0.3999999999999975797, 9.997809326638995131 ) ) ;
#1290 = CARTESIAN_POINT ( 'NONE',  ( 0.8186527332130845158, 0.000000000000000000, 6.939871465264904060 ) ) ;
#1291 = VERTEX_POINT ( 'NONE', #1338 ) ;
#1292 = EDGE_CURVE ( 'NONE', #464, #270, #187, .T. ) ;
#1293 = CARTESIAN_POINT ( 'NONE',  ( -2.931450250314264760, 0.000000000000000000, 11.55570299695497916 ) ) ;
#1294 = DIRECTION ( 'NONE',  ( 0.000000000000000000, 1.000000000000000000, -0.000000000000000000 ) ) ;
#1295 = CARTESIAN_POINT ( 'NONE',  ( 9.085314510874384908, 0.000000000000000000, -6.038841064491345278 ) ) ;
#1296 = CARTESIAN_POINT ( 'NONE',  ( 8.541675071975790345, 0.3999999999999975797, 7.001323372437710191 ) ) ;
#1297 = AXIS2_PLACEMENT_3D ( 'NONE', #1443, #1583, #1073 ) ;
#1298 = DIRECTION ( 'NONE',  ( 0.000000000000000000, 1.000000000000000000, 0.000000000000000000 ) ) ;
#1299 = ORIENTED_EDGE ( 'NONE', *, *, #265, .F. ) ;
#1300 = CARTESIAN_POINT ( 'NONE',  ( 6.685802305891703767, 0.3999999999999975797, -9.271029473083745032 ) ) ;
#1301 = CARTESIAN_POINT ( 'NONE',  ( -4.925191393526391792, 0.000000000000000000, 10.61200398251324728 ) ) ;
#1302 = CIRCLE ( 'NONE', #806, 2.500000631318421540 ) ;
#1303 = CARTESIAN_POINT ( 'NONE',  ( -9.536176060422212331, 0.000000000000000000, -5.046879916835832702 ) ) ;
#1304 = CARTESIAN_POINT ( 'NONE',  ( -2.679296832099068659, 0.000000000000000000, -6.104889903365974035 ) ) ;
#1305 = CARTESIAN_POINT ( 'NONE',  ( 2.901499501642654355, 0.3999999999999975797, 11.54265721141034184 ) ) ;
#1306 = DIRECTION ( 'NONE',  ( -0.000000000000000000, -1.000000000000000000, -0.000000000000000000 ) ) ;
#1307 = CARTESIAN_POINT ( 'NONE',  ( 0.01223531239253568791, 0.000000000000000000, -6.999982333181954175 ) ) ;
#1308 = ORIENTED_EDGE ( 'NONE', *, *, #1173, .T. ) ;
#1309 = CARTESIAN_POINT ( 'NONE',  ( 8.000000000000000000, 9.071069597503624848, -1.600000000000001865 ) ) ;
#1310 = DIRECTION ( 'NONE',  ( -0.000000000000000000, -1.000000000000000000, -0.000000000000000000 ) ) ;
#1311 = AXIS2_PLACEMENT_3D ( 'NONE', #1018, #420, #1010 ) ;
#1312 = CARTESIAN_POINT ( 'NONE',  ( -0.8093758335873666443, 0.000000000000000000, -6.927337864460266559 ) ) ;
#1313 = CARTESIAN_POINT ( 'NONE',  ( 0.7449390361062675492, 0.3999999999999975797, 11.99999999999999645 ) ) ;
#1314 = CARTESIAN_POINT ( 'NONE',  ( -8.000000000000000000, 0.000000000000000000, 0.000000000000000000 ) ) ;
#1315 = CARTESIAN_POINT ( 'NONE',  ( 0.01223531239253568791, 0.3999999999999975797, -6.999982333181954175 ) ) ;
#1316 = ORIENTED_EDGE ( 'NONE', *, *, #899, .T. ) ;
#1317 = CARTESIAN_POINT ( 'NONE',  ( -8.000000000000000000, 2.000000000000000000, 0.000000000000000000 ) ) ;
#1318 = CARTESIAN_POINT ( 'NONE',  ( 8.000000000000000000, 0.4000000000000000222, -2.500000631318421096 ) ) ;
#1319 = CARTESIAN_POINT ( 'NONE',  ( -0.8213959819313687571, 0.3999999999999975797, 6.924930299119502308 ) ) ;
#1320 = CARTESIAN_POINT ( 'NONE',  ( -0.7051916428149628269, 0.000000000000000000, -12.00256561193821625 ) ) ;
#1321 = AXIS2_PLACEMENT_3D ( 'NONE', #696, #337, #1564 ) ;
#1322 = CARTESIAN_POINT ( 'NONE',  ( -5.500086315106962331, 0.000000000000000000, 0.4067895847964239642 ) ) ;
#1323 = CARTESIAN_POINT ( 'NONE',  ( 0.03284041553399224406, 0.000000000000000000, -11.99994161989750907 ) ) ;
#1324 = CARTESIAN_POINT ( 'NONE',  ( 3.622896473634930725, 0.000000000000000000, -11.27419933637646920 ) ) ;
#1325 = DIRECTION ( 'NONE',  ( 0.000000000000000000, 1.000000000000000000, 0.000000000000000000 ) ) ;
#1326 = ORIENTED_EDGE ( 'NONE', *, *, #510, .F. ) ;
#1327 = FACE_BOUND ( 'NONE', #1496, .T. ) ;
#1328 = CARTESIAN_POINT ( 'NONE',  ( 8.000000000000000000, 0.4000000000000000222, 0.000000000000000000 ) ) ;
#1329 = FACE_OUTER_BOUND ( 'NONE', #320, .T. ) ;
#1330 = CARTESIAN_POINT ( 'NONE',  ( -6.669181016294101205, 0.000000000000000000, -9.312983779800539708 ) ) ;
#1331 = CARTESIAN_POINT ( 'NONE',  ( -4.546228914269300425, 0.000000000000000000, -3.941969482909252420 ) ) ;
#1332 = CARTESIAN_POINT ( 'NONE',  ( 1.511015349438133981, 0.000000000000000000, -11.88323800565323651 ) ) ;
#1333 = CARTESIAN_POINT ( 'NONE',  ( 7.204755359862652142, 0.000000000000000000, -8.748811927668301180 ) ) ;
#1334 = DIRECTION ( 'NONE',  ( 0.000000000000000000, 0.000000000000000000, 1.000000000000000000 ) ) ;
#1335 = CIRCLE ( 'NONE', #499, 1.600000000000000755 ) ;
#1336 = DIRECTION ( 'NONE',  ( 0.000000000000000000, 1.000000000000000000, 0.000000000000000000 ) ) ;
#1337 = VERTEX_POINT ( 'NONE', #1096 ) ;
#1338 = CARTESIAN_POINT ( 'NONE',  ( 8.000000000000000000, 2.000000000000000000, -2.500000631318421096 ) ) ;
#1339 = CARTESIAN_POINT ( 'NONE',  ( 0.000000000000000000, 0.4000000000000000222, -9.500000000000000000 ) ) ;
#1340 = CARTESIAN_POINT ( 'NONE',  ( -2.691796311744655945, 0.000000000000000000, 6.111063159519178001 ) ) ;
#1341 = CARTESIAN_POINT ( 'NONE',  ( 10.50000063130875816, 0.4000000000000000222, -6.951297828258072308E-06 ) ) ;
#1342 = FACE_OUTER_BOUND ( 'NONE', #1394, .T. ) ;
#1343 = EDGE_LOOP ( 'NONE', ( #769, #816 ) ) ;
#1344 = FACE_OUTER_BOUND ( 'NONE', #532, .T. ) ;
#1345 = DIRECTION ( 'NONE',  ( 0.000000000000000000, -0.000000000000000000, 1.000000000000000000 ) ) ;
#1346 = CARTESIAN_POINT ( 'NONE',  ( 8.000000000000000000, 9.071069597503624848, 0.000000000000000000 ) ) ;
#1347 = EDGE_CURVE ( 'NONE', #1216, #1057, #1534, .T. ) ;
#1348 = CARTESIAN_POINT ( 'NONE',  ( 3.018231912797951111, 0.3999999999999975797, -5.841188869266970229 ) ) ;
#1349 = EDGE_LOOP ( 'NONE', ( #976, #349, #386, #1530, #1233 ) ) ;
#1350 = CARTESIAN_POINT ( 'NONE',  ( -3.005071060919619619, 0.3999999999999975797, -5.852256862770428114 ) ) ;
#1351 = CARTESIAN_POINT ( 'NONE',  ( 3.871803458559933020, 0.3999999999999975797, 4.971425316501708380 ) ) ;
#1352 = ORIENTED_EDGE ( 'NONE', *, *, #561, .T. ) ;
#1353 = CIRCLE ( 'NONE', #1424, 1.600000000000000755 ) ;
#1354 = FACE_BOUND ( 'NONE', #1386, .T. ) ;
#1355 = CARTESIAN_POINT ( 'NONE',  ( -8.000000000000000000, 2.000000000000000000, -2.500000631318421096 ) ) ;
#1356 = VERTEX_POINT ( 'NONE', #364 ) ;
#1357 = SURFACE_SIDE_STYLE ('',( #1127 ) ) ;
#1358 = CARTESIAN_POINT ( 'NONE',  ( 5.271493858025267265, 0.000000000000000000, 2.026756045459324973 ) ) ;
#1359 = ORIENTED_EDGE ( 'NONE', *, *, #952, .T. ) ;
#1360 = ADVANCED_FACE ( 'NONE', ( #1344 ), #105, .F. ) ;
#1361 = CARTESIAN_POINT ( 'NONE',  ( 0.000000000000000000, 2.000000000000000000, -9.500000000000000000 ) ) ;
#1362 = ORIENTED_EDGE ( 'NONE', *, *, #241, .T. ) ;
#1363 = CARTESIAN_POINT ( 'NONE',  ( -5.844688758088294911, 0.3999999999999975797, 9.985095320807078068 ) ) ;
#1364 = CARTESIAN_POINT ( 'NONE',  ( 5.385498417725778530, 0.3999999999999975797, -1.425795032384962635 ) ) ;
#1365 = EDGE_LOOP ( 'NONE', ( #929, #999, #55, #1285 ) ) ;
#1366 = CARTESIAN_POINT ( 'NONE',  ( -0.7267725452583626566, 0.3999999999999975797, -12.00003838033732784 ) ) ;
#1367 = FACE_BOUND ( 'NONE', #506, .T. ) ;
#1368 = DIRECTION ( 'NONE',  ( -0.000000000000000000, -1.000000000000000000, -0.000000000000000000 ) ) ;
#1369 = EDGE_LOOP ( 'NONE', ( #1154, #960, #968, #1149, #799, #628 ) ) ;
#1370 = CARTESIAN_POINT ( 'NONE',  ( -7.211141135443174477, 0.3999999999999975797, 8.767936965154467188 ) ) ;
#1371 = B_SPLINE_CURVE_WITH_KNOTS ( 'NONE', 3,
 ( #154, #644, #1290, #1505, #169, #1140, #280, #671, #1269, #61, #161, #1511, #407, #896, #774, #1153, #45, #1520, #70, #556, #574, #319, #1206, #593, #87, #338, #698, #1425, #1094, #565, #947, #1573, #808, #219, #474, #1085, #329, #688, #439, #1307 ),
 .UNSPECIFIED., .F., .F.,
 ( 4, 2, 2, 2, 2, 2, 2, 2, 2, 2, 2, 2, 2, 2, 2, 2, 2, 2, 2, 4 ),
 ( 0.000000000000000000, 0.03124999999999994449, 0.04687499999999992367, 0.06249999999999990286, 0.09374999999999983347, 0.1249999999999997641, 0.1562499999999996947, 0.1874999999999997224, 0.2187499999999996947, 0.2499999999999997224, 0.2812499999999997224, 0.2968749999999997224, 0.3124999999999997224, 0.3749999999999998335, 0.3906249999999998335, 0.4062499999999998890, 0.4218749999999998890, 0.4374999999999998890, 0.4687500000000000000, 0.5000000000000000000 ),
 .UNSPECIFIED. ) ;
#1372 = AXIS2_PLACEMENT_3D ( 'NONE', #600, #103, #1334 ) ;
#1373 = CARTESIAN_POINT ( 'NONE',  ( 5.212435780217543169, 0.000000000000000000, -2.228843264896993137 ) ) ;
#1374 = VERTEX_POINT ( 'NONE', #340 ) ;
#1375 = ADVANCED_FACE ( 'NONE', ( #1327, #587 ), #725, .T. ) ;
#1376 = CARTESIAN_POINT ( 'NONE',  ( 5.212435780217543169, 0.3999999999999975797, -2.228843264896993137 ) ) ;
#1377 = VERTEX_POINT ( 'NONE', #846 ) ;
#1378 = EDGE_CURVE ( 'NONE', #985, #594, #1100, .T. ) ;
#1379 = VECTOR ( 'NONE', #310, 1000.000000000000000 ) ;
#1380 = CARTESIAN_POINT ( 'NONE',  ( 3.996389805603262513, 0.000000000000000000, -4.793699164916830568 ) ) ;
#1381 = ORIENTED_EDGE ( 'NONE', *, *, #1503, .T. ) ;
#1382 = LINE ( 'NONE', #1165, #128 ) ;
#1383 = CARTESIAN_POINT ( 'NONE',  ( 3.605218217991488672, 0.3999999999999975797, 5.287837184611945851 ) ) ;
#1384 =( NAMED_UNIT ( * ) PLANE_ANGLE_UNIT ( ) SI_UNIT ( $, .RADIAN. ) );
#1385 = LINE ( 'NONE', #424, #1379 ) ;
#1386 = EDGE_LOOP ( 'NONE', ( #1224, #1260 ) ) ;
#1387 = AXIS2_PLACEMENT_3D ( 'NONE', #261, #974, #729 ) ;
#1388 = CARTESIAN_POINT ( 'NONE',  ( 10.50000063130875816, 0.4000000000000000222, -6.951297828258072308E-06 ) ) ;
#1389 = B_SPLINE_SURFACE_WITH_KNOTS ( 'NONE', 3, 1, ( 
 ( #213, #693 ),
 ( #315, #1320 ),
 ( #1202, #704 ),
 ( #91, #435 ),
 ( #1551, #323 ),
 ( #342, #811 ),
 ( #452, #552 ),
 ( #1052, #442 ),
 ( #685, #205 ),
 ( #714, #1330 ),
 ( #1061, #224 ),
 ( #1080, #1448 ),
 ( #580, #1192 ),
 ( #1210, #460 ),
 ( #83, #1069 ),
 ( #803, #1303 ),
 ( #1561, #100 ),
 ( #560, #1175 ),
 ( #195, #1410 ),
 ( #526, #418 ),
 ( #1182, #1506 ),
 ( #1024, #306 ),
 ( #298, #541 ),
 ( #38, #801 ),
 ( #1163, #185 ),
 ( #427, #683 ),
 ( #533, #898 ),
 ( #1515, #49 ),
 ( #72, #907 ),
 ( #659, #1542 ),
 ( #178, #1272 ),
 ( #1032, #1524 ),
 ( #282, #1016 ),
 ( #770, #289 ),
 ( #786, #434 ),
 ( #401, #1301 ),
 ( #914, #792 ),
 ( #163, #653 ),
 ( #1051, #1293 ),
 ( #674, #1043 ),
 ( #921, #1279 ),
 ( #1156, #1172 ),
 ( #1402, #193 ),
 ( #1418, #891 ) ),
 .UNSPECIFIED., .F., .F., .F.,
 ( 4, 2, 2, 2, 2, 2, 2, 2, 2, 2, 2, 2, 2, 2, 2, 2, 2, 2, 2, 2, 2, 4 ),
 ( 2, 2 ),
 ( 0.4999999999999985567, 0.5312499999999985567, 0.5468749999999986677, 0.5624999999999986677, 0.5937499999999986677, 0.6249999999999986677, 0.6562499999999987788, 0.6718749999999987788, 0.6874999999999987788, 0.7187499999999990008, 0.7499999999999991118, 0.7812499999999992228, 0.8124999999999994449, 0.8437499999999995559, 0.8593749999999995559, 0.8749999999999995559, 0.9062499999999997780, 0.9218749999999997780, 0.9374999999999997780, 0.9687499999999998890, 0.9843749999999998890, 1.000000000000000000 ),
 ( 0.000000000000000000, 1.000000000000000000 ),
 .UNSPECIFIED. ) ;
#1390 = CARTESIAN_POINT ( 'NONE',  ( 3.061617771010469631E-16, 2.000000000000000000, 12.00000063131842332 ) ) ;
#1391 = CARTESIAN_POINT ( 'NONE',  ( 8.560654481966940565, 0.000000000000000000, -7.001172518388175448 ) ) ;
#1392 = CARTESIAN_POINT ( 'NONE',  ( 10.44009027089468766, 0.3999999999999975797, -1.478888197873154065 ) ) ;
#1393 = CARTESIAN_POINT ( 'NONE',  ( 8.000000000000000000, 0.4000000000000000222, 0.000000000000000000 ) ) ;
#1394 = EDGE_LOOP ( 'NONE', ( #1074, #586 ) ) ;
#1395 = CARTESIAN_POINT ( 'NONE',  ( -10.49999999963562480, 0.3999999999999975797, -2.889350578418225377E-06 ) ) ;
#1396 = LINE ( 'NONE', #1532, #64 ) ;
#1397 = CARTESIAN_POINT ( 'NONE',  ( 0.03284041553399224406, 0.000000000000000000, -11.99994161989750907 ) ) ;
#1398 = DIRECTION ( 'NONE',  ( 0.000000000000000000, 0.000000000000000000, 1.000000000000000000 ) ) ;
#1399 = CARTESIAN_POINT ( 'NONE',  ( 10.44009027089468766, 0.000000000000000000, -1.478888197873154065 ) ) ;
#1400 = CARTESIAN_POINT ( 'NONE',  ( 2.693794607804870456, 0.000000000000000000, -6.094438625795506326 ) ) ;
#1401 = ORIENTED_EDGE ( 'NONE', *, *, #900, .T. ) ;
#1402 = CARTESIAN_POINT ( 'NONE',  ( -0.3724695180531405470, 0.3999999999999975797, 12.00000000000000178 ) ) ;
#1403 = CIRCLE ( 'NONE', #423, 2.500000631318421096 ) ;
#1404 = DIRECTION ( 'NONE',  ( 0.000000000000000000, 0.000000000000000000, 1.000000000000000000 ) ) ;
#1405 = CARTESIAN_POINT ( 'NONE',  ( 10.19143269371135574, 0.000000000000000000, 2.918226860924402200 ) ) ;
#1406 = CARTESIAN_POINT ( 'NONE',  ( 1.474384694611917901, 0.000000000000000000, 11.91092739732622086 ) ) ;
#1407 = CARTESIAN_POINT ( 'NONE',  ( -5.590052615769631559E-64, 2.000000000000000000, 9.500000000000000000 ) ) ;
#1408 = ORIENTED_EDGE ( 'NONE', *, *, #747, .T. ) ;
#1409 = CARTESIAN_POINT ( 'NONE',  ( 9.674018174897774713, 0.3999999999999975797, -4.690185112185016436 ) ) ;
#1410 = CARTESIAN_POINT ( 'NONE',  ( -10.20274168105784263, 0.000000000000000000, -2.936550601345009781 ) ) ;
#1411 = LINE ( 'NONE', #908, #1438 ) ;
#1412 = DIRECTION ( 'NONE',  ( 0.000000000000000000, 1.000000000000000000, -0.000000000000000000 ) ) ;
#1413 = CARTESIAN_POINT ( 'NONE',  ( 2.546581123755152554, 0.000000000000000000, 11.65099946221649319 ) ) ;
#1414 = CARTESIAN_POINT ( 'NONE',  ( 0.01223531239254442397, 0.3999999999999975797, -6.999982333181954175 ) ) ;
#1415 = ORIENTED_EDGE ( 'NONE', *, *, #937, .F. ) ;
#1416 = CARTESIAN_POINT ( 'NONE',  ( 8.560654481966940565, 0.3999999999999975797, -7.001172518388175448 ) ) ;
#1417 = AXIS2_PLACEMENT_3D ( 'NONE', #389, #505, #362 ) ;
#1418 = CARTESIAN_POINT ( 'NONE',  ( -9.757819552369539906E-16, 0.3999999999999975797, 12.00000000000000000 ) ) ;
#1419 = CARTESIAN_POINT ( 'NONE',  ( -5.590052615769631559E-64, 0.4000000000000000222, 12.00000063131842154 ) ) ;
#1420 = DIRECTION ( 'NONE',  ( 0.000000000000000000, 1.000000000000000000, -0.000000000000000000 ) ) ;
#1421 = CARTESIAN_POINT ( 'NONE',  ( 0.000000000000000000, 2.000000000000000000, -11.09999999999999964 ) ) ;
#1422 = CARTESIAN_POINT ( 'NONE',  ( 1.511015349438133981, 0.3999999999999975797, -11.88323800565323651 ) ) ;
#1423 = CARTESIAN_POINT ( 'NONE',  ( -5.590052615769631559E-64, 9.071069597503624848, 9.500000000000000000 ) ) ;
#1424 = AXIS2_PLACEMENT_3D ( 'NONE', #2, #1013, #122 ) ;
#1425 = CARTESIAN_POINT ( 'NONE',  ( 3.996389805603262513, 0.000000000000000000, -4.793699164916830568 ) ) ;
#1426 = ORIENTED_EDGE ( 'NONE', *, *, #597, .F. ) ;
#1427 = EDGE_CURVE ( 'NONE', #62, #948, #1353, .T. ) ;
#1428 = DIRECTION ( 'NONE',  ( 0.000000000000000000, 0.000000000000000000, 1.000000000000000000 ) ) ;
#1429 = CARTESIAN_POINT ( 'NONE',  ( -5.547720676612424739, 0.000000000000000000, 10.20395566696970491 ) ) ;
#1430 = CARTESIAN_POINT ( 'NONE',  ( -3.162118205461780907, 0.3999999999999975797, -5.715654696622435971 ) ) ;
#1431 = CARTESIAN_POINT ( 'NONE',  ( 8.560654481966940565, 0.000000000000000000, -7.001172518388175448 ) ) ;
#1432 = CARTESIAN_POINT ( 'NONE',  ( -8.000000000000000000, 2.000000000000000000, -1.600000000000000089 ) ) ;
#1433 = CARTESIAN_POINT ( 'NONE',  ( -3.005071060919619619, 0.000000000000000000, -5.852256862770428114 ) ) ;
#1434 = VERTEX_POINT ( 'NONE', #1137 ) ;
#1435 = CARTESIAN_POINT ( 'NONE',  ( 1.511015349438133981, 0.3999999999999975797, -11.88323800565323651 ) ) ;
#1436 = DIRECTION ( 'NONE',  ( 0.000000000000000000, 0.000000000000000000, 1.000000000000000000 ) ) ;
#1437 = CARTESIAN_POINT ( 'NONE',  ( -6.696012905883516275, 0.000000000000000000, 9.287440222027194991 ) ) ;
#1438 = VECTOR ( 'NONE', #58, 1000.000000000000000 ) ;
#1439 = CARTESIAN_POINT ( 'NONE',  ( -1.020491551207380221, 0.000000000000000000, 6.880925458489033808 ) ) ;
#1440 = CARTESIAN_POINT ( 'NONE',  ( 1.872661202614679832, 0.000000000000000000, -11.81590800982335310 ) ) ;
#1441 = CARTESIAN_POINT ( 'NONE',  ( -8.000000000000000000, 2.000000000000000000, 0.000000000000000000 ) ) ;
#1442 = CYLINDRICAL_SURFACE ( 'NONE', #1164, 2.500000631318421096 ) ;
#1443 = CARTESIAN_POINT ( 'NONE',  ( 0.000000000000000000, 0.4000000000000000222, 0.000000000000000000 ) ) ;
#1444 = ORIENTED_EDGE ( 'NONE', *, *, #218, .F. ) ;
#1445 = DIRECTION ( 'NONE',  ( -0.000000000000000000, -1.000000000000000000, -0.000000000000000000 ) ) ;
#1446 = EDGE_CURVE ( 'NONE', #270, #877, #1118, .T. ) ;
#1447 = LINE ( 'NONE', #451, #269 ) ;
#1448 = CARTESIAN_POINT ( 'NONE',  ( -8.135077959936166891, 0.000000000000000000, -7.639552165312990972 ) ) ;
#1449 = CARTESIAN_POINT ( 'NONE',  ( -3.869037163426433779, 0.000000000000000000, -4.974763449339322463 ) ) ;
#1450 = CARTESIAN_POINT ( 'NONE',  ( 9.085314510874384908, 0.000000000000000000, -6.038841064491345278 ) ) ;
#1451 = DIRECTION ( 'NONE',  ( 0.000000000000000000, 0.000000000000000000, -1.000000000000000000 ) ) ;
#1452 = MANIFOLD_SOLID_BREP ( 'Cut-Extrude3', #295 ) ;
#1453 = FACE_OUTER_BOUND ( 'NONE', #1349, .T. ) ;
#1454 = ORIENTED_EDGE ( 'NONE', *, *, #417, .T. ) ;
#1455 = DIRECTION ( 'NONE',  ( 0.000000000000000000, 0.000000000000000000, -1.000000000000000000 ) ) ;
#1456 = CARTESIAN_POINT ( 'NONE',  ( -5.041145998447069232, 0.3999999999999975797, 2.812271801941681026 ) ) ;
#1457 = PRODUCT_DEFINITION_CONTEXT ( 'detailed design', #267, 'design' ) ;
#1458 = CARTESIAN_POINT ( 'NONE',  ( -0.8213959819313687571, 0.000000000000000000, 6.924930299119502308 ) ) ;
#1459 = CARTESIAN_POINT ( 'NONE',  ( -1.603745922614672192, 0.000000000000000000, 6.695181370814618838 ) ) ;
#1460 = CYLINDRICAL_SURFACE ( 'NONE', #697, 2.500000631318422428 ) ;
#1461 = CARTESIAN_POINT ( 'NONE',  ( 9.554684979850023296, 0.3999999999999975797, 5.042904928406213294 ) ) ;
#1462 = FACE_BOUND ( 'NONE', #140, .T. ) ;
#1463 = B_SPLINE_CURVE_WITH_KNOTS ( 'NONE', 3,
 ( #673, #1171, #525, #550, #426, #690, #682, #1409, #184, #1540, #920, #1416, #312, #1059, #1513, #1300, #1181, #450, #977, #567, #1104, #940, #1190, #1217, #1435, #458, #1559, #331 ),
 .UNSPECIFIED., .F., .F.,
 ( 4, 2, 2, 2, 2, 2, 2, 2, 2, 2, 2, 2, 2, 4 ),
 ( 0.2499488221146219102, 0.2499999999999989453, 0.2812499999999990563, 0.3124999999999991118, 0.3281249999999992228, 0.3437499999999992784, 0.3749999999999993894, 0.3906249999999994449, 0.4062499999999995004, 0.4374999999999995559, 0.4531249999999997224, 0.4687499999999997780, 0.4843750000000000000, 0.5000000000000000000 ),
 .UNSPECIFIED. ) ;
#1464 = CARTESIAN_POINT ( 'NONE',  ( -5.590052615769631559E-64, 9.071069597503624848, 7.899999999999999467 ) ) ;
#1465 = EDGE_CURVE ( 'NONE', #1291, #845, #1231, .T. ) ;
#1466 = ORIENTED_EDGE ( 'NONE', *, *, #26, .F. ) ;
#1467 = CARTESIAN_POINT ( 'NONE',  ( -8.000000000000000000, 2.000000000000000000, 0.000000000000000000 ) ) ;
#1468 = CARTESIAN_POINT ( 'NONE',  ( -5.499999397001079871, 0.3999999999999975797, 0.4080390421309797455 ) ) ;
#1469 = CARTESIAN_POINT ( 'NONE',  ( -5.041145998447069232, 0.3999999999999975797, 2.812271801941681026 ) ) ;
#1470 = LINE ( 'NONE', #640, #989 ) ;
#1471 = CARTESIAN_POINT ( 'NONE',  ( 3.172355075874639052, 0.3999999999999975797, -5.706356925943670610 ) ) ;
#1472 = ORIENTED_EDGE ( 'NONE', *, *, #746, .F. ) ;
#1473 = CARTESIAN_POINT ( 'NONE',  ( -5.356586527893155925, 0.3999999999999975797, -1.630104980113234125 ) ) ;
#1474 = CARTESIAN_POINT ( 'NONE',  ( 0.4146637740648429493, 0.3999999999999975797, 6.999999999999998224 ) ) ;
#1475 = CARTESIAN_POINT ( 'NONE',  ( 1.622903583116148685, 0.3999999999999975797, -6.703092606365963491 ) ) ;
#1476 = VERTEX_POINT ( 'NONE', #983 ) ;
#1477 = CARTESIAN_POINT ( 'NONE',  ( 1.959434878635764984E-16, 2.000000000000000000, -7.899999999999999467 ) ) ;
#1478 = CARTESIAN_POINT ( 'NONE',  ( 1.409910056873257655, 0.3999999999999975797, 6.766730178533169493 ) ) ;
#1479 = VERTEX_POINT ( 'NONE', #1477 ) ;
#1480 = EDGE_CURVE ( 'NONE', #1050, #1216, #1169, .T. ) ;
#1481 = ADVANCED_FACE ( 'NONE', ( #370 ), #1027, .F. ) ;
#1482 = VECTOR ( 'NONE', #1261, 1000.000000000000000 ) ;
#1483 = CARTESIAN_POINT ( 'NONE',  ( 5.499999975256551821, 0.3999999999999975797, -1.704671759241649717E-05 ) ) ;
#1484 = ORIENTED_EDGE ( 'NONE', *, *, #111, .F. ) ;
#1485 = CARTESIAN_POINT ( 'NONE',  ( 1.605261422932909854, 0.3999999999999975797, 6.694530598271875910 ) ) ;
#1486 = ORIENTED_EDGE ( 'NONE', *, *, #636, .T. ) ;
#1487 = B_SPLINE_CURVE_WITH_KNOTS ( 'NONE', 3,
 ( #1397, #1535, #411, #1508, #301, #1143, #779, #428, #771, #402, #902, #165, #186, #1500, #394, #915, #893, #675, #25, #292, #1158, #1281, #654, #276, #765, #1266, #158, #647, #1151, #41, #172, #660, #1437, #67, #1429, #953, #1544, #833, #942, #1183, #74, #1570, #569, #923 ),
 .UNSPECIFIED., .F., .F.,
 ( 4, 2, 2, 2, 2, 2, 2, 2, 2, 2, 2, 2, 2, 2, 2, 2, 2, 2, 2, 2, 2, 4 ),
 ( 0.5000000000000000000, 0.5312499999999998890, 0.5468750000000000000, 0.5624999999999998890, 0.5937499999999998890, 0.6249999999999997780, 0.6562499999999997780, 0.6718749999999997780, 0.6874999999999996669, 0.7187499999999997780, 0.7499999999999997780, 0.7812499999999997780, 0.8125000000000000000, 0.8437500000000000000, 0.8593750000000000000, 0.8750000000000000000, 0.9062500000000000000, 0.9218750000000000000, 0.9375000000000000000, 0.9687500000000000000, 0.9843750000000000000, 1.000000000000000000 ),
 .UNSPECIFIED. ) ;
#1488 = CYLINDRICAL_SURFACE ( 'NONE', #95, 2.500000631318421096 ) ;
#1489 = DIRECTION ( 'NONE',  ( 0.000000000000000000, 0.000000000000000000, -1.000000000000000000 ) ) ;
#1490 = ORIENTED_EDGE ( 'NONE', *, *, #746, .T. ) ;
#1491 = CARTESIAN_POINT ( 'NONE',  ( -10.20595251390328784, 0.3999999999999975797, 2.921586721044471258 ) ) ;
#1492 = CARTESIAN_POINT ( 'NONE',  ( 5.212435780217543169, 0.3999999999999975797, -2.228843264896993137 ) ) ;
#1493 = ORIENTED_EDGE ( 'NONE', *, *, #684, .F. ) ;
#1494 = EDGE_CURVE ( 'NONE', #594, #680, #957, .T. ) ;
#1495 = DIRECTION ( 'NONE',  ( 0.000000000000000000, 1.000000000000000000, 0.000000000000000000 ) ) ;
#1496 = EDGE_LOOP ( 'NONE', ( #373, #1566 ) ) ;
#1497 = CARTESIAN_POINT ( 'NONE',  ( -2.931450250314264760, 0.3999999999999975797, 11.55570299695497916 ) ) ;
#1498 = CARTESIAN_POINT ( 'NONE',  ( 4.343020583504177523, 0.000000000000000000, 4.297004004421830281 ) ) ;
#1499 = AXIS2_PLACEMENT_3D ( 'NONE', #679, #1325, #815 ) ;
#1500 = CARTESIAN_POINT ( 'NONE',  ( -9.075835464952941578, 0.000000000000000000, -6.057674585434098091 ) ) ;
#1501 = CARTESIAN_POINT ( 'NONE',  ( 8.541675071975790345, 0.000000000000000000, 7.001323372437710191 ) ) ;
#1502 = CARTESIAN_POINT ( 'NONE',  ( -10.49995903262947472, 0.3999999999999975797, 0.7369770459584757960 ) ) ;
#1503 = EDGE_CURVE ( 'NONE', #170, #176, #776, .T. ) ;
#1504 = CIRCLE ( 'NONE', #967, 2.500000631318421096 ) ;
#1505 = CARTESIAN_POINT ( 'NONE',  ( 1.409910056873257655, 0.000000000000000000, 6.766730178533169493 ) ) ;
#1506 = CARTESIAN_POINT ( 'NONE',  ( -10.50004092474117634, 0.000000000000000000, -0.7354440936914311555 ) ) ;
#1507 = CARTESIAN_POINT ( 'NONE',  ( -2.691796311744655945, 0.000000000000000000, 6.111063159519178001 ) ) ;
#1508 = CARTESIAN_POINT ( 'NONE',  ( -2.519406308149578777, 0.000000000000000000, -11.65883085367924110 ) ) ;
#1509 = CARTESIAN_POINT ( 'NONE',  ( 10.44092862053371285, 0.000000000000000000, 1.471901486975652817 ) ) ;
#1510 = CARTESIAN_POINT ( 'NONE',  ( 7.207611545838879863, 0.3999999999999975797, 8.771777502881615618 ) ) ;
#1511 = CARTESIAN_POINT ( 'NONE',  ( 4.343020583504177523, 0.000000000000000000, 4.297004004421830281 ) ) ;
#1512 = EDGE_LOOP ( 'NONE', ( #416, #1490, #1129, #1189, #1558, #263, #1549 ) ) ;
#1513 = CARTESIAN_POINT ( 'NONE',  ( 7.204755359862652142, 0.3999999999999975797, -8.748811927668301180 ) ) ;
#1514 = VECTOR ( 'NONE', #787, 1000.000000000000000 ) ;
#1515 = CARTESIAN_POINT ( 'NONE',  ( -8.735481580843929450, 0.3999999999999975797, 6.680593755567498349 ) ) ;
#1516 = CARTESIAN_POINT ( 'NONE',  ( -3.609765226649967573, 0.3999999999999975797, 5.283232333131501868 ) ) ;
#1517 = CARTESIAN_POINT ( 'NONE',  ( 0.000000000000000000, 0.4000000000000000222, 0.000000000000000000 ) ) ;
#1518 = CARTESIAN_POINT ( 'NONE',  ( 9.246195650324780857, 0.000000000000000000, -5.709984211095229689 ) ) ;
#1519 = CARTESIAN_POINT ( 'NONE',  ( 7.907571716749260737, 0.3999999999999975797, 7.915888881929762810 ) ) ;
#1520 = CARTESIAN_POINT ( 'NONE',  ( 5.471622153089493068, 0.000000000000000000, 0.8164774565966163022 ) ) ;
#1521 = ORIENTED_EDGE ( 'NONE', *, *, #865, .T. ) ;
#1522 = CARTESIAN_POINT ( 'NONE',  ( -10.02614842180791932, 0.3999999999999975797, -3.650312595988312481 ) ) ;
#1523 = CIRCLE ( 'NONE', #827, 2.500000631318421096 ) ;
#1524 = CARTESIAN_POINT ( 'NONE',  ( -7.211141135443174477, 0.000000000000000000, 8.767936965154467188 ) ) ;
#1525 = CARTESIAN_POINT ( 'NONE',  ( 0.03284041553399224406, 32.29252453721352367, -11.99994161989750907 ) ) ;
#1526 = AXIS2_PLACEMENT_3D ( 'NONE', #1407, #304, #790 ) ;
#1527 = CARTESIAN_POINT ( 'NONE',  ( 4.895465762364035633, 0.3999999999999975797, 3.200321336784469395 ) ) ;
#1528 = CARTESIAN_POINT ( 'NONE',  ( 9.246195650324780857, 0.3999999999999975797, -5.709984211095229689 ) ) ;
#1529 = FACE_OUTER_BOUND ( 'NONE', #622, .T. ) ;
#1530 = ORIENTED_EDGE ( 'NONE', *, *, #1494, .T. ) ;
#1531 = CARTESIAN_POINT ( 'NONE',  ( 8.000000000000000000, 2.000000000000000000, -1.600000000000001865 ) ) ;
#1532 = CARTESIAN_POINT ( 'NONE',  ( -8.000000000000000000, 9.071069597503624848, 1.600000000000000089 ) ) ;
#1533 = AXIS2_PLACEMENT_3D ( 'NONE', #1036, #916, #788 ) ;
#1534 = B_SPLINE_CURVE_WITH_KNOTS ( 'NONE', 3,
 ( #595, #852, #358, #1208, #1567, #210, #700, #221, #1199, #1350, #1087, #719, #830, #603, #1225, #230, #89, #576, #1473, #1066, #1593, #949, #476, #1585 ),
 .UNSPECIFIED., .F., .F.,
 ( 4, 2, 2, 2, 2, 2, 2, 2, 2, 2, 2, 4 ),
 ( 0.5003088182276166362, 0.5156249999999993339, 0.5312499999999992228, 0.5624999999999992228, 0.5781249999999992228, 0.5937499999999991118, 0.6249999999999991118, 0.6562499999999992228, 0.6874999999999992228, 0.7187499999999992228, 0.7499999999999992228, 0.7500472925508195887 ),
 .UNSPECIFIED. ) ;
#1535 = CARTESIAN_POINT ( 'NONE',  ( -0.7051916428149628269, 0.000000000000000000, -12.00256561193821625 ) ) ;
#1536 = CARTESIAN_POINT ( 'NONE',  ( 9.910746049006936786, 0.000000000000000000, 3.989966717575956334 ) ) ;
#1537 = CARTESIAN_POINT ( 'NONE',  ( 9.554684979850023296, 0.000000000000000000, 5.042904928406213294 ) ) ;
#1538 = CARTESIAN_POINT ( 'NONE',  ( 0.8275180089444803544, 0.000000000000000000, -6.938502046920373090 ) ) ;
#1539 = ORIENTED_EDGE ( 'NONE', *, *, #1292, .T. ) ;
#1540 = CARTESIAN_POINT ( 'NONE',  ( 9.246195650324780857, 0.3999999999999975797, -5.709984211095229689 ) ) ;
#1541 = ADVANCED_FACE ( 'NONE', ( #1258 ), #749, .T. ) ;
#1542 = CARTESIAN_POINT ( 'NONE',  ( -8.132079633186021894, 0.000000000000000000, 7.612590611558883502 ) ) ;
#1543 = EDGE_CURVE ( 'NONE', #170, #1337, #1470, .T. ) ;
#1544 = CARTESIAN_POINT ( 'NONE',  ( -4.603040890924617656, 0.000000000000000000, 10.79869760076587859 ) ) ;
#1545 = CARTESIAN_POINT ( 'NONE',  ( -4.898054960659357526, 0.000000000000000000, 3.194214678631283277 ) ) ;
#1546 = CARTESIAN_POINT ( 'NONE',  ( 3.622896473634930725, 0.000000000000000000, -11.27419933637646920 ) ) ;
#1547 = CARTESIAN_POINT ( 'NONE',  ( 7.907571716749260737, 0.000000000000000000, 7.915888881929762810 ) ) ;
#1548 = LINE ( 'NONE', #96, #932 ) ;
#1549 = ORIENTED_EDGE ( 'NONE', *, *, #11, .F. ) ;
#1550 = DIRECTION ( 'NONE',  ( 0.000000000000000000, -0.000000000000000000, 1.000000000000000000 ) ) ;
#1551 = CARTESIAN_POINT ( 'NONE',  ( -2.876665621630543512, 0.3999999999999975797, -11.55063419507986211 ) ) ;
#1552 = CARTESIAN_POINT ( 'NONE',  ( -1.982782616040963175, 0.3999999999999975797, -6.540016690629289364 ) ) ;
#1553 = CARTESIAN_POINT ( 'NONE',  ( 3.936439354706768423, 0.3999999999999975797, 11.13646231615442872 ) ) ;
#1554 = DIRECTION ( 'NONE',  ( -0.000000000000000000, -1.000000000000000000, -0.000000000000000000 ) ) ;
#1555 = ADVANCED_BREP_SHAPE_REPRESENTATION ( 'Handle spacer', ( #1452, #637 ), #39 ) ;
#1556 = VECTOR ( 'NONE', #1247, 1000.000000000000000 ) ;
#1557 = CARTESIAN_POINT ( 'NONE',  ( -2.510167712197714618, 0.000000000000000000, -6.221469906961984542 ) ) ;
#1558 = ORIENTED_EDGE ( 'NONE', *, *, #431, .F. ) ;
#1559 = CARTESIAN_POINT ( 'NONE',  ( 0.4018564447085191116, 0.3999999999999975797, -11.99862962387715015 ) ) ;
#1560 = CARTESIAN_POINT ( 'NONE',  ( -0.4157758589054963427, 0.3999999999999975797, 6.984494531381684190 ) ) ;
#1561 = CARTESIAN_POINT ( 'NONE',  ( -9.670579226919668869, 0.3999999999999975797, -4.699363105424130715 ) ) ;
#1562 = DIRECTION ( 'NONE',  ( 0.000000000000000000, 0.000000000000000000, 1.000000000000000000 ) ) ;
#1563 = CARTESIAN_POINT ( 'NONE',  ( 4.956760800592901361, 0.3999999999999975797, -10.61736609097811979 ) ) ;
#1564 = DIRECTION ( 'NONE',  ( 0.000000000000000000, 0.000000000000000000, 1.000000000000000000 ) ) ;
#1565 = DIRECTION ( 'NONE',  ( -0.000000000000000000, -1.000000000000000000, -0.000000000000000000 ) ) ;
#1566 = ORIENTED_EDGE ( 'NONE', *, *, #1011, .F. ) ;
#1567 = CARTESIAN_POINT ( 'NONE',  ( -1.009838838191978505, 0.3999999999999975797, -6.883573938702106432 ) ) ;
#1568 = PLANE ( 'NONE',  #192 ) ;
#1569 = CARTESIAN_POINT ( 'NONE',  ( -0.4157758589054963427, 0.3999999999999975797, 6.984494531381684190 ) ) ;
#1570 = CARTESIAN_POINT ( 'NONE',  ( -0.7452168456164592891, 0.000000000000000000, 11.97739458103883692 ) ) ;
#1571 = CARTESIAN_POINT ( 'NONE',  ( -0.8093758335873666443, 0.3999999999999975797, -6.927337864460266559 ) ) ;
#1572 = CARTESIAN_POINT ( 'NONE',  ( 1.872661202614679832, 0.3999999999999975797, -11.81590800982335310 ) ) ;
#1573 = CARTESIAN_POINT ( 'NONE',  ( 3.172355075874639052, 0.000000000000000000, -5.706356925943670610 ) ) ;
#1574 = EDGE_LOOP ( 'NONE', ( #1444, #1132, #1521, #549, #1252 ) ) ;
#1575 = DIRECTION ( 'NONE',  ( 0.000000000000000000, 1.000000000000000000, 0.000000000000000000 ) ) ;
#1576 = CARTESIAN_POINT ( 'NONE',  ( -4.224985372232108460, 0.3999999999999975797, 4.465888069864984544 ) ) ;
#1577 = CIRCLE ( 'NONE', #511, 1.600000000000001865 ) ;
#1578 = ADVANCED_FACE ( 'NONE', ( #367 ), #1488, .T. ) ;
#1579 = CARTESIAN_POINT ( 'NONE',  ( -4.334574510547136050, 0.000000000000000000, 4.293034366861077977 ) ) ;
#1580 = CARTESIAN_POINT ( 'NONE',  ( -4.065758146820641628E-16, 0.000000000000000000, 7.000000000000000000 ) ) ;
#1581 = CARTESIAN_POINT ( 'NONE',  ( 10.26478240398689756, 0.3999999999999975797, 2.558330287753524335 ) ) ;
#1582 = CARTESIAN_POINT ( 'NONE',  ( -8.000000000000000000, 2.000000000000000000, 1.600000000000000089 ) ) ;
#1583 = DIRECTION ( 'NONE',  ( 0.000000000000000000, 1.000000000000000000, 0.000000000000000000 ) ) ;
#1584 = ORIENTED_EDGE ( 'NONE', *, *, #781, .F. ) ;
#1585 = CARTESIAN_POINT ( 'NONE',  ( -5.499999368684293621, 0.4000000000000000222, -3.683680238754447671E-06 ) ) ;
#1586 = CARTESIAN_POINT ( 'NONE',  ( -5.499999368684293621, 0.4000000000000000222, -3.683680238754447671E-06 ) ) ;
#1587 = DIRECTION ( 'NONE',  ( -0.000000000000000000, -1.000000000000000000, -0.000000000000000000 ) ) ;
#1588 = CARTESIAN_POINT ( 'NONE',  ( -5.356036206186737481, 0.000000000000000000, 1.633174338866867359 ) ) ;
#1589 = CARTESIAN_POINT ( 'NONE',  ( 1.872661202614679832, 0.000000000000000000, -11.81590800982335310 ) ) ;
#1590 = ADVANCED_FACE ( 'NONE', ( #1354, #1367, #135, #607, #1107, #381 ), #994, .T. ) ;
#1591 = CYLINDRICAL_SURFACE ( 'NONE', #468, 2.500000631318422428 ) ;
#1592 = ORIENTED_EDGE ( 'NONE', *, *, #10, .T. ) ;
#1593 = CARTESIAN_POINT ( 'NONE',  ( -5.499913291335847276, 0.3999999999999975797, -0.4105076079380310383 ) ) ;
#1594 = CARTESIAN_POINT ( 'NONE',  ( 3.465891816929385083, 0.000000000000000000, -5.421780720147950206 ) ) ;
#1595 = CARTESIAN_POINT ( 'NONE',  ( -0.2073318870324256658, 0.000000000000000000, 7.000000000000001776 ) ) ;
#1596 = CARTESIAN_POINT ( 'NONE',  ( -4.898054960659357526, 0.3999999999999975797, 3.194214678631283277 ) ) ;
#1597 = CARTESIAN_POINT ( 'NONE',  ( 2.522674169099231367, 0.3999999999999975797, -6.213197923264572431 ) ) ;
ENDSEC;
END-ISO-10303-21;
