ISO-10303-21;
HEADER;
FILE_DESCRIPTION (( 'STEP AP214' ),
    '1' );
FILE_NAME ('Lower arm.STEP',
    '2025-12-15T14:05:20',
    ( '' ),
    ( '' ),
    'SwSTEP 2.0',
    'SolidWorks 2025',
    '' );
FILE_SCHEMA (( 'AUTOMOTIVE_DESIGN' ));
ENDSEC;

DATA;
#1 = VECTOR ( 'NONE', #2199, 1000.000000000000114 ) ;
#2 = AXIS2_PLACEMENT_3D ( 'NONE', #411, #2046, #56 ) ;
#3 = DIRECTION ( 'NONE',  ( 0.000000000000000000, 0.000000000000000000, 1.000000000000000000 ) ) ;
#4 = CIRCLE ( 'NONE', #1965, 1.600000000000000755 ) ;
#5 = DIRECTION ( 'NONE',  ( -0.000000000000000000, 1.000000000000000000, -0.000000000000000000 ) ) ;
#6 = CIRCLE ( 'NONE', #881, 3.199999999999962430 ) ;
#7 = UNCERTAINTY_MEASURE_WITH_UNIT (LENGTH_MEASURE( 1.000000000000000082E-05 ), #896, 'distance_accuracy_value', 'NONE');
#8 = CARTESIAN_POINT ( 'NONE',  ( 67.59807621135330180, 48.50000000000001421, -19.00000000000000355 ) ) ;
#9 = ORIENTED_EDGE ( 'NONE', *, *, #2285, .F. ) ;
#10 = VERTEX_POINT ( 'NONE', #2174 ) ;
#11 = CARTESIAN_POINT ( 'NONE',  ( 1.500000834542781769, -2.943798350630971061, -4.000000000000000000 ) ) ;
#12 = ORIENTED_EDGE ( 'NONE', *, *, #594, .T. ) ;
#13 = DIRECTION ( 'NONE',  ( -0.5000000000000008882, -0.8660254037844381525, 0.000000000000000000 ) ) ;
#14 = CARTESIAN_POINT ( 'NONE',  ( 19.00000000000000000, -2.999999999999996891, -19.00000000000000355 ) ) ;
#15 = CARTESIAN_POINT ( 'NONE',  ( 43.06068977079433324, 6.000000000000043521, -19.00000000000000355 ) ) ;
#16 = EDGE_CURVE ( 'NONE', #1558, #1066, #421, .T. ) ;
#17 = LINE ( 'NONE', #1979, #1024 ) ;
#18 = LINE ( 'NONE', #1793, #2300 ) ;
#19 = ORIENTED_EDGE ( 'NONE', *, *, #151, .F. ) ;
#20 = EDGE_CURVE ( 'NONE', #627, #2034, #1738, .T. ) ;
#21 = EDGE_CURVE ( 'NONE', #561, #1295, #1245, .T. ) ;
#22 = DIRECTION ( 'NONE',  ( 0.8660254037844377084, -0.5000000000000014433, -0.000000000000000000 ) ) ;
#23 = ORIENTED_EDGE ( 'NONE', *, *, #414, .F. ) ;
#24 = LINE ( 'NONE', #521, #798 ) ;
#25 = ADVANCED_FACE ( 'NONE', ( #42 ), #747, .F. ) ;
#26 = FACE_OUTER_BOUND ( 'NONE', #2267, .T. ) ;
#27 = DIRECTION ( 'NONE',  ( 0.8660254037844397068, -0.4999999999999982792, -1.897353801849614271E-16 ) ) ;
#28 = CARTESIAN_POINT ( 'NONE',  ( 54.20096189432340594, 34.29551732809569842, 3.999999999999999112 ) ) ;
#29 = DIRECTION ( 'NONE',  ( 0.000000000000000000, 0.000000000000000000, 1.000000000000000000 ) ) ;
#30 = ORIENTED_EDGE ( 'NONE', *, *, #2311, .T. ) ;
#31 = LINE ( 'NONE', #1863, #2332 ) ;
#32 = CARTESIAN_POINT ( 'NONE',  ( 63.59807621135327338, 41.57179676972447169, 2.311115933264683024E-30 ) ) ;
#33 = ORIENTED_EDGE ( 'NONE', *, *, #2052, .T. ) ;
#34 = CIRCLE ( 'NONE', #1924, 3.200000000000009504 ) ;
#35 = FACE_OUTER_BOUND ( 'NONE', #998, .T. ) ;
#36 = VECTOR ( 'NONE', #336, 1000.000000000000000 ) ;
#37 = DIRECTION ( 'NONE',  ( 0.000000000000000000, 1.000000000000000000, 0.000000000000000000 ) ) ;
#38 = CARTESIAN_POINT ( 'NONE',  ( 61.99807621135328617, 38.80051547761430442, 3.918869757271506794E-16 ) ) ;
#39 = AXIS2_PLACEMENT_3D ( 'NONE', #534, #1734, #1890 ) ;
#40 = VECTOR ( 'NONE', #1403, 1000.000000000000114 ) ;
#41 = CARTESIAN_POINT ( 'NONE',  ( 1.500657780057027990, -3.000008417023397378, -4.000000000000000000 ) ) ;
#42 = FACE_OUTER_BOUND ( 'NONE', #2108, .T. ) ;
#43 = EDGE_CURVE ( 'NONE', #797, #1342, #2219, .T. ) ;
#44 = CIRCLE ( 'NONE', #1248, 2.600000000000012079 ) ;
#45 = ORIENTED_EDGE ( 'NONE', *, *, #210, .F. ) ;
#46 = ADVANCED_FACE ( 'NONE', ( #357 ), #501, .F. ) ;
#47 = DIRECTION ( 'NONE',  ( 0.4999999999999982236, 0.8660254037844395958, 0.000000000000000000 ) ) ;
#48 = CARTESIAN_POINT ( 'NONE',  ( -1.484660409278842907, -3.522931847129278982, 3.999999999999999112 ) ) ;
#49 = ORIENTED_EDGE ( 'NONE', *, *, #1267, .F. ) ;
#50 = EDGE_CURVE ( 'NONE', #405, #961, #908, .T. ) ;
#51 = LINE ( 'NONE', #2006, #458 ) ;
#52 = CARTESIAN_POINT ( 'NONE',  ( 27.47223250267436612, 15.00000000000000000, -19.00000000000000355 ) ) ;
#53 = CARTESIAN_POINT ( 'NONE',  ( 39.16357545376430238, 8.250000000000042633, -4.000000000000000888 ) ) ;
#54 = CARTESIAN_POINT ( 'NONE',  ( 1.518949090428828308, -2.772350920188735302, -4.000000000000000000 ) ) ;
#55 = EDGE_CURVE ( 'NONE', #87, #1064, #160, .T. ) ;
#56 = DIRECTION ( 'NONE',  ( -0.5000000000000008882, -0.8660254037844381525, 0.000000000000000000 ) ) ;
#57 = EDGE_LOOP ( 'NONE', ( #1306, #222, #254, #109 ) ) ;
#58 = DIRECTION ( 'NONE',  ( 0.8660254037844380415, -0.5000000000000011102, -5.782411586589356653E-16 ) ) ;
#59 = CARTESIAN_POINT ( 'NONE',  ( -1.353710246980490473, -1.842872613092837009, -4.000000000000000888 ) ) ;
#60 = ORIENTED_EDGE ( 'NONE', *, *, #335, .T. ) ;
#61 = DIRECTION ( 'NONE',  ( -0.000000000000000000, 0.000000000000000000, -1.000000000000000000 ) ) ;
#62 = DIRECTION ( 'NONE',  ( 0.000000000000000000, 0.000000000000000000, 1.000000000000000000 ) ) ;
#63 = PLANE ( 'NONE',  #114 ) ;
#64 = CARTESIAN_POINT ( 'NONE',  ( -1.268625199661380654, -1.563146574804259226, 3.999999999999999112 ) ) ;
#65 = DIRECTION ( 'NONE',  ( -0.5000000000000013323, -0.8660254037844378194, 0.000000000000000000 ) ) ;
#66 = ORIENTED_EDGE ( 'NONE', *, *, #1817, .F. ) ;
#67 = ORIENTED_EDGE ( 'NONE', *, *, #642, .T. ) ;
#68 = EDGE_CURVE ( 'NONE', #1784, #1592, #583, .T. ) ;
#69 = LINE ( 'NONE', #1318, #686 ) ;
#70 = CARTESIAN_POINT ( 'NONE',  ( 27.47223250267439099, -3.000000000000018652, 18.99999999999999645 ) ) ;
#71 = ORIENTED_EDGE ( 'NONE', *, *, #1354, .T. ) ;
#72 = LINE ( 'NONE', #1112, #376 ) ;
#73 = DIRECTION ( 'NONE',  ( 0.8660254037844381525, -0.5000000000000011102, -5.782411586589357639E-16 ) ) ;
#74 = VECTOR ( 'NONE', #2302, 1000.000000000000000 ) ;
#75 = ORIENTED_EDGE ( 'NONE', *, *, #565, .F. ) ;
#76 = CARTESIAN_POINT ( 'NONE',  ( 61.42596272384820821, 49.80958584956306368, -19.00000000000000355 ) ) ;
#77 = CIRCLE ( 'NONE', #419, 19.10000000000000497 ) ;
#78 = DIRECTION ( 'NONE',  ( -0.5000000000000008882, -0.8660254037844381525, 0.000000000000000000 ) ) ;
#79 = AXIS2_PLACEMENT_3D ( 'NONE', #582, #771, #1291 ) ;
#80 = CARTESIAN_POINT ( 'NONE',  ( 66.92153903091603695, 58.12820323027624880, -2.939152317953647894E-15 ) ) ;
#81 = AXIS2_PLACEMENT_3D ( 'NONE', #1779, #2281, #886 ) ;
#82 = ORIENTED_EDGE ( 'NONE', *, *, #2248, .F. ) ;
#83 = AXIS2_PLACEMENT_3D ( 'NONE', #1831, #1078, #767 ) ;
#84 = DIRECTION ( 'NONE',  ( 0.000000000000000000, 0.000000000000000000, 1.000000000000000000 ) ) ;
#85 = CIRCLE ( 'NONE', #1515, 3.199999999999965983 ) ;
#86 = CARTESIAN_POINT ( 'NONE',  ( -1.462532020486600803, -2.415421768126980950, -4.000000000000000888 ) ) ;
#87 = VERTEX_POINT ( 'NONE', #1257 ) ;
#88 = DIRECTION ( 'NONE',  ( -0.8660254037844381525, 0.5000000000000009992, -0.000000000000000000 ) ) ;
#89 = EDGE_LOOP ( 'NONE', ( #1282, #1035, #660, #1497 ) ) ;
#90 = LINE ( 'NONE', #1500, #1128 ) ;
#91 = DIRECTION ( 'NONE',  ( -0.8660254037844380415, 0.5000000000000011102, 5.782411586589357639E-16 ) ) ;
#92 = ADVANCED_FACE ( 'NONE', ( #1827 ), #1092, .F. ) ;
#93 = CARTESIAN_POINT ( 'NONE',  ( 68.65358983848490482, 57.12820323027623459, -2.939152317953647894E-15 ) ) ;
#94 = EDGE_CURVE ( 'NONE', #360, #489, #18, .T. ) ;
#95 = ORIENTED_EDGE ( 'NONE', *, *, #1882, .F. ) ;
#96 = DIRECTION ( 'NONE',  ( 1.112866148237781945E-14, 1.000000000000000000, -2.891205793294678326E-16 ) ) ;
#97 = CARTESIAN_POINT ( 'NONE',  ( -1.492301801792076610, -2.706180328834763671, -4.000000000000000888 ) ) ;
#98 = VERTEX_POINT ( 'NONE', #2191 ) ;
#99 = ADVANCED_FACE ( 'NONE', ( #2156 ), #2012, .T. ) ;
#100 = EDGE_CURVE ( 'NONE', #2279, #740, #2328, .T. ) ;
#101 = EDGE_CURVE ( 'NONE', #2034, #627, #2222, .T. ) ;
#102 = LINE ( 'NONE', #800, #1027 ) ;
#103 = DIRECTION ( 'NONE',  ( -0.8660254037844403729, 0.4999999999999971134, 0.000000000000000000 ) ) ;
#104 = DIRECTION ( 'NONE',  ( 1.000000000000000000, 1.355252715606876598E-16, 0.000000000000000000 ) ) ;
#105 = DIRECTION ( 'NONE',  ( 0.5000000000000012212, 0.8660254037844380415, 0.000000000000000000 ) ) ;
#106 = ORIENTED_EDGE ( 'NONE', *, *, #1946, .T. ) ;
#107 = DIRECTION ( 'NONE',  ( 1.000000000000000000, 1.772134475049664720E-17, 0.000000000000000000 ) ) ;
#108 = DIRECTION ( 'NONE',  ( 0.8660254037844397068, -0.4999999999999982792, -1.355252715606862300E-16 ) ) ;
#109 = ORIENTED_EDGE ( 'NONE', *, *, #176, .T. ) ;
#110 = FACE_OUTER_BOUND ( 'NONE', #1763, .T. ) ;
#111 = LINE ( 'NONE', #485, #1089 ) ;
#112 = DIRECTION ( 'NONE',  ( 8.410780489584522622E-16, -1.000000000000000000, 0.000000000000000000 ) ) ;
#113 = CARTESIAN_POINT ( 'NONE',  ( 58.09807621135328048, 32.04551732809568421, -19.00000000000000355 ) ) ;
#114 = AXIS2_PLACEMENT_3D ( 'NONE', #217, #1688, #955 ) ;
#115 = VECTOR ( 'NONE', #934, 1000.000000000000000 ) ;
#116 = ORIENTED_EDGE ( 'NONE', *, *, #1207, .F. ) ;
#117 = VECTOR ( 'NONE', #2056, 1000.000000000000000 ) ;
#118 = VECTOR ( 'NONE', #1849, 1000.000000000000000 ) ;
#119 = DIRECTION ( 'NONE',  ( -0.8660254037844381525, 0.5000000000000008882, -0.000000000000000000 ) ) ;
#120 = DIRECTION ( 'NONE',  ( 0.5000000000000001110, 0.8660254037844385966, 0.000000000000000000 ) ) ;
#121 =( GEOMETRIC_REPRESENTATION_CONTEXT ( 3 ) GLOBAL_UNCERTAINTY_ASSIGNED_CONTEXT ( ( #7 ) ) GLOBAL_UNIT_ASSIGNED_CONTEXT ( ( #896, #148, #665 ) ) REPRESENTATION_CONTEXT ( 'NONE', 'WORKASPACE' ) );
#122 = VERTEX_POINT ( 'NONE', #618 ) ;
#123 = CARTESIAN_POINT ( 'NONE',  ( 68.65358983848490482, 57.12820323027624170, -2.939152317953647894E-15 ) ) ;
#124 = VERTEX_POINT ( 'NONE', #235 ) ;
#125 = CARTESIAN_POINT ( 'NONE',  ( 52.90192378864664136, 35.04551732809567710, -19.00000000000000355 ) ) ;
#126 = PLANE ( 'NONE',  #2225 ) ;
#127 = CARTESIAN_POINT ( 'NONE',  ( -1.440459474379710336, -2.271183317989839967, -4.000000000000000888 ) ) ;
#128 = EDGE_CURVE ( 'NONE', #850, #2247, #1244, .T. ) ;
#129 = EDGE_LOOP ( 'NONE', ( #1373, #2176, #1541, #2193 ) ) ;
#130 = EDGE_LOOP ( 'NONE', ( #1931, #552, #1862, #19 ) ) ;
#131 = CARTESIAN_POINT ( 'NONE',  ( 3.469446951953614189E-15, -2.999999999999996891, 18.99999999999999645 ) ) ;
#132 = ORIENTED_EDGE ( 'NONE', *, *, #1224, .F. ) ;
#133 = CARTESIAN_POINT ( 'NONE',  ( 1.925929944387235853E-31, 3.000000000000000000, -8.000000000000000000 ) ) ;
#134 = ORIENTED_EDGE ( 'NONE', *, *, #624, .T. ) ;
#135 = LINE ( 'NONE', #2104, #74 ) ;
#136 = CARTESIAN_POINT ( 'NONE',  ( 63.67762877368776486, 48.50958584956308073, 19.00000000000000000 ) ) ;
#137 = CARTESIAN_POINT ( 'NONE',  ( 27.47223250267441941, 1.500000000000005995, -4.000000000000000888 ) ) ;
#138 = EDGE_CURVE ( 'NONE', #1755, #866, #1930, .T. ) ;
#139 = EDGE_LOOP ( 'NONE', ( #1787, #1052, #1893, #1887 ) ) ;
#140 = CARTESIAN_POINT ( 'NONE',  ( -1.353710246980447396, -1.842872613092838341, 3.999999999999999112 ) ) ;
#141 = ORIENTED_EDGE ( 'NONE', *, *, #2329, .T. ) ;
#142 = ADVANCED_FACE ( 'NONE', ( #603 ), #1162, .F. ) ;
#143 = DIRECTION ( 'NONE',  ( -0.5000000000000023315, -0.8660254037844372643, 0.000000000000000000 ) ) ;
#144 = ORIENTED_EDGE ( 'NONE', *, *, #1718, .T. ) ;
#145 = EDGE_CURVE ( 'NONE', #1075, #1332, #1025, .T. ) ;
#146 = PRODUCT ( 'Lower arm', 'Lower arm', '', ( #1426 ) ) ;
#147 = FACE_OUTER_BOUND ( 'NONE', #302, .T. ) ;
#148 =( NAMED_UNIT ( * ) PLANE_ANGLE_UNIT ( ) SI_UNIT ( $, .RADIAN. ) );
#149 = CARTESIAN_POINT ( 'NONE',  ( 1.925929944387235853E-31, 3.000000000000000000, -4.799999999999991829 ) ) ;
#150 = AXIS2_PLACEMENT_3D ( 'NONE', #1572, #2271, #682 ) ;
#151 = EDGE_CURVE ( 'NONE', #432, #1181, #763, .T. ) ;
#152 = ORIENTED_EDGE ( 'NONE', *, *, #1381, .T. ) ;
#153 = ORIENTED_EDGE ( 'NONE', *, *, #980, .F. ) ;
#154 = CARTESIAN_POINT ( 'NONE',  ( -8.091235691421273434E-16, 3.000000000000000000, 8.000000000000000000 ) ) ;
#155 = ORIENTED_EDGE ( 'NONE', *, *, #986, .F. ) ;
#156 = CIRCLE ( 'NONE', #460, 16.49999999999999289 ) ;
#157 = AXIS2_PLACEMENT_3D ( 'NONE', #1609, #1082, #922 ) ;
#158 = VECTOR ( 'NONE', #953, 1000.000000000000227 ) ;
#159 = CARTESIAN_POINT ( 'NONE',  ( 71.59807621135330180, 55.42820323027549989, -2.939152317953647894E-15 ) ) ;
#160 = CIRCLE ( 'NONE', #311, 1.600000000000000755 ) ;
#161 = ORIENTED_EDGE ( 'NONE', *, *, #274, .F. ) ;
#162 = CARTESIAN_POINT ( 'NONE',  ( -8.000000000000000000, 1.399999999999968159, 9.797174393178825657E-16 ) ) ;
#163 = CONICAL_SURFACE ( 'NONE', #1783, 3.200000000000008171, 0.7853981633974458365 ) ;
#164 = DIRECTION ( 'NONE',  ( -1.000000000000000000, 0.000000000000000000, -2.503857664561934841E-16 ) ) ;
#165 = DIRECTION ( 'NONE',  ( -0.5000000000000009992, -0.8660254037844380415, -0.000000000000000000 ) ) ;
#166 = ADVANCED_FACE ( 'NONE', ( #1531 ), #1502, .F. ) ;
#167 = CARTESIAN_POINT ( 'NONE',  ( -8.091235691421273434E-16, 1.399999999999983702, 8.000000000000000000 ) ) ;
#168 = EDGE_LOOP ( 'NONE', ( #1375, #1157, #1143, #730 ) ) ;
#169 = EDGE_LOOP ( 'NONE', ( #2274, #995 ) ) ;
#170 = VERTEX_POINT ( 'NONE', #1670 ) ;
#171 = DIRECTION ( 'NONE',  ( -0.000000000000000000, 1.000000000000000000, -0.000000000000000000 ) ) ;
#172 = ORIENTED_EDGE ( 'NONE', *, *, #197, .F. ) ;
#173 = FACE_OUTER_BOUND ( 'NONE', #869, .T. ) ;
#174 = EDGE_CURVE ( 'NONE', #1342, #2017, #804, .T. ) ;
#175 = CARTESIAN_POINT ( 'NONE',  ( 54.20096189432339884, 34.29551732809569131, -4.000000000000000888 ) ) ;
#176 = EDGE_CURVE ( 'NONE', #2253, #391, #1884, .T. ) ;
#177 = DIRECTION ( 'NONE',  ( -0.8660254037844385966, 0.5000000000000001110, 1.897353801849613778E-16 ) ) ;
#178 = DIRECTION ( 'NONE',  ( 3.597944987211157529E-15, -1.000000000000000000, 0.000000000000000000 ) ) ;
#179 = DIRECTION ( 'NONE',  ( -0.4999999999999985012, -0.8660254037844395958, 0.000000000000000000 ) ) ;
#180 = ORIENTED_EDGE ( 'NONE', *, *, #1251, .F. ) ;
#181 = CARTESIAN_POINT ( 'NONE',  ( 1.511096581448177378, -3.362941483581042057, 3.999999999999998224 ) ) ;
#182 = EDGE_LOOP ( 'NONE', ( #557, #1956 ) ) ;
#183 = DIRECTION ( 'NONE',  ( -0.000000000000000000, 1.000000000000000000, -0.000000000000000000 ) ) ;
#184 = DIRECTION ( 'NONE',  ( 1.000000000000000000, 0.000000000000000000, -0.000000000000000000 ) ) ;
#185 = LINE ( 'NONE', #887, #2179 ) ;
#186 = LINE ( 'NONE', #1650, #614 ) ;
#187 = CARTESIAN_POINT ( 'NONE',  ( 39.16357545376430238, 8.250000000000039080, 3.999999999999999112 ) ) ;
#188 = ORIENTED_EDGE ( 'NONE', *, *, #1882, .T. ) ;
#189 = LINE ( 'NONE', #1829, #1660 ) ;
#190 = EDGE_LOOP ( 'NONE', ( #2178, #2277, #2145, #1449 ) ) ;
#191 = PLANE ( 'NONE',  #874 ) ;
#192 = CIRCLE ( 'NONE', #1510, 19.00000000000000000 ) ;
#193 = AXIS2_PLACEMENT_3D ( 'NONE', #1180, #1861, #631 ) ;
#194 = CARTESIAN_POINT ( 'NONE',  ( 55.31536195520853028, 34.02571485350974712, 3.999999999999999112 ) ) ;
#195 = DIRECTION ( 'NONE',  ( 1.000000000000000000, 1.772134475049664720E-17, 0.000000000000000000 ) ) ;
#196 = DIRECTION ( 'NONE',  ( 0.8660254037844403729, -0.4999999999999971134, -5.782411586589356653E-16 ) ) ;
#197 = EDGE_CURVE ( 'NONE', #473, #2135, #781, .T. ) ;
#198 = CARTESIAN_POINT ( 'NONE',  ( 66.92153903091603695, 58.12820323027624880, -2.939152317953647894E-15 ) ) ;
#199 = EDGE_CURVE ( 'NONE', #1236, #1441, #257, .T. ) ;
#200 = ADVANCED_FACE ( 'NONE', ( #1482 ), #1142, .F. ) ;
#201 = EDGE_LOOP ( 'NONE', ( #713, #912, #876, #2087 ) ) ;
#202 = DIRECTION ( 'NONE',  ( 0.000000000000000000, 0.000000000000000000, 1.000000000000000000 ) ) ;
#203 = ORIENTED_EDGE ( 'NONE', *, *, #1529, .F. ) ;
#204 = PRODUCT_DEFINITION_SHAPE ( 'NONE', 'NONE',  #280 ) ;
#205 = DIRECTION ( 'NONE',  ( -0.000000000000000000, 1.000000000000000000, -0.000000000000000000 ) ) ;
#206 = LINE ( 'NONE', #370, #690 ) ;
#207 = FACE_OUTER_BOUND ( 'NONE', #251, .T. ) ;
#208 = CARTESIAN_POINT ( 'NONE',  ( 58.09807621135328759, 32.04551732809568421, 18.99999999999999645 ) ) ;
#209 = ORIENTED_EDGE ( 'NONE', *, *, #1873, .T. ) ;
#210 = EDGE_CURVE ( 'NONE', #2047, #170, #2190, .T. ) ;
#211 = EDGE_LOOP ( 'NONE', ( #1753, #33 ) ) ;
#212 = CARTESIAN_POINT ( 'NONE',  ( 66.35358983848485082, 53.14448637286773902, -2.375814790345852960E-15 ) ) ;
#213 = CARTESIAN_POINT ( 'NONE',  ( 1.812545725948388142, -2.065062447742111562, 3.999999999999998224 ) ) ;
#214 = VERTEX_POINT ( 'NONE', #2220 ) ;
#215 = LINE ( 'NONE', #1648, #2152 ) ;
#216 = EDGE_CURVE ( 'NONE', #1633, #2253, #271, .T. ) ;
#217 = CARTESIAN_POINT ( 'NONE',  ( 27.47223250267439099, 2.999999999999998668, -19.00000000000000355 ) ) ;
#218 = PRODUCT_DEFINITION_CONTEXT ( 'detailed design', #1388, 'design' ) ;
#219 = CARTESIAN_POINT ( 'NONE',  ( 43.06068977079432614, 6.000000000000036415, 18.99999999999999645 ) ) ;
#220 = DIRECTION ( 'NONE',  ( -0.000000000000000000, -0.000000000000000000, -1.000000000000000000 ) ) ;
#221 = ADVANCED_FACE ( 'NONE', ( #1690, #1680, #1331 ), #593, .T. ) ;
#222 = ORIENTED_EDGE ( 'NONE', *, *, #1324, .F. ) ;
#223 = DIRECTION ( 'NONE',  ( 0.000000000000000000, 0.000000000000000000, 1.000000000000000000 ) ) ;
#224 = FACE_OUTER_BOUND ( 'NONE', #1750, .T. ) ;
#225 = VERTEX_POINT ( 'NONE', #436 ) ;
#226 = AXIS2_PLACEMENT_3D ( 'NONE', #2028, #422, #244 ) ;
#227 = CARTESIAN_POINT ( 'NONE',  ( -1.499768222218158531, -3.000003615157481374, 4.000000000000000000 ) ) ;
#228 = ADVANCED_FACE ( 'NONE', ( #1491 ), #1872, .T. ) ;
#229 = CARTESIAN_POINT ( 'NONE',  ( 58.12153903091599716, 42.88615612367011920, 2.311115933264683024E-30 ) ) ;
#230 = CARTESIAN_POINT ( 'NONE',  ( 3.000000000000021316, -1.499999999999996003, 3.999999999999997335 ) ) ;
#231 = CIRCLE ( 'NONE', #1888, 19.10000000000000497 ) ;
#232 = AXIS2_PLACEMENT_3D ( 'NONE', #80, #994, #65 ) ;
#233 = CARTESIAN_POINT ( 'NONE',  ( 54.36273401104701719, 34.57571485350895557, -4.000000000000002665 ) ) ;
#234 = VECTOR ( 'NONE', #1665, 1000.000000000000000 ) ;
#235 = CARTESIAN_POINT ( 'NONE',  ( 41.76165166511759708, 6.750000000000009770, -4.000000000000000000 ) ) ;
#236 = ADVANCED_BREP_SHAPE_REPRESENTATION ( 'Lower arm', ( #1661, #2157 ), #847 ) ;
#237 = CONICAL_SURFACE ( 'NONE', #315, 3.199999999999965983, 0.7853981633974467247 ) ;
#238 = ORIENTED_EDGE ( 'NONE', *, *, #1492, .F. ) ;
#239 = LINE ( 'NONE', #1144, #651 ) ;
#240 = CARTESIAN_POINT ( 'NONE',  ( -1.484660409278844684, -3.522931847129277649, -4.000000000000000888 ) ) ;
#241 = ORIENTED_EDGE ( 'NONE', *, *, #199, .F. ) ;
#242 = CARTESIAN_POINT ( 'NONE',  ( -8.091235691421273434E-16, -3.000000000000016431, 8.000000000000000000 ) ) ;
#243 = DIRECTION ( 'NONE',  ( -0.8660254037844381525, 0.5000000000000008882, 0.000000000000000000 ) ) ;
#244 = DIRECTION ( 'NONE',  ( 0.4999999999999970024, 0.8660254037844403729, 0.000000000000000000 ) ) ;
#245 = DIRECTION ( 'NONE',  ( 1.224646799147353207E-16, -1.000000000000000000, 0.000000000000000000 ) ) ;
#246 = EDGE_CURVE ( 'NONE', #1299, #1981, #1655, .T. ) ;
#247 = DIRECTION ( 'NONE',  ( -0.000000000000000000, -0.000000000000000000, -1.000000000000000000 ) ) ;
#248 = ORIENTED_EDGE ( 'NONE', *, *, #865, .T. ) ;
#249 = DIRECTION ( 'NONE',  ( 0.8660254037844403729, -0.4999999999999970024, 0.000000000000000000 ) ) ;
#250 = DIRECTION ( 'NONE',  ( -0.5000000000000013323, -0.8660254037844379305, 0.000000000000000000 ) ) ;
#251 = EDGE_LOOP ( 'NONE', ( #1577, #917, #1602, #1396, #1468, #1384 ) ) ;
#252 = FACE_BOUND ( 'NONE', #1167, .T. ) ;
#253 = CYLINDRICAL_SURFACE ( 'NONE', #507, 1.600000000000000089 ) ;
#254 = ORIENTED_EDGE ( 'NONE', *, *, #481, .T. ) ;
#255 = LINE ( 'NONE', #1480, #2258 ) ;
#256 = DIRECTION ( 'NONE',  ( 0.000000000000000000, -0.000000000000000000, -1.000000000000000000 ) ) ;
#257 = LINE ( 'NONE', #773, #539 ) ;
#258 = ORIENTED_EDGE ( 'NONE', *, *, #1173, .T. ) ;
#259 = ORIENTED_EDGE ( 'NONE', *, *, #265, .T. ) ;
#260 = CARTESIAN_POINT ( 'NONE',  ( 53.90192378864458078, 36.77756813566392680, 0.000000000000000000 ) ) ;
#261 = CARTESIAN_POINT ( 'NONE',  ( 2.654663840825873145, -1.499999999999994227, 3.999999999999998224 ) ) ;
#262 = ORIENTED_EDGE ( 'NONE', *, *, #741, .T. ) ;
#263 = FACE_BOUND ( 'NONE', #182, .T. ) ;
#264 = CARTESIAN_POINT ( 'NONE',  ( 71.01243556529820466, 57.61384387633060555, -2.743208830090069449E-15 ) ) ;
#265 = EDGE_CURVE ( 'NONE', #2201, #558, #2122, .T. ) ;
#266 = ORIENTED_EDGE ( 'NONE', *, *, #446, .T. ) ;
#267 = DIRECTION ( 'NONE',  ( 8.300049630046111693E-17, -2.357096837240913387E-16, 1.000000000000000000 ) ) ;
#268 = AXIS2_PLACEMENT_3D ( 'NONE', #2194, #2015, #223 ) ;
#269 = CARTESIAN_POINT ( 'NONE',  ( 67.59807621135330180, 48.50000000000002132, -3.469446951953617344E-15 ) ) ;
#270 = VECTOR ( 'NONE', #256, 1000.000000000000000 ) ;
#271 = LINE ( 'NONE', #967, #118 ) ;
#272 = AXIS2_PLACEMENT_3D ( 'NONE', #2042, #787, #2027 ) ;
#273 = AXIS2_PLACEMENT_3D ( 'NONE', #1048, #1540, #1058 ) ;
#274 = EDGE_CURVE ( 'NONE', #489, #1010, #615, .T. ) ;
#275 = ORIENTED_EDGE ( 'NONE', *, *, #1350, .F. ) ;
#276 = EDGE_CURVE ( 'NONE', #1923, #2137, #691, .T. ) ;
#277 = VECTOR ( 'NONE', #2102, 1000.000000000000114 ) ;
#278 = PLANE ( 'NONE',  #653 ) ;
#279 = DIRECTION ( 'NONE',  ( 0.8660254037844381525, -0.5000000000000008882, -0.000000000000000000 ) ) ;
#280 = PRODUCT_DEFINITION ( 'UNKNOWN', '', #1556, #218 ) ;
#281 = ORIENTED_EDGE ( 'NONE', *, *, #174, .T. ) ;
#282 = CARTESIAN_POINT ( 'NONE',  ( 64.65358983848491903, 50.20000000000077023, -1.503427012512367763E-15 ) ) ;
#283 = ORIENTED_EDGE ( 'NONE', *, *, #174, .F. ) ;
#284 = LINE ( 'NONE', #1932, #1691 ) ;
#285 = CARTESIAN_POINT ( 'NONE',  ( 53.90192378864458078, 36.77756813566392680, 3.999999999999998224 ) ) ;
#286 = DIRECTION ( 'NONE',  ( 5.123605460760815420E-33, -2.891205793294678819E-16, 1.000000000000000000 ) ) ;
#287 = ORIENTED_EDGE ( 'NONE', *, *, #398, .T. ) ;
#288 = CARTESIAN_POINT ( 'NONE',  ( -8.091235691421273434E-16, 3.000000000000000888, 11.20000000000000817 ) ) ;
#289 = CARTESIAN_POINT ( 'NONE',  ( -1.440459474379730542, -2.271183317989841299, 3.999999999999999112 ) ) ;
#290 = ORIENTED_EDGE ( 'NONE', *, *, #1307, .F. ) ;
#291 = CARTESIAN_POINT ( 'NONE',  ( 77.09807621135333022, 64.95448267190434422, 18.99999999999999645 ) ) ;
#292 = ORIENTED_EDGE ( 'NONE', *, *, #966, .F. ) ;
#293 = CARTESIAN_POINT ( 'NONE',  ( 27.47223250267441585, 1.500000000000007550, -4.000000000000000000 ) ) ;
#294 = CARTESIAN_POINT ( 'NONE',  ( 55.31536195520853738, 34.02571485350974712, 3.999999999999999112 ) ) ;
#295 = CARTESIAN_POINT ( 'NONE',  ( -1.492301801792076610, -2.706180328834763671, -4.000000000000000888 ) ) ;
#296 = ORIENTED_EDGE ( 'NONE', *, *, #596, .F. ) ;
#297 = ORIENTED_EDGE ( 'NONE', *, *, #1390, .T. ) ;
#298 = LINE ( 'NONE', #468, #1580 ) ;
#299 = CARTESIAN_POINT ( 'NONE',  ( 39.16357545376430238, 8.250000000000040856, 3.999999999999999112 ) ) ;
#300 = ORIENTED_EDGE ( 'NONE', *, *, #2088, .T. ) ;
#301 = DIRECTION ( 'NONE',  ( -0.8660254037844380415, 0.5000000000000009992, 0.000000000000000000 ) ) ;
#302 = EDGE_LOOP ( 'NONE', ( #366, #2043, #106, #389 ) ) ;
#303 = CARTESIAN_POINT ( 'NONE',  ( 19.00000000000000000, 3.000000000000003109, -19.00000000000000355 ) ) ;
#304 = EDGE_CURVE ( 'NONE', #1238, #1822, #992, .T. ) ;
#305 = CARTESIAN_POINT ( 'NONE',  ( 58.92153903091602274, 44.27179676972524192, 2.311115933264683024E-30 ) ) ;
#306 = AXIS2_PLACEMENT_3D ( 'NONE', #1456, #386, #1290 ) ;
#307 = AXIS2_PLACEMENT_3D ( 'NONE', #1222, #1411, #1941 ) ;
#308 = VERTEX_POINT ( 'NONE', #1387 ) ;
#309 = ORIENTED_EDGE ( 'NONE', *, *, #1247, .F. ) ;
#310 = CIRCLE ( 'NONE', #687, 19.09999999999999787 ) ;
#311 = AXIS2_PLACEMENT_3D ( 'NONE', #1999, #1072, #29 ) ;
#312 = CARTESIAN_POINT ( 'NONE',  ( 64.65358983848491903, 50.20000000000076312, -19.00000000000000355 ) ) ;
#313 = FACE_OUTER_BOUND ( 'NONE', #530, .T. ) ;
#314 = ORIENTED_EDGE ( 'NONE', *, *, #1967, .T. ) ;
#315 = AXIS2_PLACEMENT_3D ( 'NONE', #32, #22, #1974 ) ;
#316 = DIRECTION ( 'NONE',  ( 0.000000000000000000, 0.000000000000000000, 1.000000000000000000 ) ) ;
#317 = EDGE_CURVE ( 'NONE', #437, #1725, #1436, .T. ) ;
#318 = ORIENTED_EDGE ( 'NONE', *, *, #843, .T. ) ;
#319 = LINE ( 'NONE', #824, #2291 ) ;
#320 = CARTESIAN_POINT ( 'NONE',  ( 19.00000000000000000, 3.000000000000003109, -19.00000000000000355 ) ) ;
#321 = ADVANCED_FACE ( 'NONE', ( #2257 ), #655, .F. ) ;
#322 = ORIENTED_EDGE ( 'NONE', *, *, #1492, .T. ) ;
#323 = CARTESIAN_POINT ( 'NONE',  ( 0.7076663319953697684, 1.064295503579204993, 3.999999999999999112 ) ) ;
#324 = EDGE_LOOP ( 'NONE', ( #1186, #2129, #1972, #2023 ) ) ;
#325 = DIRECTION ( 'NONE',  ( -0.8660254037844381525, 0.5000000000000008882, 0.000000000000000000 ) ) ;
#326 = ORIENTED_EDGE ( 'NONE', *, *, #2121, .F. ) ;
#327 = FACE_BOUND ( 'NONE', #646, .T. ) ;
#328 = DIRECTION ( 'NONE',  ( 0.000000000000000000, 0.000000000000000000, 1.000000000000000000 ) ) ;
#329 = CARTESIAN_POINT ( 'NONE',  ( -0.9347242400488877667, -0.7500086268832591996, -4.000000000000000888 ) ) ;
#330 = VERTEX_POINT ( 'NONE', #703 ) ;
#331 = CARTESIAN_POINT ( 'NONE',  ( 56.79903810567670064, 32.79551732809566289, -4.000000000000000000 ) ) ;
#332 = ORIENTED_EDGE ( 'NONE', *, *, #304, .T. ) ;
#333 = LINE ( 'NONE', #1726, #277 ) ;
#334 = EDGE_LOOP ( 'NONE', ( #1221, #2060, #297, #2072 ) ) ;
#335 = EDGE_CURVE ( 'NONE', #740, #1537, #1377, .T. ) ;
#336 = DIRECTION ( 'NONE',  ( -0.5000000000000008882, -0.8660254037844381525, 0.000000000000000000 ) ) ;
#337 = EDGE_CURVE ( 'NONE', #473, #1624, #1293, .T. ) ;
#338 = LINE ( 'NONE', #684, #2073 ) ;
#339 = CARTESIAN_POINT ( 'NONE',  ( 58.40192378864612266, 36.77756813566392680, 3.999999999999998224 ) ) ;
#340 = AXIS2_PLACEMENT_3D ( 'NONE', #1845, #1150, #434 ) ;
#341 = ORIENTED_EDGE ( 'NONE', *, *, #390, .F. ) ;
#342 = VECTOR ( 'NONE', #717, 1000.000000000000000 ) ;
#343 = CARTESIAN_POINT ( 'NONE',  ( 0.000000000000000000, 0.000000000000000000, 0.000000000000000000 ) ) ;
#344 = ADVANCED_FACE ( 'NONE', ( #1026 ), #2096, .T. ) ;
#345 = ORIENTED_EDGE ( 'NONE', *, *, #585, .T. ) ;
#346 = CIRCLE ( 'NONE', #1962, 4.500000000001542766 ) ;
#347 = CIRCLE ( 'NONE', #654, 19.09999999999999432 ) ;
#348 = AXIS2_PLACEMENT_3D ( 'NONE', #2252, #73, #1704 ) ;
#349 = CARTESIAN_POINT ( 'NONE',  ( 1.502243609000855962, -2.912634262313152700, 3.999999999999998224 ) ) ;
#350 = ADVANCED_FACE ( 'NONE', ( #676 ), #1851, .F. ) ;
#351 = ORIENTED_EDGE ( 'NONE', *, *, #2184, .F. ) ;
#352 = CARTESIAN_POINT ( 'NONE',  ( 41.76165166511760418, 6.750000000000011546, -4.000000000000000000 ) ) ;
#353 = AXIS2_PLACEMENT_3D ( 'NONE', #404, #279, #796 ) ;
#354 = SURFACE_STYLE_FILL_AREA ( #1964 ) ;
#355 = CARTESIAN_POINT ( 'NONE',  ( 3.000000000000022649, -1.499999999999994671, -4.000000000000000000 ) ) ;
#356 = DIRECTION ( 'NONE',  ( -0.8660254037844380415, 0.5000000000000011102, 0.000000000000000000 ) ) ;
#357 = FACE_OUTER_BOUND ( 'NONE', #1828, .T. ) ;
#358 = VERTEX_POINT ( 'NONE', #339 ) ;
#359 = CARTESIAN_POINT ( 'NONE',  ( 2.206224543518018777, -1.674653409689821792, -4.000000000000000000 ) ) ;
#360 = VERTEX_POINT ( 'NONE', #113 ) ;
#361 = DIRECTION ( 'NONE',  ( 0.5000000000000001110, 0.8660254037844385966, 0.000000000000000000 ) ) ;
#362 = DIRECTION ( 'NONE',  ( -3.605316508992522384E-17, 2.086046294119532348E-16, -1.000000000000000000 ) ) ;
#363 = DIRECTION ( 'NONE',  ( 0.000000000000000000, 1.000000000000000000, 5.782411586589356653E-16 ) ) ;
#364 = DIRECTION ( 'NONE',  ( -1.772134475049664720E-17, 1.000000000000000000, 1.897353801849614024E-16 ) ) ;
#365 = ORIENTED_EDGE ( 'NONE', *, *, #20, .F. ) ;
#366 = ORIENTED_EDGE ( 'NONE', *, *, #1636, .F. ) ;
#367 = CYLINDRICAL_SURFACE ( 'NONE', #387, 13.49999999999999112 ) ;
#368 = ORIENTED_EDGE ( 'NONE', *, *, #1799, .T. ) ;
#369 = LINE ( 'NONE', #926, #1928 ) ;
#370 = CARTESIAN_POINT ( 'NONE',  ( 19.00000000000000000, 3.000000000000003109, -19.00000000000000355 ) ) ;
#371 = CARTESIAN_POINT ( 'NONE',  ( 60.65358983848489061, 43.27179676972524192, 2.311115933264683024E-30 ) ) ;
#372 = CARTESIAN_POINT ( 'NONE',  ( 56.79903810567670064, 32.79551732809566289, 3.999999999999998224 ) ) ;
#373 = CARTESIAN_POINT ( 'NONE',  ( 55.10358983848488634, 33.65891478771798973, -3.469446951953614189E-15 ) ) ;
#374 = VECTOR ( 'NONE', #2116, 1000.000000000000114 ) ;
#375 = ORIENTED_EDGE ( 'NONE', *, *, #1653, .T. ) ;
#376 = VECTOR ( 'NONE', #1122, 1000.000000000000114 ) ;
#377 = CARTESIAN_POINT ( 'NONE',  ( 1.696634031903659690, -2.239715939377102227, -4.000000000000000000 ) ) ;
#378 = CONICAL_SURFACE ( 'NONE', #2297, 4.600000000000088463, 0.7853981633974529419 ) ;
#379 = ORIENTED_EDGE ( 'NONE', *, *, #1343, .F. ) ;
#380 = CARTESIAN_POINT ( 'NONE',  ( -8.000000000000000000, 2.999999999999999112, 9.797174393178825657E-16 ) ) ;
#381 = PRESENTATION_LAYER_ASSIGNMENT (  '', '', ( #1213 ) ) ;
#382 = AXIS2_PLACEMENT_3D ( 'NONE', #1014, #2106, #1953 ) ;
#383 = CARTESIAN_POINT ( 'NONE',  ( 93.02323035880260704, 24.58317610174832168, 2.311115933264683024E-30 ) ) ;
#384 = ADVANCED_FACE ( 'NONE', ( #841 ), #487, .F. ) ;
#385 = VECTOR ( 'NONE', #1374, 1000.000000000000000 ) ;
#386 = DIRECTION ( 'NONE',  ( -0.8660254037844381525, 0.5000000000000008882, 0.000000000000000000 ) ) ;
#387 = AXIS2_PLACEMENT_3D ( 'NONE', #1250, #202, #2159 ) ;
#388 = DIRECTION ( 'NONE',  ( 1.000000000000000000, 0.000000000000000000, -0.000000000000000000 ) ) ;
#389 = ORIENTED_EDGE ( 'NONE', *, *, #1817, .T. ) ;
#390 = EDGE_CURVE ( 'NONE', #708, #777, #1555, .T. ) ;
#391 = VERTEX_POINT ( 'NONE', #137 ) ;
#392 = EDGE_CURVE ( 'NONE', #2330, #1118, #1275, .T. ) ;
#393 = CARTESIAN_POINT ( 'NONE',  ( 1.500657780057027990, -3.000008417023397378, -4.000000000000000000 ) ) ;
#394 = ORIENTED_EDGE ( 'NONE', *, *, #1055, .T. ) ;
#395 = CARTESIAN_POINT ( 'NONE',  ( 52.90192378864664136, 35.04551732809567710, 19.00000000000000000 ) ) ;
#396 = DIRECTION ( 'NONE',  ( 2.503857664561932376E-16, -1.445602896647339903E-16, -1.000000000000000000 ) ) ;
#397 = DIRECTION ( 'NONE',  ( 0.8660254037844388186, -0.4999999999999997780, -0.000000000000000000 ) ) ;
#398 = EDGE_CURVE ( 'NONE', #2137, #1238, #2141, .T. ) ;
#399 = CARTESIAN_POINT ( 'NONE',  ( 3.000000000000056843, 1.500000000000005551, -4.000000000000000888 ) ) ;
#400 = CARTESIAN_POINT ( 'NONE',  ( 62.21243556529820751, 42.37179676972445463, 2.311115933264683024E-30 ) ) ;
#401 = EDGE_LOOP ( 'NONE', ( #2273, #2215, #1955, #1054 ) ) ;
#402 = ORIENTED_EDGE ( 'NONE', *, *, #1039, .F. ) ;
#403 = CARTESIAN_POINT ( 'NONE',  ( -8.091235691421273434E-16, 3.000000000000000000, 11.20000000000000817 ) ) ;
#404 = CARTESIAN_POINT ( 'NONE',  ( 60.65358983848489061, 43.27179676972523481, 2.311115933264683024E-30 ) ) ;
#405 = VERTEX_POINT ( 'NONE', #711 ) ;
#406 = DIRECTION ( 'NONE',  ( 0.2588190451025130789, -0.9659258262890703106, 8.659560562355004349E-17 ) ) ;
#407 = DIRECTION ( 'NONE',  ( 0.000000000000000000, 0.000000000000000000, 1.000000000000000000 ) ) ;
#408 = EDGE_CURVE ( 'NONE', #627, #1258, #1782, .T. ) ;
#409 = LINE ( 'NONE', #1678, #499 ) ;
#410 = DIRECTION ( 'NONE',  ( -0.8660254037844380415, 0.5000000000000008882, -0.000000000000000000 ) ) ;
#411 = CARTESIAN_POINT ( 'NONE',  ( 64.65358983848490482, 50.20000000000074891, -3.469446951953614189E-15 ) ) ;
#412 = EDGE_LOOP ( 'NONE', ( #1601, #345, #1911, #241 ) ) ;
#413 = DIRECTION ( 'NONE',  ( -0.000000000000000000, 1.000000000000000000, -0.000000000000000000 ) ) ;
#414 = EDGE_CURVE ( 'NONE', #1441, #360, #744, .T. ) ;
#415 = CARTESIAN_POINT ( 'NONE',  ( -1.446796040372134273, -4.157007890111356296, -4.000000000000000888 ) ) ;
#416 = ORIENTED_EDGE ( 'NONE', *, *, #50, .T. ) ;
#417 = CARTESIAN_POINT ( 'NONE',  ( 57.99002660570575074, 38.65836992137936790, -4.000000000000000000 ) ) ;
#418 = EDGE_CURVE ( 'NONE', #214, #834, #1433, .T. ) ;
#419 = AXIS2_PLACEMENT_3D ( 'NONE', #605, #249, #1119 ) ;
#420 = CARTESIAN_POINT ( 'NONE',  ( 3.000000000000023093, -1.499999999999994671, -4.000000000000000000 ) ) ;
#421 = CIRCLE ( 'NONE', #1169, 1.600000000000013856 ) ;
#422 = DIRECTION ( 'NONE',  ( 0.8660254037844403729, -0.4999999999999970024, 0.000000000000000000 ) ) ;
#423 = AXIS2_PLACEMENT_3D ( 'NONE', #167, #1723, #1903 ) ;
#424 = AXIS2_PLACEMENT_3D ( 'NONE', #826, #1566, #1747 ) ;
#425 = LINE ( 'NONE', #2244, #504 ) ;
#426 = VECTOR ( 'NONE', #939, 1000.000000000000000 ) ;
#427 = DIRECTION ( 'NONE',  ( 0.8660254037844379305, -0.5000000000000015543, -0.000000000000000000 ) ) ;
#428 = AXIS2_PLACEMENT_3D ( 'NONE', #1548, #1417, #2269 ) ;
#429 = ORIENTED_EDGE ( 'NONE', *, *, #1460, .F. ) ;
#430 = DIRECTION ( 'NONE',  ( 0.000000000000000000, 0.000000000000000000, 1.000000000000000000 ) ) ;
#431 = CARTESIAN_POINT ( 'NONE',  ( 1.518949090428829196, -2.772350920188736190, 3.999999999999998224 ) ) ;
#432 = VERTEX_POINT ( 'NONE', #555 ) ;
#433 = PLANE ( 'NONE',  #1246 ) ;
#434 = DIRECTION ( 'NONE',  ( 1.000000000000000000, 0.000000000000000000, -0.000000000000000000 ) ) ;
#435 = FACE_OUTER_BOUND ( 'NONE', #1050, .T. ) ;
#436 = CARTESIAN_POINT ( 'NONE',  ( -8.000000000000000000, -3.000000000000016431, -1.599999999999998979 ) ) ;
#437 = VERTEX_POINT ( 'NONE', #533 ) ;
#438 = ORIENTED_EDGE ( 'NONE', *, *, #1987, .F. ) ;
#439 = ADVANCED_FACE ( 'NONE', ( #207 ), #928, .F. ) ;
#440 = CARTESIAN_POINT ( 'NONE',  ( 1.925929944387235853E-31, 1.399999999999983702, -8.000000000000000000 ) ) ;
#441 = CARTESIAN_POINT ( 'NONE',  ( 1.696634031903617279, -2.239715939377104004, 3.999999999999998224 ) ) ;
#442 = EDGE_LOOP ( 'NONE', ( #1355, #1000 ) ) ;
#443 = DIRECTION ( 'NONE',  ( 1.000000000000000000, 0.000000000000000000, 0.000000000000000000 ) ) ;
#444 = ORIENTED_EDGE ( 'NONE', *, *, #1526, .F. ) ;
#445 = CARTESIAN_POINT ( 'NONE',  ( 56.79903810567670774, 32.79551732809567710, -4.000000000000000000 ) ) ;
#446 = EDGE_CURVE ( 'NONE', #1537, #1568, #347, .T. ) ;
#447 = LINE ( 'NONE', #802, #1547 ) ;
#448 = EDGE_CURVE ( 'NONE', #1392, #1950, #727, .T. ) ;
#449 = DIRECTION ( 'NONE',  ( 1.224646799147353207E-16, -1.000000000000000000, 0.000000000000000000 ) ) ;
#450 = EDGE_CURVE ( 'NONE', #2137, #1066, #185, .T. ) ;
#451 = ORIENTED_EDGE ( 'NONE', *, *, #1820, .F. ) ;
#452 = DIRECTION ( 'NONE',  ( 0.8660254037844388186, -0.4999999999999997780, -0.000000000000000000 ) ) ;
#453 = DIRECTION ( 'NONE',  ( -0.000000000000000000, 1.000000000000000000, -0.000000000000000000 ) ) ;
#454 = ORIENTED_EDGE ( 'NONE', *, *, #55, .T. ) ;
#455 = DIRECTION ( 'NONE',  ( -0.5000000000000006661, -0.8660254037844382635, 0.000000000000000000 ) ) ;
#456 = ORIENTED_EDGE ( 'NONE', *, *, #1770, .T. ) ;
#457 = LINE ( 'NONE', #2094, #535 ) ;
#458 = VECTOR ( 'NONE', #1498, 1000.000000000000000 ) ;
#459 = CARTESIAN_POINT ( 'NONE',  ( -8.091235691421273434E-16, 3.000000000000000888, 8.000000000000000000 ) ) ;
#460 = AXIS2_PLACEMENT_3D ( 'NONE', #1013, #1730, #112 ) ;
#461 = AXIS2_PLACEMENT_3D ( 'NONE', #957, #427, #2236 ) ;
#462 = CARTESIAN_POINT ( 'NONE',  ( -1.446796040372134495, -2.999999999999999556, -4.000000000000000888 ) ) ;
#463 = MECHANICAL_DESIGN_GEOMETRIC_PRESENTATION_REPRESENTATION (  '', ( #1213 ), #121 ) ;
#464 = AXIS2_PLACEMENT_3D ( 'NONE', #1599, #2008, #1421 ) ;
#465 = ORIENTED_EDGE ( 'NONE', *, *, #2059, .T. ) ;
#466 = CIRCLE ( 'NONE', #2120, 1.600000000000013856 ) ;
#467 = ORIENTED_EDGE ( 'NONE', *, *, #414, .T. ) ;
#468 = CARTESIAN_POINT ( 'NONE',  ( 54.20096189432340594, 34.29551732809570552, -4.000000000000000888 ) ) ;
#469 = DIRECTION ( 'NONE',  ( 0.000000000000000000, 0.000000000000000000, 1.000000000000000000 ) ) ;
#470 = EDGE_LOOP ( 'NONE', ( #854, #716 ) ) ;
#471 = ADVANCED_FACE ( 'NONE', ( #753 ), #1393, .T. ) ;
#472 = LINE ( 'NONE', #1185, #234 ) ;
#473 = VERTEX_POINT ( 'NONE', #564 ) ;
#474 = DIRECTION ( 'NONE',  ( -0.000000000000000000, 0.000000000000000000, -1.000000000000000000 ) ) ;
#475 = CARTESIAN_POINT ( 'NONE',  ( 0.7076663319953697684, 1.064295503579204993, 3.999999999999999112 ) ) ;
#476 = EDGE_CURVE ( 'NONE', #1759, #1287, #871, .T. ) ;
#477 = VERTEX_POINT ( 'NONE', #581 ) ;
#478 = ORIENTED_EDGE ( 'NONE', *, *, #1003, .F. ) ;
#479 = DIRECTION ( 'NONE',  ( 0.000000000000000000, 0.000000000000000000, 1.000000000000000000 ) ) ;
#480 = CARTESIAN_POINT ( 'NONE',  ( -0.6068591728751088210, -0.2393152095504250676, 3.999999999999999112 ) ) ;
#481 = EDGE_CURVE ( 'NONE', #1149, #2253, #1810, .T. ) ;
#482 = ORIENTED_EDGE ( 'NONE', *, *, #642, .F. ) ;
#483 = DIRECTION ( 'NONE',  ( -0.8660254037844381525, 0.5000000000000008882, 0.000000000000000000 ) ) ;
#484 = ORIENTED_EDGE ( 'NONE', *, *, #481, .F. ) ;
#485 = CARTESIAN_POINT ( 'NONE',  ( 58.09807621135328759, 32.04551732809568421, -19.00000000000000355 ) ) ;
#486 = CARTESIAN_POINT ( 'NONE',  ( 27.47223250267436612, 15.00000000000000000, 19.00000000000000000 ) ) ;
#487 = PLANE ( 'NONE',  #1586 ) ;
#488 = EDGE_LOOP ( 'NONE', ( #758, #203, #983, #351 ) ) ;
#489 = VERTEX_POINT ( 'NONE', #15 ) ;
#490 = CARTESIAN_POINT ( 'NONE',  ( 59.72153903091601990, 45.65743741578033621, 1.959434878635800729E-16 ) ) ;
#491 = DIRECTION ( 'NONE',  ( -0.000000000000000000, 1.000000000000000000, -0.000000000000000000 ) ) ;
#492 = ORIENTED_EDGE ( 'NONE', *, *, #100, .F. ) ;
#493 = CARTESIAN_POINT ( 'NONE',  ( 74.15358983848493324, 66.65448267190510023, -1.503427012512364608E-15 ) ) ;
#494 = ORIENTED_EDGE ( 'NONE', *, *, #565, .T. ) ;
#495 = DIRECTION ( 'NONE',  ( -0.000000000000000000, -1.000000000000000000, -5.782411586589356653E-16 ) ) ;
#496 = EDGE_CURVE ( 'NONE', #330, #2017, #1578, .T. ) ;
#497 = DIRECTION ( 'NONE',  ( -0.5000000000000009992, -0.8660254037844380415, -0.000000000000000000 ) ) ;
#498 = DIRECTION ( 'NONE',  ( -0.4999999999999982236, -0.8660254037844395958, 0.000000000000000000 ) ) ;
#499 = VECTOR ( 'NONE', #267, 1000.000000000000000 ) ;
#500 = VECTOR ( 'NONE', #1132, 1000.000000000000000 ) ;
#501 = CONICAL_SURFACE ( 'NONE', #157, 3.200000000000008171, 0.7853981633974458365 ) ;
#502 = ORIENTED_EDGE ( 'NONE', *, *, #1710, .T. ) ;
#503 = EDGE_LOOP ( 'NONE', ( #1675, #1874, #1146, #1041, #180, #673, #1768, #266 ) ) ;
#504 = VECTOR ( 'NONE', #91, 1000.000000000000114 ) ;
#505 = AXIS2_PLACEMENT_3D ( 'NONE', #791, #1314, #816 ) ;
#506 = CARTESIAN_POINT ( 'NONE',  ( -1.462532020486609907, -2.415421768126982727, 3.999999999999999112 ) ) ;
#507 = AXIS2_PLACEMENT_3D ( 'NONE', #1148, #1686, #1513 ) ;
#508 = ORIENTED_EDGE ( 'NONE', *, *, #811, .T. ) ;
#509 = CONICAL_SURFACE ( 'NONE', #1895, 3.200000000000008171, 0.7853981633974457255 ) ;
#510 = DIRECTION ( 'NONE',  ( 0.5000000000000017764, 0.8660254037844375974, 0.000000000000000000 ) ) ;
#511 = EDGE_LOOP ( 'NONE', ( #2233, #1789, #1856, #1524 ) ) ;
#512 = CARTESIAN_POINT ( 'NONE',  ( 19.00000000000000000, 3.000000000000003553, 19.00000000000000000 ) ) ;
#513 = DIRECTION ( 'NONE',  ( 0.8660254037844402619, -0.4999999999999971689, -0.000000000000000000 ) ) ;
#514 = ORIENTED_EDGE ( 'NONE', *, *, #1173, .F. ) ;
#515 = EDGE_LOOP ( 'NONE', ( #1819, #1841, #1705, #1948 ) ) ;
#516 = CARTESIAN_POINT ( 'NONE',  ( 92.22323035880259567, 23.19753545569321318, 2.311115933264683024E-30 ) ) ;
#517 = ORIENTED_EDGE ( 'NONE', *, *, #1012, .F. ) ;
#518 = EDGE_CURVE ( 'NONE', #1083, #891, #833, .T. ) ;
#519 = LINE ( 'NONE', #1229, #1440 ) ;
#520 = EDGE_LOOP ( 'NONE', ( #1359, #9, #2196, #300 ) ) ;
#521 = CARTESIAN_POINT ( 'NONE',  ( 3.000000000000055067, 1.500000000000003997, 3.999999999999999112 ) ) ;
#522 = DIRECTION ( 'NONE',  ( -0.5000000000000008882, -0.8660254037844381525, -8.628166150854816622E-31 ) ) ;
#523 = DIRECTION ( 'NONE',  ( -0.8660254037844381525, 0.5000000000000008882, 0.000000000000000000 ) ) ;
#524 = ADVANCED_FACE ( 'NONE', ( #1241 ), #1966, .F. ) ;
#525 = EDGE_CURVE ( 'NONE', #2034, #574, #1978, .T. ) ;
#526 = ADVANCED_FACE ( 'NONE', ( #2153 ), #546, .F. ) ;
#527 = EDGE_LOOP ( 'NONE', ( #465, #332 ) ) ;
#528 = ORIENTED_EDGE ( 'NONE', *, *, #1307, .T. ) ;
#529 = DIRECTION ( 'NONE',  ( -0.5000000000000008882, -0.8660254037844381525, 0.000000000000000000 ) ) ;
#530 = EDGE_LOOP ( 'NONE', ( #132, #1954, #844, #584 ) ) ;
#531 = PLANE ( 'NONE',  #1773 ) ;
#532 = FILL_AREA_STYLE_COLOUR ( '', #1401 ) ;
#533 = CARTESIAN_POINT ( 'NONE',  ( 60.22153903091603411, 46.52346281956479146, 2.311115933264683024E-30 ) ) ;
#534 = CARTESIAN_POINT ( 'NONE',  ( -8.091235691421273434E-16, 1.399999999999983702, 8.000000000000000000 ) ) ;
#535 = VECTOR ( 'NONE', #103, 1000.000000000000227 ) ;
#536 = ORIENTED_EDGE ( 'NONE', *, *, #2128, .F. ) ;
#537 = ORIENTED_EDGE ( 'NONE', *, *, #1695, .F. ) ;
#538 = VECTOR ( 'NONE', #107, 1000.000000000000000 ) ;
#539 = VECTOR ( 'NONE', #2057, 1000.000000000000114 ) ;
#540 = AXIS2_PLACEMENT_3D ( 'NONE', #52, #1867, #779 ) ;
#541 = CARTESIAN_POINT ( 'NONE',  ( 1.518949090428828308, -2.772350920188735302, -4.000000000000000000 ) ) ;
#542 = ORIENTED_EDGE ( 'NONE', *, *, #2091, .F. ) ;
#543 = CARTESIAN_POINT ( 'NONE',  ( 93.02323035880260704, 24.58317610174832168, 2.311115933264683024E-30 ) ) ;
#544 = AXIS2_PLACEMENT_3D ( 'NONE', #1319, #453, #1133 ) ;
#545 = PLANE ( 'NONE',  #2118 ) ;
#546 = PLANE ( 'NONE',  #1503 ) ;
#547 = DIRECTION ( 'NONE',  ( -1.000000000000000000, 0.000000000000000000, 0.000000000000000000 ) ) ;
#548 = DIRECTION ( 'NONE',  ( -1.000000000000000000, 0.000000000000000000, 0.000000000000000000 ) ) ;
#549 = VERTEX_POINT ( 'NONE', #1833 ) ;
#550 = ADVANCED_FACE ( 'NONE', ( #964 ), #63, .F. ) ;
#551 = CARTESIAN_POINT ( 'NONE',  ( -8.000000000000000000, -3.000000000000016431, 9.797174393178825657E-16 ) ) ;
#552 = ORIENTED_EDGE ( 'NONE', *, *, #448, .F. ) ;
#553 = DIRECTION ( 'NONE',  ( -0.8660254037844381525, 0.5000000000000008882, 0.000000000000000000 ) ) ;
#554 = PLANE ( 'NONE',  #272 ) ;
#555 = CARTESIAN_POINT ( 'NONE',  ( 0.000000000000000000, -2.999999999999999112, 18.99999999999999645 ) ) ;
#556 = CARTESIAN_POINT ( 'NONE',  ( 2.206224543518018777, -1.674653409689821792, -4.000000000000000000 ) ) ;
#557 = ORIENTED_EDGE ( 'NONE', *, *, #2140, .T. ) ;
#558 = VERTEX_POINT ( 'NONE', #1329 ) ;
#559 = EDGE_CURVE ( 'NONE', #1427, #558, #34, .T. ) ;
#560 = CARTESIAN_POINT ( 'NONE',  ( 1.925929944387235853E-31, -3.000000000000016431, -8.000000000000000000 ) ) ;
#561 = VERTEX_POINT ( 'NONE', #1489 ) ;
#562 = DIRECTION ( 'NONE',  ( 0.5000000000000001110, 0.8660254037844385966, 0.000000000000000000 ) ) ;
#563 = DIRECTION ( 'NONE',  ( -0.5000000000000023315, -0.8660254037844373753, 0.000000000000000000 ) ) ;
#564 = CARTESIAN_POINT ( 'NONE',  ( -1.500151376898807065, -2.999997095521670598, -4.000000000000000888 ) ) ;
#565 = EDGE_CURVE ( 'NONE', #1897, #2279, #409, .T. ) ;
#566 = LINE ( 'NONE', #1466, #1170 ) ;
#567 = DIRECTION ( 'NONE',  ( -0.5000000000000013323, -0.8660254037844379305, 0.000000000000000000 ) ) ;
#568 = EDGE_CURVE ( 'NONE', #87, #1174, #255, .T. ) ;
#569 = AXIS2_PLACEMENT_3D ( 'NONE', #1446, #2316, #1464 ) ;
#570 = ORIENTED_EDGE ( 'NONE', *, *, #21, .F. ) ;
#571 = VECTOR ( 'NONE', #2040, 1000.000000000000000 ) ;
#572 = LINE ( 'NONE', #1110, #1139 ) ;
#573 = VECTOR ( 'NONE', #96, 1000.000000000000000 ) ;
#574 = VERTEX_POINT ( 'NONE', #38 ) ;
#575 = EDGE_CURVE ( 'NONE', #1923, #1558, #90, .T. ) ;
#576 = CYLINDRICAL_SURFACE ( 'NONE', #1434, 1.600000000000000755 ) ;
#577 = AXIS2_PLACEMENT_3D ( 'NONE', #1614, #3, #1445 ) ;
#578 = VECTOR ( 'NONE', #1103, 1000.000000000000000 ) ;
#579 = DIRECTION ( 'NONE',  ( -0.8660254037844380415, 0.5000000000000008882, -0.000000000000000000 ) ) ;
#580 = VECTOR ( 'NONE', #1713, 1000.000000000000114 ) ;
#581 = CARTESIAN_POINT ( 'NONE',  ( 58.35358983848489345, 39.28807991231682450, 5.633375276077854680E-16 ) ) ;
#582 = CARTESIAN_POINT ( 'NONE',  ( 19.00000000000000000, -2.999999999999996891, 18.99999999999999645 ) ) ;
#583 = LINE ( 'NONE', #1292, #1172 ) ;
#584 = ORIENTED_EDGE ( 'NONE', *, *, #1055, .F. ) ;
#585 = EDGE_CURVE ( 'NONE', #2063, #1083, #770, .T. ) ;
#586 = LINE ( 'NONE', #959, #2030 ) ;
#587 = DIRECTION ( 'NONE',  ( -0.000000000000000000, -1.000000000000000000, -5.782411586589356653E-16 ) ) ;
#588 = ORIENTED_EDGE ( 'NONE', *, *, #68, .T. ) ;
#589 = DIRECTION ( 'NONE',  ( 0.4999999999999962252, 0.8660254037844408170, 0.000000000000000000 ) ) ;
#590 = PLANE ( 'NONE',  #1438 ) ;
#591 = DIRECTION ( 'NONE',  ( 0.8660254037844380415, -0.5000000000000011102, -5.782411586589356653E-16 ) ) ;
#592 = DIRECTION ( 'NONE',  ( 0.000000000000000000, -1.897353801849614024E-16, 1.000000000000000000 ) ) ;
#593 = PLANE ( 'NONE',  #2 ) ;
#594 = EDGE_CURVE ( 'NONE', #1010, #1225, #613, .T. ) ;
#595 = ORIENTED_EDGE ( 'NONE', *, *, #1666, .T. ) ;
#596 = EDGE_CURVE ( 'NONE', #124, #1897, #1114, .T. ) ;
#597 = CARTESIAN_POINT ( 'NONE',  ( 19.00000000000000000, -2.999999999999996891, -19.00000000000000355 ) ) ;
#598 = CARTESIAN_POINT ( 'NONE',  ( 1.812545725948388142, -2.065062447742111562, 3.999999999999998224 ) ) ;
#599 = ORIENTED_EDGE ( 'NONE', *, *, #757, .F. ) ;
#600 = DIRECTION ( 'NONE',  ( 1.000000000000000000, 0.000000000000000000, -0.000000000000000000 ) ) ;
#601 = DIRECTION ( 'NONE',  ( -0.4999999999999982236, -0.8660254037844395958, 0.000000000000000000 ) ) ;
#602 = CARTESIAN_POINT ( 'NONE',  ( 54.20096189432340594, 34.29551732809569842, 1.951922129595009769 ) ) ;
#603 = FACE_OUTER_BOUND ( 'NONE', #190, .T. ) ;
#604 = ORIENTED_EDGE ( 'NONE', *, *, #525, .T. ) ;
#605 = CARTESIAN_POINT ( 'NONE',  ( 62.40192378864659162, 51.50000000000004263, -3.469446951953614189E-15 ) ) ;
#606 = DIRECTION ( 'NONE',  ( 0.000000000000000000, 0.000000000000000000, 1.000000000000000000 ) ) ;
#607 = EDGE_LOOP ( 'NONE', ( #95, #155, #643, #694 ) ) ;
#608 = DIRECTION ( 'NONE',  ( 0.8660254037844402619, -0.4999999999999971689, -0.000000000000000000 ) ) ;
#609 = AXIS2_PLACEMENT_3D ( 'NONE', #807, #1495, #1645 ) ;
#610 = CARTESIAN_POINT ( 'NONE',  ( 63.59807621135327338, 41.57179676972447169, 2.311115933264683024E-30 ) ) ;
#611 = AXIS2_PLACEMENT_3D ( 'NONE', #400, #1448, #567 ) ;
#612 = ORIENTED_EDGE ( 'NONE', *, *, #688, .T. ) ;
#613 = LINE ( 'NONE', #2044, #1473 ) ;
#614 = VECTOR ( 'NONE', #1104, 1000.000000000000114 ) ;
#615 = CIRCLE ( 'NONE', #273, 18.00000000000001421 ) ;
#616 = DIRECTION ( 'NONE',  ( 0.8660254037844371533, -0.5000000000000025535, -0.000000000000000000 ) ) ;
#617 = VECTOR ( 'NONE', #2119, 1000.000000000000000 ) ;
#618 = CARTESIAN_POINT ( 'NONE',  ( 62.95358983848490908, 47.25551362713366643, 2.311115933264683024E-30 ) ) ;
#619 = CIRCLE ( 'NONE', #2154, 19.09999999999999787 ) ;
#620 = VERTEX_POINT ( 'NONE', #76 ) ;
#621 = DIRECTION ( 'NONE',  ( 1.000000000000000000, 0.000000000000000000, 0.000000000000000000 ) ) ;
#622 = CARTESIAN_POINT ( 'NONE',  ( 1.499920756150957546, -2.999996778326763813, 3.999999999999998224 ) ) ;
#623 = ORIENTED_EDGE ( 'NONE', *, *, #151, .T. ) ;
#624 = EDGE_CURVE ( 'NONE', #1252, #1671, #1516, .T. ) ;
#625 = ADVANCED_FACE ( 'NONE', ( #1302 ), #974, .F. ) ;
#626 = FACE_OUTER_BOUND ( 'NONE', #412, .T. ) ;
#627 = VERTEX_POINT ( 'NONE', #1124 ) ;
#628 = CARTESIAN_POINT ( 'NONE',  ( 101.0232303588026497, 38.43958256229933568, -2.939152317953647894E-15 ) ) ;
#629 = ADVANCED_FACE ( 'NONE', ( #813 ), #2234, .F. ) ;
#630 = DIRECTION ( 'NONE',  ( -1.129463715749942746E-14, -1.000000000000000000, -2.891205793294678819E-16 ) ) ;
#631 = DIRECTION ( 'NONE',  ( -1.000000000000000000, 5.492835371657875183E-16, 0.000000000000000000 ) ) ;
#632 = VERTEX_POINT ( 'NONE', #230 ) ;
#633 = DIRECTION ( 'NONE',  ( -0.000000000000000000, 1.000000000000000000, -0.000000000000000000 ) ) ;
#634 = CARTESIAN_POINT ( 'NONE',  ( 2.206224543518279901, -1.674653409689649708, 3.999999999999998224 ) ) ;
#635 = ORIENTED_EDGE ( 'NONE', *, *, #101, .F. ) ;
#636 = EDGE_CURVE ( 'NONE', #866, #1755, #1957, .T. ) ;
#637 = DIRECTION ( 'NONE',  ( 0.9659258262890660918, 0.2588190451025290106, 0.000000000000000000 ) ) ;
#638 = VERTEX_POINT ( 'NONE', #1667 ) ;
#639 = DIRECTION ( 'NONE',  ( -0.8660254037844397068, 0.4999999999999982792, 1.897353801849614271E-16 ) ) ;
#640 = DIRECTION ( 'NONE',  ( -0.5000000000000008882, -0.8660254037844381525, 0.000000000000000000 ) ) ;
#641 = CARTESIAN_POINT ( 'NONE',  ( 27.47223250267441941, 1.500000000000005995, -4.000000000000000888 ) ) ;
#642 = EDGE_CURVE ( 'NONE', #1332, #1075, #2107, .T. ) ;
#643 = ORIENTED_EDGE ( 'NONE', *, *, #100, .T. ) ;
#644 = CARTESIAN_POINT ( 'NONE',  ( 65.19807621135326769, 44.34307806183464606, 2.311115933264683024E-30 ) ) ;
#645 = CARTESIAN_POINT ( 'NONE',  ( 71.90192378864669820, 67.95448267190434422, -19.00000000000000355 ) ) ;
#646 = EDGE_LOOP ( 'NONE', ( #1626, #1218 ) ) ;
#647 = LINE ( 'NONE', #2081, #158 ) ;
#648 = ADVANCED_FACE ( 'NONE', ( #1528 ), #1859, .F. ) ;
#649 = ORIENTED_EDGE ( 'NONE', *, *, #860, .T. ) ;
#650 = FACE_OUTER_BOUND ( 'NONE', #2213, .T. ) ;
#651 = VECTOR ( 'NONE', #47, 1000.000000000000114 ) ;
#652 = CARTESIAN_POINT ( 'NONE',  ( -0.9347242400488868785, -0.7500086268831750447, 3.999999999999999112 ) ) ;
#653 = AXIS2_PLACEMENT_3D ( 'NONE', #2264, #1017, #547 ) ;
#654 = AXIS2_PLACEMENT_3D ( 'NONE', #920, #27, #1986 ) ;
#655 = PLANE ( 'NONE',  #840 ) ;
#656 = AXIS2_PLACEMENT_3D ( 'NONE', #486, #1232, #701 ) ;
#657 = ORIENTED_EDGE ( 'NONE', *, *, #596, .T. ) ;
#658 = CIRCLE ( 'NONE', #1216, 1.600000000000000089 ) ;
#659 = DIRECTION ( 'NONE',  ( 0.8660254037844377084, -0.5000000000000014433, -0.000000000000000000 ) ) ;
#660 = ORIENTED_EDGE ( 'NONE', *, *, #1519, .F. ) ;
#661 = ADVANCED_FACE ( 'NONE', ( #1312 ), #2067, .F. ) ;
#662 = CARTESIAN_POINT ( 'NONE',  ( 71.59807621135330180, 55.42820323027549279, -2.939152317953647894E-15 ) ) ;
#663 = ORIENTED_EDGE ( 'NONE', *, *, #1450, .F. ) ;
#664 = CYLINDRICAL_SURFACE ( 'NONE', #307, 12.00000000000001776 ) ;
#665 =( NAMED_UNIT ( * ) SI_UNIT ( $, .STERADIAN. ) SOLID_ANGLE_UNIT ( ) );
#666 = DIRECTION ( 'NONE',  ( 0.000000000000000000, 0.7071067811865493491, 0.7071067811865456854 ) ) ;
#667 = ORIENTED_EDGE ( 'NONE', *, *, #138, .T. ) ;
#668 = DIRECTION ( 'NONE',  ( 0.000000000000000000, 0.000000000000000000, 1.000000000000000000 ) ) ;
#669 = CARTESIAN_POINT ( 'NONE',  ( -1.268625199661380654, -1.563146574804259226, 3.999999999999999112 ) ) ;
#670 = EDGE_CURVE ( 'NONE', #1568, #740, #135, .T. ) ;
#671 = ORIENTED_EDGE ( 'NONE', *, *, #1182, .F. ) ;
#672 = CARTESIAN_POINT ( 'NONE',  ( 1.925929944387235853E-31, 1.399999999999983702, -8.000000000000000000 ) ) ;
#673 = ORIENTED_EDGE ( 'NONE', *, *, #2013, .F. ) ;
#674 = DIRECTION ( 'NONE',  ( -1.000000000000000000, 0.000000000000000000, 0.000000000000000000 ) ) ;
#675 = CARTESIAN_POINT ( 'NONE',  ( 74.15358983848493324, 66.65448267190510023, 19.00000000000000000 ) ) ;
#676 = FACE_OUTER_BOUND ( 'NONE', #2026, .T. ) ;
#677 = ORIENTED_EDGE ( 'NONE', *, *, #559, .F. ) ;
#678 = CARTESIAN_POINT ( 'NONE',  ( 39.16357545376430238, 8.250000000000040856, -4.000000000000000888 ) ) ;
#679 = ORIENTED_EDGE ( 'NONE', *, *, #418, .T. ) ;
#680 = CARTESIAN_POINT ( 'NONE',  ( 77.09807621135333022, 64.95448267190434422, -19.00000000000000355 ) ) ;
#681 = ORIENTED_EDGE ( 'NONE', *, *, #1012, .T. ) ;
#682 = DIRECTION ( 'NONE',  ( 1.000000000000000000, 0.000000000000000000, -0.000000000000000000 ) ) ;
#683 = AXIS2_PLACEMENT_3D ( 'NONE', #303, #2288, #851 ) ;
#684 = CARTESIAN_POINT ( 'NONE',  ( 58.09807621135328759, 32.04551732809568421, 18.99999999999999645 ) ) ;
#685 = DIRECTION ( 'NONE',  ( -0.4999999999999947820, -0.8660254037844417052, 0.000000000000000000 ) ) ;
#686 = VECTOR ( 'NONE', #58, 1000.000000000000114 ) ;
#687 = AXIS2_PLACEMENT_3D ( 'NONE', #712, #2249, #1006 ) ;
#688 = EDGE_CURVE ( 'NONE', #1408, #360, #111, .T. ) ;
#689 = EDGE_LOOP ( 'NONE', ( #478, #82, #681, #2082 ) ) ;
#690 = VECTOR ( 'NONE', #2197, 1000.000000000000000 ) ;
#691 = CIRCLE ( 'NONE', #1998, 1.600000000000006972 ) ;
#692 = CARTESIAN_POINT ( 'NONE',  ( 1.854894774581449246, 1.500000000000012212, 3.999999999999999112 ) ) ;
#693 = CIRCLE ( 'NONE', #1854, 1.600000000000000755 ) ;
#694 = ORIENTED_EDGE ( 'NONE', *, *, #1399, .T. ) ;
#695 = VECTOR ( 'NONE', #830, 1000.000000000000000 ) ;
#696 = DIRECTION ( 'NONE',  ( -0.5000000000000009992, -0.8660254037844380415, 0.000000000000000000 ) ) ;
#697 = EDGE_CURVE ( 'NONE', #1111, #2330, #1011, .T. ) ;
#698 = ORIENTED_EDGE ( 'NONE', *, *, #2144, .T. ) ;
#699 = DIRECTION ( 'NONE',  ( -0.8660254037844381525, 0.5000000000000008882, 0.000000000000000000 ) ) ;
#700 = EDGE_CURVE ( 'NONE', #632, #1633, #284, .T. ) ;
#701 = DIRECTION ( 'NONE',  ( 0.8660254037844404840, -0.4999999999999970579, 0.000000000000000000 ) ) ;
#702 = ADVANCED_FACE ( 'NONE', ( #1365, #2254, #327, #1196 ), #1717, .F. ) ;
#703 = CARTESIAN_POINT ( 'NONE',  ( 63.67762877368775065, 48.50958584956305941, -19.00000000000000355 ) ) ;
#704 = ORIENTED_EDGE ( 'NONE', *, *, #1729, .F. ) ;
#705 = APPLICATION_PROTOCOL_DEFINITION ( 'draft international standard', 'automotive_design', 1998, #1388 ) ;
#706 = ORIENTED_EDGE ( 'NONE', *, *, #2114, .F. ) ;
#707 = CARTESIAN_POINT ( 'NONE',  ( 27.47223250267441941, 1.500000000000004441, 3.999999999999999112 ) ) ;
#708 = VERTEX_POINT ( 'NONE', #1021 ) ;
#709 = CARTESIAN_POINT ( 'NONE',  ( 43.06068977079432614, 6.000000000000036415, -19.00000000000000355 ) ) ;
#710 = FACE_OUTER_BOUND ( 'NONE', #1567, .T. ) ;
#711 = CARTESIAN_POINT ( 'NONE',  ( 57.99002660570575074, 38.65836992137936790, 3.999999999999998224 ) ) ;
#712 = CARTESIAN_POINT ( 'NONE',  ( 63.70096189432336331, 50.74999999999997868, -3.469446951953614189E-15 ) ) ;
#713 = ORIENTED_EDGE ( 'NONE', *, *, #1049, .F. ) ;
#714 = ORIENTED_EDGE ( 'NONE', *, *, #1546, .T. ) ;
#715 = CARTESIAN_POINT ( 'NONE',  ( 1.696634031903617279, -2.239715939377104004, 3.999999999999998224 ) ) ;
#716 = ORIENTED_EDGE ( 'NONE', *, *, #2246, .T. ) ;
#717 = DIRECTION ( 'NONE',  ( 0.000000000000000000, -0.000000000000000000, -1.000000000000000000 ) ) ;
#718 = PLANE ( 'NONE',  #728 ) ;
#719 = DIRECTION ( 'NONE',  ( 0.2588190451025205174, -0.9659258262890684232, 8.659560562354918067E-17 ) ) ;
#720 = DIRECTION ( 'NONE',  ( 0.000000000000000000, 0.000000000000000000, 1.000000000000000000 ) ) ;
#721 = AXIS2_PLACEMENT_3D ( 'NONE', #2206, #639, #601 ) ;
#722 = VERTEX_POINT ( 'NONE', #2083 ) ;
#723 = EDGE_CURVE ( 'NONE', #391, #1975, #859, .T. ) ;
#724 = AXIS2_PLACEMENT_3D ( 'NONE', #760, #1508, #430 ) ;
#725 = ORIENTED_EDGE ( 'NONE', *, *, #2011, .F. ) ;
#726 = CIRCLE ( 'NONE', #1813, 13.49999999999999112 ) ;
#727 = CIRCLE ( 'NONE', #2263, 19.00000000000000355 ) ;
#728 = AXIS2_PLACEMENT_3D ( 'NONE', #2019, #396, #1432 ) ;
#729 = CARTESIAN_POINT ( 'NONE',  ( 1.511718633126147626, -2.820092651306594256, 3.999999999999998224 ) ) ;
#730 = ORIENTED_EDGE ( 'NONE', *, *, #1699, .T. ) ;
#731 = LINE ( 'NONE', #1262, #2109 ) ;
#732 = VECTOR ( 'NONE', #1034, 1000.000000000000000 ) ;
#733 = CARTESIAN_POINT ( 'NONE',  ( 41.76165166511760418, 6.750000000000011546, -4.000000000000000000 ) ) ;
#734 = DIRECTION ( 'NONE',  ( -0.8660254037844380415, 0.5000000000000008882, -0.000000000000000000 ) ) ;
#735 = CARTESIAN_POINT ( 'NONE',  ( 1.578404324568592809, -2.527636830777390209, -4.000000000000000000 ) ) ;
#736 = DIRECTION ( 'NONE',  ( 1.772134475049664720E-17, -1.000000000000000000, -1.355252715606862300E-16 ) ) ;
#737 = ADVANCED_FACE ( 'NONE', ( #650 ), #1206, .F. ) ;
#738 = ORIENTED_EDGE ( 'NONE', *, *, #697, .T. ) ;
#739 = CARTESIAN_POINT ( 'NONE',  ( 1.812545725948518704, -2.065062447742022744, -4.000000000000000000 ) ) ;
#740 = VERTEX_POINT ( 'NONE', #1538 ) ;
#741 = EDGE_CURVE ( 'NONE', #489, #2330, #457, .T. ) ;
#742 = FACE_OUTER_BOUND ( 'NONE', #1575, .T. ) ;
#743 = CARTESIAN_POINT ( 'NONE',  ( 27.47223250267439099, 2.999999999999981348, -19.00000000000000355 ) ) ;
#744 = LINE ( 'NONE', #2164, #1701 ) ;
#745 = UNCERTAINTY_MEASURE_WITH_UNIT (LENGTH_MEASURE( 1.000000000000000082E-05 ), #1217, 'distance_accuracy_value', 'NONE');
#746 = DIRECTION ( 'NONE',  ( 0.8660254037844403729, -0.4999999999999970024, 0.000000000000000000 ) ) ;
#747 = PLANE ( 'NONE',  #1774 ) ;
#748 = EDGE_LOOP ( 'NONE', ( #1414, #958, #379, #2051, #60, #704 ) ) ;
#749 = CARTESIAN_POINT ( 'NONE',  ( 1.548367031081321121, -2.627104465533191657, 3.999999999999998224 ) ) ;
#750 = ORIENTED_EDGE ( 'NONE', *, *, #568, .F. ) ;
#751 = FACE_OUTER_BOUND ( 'NONE', #2310, .T. ) ;
#752 = LINE ( 'NONE', #1463, #1816 ) ;
#753 = FACE_OUTER_BOUND ( 'NONE', #1416, .T. ) ;
#754 = CARTESIAN_POINT ( 'NONE',  ( 1.696634031903659690, -2.239715939377102227, -4.000000000000000000 ) ) ;
#755 = DIRECTION ( 'NONE',  ( -0.000000000000000000, 0.000000000000000000, 1.000000000000000000 ) ) ;
#756 = EDGE_CURVE ( 'NONE', #620, #330, #319, .T. ) ;
#757 = EDGE_CURVE ( 'NONE', #1544, #1214, #1276, .T. ) ;
#758 = ORIENTED_EDGE ( 'NONE', *, *, #1944, .T. ) ;
#759 = VECTOR ( 'NONE', #951, 1000.000000000000114 ) ;
#760 = CARTESIAN_POINT ( 'NONE',  ( -8.000000000000000000, -3.000000000000016431, 9.797174393178825657E-16 ) ) ;
#761 = LINE ( 'NONE', #1603, #1368 ) ;
#762 = VECTOR ( 'NONE', #1584, 1000.000000000000114 ) ;
#763 = CIRCLE ( 'NONE', #505, 19.00000000000000355 ) ;
#764 = ORIENTED_EDGE ( 'NONE', *, *, #1946, .F. ) ;
#765 = DIRECTION ( 'NONE',  ( 0.000000000000000000, 0.000000000000000000, 1.000000000000000000 ) ) ;
#766 = CIRCLE ( 'NONE', #991, 19.10000000000000497 ) ;
#767 = DIRECTION ( 'NONE',  ( -0.5000000000000002220, -0.8660254037844384856, 2.042810365310288034E-14 ) ) ;
#768 = ADVANCED_FACE ( 'NONE', ( #1908 ), #1551, .T. ) ;
#769 = CIRCLE ( 'NONE', #2080, 4.500000000001542766 ) ;
#770 = LINE ( 'NONE', #1140, #1781 ) ;
#771 = DIRECTION ( 'NONE',  ( -7.081411840869224122E-32, 5.782411586589356653E-16, -1.000000000000000000 ) ) ;
#772 = ADVANCED_FACE ( 'NONE', ( #1036 ), #1756, .F. ) ;
#773 = CARTESIAN_POINT ( 'NONE',  ( 67.59807621135330180, 48.50000000000002132, -19.00000000000000355 ) ) ;
#774 = ORIENTED_EDGE ( 'NONE', *, *, #1039, .T. ) ;
#775 = DIRECTION ( 'NONE',  ( -1.000000000000000000, -1.224646799147353207E-16, -0.000000000000000000 ) ) ;
#776 = CARTESIAN_POINT ( 'NONE',  ( -1.268625199661381542, -1.563146574804214595, -4.000000000000000888 ) ) ;
#777 = VERTEX_POINT ( 'NONE', #512 ) ;
#778 = CARTESIAN_POINT ( 'NONE',  ( 27.47223250267436612, 15.00000000000000000, 3.999999999999999112 ) ) ;
#779 = DIRECTION ( 'NONE',  ( 0.8660254037844404840, -0.4999999999999970579, 0.000000000000000000 ) ) ;
#780 = CARTESIAN_POINT ( 'NONE',  ( 58.09807621135328048, 32.04551732809568421, 18.99999999999999645 ) ) ;
#781 = LINE ( 'NONE', #462, #1134 ) ;
#782 = ORIENTED_EDGE ( 'NONE', *, *, #1278, .F. ) ;
#783 = CARTESIAN_POINT ( 'NONE',  ( 60.65358983848489061, 43.27179676972524192, 2.311115933264683024E-30 ) ) ;
#784 = CARTESIAN_POINT ( 'NONE',  ( -1.489824577692737240, -3.423038367174032537, 3.999999999999999112 ) ) ;
#785 = ORIENTED_EDGE ( 'NONE', *, *, #2144, .F. ) ;
#786 = DIRECTION ( 'NONE',  ( -0.000000000000000000, 1.000000000000000000, -0.000000000000000000 ) ) ;
#787 = DIRECTION ( 'NONE',  ( 2.503857664561935334E-16, -1.445602896647334479E-16, 1.000000000000000000 ) ) ;
#788 = DIRECTION ( 'NONE',  ( 1.224646799147353207E-16, -1.000000000000000000, 0.000000000000000000 ) ) ;
#789 = APPLICATION_CONTEXT ( 'automotive_design' ) ;
#790 = PLANE ( 'NONE',  #1777 ) ;
#791 = CARTESIAN_POINT ( 'NONE',  ( 3.469446951953613006E-15, -3.000000000000000000, -5.204170427930421283E-15 ) ) ;
#792 = ORIENTED_EDGE ( 'NONE', *, *, #1901, .F. ) ;
#793 = ADVANCED_FACE ( 'NONE', ( #147 ), #664, .F. ) ;
#794 = VECTOR ( 'NONE', #1707, 1000.000000000000000 ) ;
#795 = DIRECTION ( 'NONE',  ( 0.000000000000000000, 0.7071067811865492381, 0.7071067811865457964 ) ) ;
#796 = DIRECTION ( 'NONE',  ( -0.5000000000000009992, -0.8660254037844381525, 0.000000000000000000 ) ) ;
#797 = VERTEX_POINT ( 'NONE', #1764 ) ;
#798 = VECTOR ( 'NONE', #2323, 1000.000000000000000 ) ;
#799 = AXIS2_PLACEMENT_3D ( 'NONE', #1806, #553, #885 ) ;
#800 = CARTESIAN_POINT ( 'NONE',  ( 62.95358983848489487, 47.25551362713366643, 2.311115933264683024E-30 ) ) ;
#801 = CARTESIAN_POINT ( 'NONE',  ( -8.000000000000000000, 2.999999999999999556, 9.797174393178825657E-16 ) ) ;
#802 = CARTESIAN_POINT ( 'NONE',  ( 27.47223250267441941, 1.500000000000004441, 3.999999999999999112 ) ) ;
#803 = CIRCLE ( 'NONE', #81, 2.600000000000012079 ) ;
#804 = LINE ( 'NONE', #1353, #1549 ) ;
#805 = EDGE_CURVE ( 'NONE', #2283, #2201, #1376, .T. ) ;
#806 = ORIENTED_EDGE ( 'NONE', *, *, #525, .F. ) ;
#807 = CARTESIAN_POINT ( 'NONE',  ( 60.65358983848489061, 43.27179676972523481, 2.311115933264683024E-30 ) ) ;
#808 = CYLINDRICAL_SURFACE ( 'NONE', #544, 1.600000000000000755 ) ;
#809 = ORIENTED_EDGE ( 'NONE', *, *, #1003, .T. ) ;
#810 = CARTESIAN_POINT ( 'NONE',  ( 19.00000000000000000, -2.999999999999996891, 18.99999999999999645 ) ) ;
#811 = EDGE_CURVE ( 'NONE', #1287, #1759, #2071, .T. ) ;
#812 = ORIENTED_EDGE ( 'NONE', *, *, #1077, .F. ) ;
#813 = FACE_OUTER_BOUND ( 'NONE', #970, .T. ) ;
#814 = ADVANCED_FACE ( 'NONE', ( #1898 ), #1253, .F. ) ;
#815 = CARTESIAN_POINT ( 'NONE',  ( -1.492301801792064619, -2.706180328834765447, 3.999999999999999112 ) ) ;
#816 = DIRECTION ( 'NONE',  ( -1.000000000000000000, -1.141265444721583511E-16, 0.000000000000000000 ) ) ;
#817 = ORIENTED_EDGE ( 'NONE', *, *, #2011, .T. ) ;
#818 = EDGE_CURVE ( 'NONE', #1181, #1392, #369, .T. ) ;
#819 = CARTESIAN_POINT ( 'NONE',  ( 69.99807621135332170, 52.65692193816533262, -2.547265342226500075E-15 ) ) ;
#820 = CARTESIAN_POINT ( 'NONE',  ( 0.7076663319955428522, 1.064295503579206548, -4.000000000000000888 ) ) ;
#821 = VERTEX_POINT ( 'NONE', #1976 ) ;
#822 = LINE ( 'NONE', #2231, #915 ) ;
#823 = ORIENTED_EDGE ( 'NONE', *, *, #1422, .F. ) ;
#824 = CARTESIAN_POINT ( 'NONE',  ( 63.67762877368775065, 48.50958584956305941, -19.00000000000000355 ) ) ;
#825 = CARTESIAN_POINT ( 'NONE',  ( -1.462532020486609907, -2.415421768126982727, 3.999999999999999112 ) ) ;
#826 = CARTESIAN_POINT ( 'NONE',  ( -1.446796040372134273, -4.157007890111356296, -4.000000000000000888 ) ) ;
#827 = ADVANCED_FACE ( 'NONE', ( #1961 ), #2162, .F. ) ;
#828 = EDGE_LOOP ( 'NONE', ( #806, #365, #1159, #1656 ) ) ;
#829 = LINE ( 'NONE', #889, #1470 ) ;
#830 = DIRECTION ( 'NONE',  ( 0.000000000000000000, -1.000000000000000000, -5.782411586589356653E-16 ) ) ;
#831 = EDGE_LOOP ( 'NONE', ( #49, #1016, #1117, #1736 ) ) ;
#832 = DIRECTION ( 'NONE',  ( -0.8660254037844381525, 0.5000000000000009992, -0.000000000000000000 ) ) ;
#833 = CIRCLE ( 'NONE', #464, 19.00000000000000000 ) ;
#834 = VERTEX_POINT ( 'NONE', #1100 ) ;
#835 = CARTESIAN_POINT ( 'NONE',  ( 27.47223250267441941, 1.500000000000005995, -4.000000000000000888 ) ) ;
#836 = AXIS2_PLACEMENT_3D ( 'NONE', #1300, #608, #589 ) ;
#837 = CARTESIAN_POINT ( 'NONE',  ( 67.72153903091604832, 59.51384387633136441, -2.743208830090069449E-15 ) ) ;
#838 = ADVANCED_FACE ( 'NONE', ( #1613 ), #531, .F. ) ;
#839 = CONICAL_SURFACE ( 'NONE', #2112, 3.199999999999965983, 0.7853981633974467247 ) ;
#840 = AXIS2_PLACEMENT_3D ( 'NONE', #1587, #1189, #2306 ) ;
#841 = FACE_OUTER_BOUND ( 'NONE', #1043, .T. ) ;
#842 = AXIS2_PLACEMENT_3D ( 'NONE', #383, #579, #563 ) ;
#843 = EDGE_CURVE ( 'NONE', #961, #1592, #2149, .T. ) ;
#844 = ORIENTED_EDGE ( 'NONE', *, *, #246, .F. ) ;
#845 = CIRCLE ( 'NONE', #428, 19.10000000000000497 ) ;
#846 = CYLINDRICAL_SURFACE ( 'NONE', #1654, 16.49999999999999289 ) ;
#847 =( GEOMETRIC_REPRESENTATION_CONTEXT ( 3 ) GLOBAL_UNCERTAINTY_ASSIGNED_CONTEXT ( ( #745 ) ) GLOBAL_UNIT_ASSIGNED_CONTEXT ( ( #1217, #855, #2265 ) ) REPRESENTATION_CONTEXT ( 'NONE', 'WORKASPACE' ) );
#848 = ORIENTED_EDGE ( 'NONE', *, *, #1079, .F. ) ;
#849 = CARTESIAN_POINT ( 'NONE',  ( 58.92153903091602274, 44.27179676972524192, 2.311115933264683024E-30 ) ) ;
#850 = VERTEX_POINT ( 'NONE', #1790 ) ;
#851 = DIRECTION ( 'NONE',  ( 1.000000000000000000, 1.224646799147353207E-16, 0.000000000000000000 ) ) ;
#852 = DIRECTION ( 'NONE',  ( 0.000000000000000000, 0.000000000000000000, 1.000000000000000000 ) ) ;
#853 = CARTESIAN_POINT ( 'NONE',  ( 54.20096189432339884, 34.29551732809568421, 3.999999999999999112 ) ) ;
#854 = ORIENTED_EDGE ( 'NONE', *, *, #1070, .T. ) ;
#855 =( NAMED_UNIT ( * ) PLANE_ANGLE_UNIT ( ) SI_UNIT ( $, .RADIAN. ) );
#856 = ORIENTED_EDGE ( 'NONE', *, *, #843, .F. ) ;
#857 = DIRECTION ( 'NONE',  ( -0.5000000000000009992, -0.8660254037844380415, -0.000000000000000000 ) ) ;
#858 = ORIENTED_EDGE ( 'NONE', *, *, #636, .F. ) ;
#859 = LINE ( 'NONE', #835, #979 ) ;
#860 = EDGE_CURVE ( 'NONE', #1937, #1378, #731, .T. ) ;
#861 = CYLINDRICAL_SURFACE ( 'NONE', #842, 1.600000000000010747 ) ;
#862 = DIRECTION ( 'NONE',  ( -0.8660254037844397068, 0.4999999999999982792, 1.897353801849614271E-16 ) ) ;
#863 = EDGE_LOOP ( 'NONE', ( #1749, #375 ) ) ;
#864 = EDGE_CURVE ( 'NONE', #2135, #1877, #1453, .T. ) ;
#865 = EDGE_CURVE ( 'NONE', #124, #1671, #1444, .T. ) ;
#866 = VERTEX_POINT ( 'NONE', #1271 ) ;
#867 = EDGE_CURVE ( 'NONE', #638, #632, #24, .T. ) ;
#868 = PLANE ( 'NONE',  #2303 ) ;
#869 = EDGE_LOOP ( 'NONE', ( #570, #2148, #1321, #281, #2115, #1364, #368, #848 ) ) ;
#870 = DIRECTION ( 'NONE',  ( -0.000000000000000000, 1.000000000000000000, -0.000000000000000000 ) ) ;
#871 = CIRCLE ( 'NONE', #569, 1.600000000000013856 ) ;
#872 = DIRECTION ( 'NONE',  ( -0.8660254037844380415, 0.5000000000000008882, -0.000000000000000000 ) ) ;
#873 = DIRECTION ( 'NONE',  ( -0.8660254037844381525, 0.5000000000000009992, -0.000000000000000000 ) ) ;
#874 = AXIS2_PLACEMENT_3D ( 'NONE', #1993, #918, #1627 ) ;
#875 = AXIS2_PLACEMENT_3D ( 'NONE', #459, #245, #104 ) ;
#876 = ORIENTED_EDGE ( 'NONE', *, *, #1343, .T. ) ;
#877 = ORIENTED_EDGE ( 'NONE', *, *, #1296, .F. ) ;
#878 = AXIS2_PLACEMENT_3D ( 'NONE', #1858, #1536, #443 ) ;
#879 = VECTOR ( 'NONE', #2069, 1000.000000000000000 ) ;
#880 = CYLINDRICAL_SURFACE ( 'NONE', #1857, 1.600000000000000755 ) ;
#881 = AXIS2_PLACEMENT_3D ( 'NONE', #1204, #2113, #2127 ) ;
#882 = ORIENTED_EDGE ( 'NONE', *, *, #1303, .T. ) ;
#883 = FACE_OUTER_BOUND ( 'NONE', #2086, .T. ) ;
#884 = ORIENTED_EDGE ( 'NONE', *, *, #335, .F. ) ;
#885 = DIRECTION ( 'NONE',  ( -0.5000000000000008882, -0.8660254037844381525, 0.000000000000000000 ) ) ;
#886 = DIRECTION ( 'NONE',  ( -0.5000000000000013323, -0.8660254037844378194, 0.000000000000000000 ) ) ;
#887 = CARTESIAN_POINT ( 'NONE',  ( 100.2232303588026383, 37.05394191624422717, -2.939152317953647894E-15 ) ) ;
#888 = ADVANCED_FACE ( 'NONE', ( #173 ), #1076, .F. ) ;
#889 = CARTESIAN_POINT ( 'NONE',  ( 63.67762877368777907, 48.50958584956308073, 19.00000000000000000 ) ) ;
#890 = ORIENTED_EDGE ( 'NONE', *, *, #1588, .F. ) ;
#891 = VERTEX_POINT ( 'NONE', #1231 ) ;
#892 = ORIENTED_EDGE ( 'NONE', *, *, #756, .T. ) ;
#893 = EDGE_CURVE ( 'NONE', #1214, #1544, #1505, .T. ) ;
#894 = CARTESIAN_POINT ( 'NONE',  ( 69.41243556529821035, 54.84256258422037433, -2.939152317953647894E-15 ) ) ;
#895 = DIRECTION ( 'NONE',  ( -0.000000000000000000, 0.000000000000000000, -1.000000000000000000 ) ) ;
#896 =( LENGTH_UNIT ( ) NAMED_UNIT ( * ) SI_UNIT ( .MILLI., .METRE. ) );
#897 = ADVANCED_FACE ( 'NONE', ( #1951, #1086 ), #904, .T. ) ;
#898 = DIRECTION ( 'NONE',  ( -0.5000000000000001110, -0.8660254037844385966, 0.000000000000000000 ) ) ;
#899 = LINE ( 'NONE', #1608, #2262 ) ;
#900 = ORIENTED_EDGE ( 'NONE', *, *, #1889, .F. ) ;
#901 = ORIENTED_EDGE ( 'NONE', *, *, #216, .T. ) ;
#902 = CARTESIAN_POINT ( 'NONE',  ( 1.499999235095987871, -3.051511879354155798, 3.999999999999998224 ) ) ;
#903 = EDGE_LOOP ( 'NONE', ( #1195, #1912, #188, #134 ) ) ;
#904 = PLANE ( 'NONE',  #799 ) ;
#905 = PLANE ( 'NONE',  #577 ) ;
#906 = DIRECTION ( 'NONE',  ( 0.9659258262890692004, 0.2588190451025177974, 0.000000000000000000 ) ) ;
#907 = FACE_OUTER_BOUND ( 'NONE', #2097, .T. ) ;
#908 = LINE ( 'NONE', #1631, #1507 ) ;
#909 = CONICAL_SURFACE ( 'NONE', #984, 4.600000000000003197, 0.7853981633974566057 ) ;
#910 = VECTOR ( 'NONE', #1266, 1000.000000000000000 ) ;
#911 = ADVANCED_FACE ( 'NONE', ( #751 ), #191, .F. ) ;
#912 = ORIENTED_EDGE ( 'NONE', *, *, #624, .F. ) ;
#913 = AXIS2_PLACEMENT_3D ( 'NONE', #2068, #1351, #1883 ) ;
#914 = AXIS2_PLACEMENT_3D ( 'NONE', #1574, #873, #1212 ) ;
#915 = VECTOR ( 'NONE', #2064, 1000.000000000000000 ) ;
#916 = CARTESIAN_POINT ( 'NONE',  ( 1.525619429322585763, -3.615103082744184793, -4.000000000000000000 ) ) ;
#917 = ORIENTED_EDGE ( 'NONE', *, *, #1519, .T. ) ;
#918 = DIRECTION ( 'NONE',  ( 0.8660254037844380415, -0.5000000000000009992, 0.000000000000000000 ) ) ;
#919 = LINE ( 'NONE', #1995, #1283 ) ;
#920 = CARTESIAN_POINT ( 'NONE',  ( 63.70096189432333489, 50.75000000000000000, -3.469446951953614189E-15 ) ) ;
#921 = CARTESIAN_POINT ( 'NONE',  ( 19.00000000000000000, -2.999999999999996447, -19.00000000000000355 ) ) ;
#922 = DIRECTION ( 'NONE',  ( 0.000000000000000000, 0.000000000000000000, 1.000000000000000000 ) ) ;
#923 = EDGE_LOOP ( 'NONE', ( #1521, #1771, #1135, #1561 ) ) ;
#924 = DIRECTION ( 'NONE',  ( 0.000000000000000000, 0.000000000000000000, 1.000000000000000000 ) ) ;
#925 = ORIENTED_EDGE ( 'NONE', *, *, #1247, .T. ) ;
#926 = CARTESIAN_POINT ( 'NONE',  ( 3.469446951953614189E-15, -2.999999999999996891, -19.00000000000000355 ) ) ;
#927 = CARTESIAN_POINT ( 'NONE',  ( 43.06068977079431193, 6.000000000000045297, -19.00000000000000355 ) ) ;
#928 = PLANE ( 'NONE',  #1363 ) ;
#929 = ADVANCED_FACE ( 'NONE', ( #742 ), #1022, .F. ) ;
#930 = CARTESIAN_POINT ( 'NONE',  ( 3.918869757271543279E-16, 3.000000000000000888, -11.20000000000000817 ) ) ;
#931 = DIRECTION ( 'NONE',  ( -0.4999999999999970024, -0.8660254037844404840, -0.000000000000000000 ) ) ;
#932 = EDGE_LOOP ( 'NONE', ( #785, #2101, #1563, #925 ) ) ;
#933 = EDGE_CURVE ( 'NONE', #2047, #489, #2314, .T. ) ;
#934 = DIRECTION ( 'NONE',  ( -3.605316508992576618E-17, 2.086046294119530869E-16, -1.000000000000000000 ) ) ;
#935 = ADVANCED_FACE ( 'NONE', ( #1823 ), #1208, .F. ) ;
#936 = CARTESIAN_POINT ( 'NONE',  ( 1.511096581448186038, -3.362941483581040725, -4.000000000000000000 ) ) ;
#937 = ORIENTED_EDGE ( 'NONE', *, *, #1799, .F. ) ;
#938 = CARTESIAN_POINT ( 'NONE',  ( 61.42596272384822242, 49.80958584956309210, 19.00000000000000000 ) ) ;
#939 = DIRECTION ( 'NONE',  ( -0.8660254037844381525, 0.5000000000000008882, -0.000000000000000000 ) ) ;
#940 = DIRECTION ( 'NONE',  ( -0.8660254037844326014, 0.5000000000000104361, -2.891205793294677833E-16 ) ) ;
#941 = CARTESIAN_POINT ( 'NONE',  ( 58.09807621135328759, 32.04551732809568421, -19.00000000000000355 ) ) ;
#942 = ORIENTED_EDGE ( 'NONE', *, *, #670, .T. ) ;
#943 = AXIS2_PLACEMENT_3D ( 'NONE', #801, #2243, #1339 ) ;
#944 = ORIENTED_EDGE ( 'NONE', *, *, #1643, .T. ) ;
#945 = VECTOR ( 'NONE', #946, 1000.000000000000000 ) ;
#946 = DIRECTION ( 'NONE',  ( -1.626303258728278098E-16, -1.897353801849614517E-16, 1.000000000000000000 ) ) ;
#947 = CARTESIAN_POINT ( 'NONE',  ( -1.455418539309812020, -3.992480974901771784, 3.999999999999999112 ) ) ;
#948 = VECTOR ( 'NONE', #356, 1000.000000000000114 ) ;
#949 = AXIS2_PLACEMENT_3D ( 'NONE', #305, #523, #1223 ) ;
#950 = VERTEX_POINT ( 'NONE', #938 ) ;
#951 = DIRECTION ( 'NONE',  ( -0.4999999999999970024, -0.8660254037844404840, -0.000000000000000000 ) ) ;
#952 = VECTOR ( 'NONE', #497, 1000.000000000000114 ) ;
#953 = DIRECTION ( 'NONE',  ( 0.2588190451025133565, -0.9659258262890701996, 8.659560562354973534E-17 ) ) ;
#954 = VECTOR ( 'NONE', #120, 1000.000000000000114 ) ;
#955 = DIRECTION ( 'NONE',  ( 1.000000000000000000, -5.492835371657875183E-16, 0.000000000000000000 ) ) ;
#956 = CARTESIAN_POINT ( 'NONE',  ( 62.40192378864659162, 51.50000000000004263, -3.469446951953614189E-15 ) ) ;
#957 = CARTESIAN_POINT ( 'NONE',  ( 62.21243556529820751, 42.37179676972445463, 2.311115933264683024E-30 ) ) ;
#958 = ORIENTED_EDGE ( 'NONE', *, *, #2184, .T. ) ;
#959 = CARTESIAN_POINT ( 'NONE',  ( 19.00000000000000000, -2.999999999999996891, -19.00000000000000355 ) ) ;
#960 = CARTESIAN_POINT ( 'NONE',  ( 1.500000834542782879, -2.943798350630972394, 3.999999999999998224 ) ) ;
#961 = VERTEX_POINT ( 'NONE', #417 ) ;
#962 = PLANE ( 'NONE',  #1131 ) ;
#963 = DIRECTION ( 'NONE',  ( 0.5000000000000001110, 0.8660254037844385966, 0.000000000000000000 ) ) ;
#964 = FACE_OUTER_BOUND ( 'NONE', #1837, .T. ) ;
#965 = CARTESIAN_POINT ( 'NONE',  ( -1.440459474379730542, -2.271183317989841299, 3.999999999999999112 ) ) ;
#966 = EDGE_CURVE ( 'NONE', #1975, #2279, #1317, .T. ) ;
#967 = CARTESIAN_POINT ( 'NONE',  ( 27.47223250267438388, -1.499999999999994227, -4.000000000000000000 ) ) ;
#968 = ORIENTED_EDGE ( 'NONE', *, *, #210, .T. ) ;
#969 = CARTESIAN_POINT ( 'NONE',  ( -1.497491234130887694, -3.216596684794039263, -4.000000000000000888 ) ) ;
#970 = EDGE_LOOP ( 'NONE', ( #238, #1652, #467, #2322, #536, #892 ) ) ;
#971 = FACE_BOUND ( 'NONE', #1073, .T. ) ;
#972 = LINE ( 'NONE', #810, #1657 ) ;
#973 = ORIENTED_EDGE ( 'NONE', *, *, #2002, .T. ) ;
#974 = CYLINDRICAL_SURFACE ( 'NONE', #1356, 1.600000000000013856 ) ;
#975 = ADVANCED_FACE ( 'NONE', ( #35 ), #576, .F. ) ;
#976 = LINE ( 'NONE', #1141, #2221 ) ;
#977 = DIRECTION ( 'NONE',  ( 0.8660254037844381525, -0.5000000000000011102, -5.782411586589357639E-16 ) ) ;
#978 = ORIENTED_EDGE ( 'NONE', *, *, #1597, .T. ) ;
#979 = VECTOR ( 'NONE', #1385, 1000.000000000000000 ) ;
#980 = EDGE_CURVE ( 'NONE', #1725, #477, #1288, .T. ) ;
#981 = CYLINDRICAL_SURFACE ( 'NONE', #1811, 1.600000000000000089 ) ;
#982 = CARTESIAN_POINT ( 'NONE',  ( 3.000000000000021316, -1.499999999999996003, 3.999999999999997335 ) ) ;
#983 = ORIENTED_EDGE ( 'NONE', *, *, #2311, .F. ) ;
#984 = AXIS2_PLACEMENT_3D ( 'NONE', #783, #452, #2049 ) ;
#985 = DIRECTION ( 'NONE',  ( 3.597944987211157529E-15, -1.000000000000000000, 0.000000000000000000 ) ) ;
#986 = EDGE_CURVE ( 'NONE', #2279, #2320, #72, .T. ) ;
#987 = VECTOR ( 'NONE', #1090, 1000.000000000000000 ) ;
#988 = LINE ( 'NONE', #2205, #1405 ) ;
#989 = ORIENTED_EDGE ( 'NONE', *, *, #43, .F. ) ;
#990 = CARTESIAN_POINT ( 'NONE',  ( 1.925929944387235853E-31, 3.000000000000000888, -8.000000000000000000 ) ) ;
#991 = AXIS2_PLACEMENT_3D ( 'NONE', #2181, #2007, #1289 ) ;
#992 = CIRCLE ( 'NONE', #914, 3.199999999999965983 ) ;
#993 = CARTESIAN_POINT ( 'NONE',  ( 68.65358983848490482, 57.12820323027624170, -2.939152317953647894E-15 ) ) ;
#994 = DIRECTION ( 'NONE',  ( -0.8660254037844381525, 0.5000000000000008882, 0.000000000000000000 ) ) ;
#995 = ORIENTED_EDGE ( 'NONE', *, *, #1871, .T. ) ;
#996 = CARTESIAN_POINT ( 'NONE',  ( 27.47223250267436612, 15.00000000000000000, 0.000000000000000000 ) ) ;
#997 = CARTESIAN_POINT ( 'NONE',  ( -1.500007557512312628, -3.122516849567983588, -4.000000000000000888 ) ) ;
#998 = EDGE_LOOP ( 'NONE', ( #1389, #698, #1922, #750 ) ) ;
#999 = FACE_OUTER_BOUND ( 'NONE', #923, .T. ) ;
#1000 = ORIENTED_EDGE ( 'NONE', *, *, #1526, .T. ) ;
#1001 = DIRECTION ( 'NONE',  ( -0.5000000000000013323, -0.8660254037844379305, 0.000000000000000000 ) ) ;
#1002 = CARTESIAN_POINT ( 'NONE',  ( 54.36273401104701719, 34.57571485350895557, 4.000000000000000888 ) ) ;
#1003 = EDGE_CURVE ( 'NONE', #170, #1937, #1322, .T. ) ;
#1004 = CARTESIAN_POINT ( 'NONE',  ( 39.16357545376430238, 8.250000000000039080, 3.999999999999999112 ) ) ;
#1005 = ORIENTED_EDGE ( 'NONE', *, *, #274, .T. ) ;
#1006 = DIRECTION ( 'NONE',  ( -0.5000000000000002220, -0.8660254037844384856, 0.000000000000000000 ) ) ;
#1007 = CARTESIAN_POINT ( 'NONE',  ( -8.091235691421273434E-16, -3.000000000000016431, 8.000000000000000000 ) ) ;
#1008 = ORIENTED_EDGE ( 'NONE', *, *, #1873, .F. ) ;
#1009 = CARTESIAN_POINT ( 'NONE',  ( 27.47223250267439099, -3.000000000000001332, -19.00000000000000355 ) ) ;
#1010 = VERTEX_POINT ( 'NONE', #1878 ) ;
#1011 = LINE ( 'NONE', #125, #374 ) ;
#1012 = EDGE_CURVE ( 'NONE', #1915, #777, #51, .T. ) ;
#1013 = CARTESIAN_POINT ( 'NONE',  ( 27.47223250267436612, 15.00000000000000000, 3.999999999999998224 ) ) ;
#1014 = CARTESIAN_POINT ( 'NONE',  ( -8.000000000000000000, 2.999999999999999112, 9.797174393178825657E-16 ) ) ;
#1015 = VERTEX_POINT ( 'NONE', #227 ) ;
#1016 = ORIENTED_EDGE ( 'NONE', *, *, #216, .F. ) ;
#1017 = DIRECTION ( 'NONE',  ( -0.000000000000000000, 0.000000000000000000, -1.000000000000000000 ) ) ;
#1018 = ORIENTED_EDGE ( 'NONE', *, *, #867, .T. ) ;
#1019 = FACE_OUTER_BOUND ( 'NONE', #1868, .T. ) ;
#1020 = ORIENTED_EDGE ( 'NONE', *, *, #176, .F. ) ;
#1021 = CARTESIAN_POINT ( 'NONE',  ( 19.00000000000000000, 3.000000000000003553, -19.00000000000000355 ) ) ;
#1022 = CONICAL_SURFACE ( 'NONE', #2180, 3.200000000000036149, 0.7853981633974498333 ) ;
#1023 = CARTESIAN_POINT ( 'NONE',  ( 58.40192378864612266, 36.77756813566392680, 0.000000000000000000 ) ) ;
#1024 = VECTOR ( 'NONE', #1081, 1000.000000000000000 ) ;
#1025 = CIRCLE ( 'NONE', #1284, 4.600000000000088463 ) ;
#1026 = FACE_OUTER_BOUND ( 'NONE', #139, .T. ) ;
#1027 = VECTOR ( 'NONE', #637, 1000.000000000000000 ) ;
#1028 = ORIENTED_EDGE ( 'NONE', *, *, #448, .T. ) ;
#1029 = ORIENTED_EDGE ( 'NONE', *, *, #392, .T. ) ;
#1030 = CIRCLE ( 'NONE', #1179, 1.600000000000000755 ) ;
#1031 = DIRECTION ( 'NONE',  ( 0.5000000000000023315, 0.8660254037844372643, 0.000000000000000000 ) ) ;
#1032 = LINE ( 'NONE', #131, #695 ) ;
#1033 = ORIENTED_EDGE ( 'NONE', *, *, #697, .F. ) ;
#1034 = DIRECTION ( 'NONE',  ( -1.897353801849632760E-16, 1.084202172485504434E-16, -1.000000000000000000 ) ) ;
#1035 = ORIENTED_EDGE ( 'NONE', *, *, #1839, .F. ) ;
#1036 = FACE_OUTER_BOUND ( 'NONE', #401, .T. ) ;
#1037 = CARTESIAN_POINT ( 'NONE',  ( 56.79903810567670774, 32.79551732809568421, -4.000000000000000000 ) ) ;
#1038 = DIRECTION ( 'NONE',  ( 0.000000000000000000, 0.000000000000000000, 1.000000000000000000 ) ) ;
#1039 = EDGE_CURVE ( 'NONE', #722, #1118, #2230, .T. ) ;
#1040 = ADVANCED_FACE ( 'NONE', ( #1664 ), #962, .F. ) ;
#1041 = ORIENTED_EDGE ( 'NONE', *, *, #1987, .T. ) ;
#1042 = ADVANCED_FACE ( 'NONE', ( #252, #971, #263, #1685, #1336 ), #1703, .F. ) ;
#1043 = EDGE_LOOP ( 'NONE', ( #671, #2054, #989 ) ) ;
#1044 = DIRECTION ( 'NONE',  ( -1.000000000000000000, 5.492835371657875183E-16, -0.000000000000000000 ) ) ;
#1045 = EDGE_LOOP ( 'NONE', ( #1805, #2001, #595, #2092, #973, #322, #1215, #2167, #856, #1535, #2284 ) ) ;
#1046 = CARTESIAN_POINT ( 'NONE',  ( 3.469446951953613006E-15, 3.000000000000000888, -1.734723475976807094E-15 ) ) ;
#1047 = CARTESIAN_POINT ( 'NONE',  ( 56.15358983848411611, 35.47756813566397227, -4.000000000000000000 ) ) ;
#1048 = CARTESIAN_POINT ( 'NONE',  ( 27.47223250267436612, 15.00000000000000000, -19.00000000000000355 ) ) ;
#1049 = EDGE_CURVE ( 'NONE', #1671, #1784, #239, .T. ) ;
#1050 = EDGE_LOOP ( 'NONE', ( #2161, #1061, #1471, #1672 ) ) ;
#1051 = LINE ( 'NONE', #678, #954 ) ;
#1052 = ORIENTED_EDGE ( 'NONE', *, *, #1450, .T. ) ;
#1053 = DIRECTION ( 'NONE',  ( 0.000000000000000000, 0.000000000000000000, -1.000000000000000000 ) ) ;
#1054 = ORIENTED_EDGE ( 'NONE', *, *, #1699, .F. ) ;
#1055 = EDGE_CURVE ( 'NONE', #1174, #1299, #1838, .T. ) ;
#1056 = DIRECTION ( 'NONE',  ( -0.5000000000000023315, -0.8660254037844373753, 0.000000000000000000 ) ) ;
#1057 = DIRECTION ( 'NONE',  ( -0.5000000000000013323, -0.8660254037844379305, 0.000000000000000000 ) ) ;
#1058 = DIRECTION ( 'NONE',  ( 0.8660254037844405950, -0.4999999999999969469, 0.000000000000000000 ) ) ;
#1059 = AXIS2_PLACEMENT_3D ( 'NONE', #2208, #977, #105 ) ;
#1060 = EDGE_CURVE ( 'NONE', #1378, #1181, #586, .T. ) ;
#1061 = ORIENTED_EDGE ( 'NONE', *, *, #128, .F. ) ;
#1062 = CIRCLE ( 'NONE', #1366, 3.199999999999962430 ) ;
#1063 = VECTOR ( 'NONE', #857, 1000.000000000000114 ) ;
#1064 = VERTEX_POINT ( 'NONE', #1659 ) ;
#1065 = CARTESIAN_POINT ( 'NONE',  ( 1.578404324568592809, -2.527636830777390209, -4.000000000000000000 ) ) ;
#1066 = VERTEX_POINT ( 'NONE', #2211 ) ;
#1067 = DIRECTION ( 'NONE',  ( 0.000000000000000000, 1.000000000000000000, -2.891205793294678326E-16 ) ) ;
#1068 = PRESENTATION_STYLE_ASSIGNMENT (( #1745 ) ) ;
#1069 = CARTESIAN_POINT ( 'NONE',  ( 39.16357545376430238, 8.250000000000040856, -4.000000000000000888 ) ) ;
#1070 = EDGE_CURVE ( 'NONE', #122, #477, #1959, .T. ) ;
#1071 = FACE_OUTER_BOUND ( 'NONE', #1310, .T. ) ;
#1072 = DIRECTION ( 'NONE',  ( 0.000000000000000000, 1.000000000000000000, 0.000000000000000000 ) ) ;
#1073 = EDGE_LOOP ( 'NONE', ( #1532, #258 ) ) ;
#1074 = CARTESIAN_POINT ( 'NONE',  ( 1.548367031081320233, -2.627104465533190769, -4.000000000000000000 ) ) ;
#1075 = VERTEX_POINT ( 'NONE', #212 ) ;
#1076 = CYLINDRICAL_SURFACE ( 'NONE', #1360, 19.09999999999999787 ) ;
#1077 = EDGE_CURVE ( 'NONE', #1923, #1822, #31, .T. ) ;
#1078 = DIRECTION ( 'NONE',  ( 0.8660254037844385966, -0.5000000000000001110, -1.897353801849613778E-16 ) ) ;
#1079 = EDGE_CURVE ( 'NONE', #1295, #549, #77, .T. ) ;
#1080 = CARTESIAN_POINT ( 'NONE',  ( 27.47223250267439099, -3.000000000000001332, 18.99999999999999645 ) ) ;
#1081 = DIRECTION ( 'NONE',  ( -0.000000000000000000, 1.000000000000000000, -0.000000000000000000 ) ) ;
#1082 = DIRECTION ( 'NONE',  ( -0.000000000000000000, 1.000000000000000000, -0.000000000000000000 ) ) ;
#1083 = VERTEX_POINT ( 'NONE', #2202 ) ;
#1084 = CARTESIAN_POINT ( 'NONE',  ( 1.538634989809055664, -3.800457922860406068, 3.999999999999998224 ) ) ;
#1085 = ORIENTED_EDGE ( 'NONE', *, *, #1220, .T. ) ;
#1086 = FACE_OUTER_BOUND ( 'NONE', #211, .T. ) ;
#1087 = CARTESIAN_POINT ( 'NONE',  ( 55.20096189432259592, 36.02756813566320204, 3.999999999999998224 ) ) ;
#1088 = DIRECTION ( 'NONE',  ( 0.5000000000000003331, 0.8660254037844385966, 0.000000000000000000 ) ) ;
#1089 = VECTOR ( 'NONE', #1919, 1000.000000000000000 ) ;
#1090 = DIRECTION ( 'NONE',  ( -1.000000000000000000, -1.224646799147353207E-16, 0.000000000000000000 ) ) ;
#1091 = AXIS2_PLACEMENT_3D ( 'NONE', #778, #1487, #985 ) ;
#1092 = PLANE ( 'NONE',  #1402 ) ;
#1093 = ORIENTED_EDGE ( 'NONE', *, *, #2246, .F. ) ;
#1094 = CIRCLE ( 'NONE', #1739, 3.200000000000009504 ) ;
#1095 = VECTOR ( 'NONE', #906, 999.9999999999998863 ) ;
#1096 = CIRCLE ( 'NONE', #656, 12.00000000000001599 ) ;
#1097 = CARTESIAN_POINT ( 'NONE',  ( 1.518949090428829196, -2.772350920188736190, 3.999999999999998224 ) ) ;
#1098 = ORIENTED_EDGE ( 'NONE', *, *, #1350, .T. ) ;
#1099 = EDGE_CURVE ( 'NONE', #1624, #638, #1297, .T. ) ;
#1100 = CARTESIAN_POINT ( 'NONE',  ( 1.959434878635766956E-16, 1.399999999999983702, -9.600000000000001421 ) ) ;
#1101 = CIRCLE ( 'NONE', #353, 4.599999999999997868 ) ;
#1102 = DIRECTION ( 'NONE',  ( 8.659560562354948882E-17, 0.7071067811865464625, -0.7071067811865486830 ) ) ;
#1103 = DIRECTION ( 'NONE',  ( 0.000000000000000000, 0.000000000000000000, 1.000000000000000000 ) ) ;
#1104 = DIRECTION ( 'NONE',  ( 0.9659258262890678681, 0.2588190451025223493, 0.000000000000000000 ) ) ;
#1105 = EDGE_CURVE ( 'NONE', #722, #1408, #69, .T. ) ;
#1106 = DIRECTION ( 'NONE',  ( -0.8660254037844381525, 0.5000000000000008882, 0.000000000000000000 ) ) ;
#1107 = EDGE_CURVE ( 'NONE', #225, #1775, #2260, .T. ) ;
#1108 = ADVANCED_FACE ( 'NONE', ( #2238 ), #1682, .F. ) ;
#1109 = EDGE_LOOP ( 'NONE', ( #649, #1121, #1459, #809 ) ) ;
#1110 = CARTESIAN_POINT ( 'NONE',  ( 19.00000000000000000, -2.999999999999996891, 18.99999999999999645 ) ) ;
#1111 = VERTEX_POINT ( 'NONE', #1344 ) ;
#1112 = CARTESIAN_POINT ( 'NONE',  ( 39.16357545376430238, 8.250000000000040856, 3.999999999999999112 ) ) ;
#1113 = LINE ( 'NONE', #743, #2298 ) ;
#1114 = LINE ( 'NONE', #53, #1431 ) ;
#1115 = DIRECTION ( 'NONE',  ( 0.4999999999999982236, 0.8660254037844395958, 0.000000000000000000 ) ) ;
#1116 = DIRECTION ( 'NONE',  ( -0.8660254037844339337, 0.5000000000000079936, -2.891205793294677833E-16 ) ) ;
#1117 = ORIENTED_EDGE ( 'NONE', *, *, #1557, .T. ) ;
#1118 = VERTEX_POINT ( 'NONE', #1333 ) ;
#1119 = DIRECTION ( 'NONE',  ( 0.4999999999999971134, 0.8660254037844402619, 0.000000000000000000 ) ) ;
#1120 = CARTESIAN_POINT ( 'NONE',  ( 27.47223250267438388, -1.499999999999994227, -4.000000000000000000 ) ) ;
#1121 = ORIENTED_EDGE ( 'NONE', *, *, #2041, .F. ) ;
#1122 = DIRECTION ( 'NONE',  ( 0.8660254037844326014, -0.5000000000000104361, -2.891205793294678326E-16 ) ) ;
#1123 = FACE_OUTER_BOUND ( 'NONE', #2242, .T. ) ;
#1124 = CARTESIAN_POINT ( 'NONE',  ( 63.01243556529821888, 43.75743741577956314, 1.959434878635800729E-16 ) ) ;
#1125 = CARTESIAN_POINT ( 'NONE',  ( 1.502243609000854851, -2.912634262313150924, -4.000000000000000000 ) ) ;
#1126 = EDGE_CURVE ( 'NONE', #834, #2201, #1545, .T. ) ;
#1127 = DIRECTION ( 'NONE',  ( 1.000000000000000000, 1.355252715606864765E-16, 0.000000000000000000 ) ) ;
#1128 = VECTOR ( 'NONE', #1869, 1000.000000000000227 ) ;
#1129 = ADVANCED_FACE ( 'NONE', ( #1308 ), #909, .T. ) ;
#1130 = ORIENTED_EDGE ( 'NONE', *, *, #1153, .F. ) ;
#1131 = AXIS2_PLACEMENT_3D ( 'NONE', #1676, #61, #1866 ) ;
#1132 = DIRECTION ( 'NONE',  ( -1.000000000000000000, -1.224646799147353207E-16, -0.000000000000000000 ) ) ;
#1133 = DIRECTION ( 'NONE',  ( 0.000000000000000000, 0.000000000000000000, 1.000000000000000000 ) ) ;
#1134 = VECTOR ( 'NONE', #1152, 1000.000000000000000 ) ;
#1135 = ORIENTED_EDGE ( 'NONE', *, *, #757, .T. ) ;
#1136 = AXIS2_PLACEMENT_3D ( 'NONE', #1798, #1844, #1479 ) ;
#1137 = EDGE_CURVE ( 'NONE', #1559, #1784, #1522, .T. ) ;
#1138 = LINE ( 'NONE', #291, #1063 ) ;
#1139 = VECTOR ( 'NONE', #587, 1000.000000000000000 ) ;
#1140 = CARTESIAN_POINT ( 'NONE',  ( 77.09807621135333022, 64.95448267190434422, -3.469446951953614189E-15 ) ) ;
#1141 = CARTESIAN_POINT ( 'NONE',  ( 52.90192378864665557, 35.04551732809568421, -19.00000000000000355 ) ) ;
#1142 = PLANE ( 'NONE',  #193 ) ;
#1143 = ORIENTED_EDGE ( 'NONE', *, *, #2041, .T. ) ;
#1144 = CARTESIAN_POINT ( 'NONE',  ( 56.79903810567670064, 32.79551732809566289, -4.000000000000000000 ) ) ;
#1145 = DIRECTION ( 'NONE',  ( 0.000000000000000000, -1.000000000000000000, -5.782411586589356653E-16 ) ) ;
#1146 = ORIENTED_EDGE ( 'NONE', *, *, #1381, .F. ) ;
#1147 = ADVANCED_FACE ( 'NONE', ( #1875 ), #981, .F. ) ;
#1148 = CARTESIAN_POINT ( 'NONE',  ( -8.000000000000000000, -3.000000000000016431, 9.797174393178825657E-16 ) ) ;
#1149 = VERTEX_POINT ( 'NONE', #2024 ) ;
#1150 = DIRECTION ( 'NONE',  ( 0.000000000000000000, -0.000000000000000000, 1.000000000000000000 ) ) ;
#1151 = CARTESIAN_POINT ( 'NONE',  ( 1.854894774581449246, 1.500000000000012212, 3.999999999999999112 ) ) ;
#1152 = DIRECTION ( 'NONE',  ( 1.000000000000000000, 1.224646799147353207E-16, -0.000000000000000000 ) ) ;
#1153 = EDGE_CURVE ( 'NONE', #777, #1950, #2061, .T. ) ;
#1154 = ORIENTED_EDGE ( 'NONE', *, *, #933, .T. ) ;
#1155 = CARTESIAN_POINT ( 'NONE',  ( 57.79903810567590483, 34.52756813566316652, -4.000000000000000000 ) ) ;
#1156 = CARTESIAN_POINT ( 'NONE',  ( 1.925929944387235853E-31, 1.399999999999983702, -6.399999999999999467 ) ) ;
#1157 = ORIENTED_EDGE ( 'NONE', *, *, #594, .F. ) ;
#1158 = LINE ( 'NONE', #1362, #2189 ) ;
#1159 = ORIENTED_EDGE ( 'NONE', *, *, #408, .T. ) ;
#1160 = DIRECTION ( 'NONE',  ( -0.5000000000000013323, -0.8660254037844379305, 0.000000000000000000 ) ) ;
#1161 = LINE ( 'NONE', #1340, #117 ) ;
#1162 = PLANE ( 'NONE',  #1211 ) ;
#1163 = ORIENTED_EDGE ( 'NONE', *, *, #304, .F. ) ;
#1164 = AXIS2_PLACEMENT_3D ( 'NONE', #2055, #1881, #1349 ) ;
#1165 = DIRECTION ( 'NONE',  ( -1.000000000000000000, -1.224646799147353207E-16, 0.000000000000000000 ) ) ;
#1166 = CARTESIAN_POINT ( 'NONE',  ( -0.6068591728751959735, -0.2393152095504229582, -4.000000000000000888 ) ) ;
#1167 = EDGE_LOOP ( 'NONE', ( #725, #275, #1410, #172 ) ) ;
#1168 = VECTOR ( 'NONE', #870, 1000.000000000000000 ) ;
#1169 = AXIS2_PLACEMENT_3D ( 'NONE', #198, #1106, #1458 ) ;
#1170 = VECTOR ( 'NONE', #410, 1000.000000000000227 ) ;
#1171 = LINE ( 'NONE', #420, #2035 ) ;
#1172 = VECTOR ( 'NONE', #1116, 1000.000000000000114 ) ;
#1173 = EDGE_CURVE ( 'NONE', #214, #2283, #2293, .T. ) ;
#1174 = VERTEX_POINT ( 'NONE', #1379 ) ;
#1175 = CARTESIAN_POINT ( 'NONE',  ( 1.925929944387235853E-31, -3.000000000000016431, -6.399999999999999467 ) ) ;
#1176 = VECTOR ( 'NONE', #522, 1000.000000000000000 ) ;
#1177 = VECTOR ( 'NONE', #5, 1000.000000000000000 ) ;
#1178 = DIRECTION ( 'NONE',  ( -0.5000000000000012212, -0.8660254037844380415, 0.000000000000000000 ) ) ;
#1179 = AXIS2_PLACEMENT_3D ( 'NONE', #672, #1394, #1053 ) ;
#1180 = CARTESIAN_POINT ( 'NONE',  ( 27.47223250267439099, -3.000000000000001332, -19.00000000000000355 ) ) ;
#1181 = VERTEX_POINT ( 'NONE', #1925 ) ;
#1182 = EDGE_CURVE ( 'NONE', #98, #797, #298, .T. ) ;
#1183 = CARTESIAN_POINT ( 'NONE',  ( 63.59807621135327338, 41.57179676972447169, 2.311115933264683024E-30 ) ) ;
#1184 = ORIENTED_EDGE ( 'NONE', *, *, #1632, .F. ) ;
#1185 = CARTESIAN_POINT ( 'NONE',  ( 64.65358983848490482, 50.20000000000074891, 3.999999999999998224 ) ) ;
#1186 = ORIENTED_EDGE ( 'NONE', *, *, #1695, .T. ) ;
#1187 = DIRECTION ( 'NONE',  ( 0.000000000000000000, 0.000000000000000000, -1.000000000000000000 ) ) ;
#1188 = LINE ( 'NONE', #1870, #270 ) ;
#1189 = DIRECTION ( 'NONE',  ( -0.8660254037844403729, 0.4999999999999970024, 0.000000000000000000 ) ) ;
#1190 = ORIENTED_EDGE ( 'NONE', *, *, #1126, .T. ) ;
#1191 = FACE_OUTER_BOUND ( 'NONE', #831, .T. ) ;
#1192 = DIRECTION ( 'NONE',  ( 0.000000000000000000, 0.000000000000000000, 1.000000000000000000 ) ) ;
#1193 = ORIENTED_EDGE ( 'NONE', *, *, #2058, .F. ) ;
#1194 = DIRECTION ( 'NONE',  ( -0.8660254037844381525, 0.5000000000000008882, 0.000000000000000000 ) ) ;
#1195 = ORIENTED_EDGE ( 'NONE', *, *, #865, .F. ) ;
#1196 = FACE_OUTER_BOUND ( 'NONE', #2229, .T. ) ;
#1197 = FACE_OUTER_BOUND ( 'NONE', #511, .T. ) ;
#1198 = CARTESIAN_POINT ( 'NONE',  ( 54.20096189432339884, 34.29551732809569131, -4.000000000000000888 ) ) ;
#1199 = ORIENTED_EDGE ( 'NONE', *, *, #1748, .F. ) ;
#1200 = ORIENTED_EDGE ( 'NONE', *, *, #446, .F. ) ;
#1201 = DIRECTION ( 'NONE',  ( 1.224646799147353207E-16, -1.000000000000000000, 0.000000000000000000 ) ) ;
#1202 = CARTESIAN_POINT ( 'NONE',  ( 53.90192378864458078, 36.77756813566392680, 3.999999999999998224 ) ) ;
#1203 = ORIENTED_EDGE ( 'NONE', *, *, #933, .F. ) ;
#1204 = CARTESIAN_POINT ( 'NONE',  ( 63.59807621135327338, 41.57179676972447169, 2.311115933264683024E-30 ) ) ;
#1205 = EDGE_LOOP ( 'NONE', ( #153, #1230, #2098, #1093 ) ) ;
#1206 = PLANE ( 'NONE',  #1542 ) ;
#1207 = EDGE_CURVE ( 'NONE', #558, #1427, #1094, .T. ) ;
#1208 = CONICAL_SURFACE ( 'NONE', #836, 3.199999999999977085, 0.7853981633974428389 ) ;
#1209 = CARTESIAN_POINT ( 'NONE',  ( 64.65358983848490482, 50.20000000000074891, -4.000000000000000888 ) ) ;
#1210 = VECTOR ( 'NONE', #640, 1000.000000000000000 ) ;
#1211 = AXIS2_PLACEMENT_3D ( 'NONE', #1900, #286, #2031 ) ;
#1212 = DIRECTION ( 'NONE',  ( -0.5000000000000023315, -0.8660254037844372643, 0.000000000000000000 ) ) ;
#1213 = STYLED_ITEM ( 'NONE', ( #1068 ), #1661 ) ;
#1214 = VERTEX_POINT ( 'NONE', #1543 ) ;
#1215 = ORIENTED_EDGE ( 'NONE', *, *, #496, .T. ) ;
#1216 = AXIS2_PLACEMENT_3D ( 'NONE', #551, #1982, #1804 ) ;
#1217 =( LENGTH_UNIT ( ) NAMED_UNIT ( * ) SI_UNIT ( .MILLI., .METRE. ) );
#1218 = ORIENTED_EDGE ( 'NONE', *, *, #559, .T. ) ;
#1219 = CARTESIAN_POINT ( 'NONE',  ( 55.31536195520853028, 34.02571485350974001, -4.000000000000000888 ) ) ;
#1220 = EDGE_CURVE ( 'NONE', #1624, #391, #2142, .T. ) ;
#1221 = ORIENTED_EDGE ( 'NONE', *, *, #1478, .F. ) ;
#1222 = CARTESIAN_POINT ( 'NONE',  ( 27.47223250267436612, 15.00000000000000000, 0.000000000000000000 ) ) ;
#1223 = DIRECTION ( 'NONE',  ( -0.5000000000000013323, -0.8660254037844378194, 0.000000000000000000 ) ) ;
#1224 = EDGE_CURVE ( 'NONE', #308, #1174, #1618, .T. ) ;
#1225 = VERTEX_POINT ( 'NONE', #1913 ) ;
#1226 = ADVANCED_FACE ( 'NONE', ( #1071 ), #278, .F. ) ;
#1227 = CARTESIAN_POINT ( 'NONE',  ( 37.86453734808767990, 9.000000000000024869, -19.00000000000000355 ) ) ;
#1228 = ORIENTED_EDGE ( 'NONE', *, *, #1460, .T. ) ;
#1229 = CARTESIAN_POINT ( 'NONE',  ( -8.000000000000000000, 2.999999999999999112, 3.200000000000037037 ) ) ;
#1230 = ORIENTED_EDGE ( 'NONE', *, *, #317, .F. ) ;
#1231 = CARTESIAN_POINT ( 'NONE',  ( 67.59807621135330180, 48.50000000000001421, 18.99999999999999645 ) ) ;
#1232 = DIRECTION ( 'NONE',  ( -0.000000000000000000, -0.000000000000000000, -1.000000000000000000 ) ) ;
#1233 = ADVANCED_FACE ( 'NONE', ( #1751 ), #839, .F. ) ;
#1234 = CARTESIAN_POINT ( 'NONE',  ( -0.6068591728751959735, -0.2393152095504229582, -4.000000000000000888 ) ) ;
#1235 = EDGE_LOOP ( 'NONE', ( #667, #1504 ) ) ;
#1236 = VERTEX_POINT ( 'NONE', #312 ) ;
#1237 = CARTESIAN_POINT ( 'NONE',  ( 61.41243556529819614, 40.98615612366934613, 2.311115933264683024E-30 ) ) ;
#1238 = VERTEX_POINT ( 'NONE', #819 ) ;
#1239 = DIRECTION ( 'NONE',  ( 0.000000000000000000, 0.000000000000000000, -1.000000000000000000 ) ) ;
#1240 = CARTESIAN_POINT ( 'NONE',  ( 54.20096189432339884, 34.29551732809569131, -4.000000000000000888 ) ) ;
#1241 = FACE_OUTER_BOUND ( 'NONE', #1880, .T. ) ;
#1242 = LINE ( 'NONE', #1969, #948 ) ;
#1243 = VECTOR ( 'NONE', #196, 1000.000000000000227 ) ;
#1244 = CIRCLE ( 'NONE', #232, 2.600000000000012079 ) ;
#1245 = LINE ( 'NONE', #373, #910 ) ;
#1246 = AXIS2_PLACEMENT_3D ( 'NONE', #1715, #62, #600 ) ;
#1247 = EDGE_CURVE ( 'NONE', #1174, #308, #1361, .T. ) ;
#1248 = AXIS2_PLACEMENT_3D ( 'NONE', #849, #483, #1762 ) ;
#1249 = ORIENTED_EDGE ( 'NONE', *, *, #980, .T. ) ;
#1250 = CARTESIAN_POINT ( 'NONE',  ( 27.47223250267436612, 15.00000000000000000, 0.000000000000000000 ) ) ;
#1251 = EDGE_CURVE ( 'NONE', #1681, #950, #829, .T. ) ;
#1252 = VERTEX_POINT ( 'NONE', #1372 ) ;
#1253 = PLANE ( 'NONE',  #1848 ) ;
#1254 = LINE ( 'NONE', #194, #426 ) ;
#1255 = DIRECTION ( 'NONE',  ( 3.176183489630234943E-31, 5.782411586589356653E-16, -1.000000000000000000 ) ) ;
#1256 = FACE_OUTER_BOUND ( 'NONE', #1512, .T. ) ;
#1257 = CARTESIAN_POINT ( 'NONE',  ( -8.091235691421273434E-16, -3.000000000000016431, 9.600000000000001421 ) ) ;
#1258 = VERTEX_POINT ( 'NONE', #644 ) ;
#1259 = B_SPLINE_CURVE_WITH_KNOTS ( 'NONE', 3,
 ( #41, #1481, #1125, #2165, #54, #1641, #735, #754, #1447, #556, #1265, #1988 ),
 .UNSPECIFIED., .F., .F.,
 ( 4, 2, 2, 2, 2, 4 ),
 ( 0.01304712039390995906, 0.01660608699600894800, 0.02016487610554339172, 0.02728245432461228262, 0.04151761076275006096, 0.06998792363902561764 ),
 .UNSPECIFIED. ) ;
#1260 = CARTESIAN_POINT ( 'NONE',  ( 1.511718633126146516, -2.820092651306592479, -4.000000000000000000 ) ) ;
#1261 = ORIENTED_EDGE ( 'NONE', *, *, #94, .F. ) ;
#1262 = CARTESIAN_POINT ( 'NONE',  ( 19.00000000000000000, -2.999999999999996891, -19.00000000000000355 ) ) ;
#1263 = FACE_OUTER_BOUND ( 'NONE', #488, .T. ) ;
#1264 = DIRECTION ( 'NONE',  ( -5.007715329123861794E-16, 2.891205793294684736E-16, -1.000000000000000000 ) ) ;
#1265 = CARTESIAN_POINT ( 'NONE',  ( 2.654663840826069876, -1.499999999999993117, -4.000000000000000000 ) ) ;
#1266 = DIRECTION ( 'NONE',  ( -0.8660254037844381525, 0.5000000000000008882, -0.000000000000000000 ) ) ;
#1267 = EDGE_CURVE ( 'NONE', #2253, #124, #1583, .T. ) ;
#1268 = ORIENTED_EDGE ( 'NONE', *, *, #1843, .T. ) ;
#1269 = DIRECTION ( 'NONE',  ( -0.000000000000000000, 1.000000000000000000, -0.000000000000000000 ) ) ;
#1270 = ORIENTED_EDGE ( 'NONE', *, *, #893, .F. ) ;
#1271 = CARTESIAN_POINT ( 'NONE',  ( -8.000000000000000000, 2.999999999999999556, -3.200000000000035705 ) ) ;
#1272 = CARTESIAN_POINT ( 'NONE',  ( 73.19807621135329612, 58.19948452238569558, -2.939152317953647894E-15 ) ) ;
#1273 = EDGE_CURVE ( 'NONE', #1960, #961, #346, .T. ) ;
#1274 = ADVANCED_FACE ( 'NONE', ( #1191 ), #846, .F. ) ;
#1275 = LINE ( 'NONE', #2325, #578 ) ;
#1276 = CIRCLE ( 'NONE', #1846, 1.600000000000000089 ) ;
#1277 = LINE ( 'NONE', #219, #1243 ) ;
#1278 = EDGE_CURVE ( 'NONE', #561, #797, #310, .T. ) ;
#1279 = AXIS2_PLACEMENT_3D ( 'NONE', #162, #183, #1239 ) ;
#1280 = DIRECTION ( 'NONE',  ( 0.000000000000000000, 1.355252715606862300E-16, -1.000000000000000000 ) ) ;
#1281 = CIRCLE ( 'NONE', #875, 3.200000000000009504 ) ;
#1282 = ORIENTED_EDGE ( 'NONE', *, *, #585, .F. ) ;
#1283 = VECTOR ( 'NONE', #2324, 1000.000000000000000 ) ;
#1284 = AXIS2_PLACEMENT_3D ( 'NONE', #93, #2200, #1720 ) ;
#1285 = VECTOR ( 'NONE', #1145, 1000.000000000000000 ) ;
#1286 = FACE_OUTER_BOUND ( 'NONE', #520, .T. ) ;
#1287 = VERTEX_POINT ( 'NONE', #490 ) ;
#1288 = LINE ( 'NONE', #2018, #2147 ) ;
#1289 = DIRECTION ( 'NONE',  ( -0.5000000000000007772, -0.8660254037844381525, 0.000000000000000000 ) ) ;
#1290 = DIRECTION ( 'NONE',  ( -0.5000000000000008882, -0.8660254037844381525, 0.000000000000000000 ) ) ;
#1291 = DIRECTION ( 'NONE',  ( 0.000000000000000000, 1.000000000000000000, 5.782411586589356653E-16 ) ) ;
#1292 = CARTESIAN_POINT ( 'NONE',  ( 55.20096189432260303, 36.02756813566320204, -4.000000000000000888 ) ) ;
#1293 = B_SPLINE_CURVE_WITH_KNOTS ( 'NONE', 3,
 ( #2085, #2290, #295, #1942, #127, #2132, #2272, #329, #1234, #1370, #1935, #1758 ),
 .UNSPECIFIED., .F., .F.,
 ( 4, 2, 2, 2, 2, 4 ),
 ( 0.01304732357822559544, 0.01660608699600894800, 0.02016487610554339172, 0.02728245432461228262, 0.04151761076275006096, 0.06998792363902561764 ),
 .UNSPECIFIED. ) ;
#1294 = ORIENTED_EDGE ( 'NONE', *, *, #138, .F. ) ;
#1295 = VERTEX_POINT ( 'NONE', #1423 ) ;
#1296 = EDGE_CURVE ( 'NONE', #360, #1111, #1242, .T. ) ;
#1297 = LINE ( 'NONE', #1697, #945 ) ;
#1298 = CARTESIAN_POINT ( 'NONE',  ( -1.467977098268032465, -3.812605824228967322, -4.000000000000000888 ) ) ;
#1299 = VERTEX_POINT ( 'NONE', #288 ) ;
#1300 = CARTESIAN_POINT ( 'NONE',  ( 71.59807621135330180, 55.42820323027549279, -2.939152317953647894E-15 ) ) ;
#1301 = CARTESIAN_POINT ( 'NONE',  ( 57.62153903091603269, 42.02013071988572079, 3.184081677783111781E-16 ) ) ;
#1302 = FACE_OUTER_BOUND ( 'NONE', #324, .T. ) ;
#1303 = EDGE_CURVE ( 'NONE', #391, #1897, #726, .T. ) ;
#1304 = CARTESIAN_POINT ( 'NONE',  ( 3.469446951953614189E-15, 3.000000000000000888, -19.00000000000000355 ) ) ;
#1305 = DIRECTION ( 'NONE',  ( 2.503857664561932376E-16, -1.445602896647340149E-16, 1.000000000000000000 ) ) ;
#1306 = ORIENTED_EDGE ( 'NONE', *, *, #1220, .F. ) ;
#1307 = EDGE_CURVE ( 'NONE', #10, #722, #899, .T. ) ;
#1308 = FACE_OUTER_BOUND ( 'NONE', #1205, .T. ) ;
#1309 = CARTESIAN_POINT ( 'NONE',  ( -1.499991754432910884, -2.866328910776534844, 3.999999999999999112 ) ) ;
#1310 = EDGE_LOOP ( 'NONE', ( #45, #1506, #1663, #1477 ) ) ;
#1311 = CARTESIAN_POINT ( 'NONE',  ( 58.40192378864612266, 36.77756813566392680, -4.000000000000000000 ) ) ;
#1312 = FACE_OUTER_BOUND ( 'NONE', #1452, .T. ) ;
#1313 = FACE_BOUND ( 'NONE', #1852, .T. ) ;
#1314 = DIRECTION ( 'NONE',  ( 1.224646799147353207E-16, -1.000000000000000000, -0.000000000000000000 ) ) ;
#1315 = AXIS2_PLACEMENT_3D ( 'NONE', #371, #397, #1088 ) ;
#1316 = EDGE_LOOP ( 'NONE', ( #318, #2066, #944, #1714 ) ) ;
#1317 = CIRCLE ( 'NONE', #1091, 13.49999999999999289 ) ;
#1318 = CARTESIAN_POINT ( 'NONE',  ( 58.09807621135328759, 32.04551732809568421, 18.99999999999999645 ) ) ;
#1319 = CARTESIAN_POINT ( 'NONE',  ( 1.925929944387235853E-31, -3.000000000000016431, -8.000000000000000000 ) ) ;
#1320 = AXIS2_PLACEMENT_3D ( 'NONE', #941, #2010, #388 ) ;
#1321 = ORIENTED_EDGE ( 'NONE', *, *, #43, .T. ) ;
#1322 = LINE ( 'NONE', #1842, #571 ) ;
#1323 = CIRCLE ( 'NONE', #83, 19.09999999999999787 ) ;
#1324 = EDGE_CURVE ( 'NONE', #1149, #1624, #2155, .T. ) ;
#1325 = CYLINDRICAL_SURFACE ( 'NONE', #878, 4.500000000001544542 ) ;
#1326 = ADVANCED_FACE ( 'NONE', ( #1256 ), #1490, .F. ) ;
#1327 = ORIENTED_EDGE ( 'NONE', *, *, #2259, .F. ) ;
#1328 = AXIS2_PLACEMENT_3D ( 'NONE', #2312, #325, #1570 ) ;
#1329 = CARTESIAN_POINT ( 'NONE',  ( 1.925929944387235853E-31, 3.000000000000000888, -4.799999999999990941 ) ) ;
#1330 = DIRECTION ( 'NONE',  ( -0.8660254037844381525, 0.5000000000000008882, 0.000000000000000000 ) ) ;
#1331 = FACE_BOUND ( 'NONE', #470, .T. ) ;
#1332 = VERTEX_POINT ( 'NONE', #1812 ) ;
#1333 = CARTESIAN_POINT ( 'NONE',  ( 37.86453734808767990, 9.000000000000024869, 19.00000000000000000 ) ) ;
#1334 = DIRECTION ( 'NONE',  ( -0.000000000000000000, 1.000000000000000000, -0.000000000000000000 ) ) ;
#1335 = ORIENTED_EDGE ( 'NONE', *, *, #2319, .T. ) ;
#1336 = FACE_OUTER_BOUND ( 'NONE', #1612, .T. ) ;
#1337 = CYLINDRICAL_SURFACE ( 'NONE', #348, 19.00000000000000000 ) ;
#1338 = ORIENTED_EDGE ( 'NONE', *, *, #1099, .F. ) ;
#1339 = DIRECTION ( 'NONE',  ( 1.000000000000000000, 1.355252715606864765E-16, 0.000000000000000000 ) ) ;
#1340 = CARTESIAN_POINT ( 'NONE',  ( -8.000000000000000000, -3.000000000000016431, -1.599999999999998979 ) ) ;
#1341 = CARTESIAN_POINT ( 'NONE',  ( 27.47223250267436612, 15.00000000000000000, 18.99999999999999645 ) ) ;
#1342 = VERTEX_POINT ( 'NONE', #233 ) ;
#1343 = EDGE_CURVE ( 'NONE', #1252, #1559, #1997, .T. ) ;
#1344 = CARTESIAN_POINT ( 'NONE',  ( 52.90192378864664846, 35.04551732809568421, -19.00000000000000355 ) ) ;
#1345 = DIRECTION ( 'NONE',  ( -0.8660254037844381525, 0.5000000000000008882, 0.000000000000000000 ) ) ;
#1346 = ORIENTED_EDGE ( 'NONE', *, *, #2232, .F. ) ;
#1347 = DIRECTION ( 'NONE',  ( -0.5000000000000008882, -0.8660254037844382635, 0.000000000000000000 ) ) ;
#1348 = ORIENTED_EDGE ( 'NONE', *, *, #2319, .F. ) ;
#1349 = DIRECTION ( 'NONE',  ( -0.5000000000000017764, -0.8660254037844375974, 0.000000000000000000 ) ) ;
#1350 = EDGE_CURVE ( 'NONE', #1877, #1015, #2207, .T. ) ;
#1351 = DIRECTION ( 'NONE',  ( -0.8660254037844381525, 0.5000000000000008882, -0.000000000000000000 ) ) ;
#1352 = ADVANCED_FACE ( 'NONE', ( #1826 ), #1630, .F. ) ;
#1353 = CARTESIAN_POINT ( 'NONE',  ( 55.31536195520853028, 34.02571485350974001, -4.000000000000000888 ) ) ;
#1354 = EDGE_CURVE ( 'NONE', #1118, #2047, #1277, .T. ) ;
#1355 = ORIENTED_EDGE ( 'NONE', *, *, #246, .T. ) ;
#1356 = AXIS2_PLACEMENT_3D ( 'NONE', #628, #1649, #1160 ) ;
#1357 = CARTESIAN_POINT ( 'NONE',  ( 3.000000000000056843, 1.500000000000005551, -4.000000000000000888 ) ) ;
#1358 = DIRECTION ( 'NONE',  ( 0.000000000000000000, 0.000000000000000000, 1.000000000000000000 ) ) ;
#1359 = ORIENTED_EDGE ( 'NONE', *, *, #418, .F. ) ;
#1360 = AXIS2_PLACEMENT_3D ( 'NONE', #1984, #1797, #13 ) ;
#1361 = CIRCLE ( 'NONE', #423, 1.599999999999999867 ) ;
#1362 = CARTESIAN_POINT ( 'NONE',  ( -4.172365934149732620E-16, 3.000000000000000000, 4.799999999999991829 ) ) ;
#1363 = AXIS2_PLACEMENT_3D ( 'NONE', #1640, #1264, #1629 ) ;
#1364 = ORIENTED_EDGE ( 'NONE', *, *, #756, .F. ) ;
#1365 = FACE_BOUND ( 'NONE', #442, .T. ) ;
#1366 = AXIS2_PLACEMENT_3D ( 'NONE', #610, #88, #455 ) ;
#1367 = CARTESIAN_POINT ( 'NONE',  ( 3.000000000000055067, 1.500000000000003997, 3.999999999999999112 ) ) ;
#1368 = VECTOR ( 'NONE', #171, 1000.000000000000000 ) ;
#1369 = B_SPLINE_CURVE_WITH_KNOTS ( 'NONE', 3,
 ( #622, #960, #2203, #1891, #431, #2016, #1674, #441, #598, #634, #261, #982 ),
 .UNSPECIFIED., .F., .F.,
 ( 4, 2, 2, 2, 2, 4 ),
 ( 0.01304736586030095027, 0.01660608699600894800, 0.02016487610554339172, 0.02728245432461228262, 0.04151761076275006096, 0.06998792363902561764 ),
 .UNSPECIFIED. ) ;
#1370 = CARTESIAN_POINT ( 'NONE',  ( 0.7076663319955428522, 1.064295503579206548, -4.000000000000000888 ) ) ;
#1371 = ORIENTED_EDGE ( 'NONE', *, *, #145, .T. ) ;
#1372 = CARTESIAN_POINT ( 'NONE',  ( 56.79903810567670064, 32.79551732809567710, 3.999999999999998224 ) ) ;
#1373 = ORIENTED_EDGE ( 'NONE', *, *, #1415, .F. ) ;
#1374 = DIRECTION ( 'NONE',  ( 0.5000000000000008882, 0.8660254037844381525, -8.628166150854816622E-31 ) ) ;
#1375 = ORIENTED_EDGE ( 'NONE', *, *, #1710, .F. ) ;
#1376 = LINE ( 'NONE', #1175, #1168 ) ;
#1377 = LINE ( 'NONE', #853, #40 ) ;
#1378 = VERTEX_POINT ( 'NONE', #921 ) ;
#1379 = CARTESIAN_POINT ( 'NONE',  ( -8.091235691421273434E-16, 1.399999999999983702, 9.600000000000001421 ) ) ;
#1380 = CARTESIAN_POINT ( 'NONE',  ( 1.925929944387235853E-31, -3.000000000000016431, -8.000000000000000000 ) ) ;
#1381 = EDGE_CURVE ( 'NONE', #10, #1295, #231, .T. ) ;
#1382 = ORIENTED_EDGE ( 'NONE', *, *, #1653, .F. ) ;
#1383 = LINE ( 'NONE', #1754, #385 ) ;
#1384 = ORIENTED_EDGE ( 'NONE', *, *, #1105, .T. ) ;
#1385 = DIRECTION ( 'NONE',  ( -1.626303258728278345E-16, -1.897353801849614271E-16, 1.000000000000000000 ) ) ;
#1386 = CARTESIAN_POINT ( 'NONE',  ( -8.091235691421273434E-16, -3.000000000000016431, 8.000000000000000000 ) ) ;
#1387 = CARTESIAN_POINT ( 'NONE',  ( -6.131800812785506724E-16, 1.399999999999983702, 6.399999999999999467 ) ) ;
#1388 = APPLICATION_CONTEXT ( 'automotive_design' ) ;
#1389 = ORIENTED_EDGE ( 'NONE', *, *, #1669, .F. ) ;
#1390 = EDGE_CURVE ( 'NONE', #1775, #1214, #17, .T. ) ;
#1391 = DIRECTION ( 'NONE',  ( -0.000000000000000000, 1.000000000000000000, -0.000000000000000000 ) ) ;
#1392 = VERTEX_POINT ( 'NONE', #1304 ) ;
#1393 = CONICAL_SURFACE ( 'NONE', #1315, 4.600000000000003197, 0.7853981633974566057 ) ;
#1394 = DIRECTION ( 'NONE',  ( -0.000000000000000000, 1.000000000000000000, -0.000000000000000000 ) ) ;
#1395 = AXIS2_PLACEMENT_3D ( 'NONE', #543, #1419, #1056 ) ;
#1396 = ORIENTED_EDGE ( 'NONE', *, *, #1251, .T. ) ;
#1397 = DIRECTION ( 'NONE',  ( 0.000000000000000000, 5.706327223607916569E-16, -1.000000000000000000 ) ) ;
#1398 = CIRCLE ( 'NONE', #2186, 4.500000000001542766 ) ;
#1399 = EDGE_CURVE ( 'NONE', #740, #1252, #2021, .T. ) ;
#1400 = CARTESIAN_POINT ( 'NONE',  ( 27.47223250267438388, -1.499999999999995337, 3.999999999999998224 ) ) ;
#1401 = COLOUR_RGB ( '',0.7921568627450980005, 0.8196078431372548767, 0.9333333333333333481 ) ;
#1402 = AXIS2_PLACEMENT_3D ( 'NONE', #1802, #755, #1437 ) ;
#1403 = DIRECTION ( 'NONE',  ( 0.4999999999999982236, 0.8660254037844395958, 0.000000000000000000 ) ) ;
#1404 = ADVANCED_FACE ( 'NONE', ( #2173 ), #1801, .F. ) ;
#1405 = VECTOR ( 'NONE', #963, 1000.000000000000114 ) ;
#1406 = ORIENTED_EDGE ( 'NONE', *, *, #1303, .F. ) ;
#1407 = LINE ( 'NONE', #516, #1706 ) ;
#1408 = VERTEX_POINT ( 'NONE', #780 ) ;
#1409 = CARTESIAN_POINT ( 'NONE',  ( 43.06068977079433324, 6.000000000000043521, 18.99999999999999645 ) ) ;
#1410 = ORIENTED_EDGE ( 'NONE', *, *, #864, .F. ) ;
#1411 = DIRECTION ( 'NONE',  ( -0.000000000000000000, -0.000000000000000000, -1.000000000000000000 ) ) ;
#1412 = CARTESIAN_POINT ( 'NONE',  ( 71.90192378864669820, 67.95448267190434422, 19.00000000000000000 ) ) ;
#1413 = DIRECTION ( 'NONE',  ( 1.000000000000000000, 1.355252715606876598E-16, 0.000000000000000000 ) ) ;
#1414 = ORIENTED_EDGE ( 'NONE', *, *, #1970, .T. ) ;
#1415 = EDGE_CURVE ( 'NONE', #627, #1287, #566, .T. ) ;
#1416 = EDGE_LOOP ( 'NONE', ( #1716, #1249, #1865, #900 ) ) ;
#1417 = DIRECTION ( 'NONE',  ( -0.8660254037844381525, 0.5000000000000008882, 0.000000000000000000 ) ) ;
#1418 = EDGE_LOOP ( 'NONE', ( #884, #1658, #1200 ) ) ;
#1419 = DIRECTION ( 'NONE',  ( -0.8660254037844380415, 0.5000000000000008882, -0.000000000000000000 ) ) ;
#1420 = DIRECTION ( 'NONE',  ( 0.8660254037844403729, -0.4999999999999971134, 0.000000000000000000 ) ) ;
#1421 = DIRECTION ( 'NONE',  ( -0.5000000000000012212, -0.8660254037844380415, 0.000000000000000000 ) ) ;
#1422 = EDGE_CURVE ( 'NONE', #850, #1332, #186, .T. ) ;
#1423 = CARTESIAN_POINT ( 'NONE',  ( 52.85192378864665130, 34.95891478771723371, -3.469446951953614189E-15 ) ) ;
#1424 = ORIENTED_EDGE ( 'NONE', *, *, #741, .F. ) ;
#1425 = ADVANCED_FACE ( 'NONE', ( #907 ), #1668, .F. ) ;
#1426 = PRODUCT_CONTEXT ( 'NONE', #789, 'mechanical' ) ;
#1427 = VERTEX_POINT ( 'NONE', #930 ) ;
#1428 = CARTESIAN_POINT ( 'NONE',  ( 1.549092563891588892, -4.000000021382553506, -4.000000000000000000 ) ) ;
#1429 = ORIENTED_EDGE ( 'NONE', *, *, #276, .F. ) ;
#1430 = CARTESIAN_POINT ( 'NONE',  ( 3.000000000000056843, 1.500000000000005551, -4.000000000000000888 ) ) ;
#1431 = VECTOR ( 'NONE', #940, 1000.000000000000114 ) ;
#1432 = DIRECTION ( 'NONE',  ( -1.000000000000000000, 0.000000000000000000, -2.503857664561932376E-16 ) ) ;
#1433 = LINE ( 'NONE', #1800, #1177 ) ;
#1434 = AXIS2_PLACEMENT_3D ( 'NONE', #242, #786, #765 ) ;
#1435 = CARTESIAN_POINT ( 'NONE',  ( 53.90192378864458078, 36.77756813566392680, -4.000000000000000000 ) ) ;
#1436 = CIRCLE ( 'NONE', #949, 2.600000000000012079 ) ;
#1437 = DIRECTION ( 'NONE',  ( 1.000000000000000000, 0.000000000000000000, 0.000000000000000000 ) ) ;
#1438 = AXIS2_PLACEMENT_3D ( 'NONE', #1087, #1808, #1606 ) ;
#1439 = DIRECTION ( 'NONE',  ( 0.000000000000000000, 0.000000000000000000, 1.000000000000000000 ) ) ;
#1440 = VECTOR ( 'NONE', #1949, 1000.000000000000000 ) ;
#1441 = VERTEX_POINT ( 'NONE', #8 ) ;
#1442 = CARTESIAN_POINT ( 'NONE',  ( 1.502243609000854851, -2.912634262313150924, -4.000000000000000000 ) ) ;
#1443 = EDGE_LOOP ( 'NONE', ( #1721, #2204, #2133, #416 ) ) ;
#1444 = LINE ( 'NONE', #352, #1692 ) ;
#1445 = DIRECTION ( 'NONE',  ( 1.000000000000000000, 0.000000000000000000, -0.000000000000000000 ) ) ;
#1446 = CARTESIAN_POINT ( 'NONE',  ( 58.92153903091602274, 44.27179676972524192, 2.311115933264683024E-30 ) ) ;
#1447 = CARTESIAN_POINT ( 'NONE',  ( 1.812545725948518704, -2.065062447742022744, -4.000000000000000000 ) ) ;
#1448 = DIRECTION ( 'NONE',  ( 0.8660254037844379305, -0.5000000000000015543, -0.000000000000000000 ) ) ;
#1449 = ORIENTED_EDGE ( 'NONE', *, *, #1469, .T. ) ;
#1450 = EDGE_CURVE ( 'NONE', #2135, #1149, #1259, .T. ) ;
#1451 = CARTESIAN_POINT ( 'NONE',  ( 2.206224543518279901, -1.674653409689649708, 3.999999999999998224 ) ) ;
#1452 = EDGE_LOOP ( 'NONE', ( #290, #152, #1902, #429, #738, #1029, #402 ) ) ;
#1453 = LINE ( 'NONE', #2138, #1737 ) ;
#1454 = ADVANCED_FACE ( 'NONE', ( #2187 ), #2045, .F. ) ;
#1455 = LINE ( 'NONE', #14, #2266 ) ;
#1456 = CARTESIAN_POINT ( 'NONE',  ( 64.65358983848490482, 50.20000000000074891, -3.469446951953614189E-15 ) ) ;
#1457 = DIRECTION ( 'NONE',  ( 0.4999999999999971134, 0.8660254037844402619, 0.000000000000000000 ) ) ;
#1458 = DIRECTION ( 'NONE',  ( -0.5000000000000013323, -0.8660254037844379305, 0.000000000000000000 ) ) ;
#1459 = ORIENTED_EDGE ( 'NONE', *, *, #1550, .F. ) ;
#1460 = EDGE_CURVE ( 'NONE', #1111, #549, #976, .T. ) ;
#1461 = CARTESIAN_POINT ( 'NONE',  ( 1.538634989808971509, -3.800457922860409177, -4.000000000000000000 ) ) ;
#1462 = VERTEX_POINT ( 'NONE', #294 ) ;
#1463 = CARTESIAN_POINT ( 'NONE',  ( 27.47223250267439099, 2.999999999999998668, -19.00000000000000355 ) ) ;
#1464 = DIRECTION ( 'NONE',  ( -0.5000000000000013323, -0.8660254037844379305, 0.000000000000000000 ) ) ;
#1465 = AXIS2_PLACEMENT_3D ( 'NONE', #1046, #495, #1397 ) ;
#1466 = CARTESIAN_POINT ( 'NONE',  ( 93.82323035880261841, 25.96881674780343374, 1.959434878635800729E-16 ) ) ;
#1467 = AXIS2_PLACEMENT_3D ( 'NONE', #1989, #1815, #179 ) ;
#1468 = ORIENTED_EDGE ( 'NONE', *, *, #1639, .T. ) ;
#1469 = EDGE_CURVE ( 'NONE', #1975, #1633, #447, .T. ) ;
#1470 = VECTOR ( 'NONE', #119, 1000.000000000000000 ) ;
#1471 = ORIENTED_EDGE ( 'NONE', *, *, #1422, .T. ) ;
#1472 = AXIS2_PLACEMENT_3D ( 'NONE', #2315, #872, #1057 ) ;
#1473 = VECTOR ( 'NONE', #2198, 1000.000000000000000 ) ;
#1474 = CARTESIAN_POINT ( 'NONE',  ( 19.00000000000000000, 3.000000000000003109, 19.00000000000000000 ) ) ;
#1475 = CIRCLE ( 'NONE', #1328, 18.99999999999999645 ) ;
#1476 = FACE_OUTER_BOUND ( 'NONE', #828, .T. ) ;
#1477 = ORIENTED_EDGE ( 'NONE', *, *, #2248, .T. ) ;
#1478 = EDGE_CURVE ( 'NONE', #225, #1544, #1161, .T. ) ;
#1479 = DIRECTION ( 'NONE',  ( -0.4999999999999947820, -0.8660254037844417052, 0.000000000000000000 ) ) ;
#1480 = CARTESIAN_POINT ( 'NONE',  ( -8.091235691421273434E-16, -3.000000000000016431, 9.600000000000001421 ) ) ;
#1481 = CARTESIAN_POINT ( 'NONE',  ( 1.500000834542781769, -2.943798350630971061, -4.000000000000000000 ) ) ;
#1482 = FACE_OUTER_BOUND ( 'NONE', #1109, .T. ) ;
#1483 = ORIENTED_EDGE ( 'NONE', *, *, #476, .F. ) ;
#1484 = DIRECTION ( 'NONE',  ( 0.000000000000000000, 0.000000000000000000, -1.000000000000000000 ) ) ;
#1485 = CARTESIAN_POINT ( 'NONE',  ( -1.500007557512311074, -3.122516849567984920, 3.999999999999999112 ) ) ;
#1486 = ORIENTED_EDGE ( 'NONE', *, *, #2128, .T. ) ;
#1487 = DIRECTION ( 'NONE',  ( 0.000000000000000000, 0.000000000000000000, 1.000000000000000000 ) ) ;
#1488 = CARTESIAN_POINT ( 'NONE',  ( 3.469446951953614189E-15, 3.000000000000000888, 19.00000000000000000 ) ) ;
#1489 = CARTESIAN_POINT ( 'NONE',  ( 54.15096189432336615, 34.20891478771720529, -3.469446951953614189E-15 ) ) ;
#1490 = PLANE ( 'NONE',  #1850 ) ;
#1491 = FACE_OUTER_BOUND ( 'NONE', #89, .T. ) ;
#1492 = EDGE_CURVE ( 'NONE', #1236, #330, #1860, .T. ) ;
#1493 = ORIENTED_EDGE ( 'NONE', *, *, #2210, .F. ) ;
#1494 = EDGE_CURVE ( 'NONE', #1441, #1083, #192, .T. ) ;
#1495 = DIRECTION ( 'NONE',  ( 0.8660254037844381525, -0.5000000000000008882, -0.000000000000000000 ) ) ;
#1496 = CARTESIAN_POINT ( 'NONE',  ( 1.925929944387235853E-31, 3.000000000000000000, -8.000000000000000000 ) ) ;
#1497 = ORIENTED_EDGE ( 'NONE', *, *, #518, .F. ) ;
#1498 = DIRECTION ( 'NONE',  ( -1.000000000000000000, 5.492835371657875183E-16, -0.000000000000000000 ) ) ;
#1499 = DIRECTION ( 'NONE',  ( 1.626303258728272182E-16, 1.355252715606862547E-16, -1.000000000000000000 ) ) ;
#1500 = CARTESIAN_POINT ( 'NONE',  ( 101.8232303588026610, 39.82522320835445129, -2.743208830090069449E-15 ) ) ;
#1501 = CARTESIAN_POINT ( 'NONE',  ( 62.92153903091602984, 51.20000000000074891, -3.469446951953614189E-15 ) ) ;
#1502 = PLANE ( 'NONE',  #2074 ) ;
#1503 = AXIS2_PLACEMENT_3D ( 'NONE', #1080, #1255, #363 ) ;
#1504 = ORIENTED_EDGE ( 'NONE', *, *, #636, .T. ) ;
#1505 = CIRCLE ( 'NONE', #1279, 1.600000000000000089 ) ;
#1506 = ORIENTED_EDGE ( 'NONE', *, *, #1354, .F. ) ;
#1507 = VECTOR ( 'NONE', #1971, 1000.000000000000000 ) ;
#1508 = DIRECTION ( 'NONE',  ( 0.000000000000000000, 1.000000000000000000, 0.000000000000000000 ) ) ;
#1509 = CARTESIAN_POINT ( 'NONE',  ( 65.62153903091599716, 55.87653718043664242, -2.620744150175326412E-15 ) ) ;
#1510 = AXIS2_PLACEMENT_3D ( 'NONE', #269, #2029, #1178 ) ;
#1511 = AXIS2_PLACEMENT_3D ( 'NONE', #1709, #449, #1127 ) ;
#1512 = EDGE_LOOP ( 'NONE', ( #2287, #792, #1338, #1085 ) ) ;
#1513 = DIRECTION ( 'NONE',  ( 0.000000000000000000, 0.000000000000000000, 1.000000000000000000 ) ) ;
#1514 = VERTEX_POINT ( 'NONE', #2218 ) ;
#1515 = AXIS2_PLACEMENT_3D ( 'NONE', #159, #832, #143 ) ;
#1516 = LINE ( 'NONE', #445, #794 ) ;
#1517 = LINE ( 'NONE', #1240, #762 ) ;
#1518 = DIRECTION ( 'NONE',  ( 1.000000000000000000, 0.000000000000000000, -2.503857664561932376E-16 ) ) ;
#1519 = EDGE_CURVE ( 'NONE', #891, #821, #425, .T. ) ;
#1520 = B_SPLINE_CURVE_WITH_KNOTS ( 'NONE', 3,
 ( #1679, #2084, #815, #825, #965, #2255, #64, #652, #1530, #475, #1151, #1367 ),
 .UNSPECIFIED., .F., .F.,
 ( 4, 2, 2, 2, 2, 4 ),
 ( 0.01304726592976696367, 0.01660608699600894800, 0.02016487610554339172, 0.02728245432461228262, 0.04151761076275006096, 0.06998792363902561764 ),
 .UNSPECIFIED. ) ;
#1521 = ORIENTED_EDGE ( 'NONE', *, *, #1107, .F. ) ;
#1522 = LINE ( 'NONE', #1155, #115 ) ;
#1523 = CARTESIAN_POINT ( 'NONE',  ( -1.440459474379710336, -2.271183317989839967, -4.000000000000000888 ) ) ;
#1524 = ORIENTED_EDGE ( 'NONE', *, *, #2232, .T. ) ;
#1525 = ADVANCED_FACE ( 'NONE', ( #435 ), #378, .T. ) ;
#1526 = EDGE_CURVE ( 'NONE', #1981, #1299, #1281, .T. ) ;
#1527 = CARTESIAN_POINT ( 'NONE',  ( 39.16357545376430238, 8.250000000000042633, -4.000000000000000888 ) ) ;
#1528 = FACE_OUTER_BOUND ( 'NONE', #1418, .T. ) ;
#1529 = EDGE_CURVE ( 'NONE', #358, #405, #1398, .T. ) ;
#1530 = CARTESIAN_POINT ( 'NONE',  ( -0.6068591728751088210, -0.2393152095504250676, 3.999999999999999112 ) ) ;
#1531 = FACE_OUTER_BOUND ( 'NONE', #607, .T. ) ;
#1532 = ORIENTED_EDGE ( 'NONE', *, *, #2285, .T. ) ;
#1533 = DIRECTION ( 'NONE',  ( 0.8660254037844403729, -0.4999999999999971134, 0.000000000000000000 ) ) ;
#1534 = CARTESIAN_POINT ( 'NONE',  ( 1.854894774581321348, 1.500000000000013989, -4.000000000000000888 ) ) ;
#1535 = ORIENTED_EDGE ( 'NONE', *, *, #50, .F. ) ;
#1536 = DIRECTION ( 'NONE',  ( 0.000000000000000000, 0.000000000000000000, 1.000000000000000000 ) ) ;
#1537 = VERTEX_POINT ( 'NONE', #1002 ) ;
#1538 = CARTESIAN_POINT ( 'NONE',  ( 54.20096189432339884, 34.29551732809570552, 3.999999999999999112 ) ) ;
#1539 = DIRECTION ( 'NONE',  ( 0.000000000000000000, 0.000000000000000000, 1.000000000000000000 ) ) ;
#1540 = DIRECTION ( 'NONE',  ( -0.000000000000000000, -0.000000000000000000, -1.000000000000000000 ) ) ;
#1541 = ORIENTED_EDGE ( 'NONE', *, *, #2259, .T. ) ;
#1542 = AXIS2_PLACEMENT_3D ( 'NONE', #293, #474, #674 ) ;
#1543 = CARTESIAN_POINT ( 'NONE',  ( -8.000000000000000000, 1.399999999999968159, 1.600000000000001199 ) ) ;
#1544 = VERTEX_POINT ( 'NONE', #1909 ) ;
#1545 = CIRCLE ( 'NONE', #1886, 1.600000000000000755 ) ;
#1546 = EDGE_CURVE ( 'NONE', #1015, #638, #1520, .T. ) ;
#1547 = VECTOR ( 'NONE', #630, 1000.000000000000000 ) ;
#1548 = CARTESIAN_POINT ( 'NONE',  ( 62.40192378864536948, 51.50000000000075318, -3.469446951953614189E-15 ) ) ;
#1549 = VECTOR ( 'NONE', #2245, 1000.000000000000000 ) ;
#1550 = EDGE_CURVE ( 'NONE', #170, #1010, #1188, .T. ) ;
#1551 = CYLINDRICAL_SURFACE ( 'NONE', #1465, 19.00000000000000355 ) ;
#1552 = CIRCLE ( 'NONE', #540, 12.00000000000001599 ) ;
#1553 = CARTESIAN_POINT ( 'NONE',  ( 57.79903810567590483, 34.52756813566316652, 3.999999999999998224 ) ) ;
#1554 = CONICAL_SURFACE ( 'NONE', #2227, 3.199999999999977085, 0.7853981633974428389 ) ;
#1555 = LINE ( 'NONE', #320, #1741 ) ;
#1556 = PRODUCT_DEFINITION_FORMATION_WITH_SPECIFIED_SOURCE ( 'ANY', '', #146, .NOT_KNOWN. ) ;
#1557 = EDGE_CURVE ( 'NONE', #1633, #2320, #156, .T. ) ;
#1558 = VERTEX_POINT ( 'NONE', #837 ) ;
#1559 = VERTEX_POINT ( 'NONE', #1553 ) ;
#1560 = DIRECTION ( 'NONE',  ( 8.300049630046124019E-17, -2.357096837240912401E-16, 1.000000000000000000 ) ) ;
#1561 = ORIENTED_EDGE ( 'NONE', *, *, #1390, .F. ) ;
#1562 = DIRECTION ( 'NONE',  ( 0.8660254037844402619, -0.4999999999999971689, -0.000000000000000000 ) ) ;
#1563 = ORIENTED_EDGE ( 'NONE', *, *, #568, .T. ) ;
#1564 = DIRECTION ( 'NONE',  ( -0.000000000000000000, 1.000000000000000000, -0.000000000000000000 ) ) ;
#1565 = LINE ( 'NONE', #675, #1621 ) ;
#1566 = DIRECTION ( 'NONE',  ( 0.000000000000000000, 0.000000000000000000, 1.000000000000000000 ) ) ;
#1567 = EDGE_LOOP ( 'NONE', ( #978, #283, #890, #1193, #1571, #588 ) ) ;
#1568 = VERTEX_POINT ( 'NONE', #602 ) ;
#1569 = ADVANCED_FACE ( 'NONE', ( #1313, #1689 ), #790, .T. ) ;
#1570 = DIRECTION ( 'NONE',  ( -0.5000000000000008882, -0.8660254037844382635, 0.000000000000000000 ) ) ;
#1571 = ORIENTED_EDGE ( 'NONE', *, *, #1049, .T. ) ;
#1572 = CARTESIAN_POINT ( 'NONE',  ( 19.00000000000000000, -2.999999999999996891, -19.00000000000000355 ) ) ;
#1573 = LINE ( 'NONE', #1023, #617 ) ;
#1574 = CARTESIAN_POINT ( 'NONE',  ( 71.59807621135330180, 55.42820323027549989, -2.939152317953647894E-15 ) ) ;
#1575 = EDGE_LOOP ( 'NONE', ( #2308, #1270, #1983, #858 ) ) ;
#1576 = DIRECTION ( 'NONE',  ( 0.4999999999999982236, 0.8660254037844395958, 0.000000000000000000 ) ) ;
#1577 = ORIENTED_EDGE ( 'NONE', *, *, #1967, .F. ) ;
#1578 = CIRCLE ( 'NONE', #306, 19.09999999999999787 ) ;
#1579 = FACE_OUTER_BOUND ( 'NONE', #1711, .T. ) ;
#1580 = VECTOR ( 'NONE', #1560, 1000.000000000000000 ) ;
#1581 = ORIENTED_EDGE ( 'NONE', *, *, #811, .F. ) ;
#1582 = CARTESIAN_POINT ( 'NONE',  ( 58.92153903091602274, 44.27179676972524192, 2.311115933264683024E-30 ) ) ;
#1583 = CIRCLE ( 'NONE', #1696, 16.49999999999998934 ) ;
#1584 = DIRECTION ( 'NONE',  ( 0.4999999999999982236, 0.8660254037844395958, 0.000000000000000000 ) ) ;
#1585 = AXIS2_PLACEMENT_3D ( 'NONE', #282, #243, #1347 ) ;
#1586 = AXIS2_PLACEMENT_3D ( 'NONE', #1198, #862, #498 ) ;
#1587 = CARTESIAN_POINT ( 'NONE',  ( 58.09807621135328759, 32.04551732809568421, -19.00000000000000355 ) ) ;
#1588 = EDGE_CURVE ( 'NONE', #98, #1342, #1517, .T. ) ;
#1589 = EDGE_CURVE ( 'NONE', #1408, #2047, #338, .T. ) ;
#1590 = ORIENTED_EDGE ( 'NONE', *, *, #1550, .T. ) ;
#1591 = DIRECTION ( 'NONE',  ( -0.8660254037844380415, 0.5000000000000008882, -0.000000000000000000 ) ) ;
#1592 = VERTEX_POINT ( 'NONE', #1047 ) ;
#1593 = DIRECTION ( 'NONE',  ( -0.000000000000000000, 1.000000000000000000, -0.000000000000000000 ) ) ;
#1594 = ADVANCED_FACE ( 'NONE', ( #1197 ), #1952, .F. ) ;
#1595 = EDGE_LOOP ( 'NONE', ( #1590, #161, #1203, #968 ) ) ;
#1596 = DIRECTION ( 'NONE',  ( 0.000000000000000000, 0.000000000000000000, 1.000000000000000000 ) ) ;
#1597 = EDGE_CURVE ( 'NONE', #1592, #2017, #2131, .T. ) ;
#1598 = CARTESIAN_POINT ( 'NONE',  ( 53.90192378864458078, 36.77756813566392680, -4.000000000000000000 ) ) ;
#1599 = CARTESIAN_POINT ( 'NONE',  ( 67.59807621135330180, 48.50000000000002132, -3.469446951953617344E-15 ) ) ;
#1600 = CARTESIAN_POINT ( 'NONE',  ( 27.47223250267436612, 15.00000000000000000, -4.000000000000000000 ) ) ;
#1601 = ORIENTED_EDGE ( 'NONE', *, *, #2002, .F. ) ;
#1602 = ORIENTED_EDGE ( 'NONE', *, *, #1666, .F. ) ;
#1603 = CARTESIAN_POINT ( 'NONE',  ( -6.131800812785507710E-16, -3.000000000000016431, 6.400000000000000355 ) ) ;
#1604 = ORIENTED_EDGE ( 'NONE', *, *, #1589, .T. ) ;
#1605 = DIRECTION ( 'NONE',  ( -0.000000000000000000, 1.000000000000000000, -0.000000000000000000 ) ) ;
#1606 = DIRECTION ( 'NONE',  ( 1.000000000000000000, 0.000000000000000000, -0.000000000000000000 ) ) ;
#1607 = CARTESIAN_POINT ( 'NONE',  ( 61.99807621135328617, 38.80051547761430442, 3.918869757271508273E-16 ) ) ;
#1608 = CARTESIAN_POINT ( 'NONE',  ( 52.90192378864665557, 35.04551732809568421, -19.00000000000000355 ) ) ;
#1609 = CARTESIAN_POINT ( 'NONE',  ( -8.091235691421273434E-16, 3.000000000000000000, 8.000000000000000000 ) ) ;
#1610 = ORIENTED_EDGE ( 'NONE', *, *, #2059, .F. ) ;
#1611 = CARTESIAN_POINT ( 'NONE',  ( 1.507051180628626197, -3.283224659774392595, 3.999999999999998224 ) ) ;
#1612 = EDGE_LOOP ( 'NONE', ( #209, #623, #1936, #2313 ) ) ;
#1613 = FACE_OUTER_BOUND ( 'NONE', #903, .T. ) ;
#1614 = CARTESIAN_POINT ( 'NONE',  ( 27.47223250267441585, 1.500000000000005995, 3.999999999999998224 ) ) ;
#1615 = CARTESIAN_POINT ( 'NONE',  ( 65.19807621135326769, 44.34307806183464606, 2.311115933264683024E-30 ) ) ;
#1616 = VECTOR ( 'NONE', #795, 1000.000000000000114 ) ;
#1617 = DIRECTION ( 'NONE',  ( -5.007715329123874613E-16, 2.891205793294661563E-16, -1.000000000000000000 ) ) ;
#1618 = CIRCLE ( 'NONE', #39, 1.599999999999999867 ) ;
#1619 = AXIS2_PLACEMENT_3D ( 'NONE', #1921, #2282, #1413 ) ;
#1620 = DIRECTION ( 'NONE',  ( 0.5000000000000001110, 0.8660254037844385966, 0.000000000000000000 ) ) ;
#1621 = VECTOR ( 'NONE', #1766, 1000.000000000000000 ) ;
#1622 = ADVANCED_FACE ( 'NONE', ( #710 ), #126, .F. ) ;
#1623 = AXIS2_PLACEMENT_3D ( 'NONE', #560, #1269, #924 ) ;
#1624 = VERTEX_POINT ( 'NONE', #2105 ) ;
#1625 = CARTESIAN_POINT ( 'NONE',  ( 1.500000834542782879, -2.943798350630972394, 3.999999999999998224 ) ) ;
#1626 = ORIENTED_EDGE ( 'NONE', *, *, #1207, .T. ) ;
#1627 = DIRECTION ( 'NONE',  ( 0.5000000000000009992, 0.8660254037844380415, 0.000000000000000000 ) ) ;
#1628 = CARTESIAN_POINT ( 'NONE',  ( -8.000000000000000000, 2.999999999999999556, 3.200000000000037481 ) ) ;
#1629 = DIRECTION ( 'NONE',  ( -1.000000000000000000, 0.000000000000000000, 5.007715329123861794E-16 ) ) ;
#1630 = PLANE ( 'NONE',  #79 ) ;
#1631 = CARTESIAN_POINT ( 'NONE',  ( 57.99002660570575074, 38.65836992137936790, 0.000000000000000000 ) ) ;
#1632 = EDGE_CURVE ( 'NONE', #1960, #358, #1573, .T. ) ;
#1633 = VERTEX_POINT ( 'NONE', #1400 ) ;
#1634 = CARTESIAN_POINT ( 'NONE',  ( 1.501499767323345669, -3.133740683840522401, -4.000000000000000000 ) ) ;
#1635 = ORIENTED_EDGE ( 'NONE', *, *, #265, .F. ) ;
#1636 = EDGE_CURVE ( 'NONE', #1118, #1915, #1096, .T. ) ;
#1637 = DIRECTION ( 'NONE',  ( 5.123605460760814051E-33, -2.891205793294678326E-16, -1.000000000000000000 ) ) ;
#1638 = DIRECTION ( 'NONE',  ( -1.000000000000000000, 5.492835371657875183E-16, -0.000000000000000000 ) ) ;
#1639 = EDGE_CURVE ( 'NONE', #950, #722, #2289, .T. ) ;
#1640 = CARTESIAN_POINT ( 'NONE',  ( 77.09807621135333022, 64.95448267190434422, 18.99999999999999645 ) ) ;
#1641 = CARTESIAN_POINT ( 'NONE',  ( 1.548367031081320233, -2.627104465533190769, -4.000000000000000000 ) ) ;
#1642 = CARTESIAN_POINT ( 'NONE',  ( 3.000000000000022649, -1.499999999999994671, -4.000000000000000000 ) ) ;
#1643 = EDGE_CURVE ( 'NONE', #1784, #1960, #1700, .T. ) ;
#1644 = ORIENTED_EDGE ( 'NONE', *, *, #16, .F. ) ;
#1645 = DIRECTION ( 'NONE',  ( -0.5000000000000009992, -0.8660254037844381525, 0.000000000000000000 ) ) ;
#1646 = FACE_OUTER_BOUND ( 'NONE', #2103, .T. ) ;
#1647 = EDGE_LOOP ( 'NONE', ( #2209, #1429, #1992, #1163 ) ) ;
#1648 = CARTESIAN_POINT ( 'NONE',  ( -8.000000000000000000, 2.999999999999999112, -3.200000000000035261 ) ) ;
#1649 = DIRECTION ( 'NONE',  ( -0.8660254037844380415, 0.5000000000000008882, -0.000000000000000000 ) ) ;
#1650 = CARTESIAN_POINT ( 'NONE',  ( 70.95358983848495882, 61.11192008768473727, -2.939152317953647894E-15 ) ) ;
#1651 = AXIS2_PLACEMENT_3D ( 'NONE', #597, #1673, #1165 ) ;
#1652 = ORIENTED_EDGE ( 'NONE', *, *, #199, .T. ) ;
#1653 = EDGE_CURVE ( 'NONE', #2247, #850, #803, .T. ) ;
#1654 = AXIS2_PLACEMENT_3D ( 'NONE', #996, #668, #2099 ) ;
#1655 = CIRCLE ( 'NONE', #1619, 3.200000000000009504 ) ;
#1656 = ORIENTED_EDGE ( 'NONE', *, *, #1871, .F. ) ;
#1657 = VECTOR ( 'NONE', #2214, 1000.000000000000000 ) ;
#1658 = ORIENTED_EDGE ( 'NONE', *, *, #670, .F. ) ;
#1659 = CARTESIAN_POINT ( 'NONE',  ( -6.131800812785506724E-16, -3.000000000000016431, 6.399999999999999467 ) ) ;
#1660 = VECTOR ( 'NONE', #2146, 1000.000000000000114 ) ;
#1661 = MANIFOLD_SOLID_BREP ( 'Cut-Sweep1', #2182 ) ;
#1662 = CARTESIAN_POINT ( 'NONE',  ( -1.467977098268030689, -3.812605824228968654, 3.999999999999999112 ) ) ;
#1663 = ORIENTED_EDGE ( 'NONE', *, *, #1636, .T. ) ;
#1664 = FACE_OUTER_BOUND ( 'NONE', #1316, .T. ) ;
#1665 = DIRECTION ( 'NONE',  ( 0.5000000000000008882, 0.8660254037844381525, -0.000000000000000000 ) ) ;
#1666 = EDGE_CURVE ( 'NONE', #1681, #821, #1565, .T. ) ;
#1667 = CARTESIAN_POINT ( 'NONE',  ( 3.000000000000055067, 1.500000000000003997, 3.999999999999999112 ) ) ;
#1668 = PLANE ( 'NONE',  #2150 ) ;
#1669 = EDGE_CURVE ( 'NONE', #1064, #87, #4, .T. ) ;
#1670 = CARTESIAN_POINT ( 'NONE',  ( 27.47223250267439099, -3.000000000000016431, 18.99999999999999645 ) ) ;
#1671 = VERTEX_POINT ( 'NONE', #1037 ) ;
#1672 = ORIENTED_EDGE ( 'NONE', *, *, #145, .F. ) ;
#1673 = DIRECTION ( 'NONE',  ( -1.224646799147353207E-16, 1.000000000000000000, 0.000000000000000000 ) ) ;
#1674 = CARTESIAN_POINT ( 'NONE',  ( 1.578404324568614792, -2.527636830777391985, 3.999999999999998224 ) ) ;
#1675 = ORIENTED_EDGE ( 'NONE', *, *, #1820, .T. ) ;
#1676 = CARTESIAN_POINT ( 'NONE',  ( 55.20096189432259592, 36.02756813566320204, -4.000000000000000000 ) ) ;
#1677 = FACE_OUTER_BOUND ( 'NONE', #1443, .T. ) ;
#1678 = CARTESIAN_POINT ( 'NONE',  ( 39.16357545376430238, 8.250000000000042633, -4.000000000000000888 ) ) ;
#1679 = CARTESIAN_POINT ( 'NONE',  ( -1.499768222218158531, -3.000003615157481374, 4.000000000000000000 ) ) ;
#1680 = FACE_BOUND ( 'NONE', #1687, .T. ) ;
#1681 = VERTEX_POINT ( 'NONE', #136 ) ;
#1682 = CYLINDRICAL_SURFACE ( 'NONE', #1994, 4.500000000001544542 ) ;
#1683 = CARTESIAN_POINT ( 'NONE',  ( -1.499991754432912439, -2.866328910776533512, -4.000000000000000888 ) ) ;
#1684 = ORIENTED_EDGE ( 'NONE', *, *, #1639, .F. ) ;
#1685 = FACE_BOUND ( 'NONE', #2292, .T. ) ;
#1686 = DIRECTION ( 'NONE',  ( -0.000000000000000000, 1.000000000000000000, -0.000000000000000000 ) ) ;
#1687 = EDGE_LOOP ( 'NONE', ( #67, #1371 ) ) ;
#1688 = DIRECTION ( 'NONE',  ( -5.492835371657875183E-16, -1.000000000000000000, 0.000000000000000000 ) ) ;
#1689 = FACE_OUTER_BOUND ( 'NONE', #863, .T. ) ;
#1690 = FACE_OUTER_BOUND ( 'NONE', #1045, .T. ) ;
#1691 = VECTOR ( 'NONE', #1728, 1000.000000000000000 ) ;
#1692 = VECTOR ( 'NONE', #562, 1000.000000000000114 ) ;
#1693 = ADVANCED_FACE ( 'NONE', ( #1757 ), #861, .F. ) ;
#1694 = EDGE_LOOP ( 'NONE', ( #2111, #1980, #116, #1635 ) ) ;
#1695 = EDGE_CURVE ( 'NONE', #2137, #1923, #1780, .T. ) ;
#1696 = AXIS2_PLACEMENT_3D ( 'NONE', #1600, #2089, #2317 ) ;
#1697 = CARTESIAN_POINT ( 'NONE',  ( 3.000000000000056399, 1.500000000000005551, -4.000000000000000888 ) ) ;
#1698 = CARTESIAN_POINT ( 'NONE',  ( 66.92153903091603695, 58.12820323027624880, -2.939152317953647894E-15 ) ) ;
#1699 = EDGE_CURVE ( 'NONE', #1378, #708, #1455, .T. ) ;
#1700 = CIRCLE ( 'NONE', #1933, 4.500000000001542766 ) ;
#1701 = VECTOR ( 'NONE', #165, 1000.000000000000114 ) ;
#1702 = ORIENTED_EDGE ( 'NONE', *, *, #2058, .T. ) ;
#1703 = PLANE ( 'NONE',  #1651 ) ;
#1704 = DIRECTION ( 'NONE',  ( 0.5000000000000012212, 0.8660254037844380415, 0.000000000000000000 ) ) ;
#1705 = ORIENTED_EDGE ( 'NONE', *, *, #966, .T. ) ;
#1706 = VECTOR ( 'NONE', #1591, 1000.000000000000227 ) ;
#1707 = DIRECTION ( 'NONE',  ( -3.605316508992532245E-17, 2.086046294119531362E-16, -1.000000000000000000 ) ) ;
#1708 = DIRECTION ( 'NONE',  ( 0.000000000000000000, 0.000000000000000000, 1.000000000000000000 ) ) ;
#1709 = CARTESIAN_POINT ( 'NONE',  ( -8.000000000000000000, 2.999999999999999556, 9.797174393178825657E-16 ) ) ;
#1710 = EDGE_CURVE ( 'NONE', #1225, #708, #752, .T. ) ;
#1711 = EDGE_LOOP ( 'NONE', ( #1199, #2158, #259, #677 ) ) ;
#1712 = CARTESIAN_POINT ( 'NONE',  ( 3.000000000000056399, 1.500000000000005551, -4.000000000000000888 ) ) ;
#1713 = DIRECTION ( 'NONE',  ( 0.8660254037844339337, -0.5000000000000079936, -2.891205793294678326E-16 ) ) ;
#1714 = ORIENTED_EDGE ( 'NONE', *, *, #1273, .T. ) ;
#1715 = CARTESIAN_POINT ( 'NONE',  ( -1.446796040372132719, -4.157007890111357185, 3.999999999999999112 ) ) ;
#1716 = ORIENTED_EDGE ( 'NONE', *, *, #2052, .F. ) ;
#1717 = PLANE ( 'NONE',  #683 ) ;
#1718 = EDGE_CURVE ( 'NONE', #1544, #866, #215, .T. ) ;
#1719 = CARTESIAN_POINT ( 'NONE',  ( 74.15358983848493324, 66.65448267190510023, -19.00000000000000355 ) ) ;
#1720 = DIRECTION ( 'NONE',  ( -0.5000000000000017764, -0.8660254037844375974, 0.000000000000000000 ) ) ;
#1721 = ORIENTED_EDGE ( 'NONE', *, *, #1273, .F. ) ;
#1722 = ADVANCED_FACE ( 'NONE', ( #1263 ), #590, .F. ) ;
#1723 = DIRECTION ( 'NONE',  ( -0.000000000000000000, 1.000000000000000000, -0.000000000000000000 ) ) ;
#1724 = PLANE ( 'NONE',  #2192 ) ;
#1725 = VERTEX_POINT ( 'NONE', #1301 ) ;
#1726 = CARTESIAN_POINT ( 'NONE',  ( 54.20096189432340594, 34.29551732809570552, -4.000000000000000888 ) ) ;
#1727 = EDGE_LOOP ( 'NONE', ( #1033, #877, #2014, #262 ) ) ;
#1728 = DIRECTION ( 'NONE',  ( 1.000000000000000000, 1.772134475049664720E-17, 0.000000000000000000 ) ) ;
#1729 = EDGE_CURVE ( 'NONE', #1462, #1537, #1254, .T. ) ;
#1730 = DIRECTION ( 'NONE',  ( 0.000000000000000000, 0.000000000000000000, 1.000000000000000000 ) ) ;
#1731 = CARTESIAN_POINT ( 'NONE',  ( 70.21243556529822172, 56.22820323027548994, -2.939152317953647894E-15 ) ) ;
#1732 = EDGE_LOOP ( 'NONE', ( #817, #2251, #2004, #2048 ) ) ;
#1733 = ORIENTED_EDGE ( 'NONE', *, *, #1153, .T. ) ;
#1734 = DIRECTION ( 'NONE',  ( -0.000000000000000000, 1.000000000000000000, -0.000000000000000000 ) ) ;
#1735 = APPLICATION_PROTOCOL_DEFINITION ( 'draft international standard', 'automotive_design', 1998, #789 ) ;
#1736 = ORIENTED_EDGE ( 'NONE', *, *, #1765, .T. ) ;
#1737 = VECTOR ( 'NONE', #2170, 1000.000000000000000 ) ;
#1738 = CIRCLE ( 'NONE', #611, 1.600000000000013856 ) ;
#1739 = AXIS2_PLACEMENT_3D ( 'NONE', #2275, #1201, #2075 ) ;
#1740 = LINE ( 'NONE', #1009, #2037 ) ;
#1741 = VECTOR ( 'NONE', #1038, 1000.000000000000000 ) ;
#1742 = EDGE_LOOP ( 'NONE', ( #1228, #937, #1486 ) ) ;
#1743 = DIRECTION ( 'NONE',  ( 0.8660254037844381525, -0.5000000000000008882, 0.000000000000000000 ) ) ;
#1744 = VECTOR ( 'NONE', #362, 1000.000000000000000 ) ;
#1745 = SURFACE_STYLE_USAGE ( .BOTH. , #2095 ) ;
#1746 = CONICAL_SURFACE ( 'NONE', #1968, 4.600000000000088463, 0.7853981633974529419 ) ;
#1747 = DIRECTION ( 'NONE',  ( 1.000000000000000000, 0.000000000000000000, -0.000000000000000000 ) ) ;
#1748 = EDGE_CURVE ( 'NONE', #834, #1427, #919, .T. ) ;
#1749 = ORIENTED_EDGE ( 'NONE', *, *, #128, .T. ) ;
#1750 = EDGE_LOOP ( 'NONE', ( #514, #679, #1190, #1940 ) ) ;
#1751 = FACE_OUTER_BOUND ( 'NONE', #2124, .T. ) ;
#1752 = DIRECTION ( 'NONE',  ( 0.000000000000000000, 0.000000000000000000, 1.000000000000000000 ) ) ;
#1753 = ORIENTED_EDGE ( 'NONE', *, *, #317, .T. ) ;
#1754 = CARTESIAN_POINT ( 'NONE',  ( 64.65358983848490482, 50.20000000000074891, 3.999999999999999112 ) ) ;
#1755 = VERTEX_POINT ( 'NONE', #1628 ) ;
#1756 = PLANE ( 'NONE',  #150 ) ;
#1757 = FACE_OUTER_BOUND ( 'NONE', #1990, .T. ) ;
#1758 = CARTESIAN_POINT ( 'NONE',  ( 3.000000000000056843, 1.500000000000005773, -4.000000000000000888 ) ) ;
#1759 = VERTEX_POINT ( 'NONE', #229 ) ;
#1760 = DIRECTION ( 'NONE',  ( 0.8660254037844403729, -0.4999999999999971134, 0.000000000000000000 ) ) ;
#1761 = ORIENTED_EDGE ( 'NONE', *, *, #688, .F. ) ;
#1762 = DIRECTION ( 'NONE',  ( -0.5000000000000013323, -0.8660254037844378194, 0.000000000000000000 ) ) ;
#1763 = EDGE_LOOP ( 'NONE', ( #1382, #2166, #482, #823 ) ) ;
#1764 = CARTESIAN_POINT ( 'NONE',  ( 54.20096189432340594, 34.29551732809569842, -1.951922129595022648 ) ) ;
#1765 = EDGE_CURVE ( 'NONE', #2320, #124, #1977, .T. ) ;
#1766 = DIRECTION ( 'NONE',  ( 0.5000000000000008882, 0.8660254037844381525, 9.860761315262647568E-32 ) ) ;
#1767 = B_SPLINE_SURFACE_WITH_KNOTS ( 'NONE', 1, 3, ( 
 ( #2331, #1084, #1958, #181, #1611, #2195, #902, #1625, #349, #729, #1097, #749, #1991, #715, #213, #1451, #1821, #2321 ),
 ( #1428, #1461, #916, #936, #1795, #1634, #2003, #11, #1442, #1260, #541, #1074, #1065, #377, #739, #359, #2168, #2177 ) ),
 .UNSPECIFIED., .F., .F., .F.,
 ( 2, 2 ),
 ( 4, 2, 2, 2, 2, 2, 2, 2, 4 ),
 ( 0.000000000000000000, 1.000000000000000000 ),
 ( 0.000000000000000000, 0.006523648943237252140, 0.009785473414855878210, 0.01304729788647450428, 0.01660608699600894800, 0.02016487610554339172, 0.02728245432461228262, 0.04151761076275006096, 0.06998792363902561764 ),
 .UNSPECIFIED. ) ;
#1768 = ORIENTED_EDGE ( 'NONE', *, *, #1729, .T. ) ;
#1769 = ADVANCED_FACE ( 'NONE', ( #26 ), #545, .F. ) ;
#1770 = EDGE_CURVE ( 'NONE', #708, #1392, #206, .T. ) ;
#1771 = ORIENTED_EDGE ( 'NONE', *, *, #1478, .T. ) ;
#1772 = FACE_OUTER_BOUND ( 'NONE', #1927, .T. ) ;
#1773 = AXIS2_PLACEMENT_3D ( 'NONE', #2334, #2130, #361 ) ;
#1774 = AXIS2_PLACEMENT_3D ( 'NONE', #1642, #736, #1280 ) ;
#1775 = VERTEX_POINT ( 'NONE', #2171 ) ;
#1776 = CARTESIAN_POINT ( 'NONE',  ( 64.65358983848490482, 50.20000000000074891, -4.000000000000000000 ) ) ;
#1777 = AXIS2_PLACEMENT_3D ( 'NONE', #1501, #1330, #78 ) ;
#1778 = AXIS2_PLACEMENT_3D ( 'NONE', #1836, #220, #548 ) ;
#1779 = CARTESIAN_POINT ( 'NONE',  ( 66.92153903091603695, 58.12820323027624880, -2.939152317953647894E-15 ) ) ;
#1780 = CIRCLE ( 'NONE', #1136, 1.600000000000006972 ) ;
#1781 = VECTOR ( 'NONE', #591, 1000.000000000000114 ) ;
#1782 = LINE ( 'NONE', #1615, #1095 ) ;
#1783 = AXIS2_PLACEMENT_3D ( 'NONE', #154, #1391, #469 ) ;
#1784 = VERTEX_POINT ( 'NONE', #1824 ) ;
#1785 = ORIENTED_EDGE ( 'NONE', *, *, #1843, .F. ) ;
#1786 = SHAPE_DEFINITION_REPRESENTATION ( #204, #236 ) ;
#1787 = ORIENTED_EDGE ( 'NONE', *, *, #197, .T. ) ;
#1788 = CYLINDRICAL_SURFACE ( 'NONE', #1623, 1.600000000000000755 ) ;
#1789 = ORIENTED_EDGE ( 'NONE', *, *, #276, .T. ) ;
#1790 = CARTESIAN_POINT ( 'NONE',  ( 68.22153903091604832, 60.37986928011579124, -2.939152317953647894E-15 ) ) ;
#1791 = DIRECTION ( 'NONE',  ( 1.000000000000000000, 1.141265444721583511E-16, 0.000000000000000000 ) ) ;
#1792 = CARTESIAN_POINT ( 'NONE',  ( 27.47223250267436612, 15.00000000000000000, -4.000000000000000888 ) ) ;
#1793 = CARTESIAN_POINT ( 'NONE',  ( 58.09807621135328759, 32.04551732809568421, -19.00000000000000355 ) ) ;
#1794 = ORIENTED_EDGE ( 'NONE', *, *, #1643, .F. ) ;
#1795 = CARTESIAN_POINT ( 'NONE',  ( 1.507051180628624865, -3.283224659774391263, -4.000000000000000000 ) ) ;
#1796 = ORIENTED_EDGE ( 'NONE', *, *, #1267, .T. ) ;
#1797 = DIRECTION ( 'NONE',  ( -0.8660254037844381525, 0.5000000000000008882, -0.000000000000000000 ) ) ;
#1798 = CARTESIAN_POINT ( 'NONE',  ( 70.21243556529822172, 56.22820323027548994, -2.939152317953647894E-15 ) ) ;
#1799 = EDGE_CURVE ( 'NONE', #620, #549, #766, .T. ) ;
#1800 = CARTESIAN_POINT ( 'NONE',  ( 1.959434878635767449E-16, -3.000000000000016431, -9.600000000000001421 ) ) ;
#1801 = PLANE ( 'NONE',  #1320 ) ;
#1802 = CARTESIAN_POINT ( 'NONE',  ( 27.47223250267439099, -3.000000000000001332, -19.00000000000000355 ) ) ;
#1803 = ORIENTED_EDGE ( 'NONE', *, *, #864, .T. ) ;
#1804 = DIRECTION ( 'NONE',  ( 0.000000000000000000, 0.000000000000000000, 1.000000000000000000 ) ) ;
#1805 = ORIENTED_EDGE ( 'NONE', *, *, #1970, .F. ) ;
#1806 = CARTESIAN_POINT ( 'NONE',  ( 62.92153903091602984, 51.20000000000074891, -3.469446951953614189E-15 ) ) ;
#1807 = AXIS2_PLACEMENT_3D ( 'NONE', #1582, #699, #1001 ) ;
#1808 = DIRECTION ( 'NONE',  ( 0.000000000000000000, 0.000000000000000000, 1.000000000000000000 ) ) ;
#1809 = ADVANCED_FACE ( 'NONE', ( #1123 ), #718, .F. ) ;
#1810 = LINE ( 'NONE', #355, #1885 ) ;
#1811 = AXIS2_PLACEMENT_3D ( 'NONE', #1853, #413, #84 ) ;
#1812 = CARTESIAN_POINT ( 'NONE',  ( 70.95358983848495882, 61.11192008768473727, -2.939152317953647894E-15 ) ) ;
#1813 = AXIS2_PLACEMENT_3D ( 'NONE', #1792, #2327, #178 ) ;
#1814 = AXIS2_PLACEMENT_3D ( 'NONE', #1341, #247, #2022 ) ;
#1815 = DIRECTION ( 'NONE',  ( 0.8660254037844397068, -0.4999999999999982792, -1.897353801849614271E-16 ) ) ;
#1816 = VECTOR ( 'NONE', #1638, 1000.000000000000000 ) ;
#1817 = EDGE_CURVE ( 'NONE', #1225, #1915, #1113, .T. ) ;
#1818 = CONICAL_SURFACE ( 'NONE', #2268, 3.200000000000008171, 0.7853981633974457255 ) ;
#1819 = ORIENTED_EDGE ( 'NONE', *, *, #1557, .F. ) ;
#1820 = EDGE_CURVE ( 'NONE', #1568, #561, #1323, .T. ) ;
#1821 = CARTESIAN_POINT ( 'NONE',  ( 2.654663840825873145, -1.499999999999994227, 3.999999999999998224 ) ) ;
#1822 = VERTEX_POINT ( 'NONE', #1272 ) ;
#1823 = FACE_OUTER_BOUND ( 'NONE', #1647, .T. ) ;
#1824 = CARTESIAN_POINT ( 'NONE',  ( 57.79903810567590483, 34.52756813566316652, -4.000000000000000000 ) ) ;
#1825 = CARTESIAN_POINT ( 'NONE',  ( 69.99807621135333591, 52.65692193816530420, -2.547265342226497314E-15 ) ) ;
#1826 = FACE_OUTER_BOUND ( 'NONE', #2318, .T. ) ;
#1827 = FACE_OUTER_BOUND ( 'NONE', #168, .T. ) ;
#1828 = EDGE_LOOP ( 'NONE', ( #2126, #309, #394, #444 ) ) ;
#1829 = CARTESIAN_POINT ( 'NONE',  ( 71.90192378864669820, 67.95448267190434422, -19.00000000000000355 ) ) ;
#1830 = ORIENTED_EDGE ( 'NONE', *, *, #1589, .F. ) ;
#1831 = CARTESIAN_POINT ( 'NONE',  ( 63.70096189432336331, 50.74999999999997868, -3.469446951953614189E-15 ) ) ;
#1832 = ADVANCED_FACE ( 'NONE', ( #2151 ), #905, .F. ) ;
#1833 = CARTESIAN_POINT ( 'NONE',  ( 52.90192378864664846, 35.04551732809568421, -1.951922129594450439 ) ) ;
#1834 = ADVANCED_FACE ( 'NONE', ( #2163 ), #554, .F. ) ;
#1835 = CARTESIAN_POINT ( 'NONE',  ( -1.446796040372132941, -2.999999999999999556, 3.999999999999999112 ) ) ;
#1836 = CARTESIAN_POINT ( 'NONE',  ( 27.47223250267436612, 15.00000000000000000, 0.000000000000000000 ) ) ;
#1837 = EDGE_LOOP ( 'NONE', ( #517, #66, #502, #2078 ) ) ;
#1838 = LINE ( 'NONE', #403, #1616 ) ;
#1839 = EDGE_CURVE ( 'NONE', #821, #2063, #2077, .T. ) ;
#1840 = CARTESIAN_POINT ( 'NONE',  ( -1.446796040372132719, -4.157007890111357185, 3.999999999999999112 ) ) ;
#1841 = ORIENTED_EDGE ( 'NONE', *, *, #1469, .F. ) ;
#1842 = CARTESIAN_POINT ( 'NONE',  ( 27.47223250267439099, -3.000000000000001332, 18.99999999999999645 ) ) ;
#1843 = EDGE_CURVE ( 'NONE', #632, #1149, #1171, .T. ) ;
#1844 = DIRECTION ( 'NONE',  ( 0.8660254037844402619, -0.4999999999999971689, -0.000000000000000000 ) ) ;
#1845 = CARTESIAN_POINT ( 'NONE',  ( 77.09807621135333022, 64.95448267190434422, -19.00000000000000355 ) ) ;
#1846 = AXIS2_PLACEMENT_3D ( 'NONE', #2280, #1564, #1187 ) ;
#1847 = DIRECTION ( 'NONE',  ( -1.000000000000000000, 0.000000000000000000, 5.007715329123874613E-16 ) ) ;
#1848 = AXIS2_PLACEMENT_3D ( 'NONE', #1430, #1637, #1067 ) ;
#1849 = DIRECTION ( 'NONE',  ( 1.626303258728272675E-16, 1.355252715606862300E-16, -1.000000000000000000 ) ) ;
#1850 = AXIS2_PLACEMENT_3D ( 'NONE', #399, #364, #592 ) ;
#1851 = CONICAL_SURFACE ( 'NONE', #382, 3.200000000000036149, 0.7853981633974498333 ) ;
#1852 = EDGE_LOOP ( 'NONE', ( #1346, #1644 ) ) ;
#1853 = CARTESIAN_POINT ( 'NONE',  ( -8.000000000000000000, -3.000000000000016431, 9.797174393178825657E-16 ) ) ;
#1854 = AXIS2_PLACEMENT_3D ( 'NONE', #1380, #2100, #1752 ) ;
#1855 = CARTESIAN_POINT ( 'NONE',  ( 55.20096189432260303, 36.02756813566319494, 3.999999999999999112 ) ) ;
#1856 = ORIENTED_EDGE ( 'NONE', *, *, #450, .T. ) ;
#1857 = AXIS2_PLACEMENT_3D ( 'NONE', #1007, #491, #1358 ) ;
#1858 = CARTESIAN_POINT ( 'NONE',  ( 53.90192378864458078, 36.77756813566392680, 0.000000000000000000 ) ) ;
#1859 = PLANE ( 'NONE',  #721 ) ;
#1860 = LINE ( 'NONE', #1719, #1210 ) ;
#1861 = DIRECTION ( 'NONE',  ( 5.492835371657875183E-16, 1.000000000000000000, 0.000000000000000000 ) ) ;
#1862 = ORIENTED_EDGE ( 'NONE', *, *, #818, .F. ) ;
#1863 = CARTESIAN_POINT ( 'NONE',  ( 73.19807621135328191, 58.19948452238568848, -2.939152317953647894E-15 ) ) ;
#1864 = CARTESIAN_POINT ( 'NONE',  ( -1.455418539309880410, -3.992480974901768231, -4.000000000000000888 ) ) ;
#1865 = ORIENTED_EDGE ( 'NONE', *, *, #1070, .F. ) ;
#1866 = DIRECTION ( 'NONE',  ( -1.000000000000000000, 0.000000000000000000, 0.000000000000000000 ) ) ;
#1867 = DIRECTION ( 'NONE',  ( -0.000000000000000000, -0.000000000000000000, -1.000000000000000000 ) ) ;
#1868 = EDGE_LOOP ( 'NONE', ( #537, #287, #1610, #812 ) ) ;
#1869 = DIRECTION ( 'NONE',  ( -0.8660254037844380415, 0.5000000000000008882, -0.000000000000000000 ) ) ;
#1870 = CARTESIAN_POINT ( 'NONE',  ( 27.47223250267439099, -3.000000000000018652, -19.00000000000000355 ) ) ;
#1871 = EDGE_CURVE ( 'NONE', #574, #1258, #1062, .T. ) ;
#1872 = CYLINDRICAL_SURFACE ( 'NONE', #1059, 19.00000000000000000 ) ;
#1873 = EDGE_CURVE ( 'NONE', #1937, #432, #972, .T. ) ;
#1874 = ORIENTED_EDGE ( 'NONE', *, *, #21, .T. ) ;
#1875 = FACE_OUTER_BOUND ( 'NONE', #334, .T. ) ;
#1876 = LINE ( 'NONE', #70, #1285 ) ;
#1877 = VERTEX_POINT ( 'NONE', #1896 ) ;
#1878 = CARTESIAN_POINT ( 'NONE',  ( 27.47223250267439099, -3.000000000000016431, -19.00000000000000355 ) ) ;
#1879 = DIRECTION ( 'NONE',  ( 8.659560562354910671E-17, 0.7071067811865492381, -0.7071067811865457964 ) ) ;
#1880 = EDGE_LOOP ( 'NONE', ( #942, #492, #75, #1335, #2143, #782, #451 ) ) ;
#1881 = DIRECTION ( 'NONE',  ( 0.8660254037844381525, -0.5000000000000008882, -0.000000000000000000 ) ) ;
#1882 = EDGE_CURVE ( 'NONE', #2320, #1252, #988, .T. ) ;
#1883 = DIRECTION ( 'NONE',  ( -0.5000000000000008882, -0.8660254037844381525, 0.000000000000000000 ) ) ;
#1884 = LINE ( 'NONE', #641, #879 ) ;
#1885 = VECTOR ( 'NONE', #195, 1000.000000000000000 ) ;
#1886 = AXIS2_PLACEMENT_3D ( 'NONE', #440, #633, #1484 ) ;
#1887 = ORIENTED_EDGE ( 'NONE', *, *, #337, .F. ) ;
#1888 = AXIS2_PLACEMENT_3D ( 'NONE', #956, #746, #1457 ) ;
#1889 = EDGE_CURVE ( 'NONE', #437, #122, #102, .T. ) ;
#1890 = DIRECTION ( 'NONE',  ( 0.000000000000000000, 0.000000000000000000, -1.000000000000000000 ) ) ;
#1891 = CARTESIAN_POINT ( 'NONE',  ( 1.511718633126147626, -2.820092651306594256, 3.999999999999998224 ) ) ;
#1892 = VECTOR ( 'NONE', #1996, 1000.000000000000114 ) ;
#1893 = ORIENTED_EDGE ( 'NONE', *, *, #1324, .T. ) ;
#1894 = ADVANCED_FACE ( 'NONE', ( #999 ), #253, .F. ) ;
#1895 = AXIS2_PLACEMENT_3D ( 'NONE', #1496, #1334, #606 ) ;
#1896 = CARTESIAN_POINT ( 'NONE',  ( 1.499920756150957546, -2.999996778326763813, 3.999999999999998224 ) ) ;
#1897 = VERTEX_POINT ( 'NONE', #1527 ) ;
#1898 = FACE_OUTER_BOUND ( 'NONE', #57, .T. ) ;
#1899 = DIRECTION ( 'NONE',  ( 0.5000000000000017764, 0.8660254037844375974, 0.000000000000000000 ) ) ;
#1900 = CARTESIAN_POINT ( 'NONE',  ( 3.000000000000055511, 1.500000000000003997, 3.999999999999999112 ) ) ;
#1901 = EDGE_CURVE ( 'NONE', #638, #1975, #822, .T. ) ;
#1902 = ORIENTED_EDGE ( 'NONE', *, *, #1079, .T. ) ;
#1903 = DIRECTION ( 'NONE',  ( 0.000000000000000000, 0.000000000000000000, -1.000000000000000000 ) ) ;
#1904 = FACE_OUTER_BOUND ( 'NONE', #201, .T. ) ;
#1905 = ORIENTED_EDGE ( 'NONE', *, *, #518, .T. ) ;
#1906 = FACE_OUTER_BOUND ( 'NONE', #2301, .T. ) ;
#1907 = ORIENTED_EDGE ( 'NONE', *, *, #1105, .F. ) ;
#1908 = FACE_OUTER_BOUND ( 'NONE', #130, .T. ) ;
#1909 = CARTESIAN_POINT ( 'NONE',  ( -8.000000000000000000, 1.399999999999968159, -1.599999999999998979 ) ) ;
#1910 = ADVANCED_FACE ( 'NONE', ( #626 ), #1337, .T. ) ;
#1911 = ORIENTED_EDGE ( 'NONE', *, *, #1494, .F. ) ;
#1912 = ORIENTED_EDGE ( 'NONE', *, *, #1765, .F. ) ;
#1913 = CARTESIAN_POINT ( 'NONE',  ( 27.47223250267439099, 2.999999999999981792, -19.00000000000000355 ) ) ;
#1914 = DIRECTION ( 'NONE',  ( 0.8660254037844380415, -0.5000000000000009992, 0.000000000000000000 ) ) ;
#1915 = VERTEX_POINT ( 'NONE', #2053 ) ;
#1916 = ADVANCED_FACE ( 'NONE', ( #1677 ), #1325, .F. ) ;
#1917 = FACE_BOUND ( 'NONE', #169, .T. ) ;
#1918 = ORIENTED_EDGE ( 'NONE', *, *, #1494, .T. ) ;
#1919 = DIRECTION ( 'NONE',  ( 0.000000000000000000, -0.000000000000000000, -1.000000000000000000 ) ) ;
#1920 = EDGE_CURVE ( 'NONE', #308, #1981, #1158, .T. ) ;
#1921 = CARTESIAN_POINT ( 'NONE',  ( -8.091235691421273434E-16, 3.000000000000000888, 8.000000000000000000 ) ) ;
#1922 = ORIENTED_EDGE ( 'NONE', *, *, #1224, .T. ) ;
#1923 = VERTEX_POINT ( 'NONE', #264 ) ;
#1924 = AXIS2_PLACEMENT_3D ( 'NONE', #990, #788, #2020 ) ;
#1925 = CARTESIAN_POINT ( 'NONE',  ( 0.000000000000000000, -2.999999999999999112, -19.00000000000000355 ) ) ;
#1926 = CARTESIAN_POINT ( 'NONE',  ( 3.000000000000055511, 1.500000000000003997, 3.999999999999999112 ) ) ;
#1927 = EDGE_LOOP ( 'NONE', ( #494, #292, #2333, #882 ) ) ;
#1928 = VECTOR ( 'NONE', #205, 1000.000000000000000 ) ;
#1929 = CARTESIAN_POINT ( 'NONE',  ( -4.172365934149731633E-16, 3.000000000000000888, 4.799999999999990941 ) ) ;
#1930 = CIRCLE ( 'NONE', #1511, 3.200000000000037037 ) ;
#1931 = ORIENTED_EDGE ( 'NONE', *, *, #2329, .F. ) ;
#1932 = CARTESIAN_POINT ( 'NONE',  ( 3.000000000000021316, -1.499999999999995781, 3.999999999999998224 ) ) ;
#1933 = AXIS2_PLACEMENT_3D ( 'NONE', #1598, #852, #1420 ) ;
#1934 = DIRECTION ( 'NONE',  ( 0.000000000000000000, 1.000000000000000000, 0.000000000000000000 ) ) ;
#1935 = CARTESIAN_POINT ( 'NONE',  ( 1.854894774581321348, 1.500000000000013989, -4.000000000000000888 ) ) ;
#1936 = ORIENTED_EDGE ( 'NONE', *, *, #1060, .F. ) ;
#1937 = VERTEX_POINT ( 'NONE', #2241 ) ;
#1938 = ADVANCED_FACE ( 'NONE', ( #1906 ), #433, .F. ) ;
#1939 = CARTESIAN_POINT ( 'NONE',  ( 64.65358983848490482, 50.20000000000074891, -3.469446951953614189E-15 ) ) ;
#1940 = ORIENTED_EDGE ( 'NONE', *, *, #805, .F. ) ;
#1941 = DIRECTION ( 'NONE',  ( -1.000000000000000000, 0.000000000000000000, 0.000000000000000000 ) ) ;
#1942 = CARTESIAN_POINT ( 'NONE',  ( -1.462532020486600803, -2.415421768126980950, -4.000000000000000888 ) ) ;
#1943 = EDGE_CURVE ( 'NONE', #2247, #1075, #647, .T. ) ;
#1944 = EDGE_CURVE ( 'NONE', #1514, #405, #472, .T. ) ;
#1945 = ORIENTED_EDGE ( 'NONE', *, *, #101, .T. ) ;
#1946 = EDGE_CURVE ( 'NONE', #2330, #1225, #1552, .T. ) ;
#1947 = CARTESIAN_POINT ( 'NONE',  ( 1.925929944387235853E-31, -3.000000000000016431, -6.399999999999999467 ) ) ;
#1948 = ORIENTED_EDGE ( 'NONE', *, *, #986, .T. ) ;
#1949 = DIRECTION ( 'NONE',  ( 0.000000000000000000, 0.7071067811865464625, 0.7071067811865486830 ) ) ;
#1950 = VERTEX_POINT ( 'NONE', #1488 ) ;
#1951 = FACE_BOUND ( 'NONE', #2296, .T. ) ;
#1952 = CYLINDRICAL_SURFACE ( 'NONE', #1472, 1.600000000000013856 ) ;
#1953 = DIRECTION ( 'NONE',  ( 0.000000000000000000, 0.000000000000000000, 1.000000000000000000 ) ) ;
#1954 = ORIENTED_EDGE ( 'NONE', *, *, #1920, .T. ) ;
#1955 = ORIENTED_EDGE ( 'NONE', *, *, #1770, .F. ) ;
#1956 = ORIENTED_EDGE ( 'NONE', *, *, #1107, .T. ) ;
#1957 = CIRCLE ( 'NONE', #943, 3.200000000000037037 ) ;
#1958 = CARTESIAN_POINT ( 'NONE',  ( 1.525619429322606413, -3.615103082744186125, 3.999999999999998224 ) ) ;
#1959 = CIRCLE ( 'NONE', #609, 4.599999999999997868 ) ;
#1960 = VERTEX_POINT ( 'NONE', #1311 ) ;
#1961 = FACE_OUTER_BOUND ( 'NONE', #129, .T. ) ;
#1962 = AXIS2_PLACEMENT_3D ( 'NONE', #1435, #479, #1533 ) ;
#1963 = VECTOR ( 'NONE', #666, 1000.000000000000000 ) ;
#1964 = FILL_AREA_STYLE ('',( #532 ) ) ;
#1965 = AXIS2_PLACEMENT_3D ( 'NONE', #1386, #1934, #328 ) ;
#1966 = PLANE ( 'NONE',  #2217 ) ;
#1967 = EDGE_CURVE ( 'NONE', #891, #1408, #1138, .T. ) ;
#1968 = AXIS2_PLACEMENT_3D ( 'NONE', #123, #2093, #510 ) ;
#1969 = CARTESIAN_POINT ( 'NONE',  ( 58.09807621135328759, 32.04551732809568421, -19.00000000000000355 ) ) ;
#1970 = EDGE_CURVE ( 'NONE', #1462, #1514, #1383, .T. ) ;
#1971 = DIRECTION ( 'NONE',  ( -0.000000000000000000, -0.000000000000000000, -1.000000000000000000 ) ) ;
#1972 = ORIENTED_EDGE ( 'NONE', *, *, #16, .T. ) ;
#1973 = ADVANCED_FACE ( 'NONE', ( #1579 ), #1818, .F. ) ;
#1974 = DIRECTION ( 'NONE',  ( 0.5000000000000023315, 0.8660254037844372643, 0.000000000000000000 ) ) ;
#1975 = VERTEX_POINT ( 'NONE', #707 ) ;
#1976 = CARTESIAN_POINT ( 'NONE',  ( 64.65358983848491903, 50.20000000000077023, 19.00000000000000000 ) ) ;
#1977 = LINE ( 'NONE', #733, #1744 ) ;
#1978 = LINE ( 'NONE', #1607, #2070 ) ;
#1979 = CARTESIAN_POINT ( 'NONE',  ( -8.000000000000000000, -3.000000000000016431, 1.600000000000001199 ) ) ;
#1980 = ORIENTED_EDGE ( 'NONE', *, *, #1748, .T. ) ;
#1981 = VERTEX_POINT ( 'NONE', #1929 ) ;
#1982 = DIRECTION ( 'NONE',  ( 0.000000000000000000, 1.000000000000000000, 0.000000000000000000 ) ) ;
#1983 = ORIENTED_EDGE ( 'NONE', *, *, #2114, .T. ) ;
#1984 = CARTESIAN_POINT ( 'NONE',  ( 64.65358983848490482, 50.20000000000074891, -3.469446951953614189E-15 ) ) ;
#1985 = DIRECTION ( 'NONE',  ( 0.000000000000000000, 0.000000000000000000, 1.000000000000000000 ) ) ;
#1986 = DIRECTION ( 'NONE',  ( -0.4999999999999985012, -0.8660254037844395958, -1.776356839400251411E-14 ) ) ;
#1987 = EDGE_CURVE ( 'NONE', #10, #950, #845, .T. ) ;
#1988 = CARTESIAN_POINT ( 'NONE',  ( 3.000000000000023093, -1.499999999999994449, -4.000000000000000000 ) ) ;
#1989 = CARTESIAN_POINT ( 'NONE',  ( 63.70096189432333489, 50.75000000000000000, -3.469446951953614189E-15 ) ) ;
#1990 = EDGE_LOOP ( 'NONE', ( #1945, #2169, #508, #1327 ) ) ;
#1991 = CARTESIAN_POINT ( 'NONE',  ( 1.578404324568614792, -2.527636830777391985, 3.999999999999998224 ) ) ;
#1992 = ORIENTED_EDGE ( 'NONE', *, *, #1077, .T. ) ;
#1993 = CARTESIAN_POINT ( 'NONE',  ( 71.90192378864669820, 67.95448267190434422, -19.00000000000000355 ) ) ;
#1994 = AXIS2_PLACEMENT_3D ( 'NONE', #260, #2226, #621 ) ;
#1995 = CARTESIAN_POINT ( 'NONE',  ( 3.918869757271542293E-16, 3.000000000000000000, -11.20000000000000817 ) ) ;
#1996 = DIRECTION ( 'NONE',  ( 0.2588190451025290661, -0.9659258262890660918, 8.659560562354887252E-17 ) ) ;
#1997 = LINE ( 'NONE', #372, #2032 ) ;
#1998 = AXIS2_PLACEMENT_3D ( 'NONE', #1731, #513, #685 ) ;
#1999 = CARTESIAN_POINT ( 'NONE',  ( -8.091235691421273434E-16, -3.000000000000016431, 8.000000000000000000 ) ) ;
#2000 = AXIS2_PLACEMENT_3D ( 'NONE', #645, #1914, #2090 ) ;
#2001 = ORIENTED_EDGE ( 'NONE', *, *, #2013, .T. ) ;
#2002 = EDGE_CURVE ( 'NONE', #2063, #1236, #1475, .T. ) ;
#2003 = CARTESIAN_POINT ( 'NONE',  ( 1.499999235095986760, -3.051511879354154466, -4.000000000000000000 ) ) ;
#2004 = ORIENTED_EDGE ( 'NONE', *, *, #1099, .T. ) ;
#2005 = ADVANCED_FACE ( 'NONE', ( #110 ), #1746, .T. ) ;
#2006 = CARTESIAN_POINT ( 'NONE',  ( 27.47223250267439099, 2.999999999999998668, 19.00000000000000000 ) ) ;
#2007 = DIRECTION ( 'NONE',  ( -0.8660254037844381525, 0.5000000000000008882, 0.000000000000000000 ) ) ;
#2008 = DIRECTION ( 'NONE',  ( 0.8660254037844381525, -0.5000000000000009992, 0.000000000000000000 ) ) ;
#2009 = B_SPLINE_SURFACE_WITH_KNOTS ( 'NONE', 1, 3, ( 
 ( #415, #1864, #1298, #240, #2050, #969, #997, #1683, #97, #86, #1523, #59, #776, #2062, #1166, #820, #1534, #2250 ),
 ( #1840, #947, #1662, #48, #784, #2212, #1485, #1309, #2025, #506, #289, #140, #669, #2125, #480, #323, #692, #1926 ) ),
 .UNSPECIFIED., .F., .F., .F.,
 ( 2, 2 ),
 ( 4, 2, 2, 2, 2, 2, 2, 2, 4 ),
 ( 0.000000000000000000, 1.000000000000000000 ),
 ( 0.000000000000000000, 0.006523648943237252140, 0.009785473414855878210, 0.01304729788647450428, 0.01660608699600894800, 0.02016487610554339172, 0.02728245432461228262, 0.04151761076275006096, 0.06998792363902561764 ),
 .UNSPECIFIED. ) ;
#2010 = DIRECTION ( 'NONE',  ( 0.000000000000000000, -0.000000000000000000, 1.000000000000000000 ) ) ;
#2011 = EDGE_CURVE ( 'NONE', #1015, #473, #2299, .T. ) ;
#2012 = CYLINDRICAL_SURFACE ( 'NONE', #1778, 18.00000000000001421 ) ;
#2013 = EDGE_CURVE ( 'NONE', #1462, #1681, #619, .T. ) ;
#2014 = ORIENTED_EDGE ( 'NONE', *, *, #94, .T. ) ;
#2015 = DIRECTION ( 'NONE',  ( 0.000000000000000000, 1.000000000000000000, 0.000000000000000000 ) ) ;
#2016 = CARTESIAN_POINT ( 'NONE',  ( 1.548367031081321121, -2.627104465533191657, 3.999999999999998224 ) ) ;
#2017 = VERTEX_POINT ( 'NONE', #1219 ) ;
#2018 = CARTESIAN_POINT ( 'NONE',  ( 58.35358983848489345, 39.28807991231682450, 5.633375276077853694E-16 ) ) ;
#2019 = CARTESIAN_POINT ( 'NONE',  ( 39.16357545376430238, 8.250000000000040856, -4.000000000000000888 ) ) ;
#2020 = DIRECTION ( 'NONE',  ( 1.000000000000000000, 1.355252715606876598E-16, 0.000000000000000000 ) ) ;
#2021 = LINE ( 'NONE', #28, #1 ) ;
#2022 = DIRECTION ( 'NONE',  ( 0.8660254037844405950, -0.4999999999999969469, 0.000000000000000000 ) ) ;
#2023 = ORIENTED_EDGE ( 'NONE', *, *, #450, .F. ) ;
#2024 = CARTESIAN_POINT ( 'NONE',  ( 3.000000000000023093, -1.499999999999994449, -4.000000000000000000 ) ) ;
#2025 = CARTESIAN_POINT ( 'NONE',  ( -1.492301801792064619, -2.706180328834765447, 3.999999999999999112 ) ) ;
#2026 = EDGE_LOOP ( 'NONE', ( #599, #144, #1294, #706 ) ) ;
#2027 = DIRECTION ( 'NONE',  ( 1.000000000000000000, 0.000000000000000000, -2.503857664561935334E-16 ) ) ;
#2028 = CARTESIAN_POINT ( 'NONE',  ( 52.90192378864664136, 35.04551732809567710, -19.00000000000000355 ) ) ;
#2029 = DIRECTION ( 'NONE',  ( 0.8660254037844381525, -0.5000000000000009992, 0.000000000000000000 ) ) ;
#2030 = VECTOR ( 'NONE', #775, 1000.000000000000000 ) ;
#2031 = DIRECTION ( 'NONE',  ( 0.000000000000000000, -1.000000000000000000, -2.891205793294678819E-16 ) ) ;
#2032 = VECTOR ( 'NONE', #1115, 1000.000000000000114 ) ;
#2033 = VECTOR ( 'NONE', #1620, 1000.000000000000114 ) ;
#2034 = VERTEX_POINT ( 'NONE', #1237 ) ;
#2035 = VECTOR ( 'NONE', #1499, 1000.000000000000000 ) ;
#2036 = DIRECTION ( 'NONE',  ( 0.9659258262890688673, 0.2588190451025187411, 0.000000000000000000 ) ) ;
#2037 = VECTOR ( 'NONE', #1044, 1000.000000000000000 ) ;
#2038 = LINE ( 'NONE', #1855, #580 ) ;
#2039 = ORIENTED_EDGE ( 'NONE', *, *, #700, .T. ) ;
#2040 = DIRECTION ( 'NONE',  ( -1.000000000000000000, 5.492835371657875183E-16, -0.000000000000000000 ) ) ;
#2041 = EDGE_CURVE ( 'NONE', #1010, #1378, #1740, .T. ) ;
#2042 = CARTESIAN_POINT ( 'NONE',  ( 54.20096189432339884, 34.29551732809568421, 3.999999999999999112 ) ) ;
#2043 = ORIENTED_EDGE ( 'NONE', *, *, #392, .F. ) ;
#2044 = CARTESIAN_POINT ( 'NONE',  ( 27.47223250267439099, -3.000000000000018652, -19.00000000000000355 ) ) ;
#2045 = CYLINDRICAL_SURFACE ( 'NONE', #913, 19.09999999999999787 ) ;
#2046 = DIRECTION ( 'NONE',  ( -0.8660254037844381525, 0.5000000000000008882, 0.000000000000000000 ) ) ;
#2047 = VERTEX_POINT ( 'NONE', #1409 ) ;
#2048 = ORIENTED_EDGE ( 'NONE', *, *, #1546, .F. ) ;
#2049 = DIRECTION ( 'NONE',  ( 0.5000000000000003331, 0.8660254037844385966, 0.000000000000000000 ) ) ;
#2050 = CARTESIAN_POINT ( 'NONE',  ( -1.489824577692738794, -3.423038367174031649, -4.000000000000000888 ) ) ;
#2051 = ORIENTED_EDGE ( 'NONE', *, *, #1399, .F. ) ;
#2052 = EDGE_CURVE ( 'NONE', #1725, #437, #44, .T. ) ;
#2053 = CARTESIAN_POINT ( 'NONE',  ( 27.47223250267439099, 2.999999999999981792, 19.00000000000000000 ) ) ;
#2054 = ORIENTED_EDGE ( 'NONE', *, *, #1588, .T. ) ;
#2055 = CARTESIAN_POINT ( 'NONE',  ( 68.65358983848490482, 57.12820323027623459, -2.939152317953647894E-15 ) ) ;
#2056 = DIRECTION ( 'NONE',  ( -0.000000000000000000, 1.000000000000000000, -0.000000000000000000 ) ) ;
#2057 = DIRECTION ( 'NONE',  ( 0.8660254037844380415, -0.5000000000000011102, -0.000000000000000000 ) ) ;
#2058 = EDGE_CURVE ( 'NONE', #1671, #98, #333, .T. ) ;
#2059 = EDGE_CURVE ( 'NONE', #1822, #1238, #85, .T. ) ;
#2060 = ORIENTED_EDGE ( 'NONE', *, *, #2140, .F. ) ;
#2061 = LINE ( 'NONE', #1474, #500 ) ;
#2062 = CARTESIAN_POINT ( 'NONE',  ( -0.9347242400488877667, -0.7500086268832591996, -4.000000000000000888 ) ) ;
#2063 = VERTEX_POINT ( 'NONE', #493 ) ;
#2064 = DIRECTION ( 'NONE',  ( 1.000000000000000000, 1.772134475049664720E-17, 0.000000000000000000 ) ) ;
#2065 = ADVANCED_FACE ( 'NONE', ( #2286, #1917, #883 ), #868, .F. ) ;
#2066 = ORIENTED_EDGE ( 'NONE', *, *, #68, .F. ) ;
#2067 = PLANE ( 'NONE',  #226 ) ;
#2068 = CARTESIAN_POINT ( 'NONE',  ( 64.65358983848490482, 50.20000000000074891, -3.469446951953614189E-15 ) ) ;
#2069 = DIRECTION ( 'NONE',  ( 1.129463715749942746E-14, 1.000000000000000000, -2.891205793294678326E-16 ) ) ;
#2070 = VECTOR ( 'NONE', #719, 1000.000000000000000 ) ;
#2071 = CIRCLE ( 'NONE', #1807, 1.600000000000013856 ) ;
#2072 = ORIENTED_EDGE ( 'NONE', *, *, #893, .T. ) ;
#2073 = VECTOR ( 'NONE', #2305, 1000.000000000000114 ) ;
#2074 = AXIS2_PLACEMENT_3D ( 'NONE', #1004, #1305, #1518 ) ;
#2075 = DIRECTION ( 'NONE',  ( 1.000000000000000000, 1.355252715606876598E-16, 0.000000000000000000 ) ) ;
#2076 = PLANE ( 'NONE',  #2000 ) ;
#2077 = CIRCLE ( 'NONE', #1585, 18.99999999999999645 ) ;
#2078 = ORIENTED_EDGE ( 'NONE', *, *, #390, .T. ) ;
#2079 = ADVANCED_FACE ( 'NONE', ( #1019 ), #1554, .F. ) ;
#2080 = AXIS2_PLACEMENT_3D ( 'NONE', #1202, #1192, #1760 ) ;
#2081 = CARTESIAN_POINT ( 'NONE',  ( 66.35358983848485082, 53.14448637286775323, -2.375814790345854143E-15 ) ) ;
#2082 = ORIENTED_EDGE ( 'NONE', *, *, #2121, .T. ) ;
#2083 = CARTESIAN_POINT ( 'NONE',  ( 52.90192378864664846, 35.04551732809568421, 19.00000000000000000 ) ) ;
#2084 = CARTESIAN_POINT ( 'NONE',  ( -1.499991754432910884, -2.866328910776534844, 3.999999999999999112 ) ) ;
#2085 = CARTESIAN_POINT ( 'NONE',  ( -1.500151376898807065, -2.999997095521670598, -4.000000000000000888 ) ) ;
#2086 = EDGE_LOOP ( 'NONE', ( #23, #1918, #1905, #314, #612 ) ) ;
#2087 = ORIENTED_EDGE ( 'NONE', *, *, #1137, .T. ) ;
#2088 = EDGE_CURVE ( 'NONE', #2201, #834, #1030, .T. ) ;
#2089 = DIRECTION ( 'NONE',  ( 0.000000000000000000, 0.000000000000000000, 1.000000000000000000 ) ) ;
#2090 = DIRECTION ( 'NONE',  ( 0.5000000000000009992, 0.8660254037844380415, 0.000000000000000000 ) ) ;
#2091 = EDGE_CURVE ( 'NONE', #1258, #574, #6, .T. ) ;
#2092 = ORIENTED_EDGE ( 'NONE', *, *, #1839, .T. ) ;
#2093 = DIRECTION ( 'NONE',  ( 0.8660254037844371533, -0.5000000000000025535, -0.000000000000000000 ) ) ;
#2094 = CARTESIAN_POINT ( 'NONE',  ( 43.06068977079432614, 6.000000000000036415, -19.00000000000000355 ) ) ;
#2095 = SURFACE_SIDE_STYLE ('',( #354 ) ) ;
#2096 = PLANE ( 'NONE',  #424 ) ;
#2097 = EDGE_LOOP ( 'NONE', ( #1830, #1907, #774, #71 ) ) ;
#2098 = ORIENTED_EDGE ( 'NONE', *, *, #1889, .T. ) ;
#2099 = DIRECTION ( 'NONE',  ( 1.000000000000000000, 0.000000000000000000, 0.000000000000000000 ) ) ;
#2100 = DIRECTION ( 'NONE',  ( 0.000000000000000000, 1.000000000000000000, 0.000000000000000000 ) ) ;
#2101 = ORIENTED_EDGE ( 'NONE', *, *, #55, .F. ) ;
#2102 = DIRECTION ( 'NONE',  ( -0.8660254037844329345, 0.5000000000000098810, -2.891205793294678326E-16 ) ) ;
#2103 = EDGE_LOOP ( 'NONE', ( #1803, #2123, #1268, #663 ) ) ;
#2104 = CARTESIAN_POINT ( 'NONE',  ( 54.20096189432340594, 34.29551732809570552, -4.000000000000000888 ) ) ;
#2105 = CARTESIAN_POINT ( 'NONE',  ( 3.000000000000056843, 1.500000000000005773, -4.000000000000000888 ) ) ;
#2106 = DIRECTION ( 'NONE',  ( -0.000000000000000000, 1.000000000000000000, -0.000000000000000000 ) ) ;
#2107 = CIRCLE ( 'NONE', #1164, 4.600000000000088463 ) ;
#2108 = EDGE_LOOP ( 'NONE', ( #484, #1785, #2039, #901 ) ) ;
#2109 = VECTOR ( 'NONE', #895, 1000.000000000000000 ) ;
#2110 = CARTESIAN_POINT ( 'NONE',  ( 41.76165166511760418, 6.750000000000009770, 3.999999999999998224 ) ) ;
#2111 = ORIENTED_EDGE ( 'NONE', *, *, #1126, .F. ) ;
#2112 = AXIS2_PLACEMENT_3D ( 'NONE', #1183, #659, #1031 ) ;
#2113 = DIRECTION ( 'NONE',  ( -0.8660254037844381525, 0.5000000000000009992, -0.000000000000000000 ) ) ;
#2114 = EDGE_CURVE ( 'NONE', #1214, #1755, #519, .T. ) ;
#2115 = ORIENTED_EDGE ( 'NONE', *, *, #496, .F. ) ;
#2116 = DIRECTION ( 'NONE',  ( -0.4999999999999970024, -0.8660254037844404840, -0.000000000000000000 ) ) ;
#2117 = ADVANCED_FACE ( 'NONE', ( #1772 ), #367, .T. ) ;
#2118 = AXIS2_PLACEMENT_3D ( 'NONE', #927, #1985, #184 ) ;
#2119 = DIRECTION ( 'NONE',  ( 0.000000000000000000, 0.000000000000000000, 1.000000000000000000 ) ) ;
#2120 = AXIS2_PLACEMENT_3D ( 'NONE', #1698, #1345, #250 ) ;
#2121 = EDGE_CURVE ( 'NONE', #777, #1937, #572, .T. ) ;
#2122 = LINE ( 'NONE', #149, #1963 ) ;
#2123 = ORIENTED_EDGE ( 'NONE', *, *, #2210, .T. ) ;
#2124 = EDGE_LOOP ( 'NONE', ( #635, #604, #542, #2224 ) ) ;
#2125 = CARTESIAN_POINT ( 'NONE',  ( -0.9347242400488868785, -0.7500086268831750447, 3.999999999999999112 ) ) ;
#2126 = ORIENTED_EDGE ( 'NONE', *, *, #1920, .F. ) ;
#2127 = DIRECTION ( 'NONE',  ( -0.5000000000000006661, -0.8660254037844382635, 0.000000000000000000 ) ) ;
#2128 = EDGE_CURVE ( 'NONE', #620, #1111, #189, .T. ) ;
#2129 = ORIENTED_EDGE ( 'NONE', *, *, #575, .T. ) ;
#2130 = DIRECTION ( 'NONE',  ( 0.8660254037844385966, -0.5000000000000001110, -1.355252715606862054E-16 ) ) ;
#2131 = LINE ( 'NONE', #1209, #1176 ) ;
#2132 = CARTESIAN_POINT ( 'NONE',  ( -1.353710246980490473, -1.842872613092837009, -4.000000000000000888 ) ) ;
#2133 = ORIENTED_EDGE ( 'NONE', *, *, #1529, .T. ) ;
#2134 = ADVANCED_FACE ( 'NONE', ( #1476 ), #237, .F. ) ;
#2135 = VERTEX_POINT ( 'NONE', #393 ) ;
#2136 = CARTESIAN_POINT ( 'NONE',  ( -1.499999999999999778, -2.999999999999999112, -8.673617379884035472E-16 ) ) ;
#2137 = VERTEX_POINT ( 'NONE', #894 ) ;
#2138 = CARTESIAN_POINT ( 'NONE',  ( 1.499999999999999334, -2.999999999999997780, -8.673617379884035472E-16 ) ) ;
#2139 = DIRECTION ( 'NONE',  ( 2.503857664561934841E-16, -1.445602896647334233E-16, -1.000000000000000000 ) ) ;
#2140 = EDGE_CURVE ( 'NONE', #1775, #225, #658, .T. ) ;
#2141 = LINE ( 'NONE', #1825, #1892 ) ;
#2142 = LINE ( 'NONE', #1357, #538 ) ;
#2143 = ORIENTED_EDGE ( 'NONE', *, *, #1182, .T. ) ;
#2144 = EDGE_CURVE ( 'NONE', #1064, #308, #761, .T. ) ;
#2145 = ORIENTED_EDGE ( 'NONE', *, *, #1901, .T. ) ;
#2146 = DIRECTION ( 'NONE',  ( -0.5000000000000009992, -0.8660254037844380415, -0.000000000000000000 ) ) ;
#2147 = VECTOR ( 'NONE', #406, 1000.000000000000114 ) ;
#2148 = ORIENTED_EDGE ( 'NONE', *, *, #1278, .T. ) ;
#2149 = LINE ( 'NONE', #1776, #36 ) ;
#2150 = AXIS2_PLACEMENT_3D ( 'NONE', #208, #1617, #1847 ) ;
#2151 = FACE_OUTER_BOUND ( 'NONE', #515, .T. ) ;
#2152 = VECTOR ( 'NONE', #1102, 1000.000000000000000 ) ;
#2153 = FACE_OUTER_BOUND ( 'NONE', #689, .T. ) ;
#2154 = AXIS2_PLACEMENT_3D ( 'NONE', #1939, #1194, #529 ) ;
#2155 = LINE ( 'NONE', #1712, #573 ) ;
#2156 = FACE_OUTER_BOUND ( 'NONE', #1595, .T. ) ;
#2157 = AXIS2_PLACEMENT_3D ( 'NONE', #343, #1439, #2309 ) ;
#2158 = ORIENTED_EDGE ( 'NONE', *, *, #2088, .F. ) ;
#2159 = DIRECTION ( 'NONE',  ( 1.000000000000000000, 0.000000000000000000, 0.000000000000000000 ) ) ;
#2160 = ADVANCED_FACE ( 'NONE', ( #1646 ), #1767, .F. ) ;
#2161 = ORIENTED_EDGE ( 'NONE', *, *, #1943, .F. ) ;
#2162 = CYLINDRICAL_SURFACE ( 'NONE', #1395, 1.600000000000010747 ) ;
#2163 = FACE_OUTER_BOUND ( 'NONE', #748, .T. ) ;
#2164 = CARTESIAN_POINT ( 'NONE',  ( 77.09807621135333022, 64.95448267190434422, -19.00000000000000355 ) ) ;
#2165 = CARTESIAN_POINT ( 'NONE',  ( 1.511718633126146516, -2.820092651306592479, -4.000000000000000000 ) ) ;
#2166 = ORIENTED_EDGE ( 'NONE', *, *, #1943, .T. ) ;
#2167 = ORIENTED_EDGE ( 'NONE', *, *, #1597, .F. ) ;
#2168 = CARTESIAN_POINT ( 'NONE',  ( 2.654663840826069876, -1.499999999999993117, -4.000000000000000000 ) ) ;
#2169 = ORIENTED_EDGE ( 'NONE', *, *, #1415, .T. ) ;
#2170 = DIRECTION ( 'NONE',  ( 1.355252715606880789E-16, -1.084202172485504681E-16, 1.000000000000000000 ) ) ;
#2171 = CARTESIAN_POINT ( 'NONE',  ( -8.000000000000000000, -3.000000000000016431, 1.600000000000001199 ) ) ;
#2172 = DIRECTION ( 'NONE',  ( -1.224646799147353207E-16, 1.000000000000000000, -0.000000000000000000 ) ) ;
#2173 = FACE_OUTER_BOUND ( 'NONE', #1727, .T. ) ;
#2174 = CARTESIAN_POINT ( 'NONE',  ( 52.90192378864536238, 35.04551732809643738, 1.951922129594443334 ) ) ;
#2175 = ADVANCED_FACE ( 'NONE', ( #1286 ), #1788, .F. ) ;
#2176 = ORIENTED_EDGE ( 'NONE', *, *, #20, .T. ) ;
#2177 = CARTESIAN_POINT ( 'NONE',  ( 3.000000000000022649, -1.499999999999994671, -4.000000000000000000 ) ) ;
#2178 = ORIENTED_EDGE ( 'NONE', *, *, #700, .F. ) ;
#2179 = VECTOR ( 'NONE', #734, 1000.000000000000227 ) ;
#2180 = AXIS2_PLACEMENT_3D ( 'NONE', #380, #1605, #1596 ) ;
#2181 = CARTESIAN_POINT ( 'NONE',  ( 62.40192378864536948, 51.50000000000075318, -3.469446951953614189E-15 ) ) ;
#2182 = CLOSED_SHELL ( 'NONE', ( #1916, #2223, #350, #2304, #1233, #2079, #2183, #1894, #975, #471, #2005, #1693, #625, #1454, #1910, #228, #768, #221, #911, #1042, #1352, #702, #772, #200, #526, #550, #92, #99, #1226, #793, #1769, #321, #1425, #661, #1404, #2065, #439, #2294, #629, #888, #1594, #827, #897, #1569, #1525, #1129, #2326, #1147, #2175, #935, #2134, #46, #929, #1973, #524, #384, #648, #1040, #1108, #1722, #1622, #2307, #1834, #1809, #838, #166, #2117, #737, #1274, #1832, #1326, #814, #25, #142, #2256, #344, #2160, #1938 ) ) ;
#2183 = ADVANCED_FACE ( 'NONE', ( #224 ), #808, .F. ) ;
#2184 = EDGE_CURVE ( 'NONE', #1514, #1559, #2038, .T. ) ;
#2185 = CARTESIAN_POINT ( 'NONE',  ( 3.469446951953613006E-15, 3.000000000000000888, -1.734723475976807094E-15 ) ) ;
#2186 = AXIS2_PLACEMENT_3D ( 'NONE', #285, #1708, #2235 ) ;
#2187 = FACE_OUTER_BOUND ( 'NONE', #503, .T. ) ;
#2188 = PRODUCT_RELATED_PRODUCT_CATEGORY ( 'part', '', ( #146 ) ) ;
#2189 = VECTOR ( 'NONE', #1879, 1000.000000000000114 ) ;
#2190 = CIRCLE ( 'NONE', #1814, 18.00000000000001421 ) ;
#2191 = CARTESIAN_POINT ( 'NONE',  ( 54.20096189432340594, 34.29551732809571263, -4.000000000000000888 ) ) ;
#2192 = AXIS2_PLACEMENT_3D ( 'NONE', #331, #108, #1576 ) ;
#2193 = ORIENTED_EDGE ( 'NONE', *, *, #476, .T. ) ;
#2194 = CARTESIAN_POINT ( 'NONE',  ( 1.925929944387235853E-31, -3.000000000000016431, -8.000000000000000000 ) ) ;
#2195 = CARTESIAN_POINT ( 'NONE',  ( 1.501499767323347001, -3.133740683840523733, 3.999999999999998224 ) ) ;
#2196 = ORIENTED_EDGE ( 'NONE', *, *, #805, .T. ) ;
#2197 = DIRECTION ( 'NONE',  ( -1.000000000000000000, -1.224646799147353207E-16, -0.000000000000000000 ) ) ;
#2198 = DIRECTION ( 'NONE',  ( 0.000000000000000000, 1.000000000000000000, 0.000000000000000000 ) ) ;
#2199 = DIRECTION ( 'NONE',  ( 0.8660254037844329345, -0.5000000000000098810, -2.891205793294678819E-16 ) ) ;
#2200 = DIRECTION ( 'NONE',  ( 0.8660254037844381525, -0.5000000000000008882, -0.000000000000000000 ) ) ;
#2201 = VERTEX_POINT ( 'NONE', #1156 ) ;
#2202 = CARTESIAN_POINT ( 'NONE',  ( 77.09807621135333022, 64.95448267190434422, -3.469446951953611033E-15 ) ) ;
#2203 = CARTESIAN_POINT ( 'NONE',  ( 1.502243609000855962, -2.912634262313152700, 3.999999999999998224 ) ) ;
#2204 = ORIENTED_EDGE ( 'NONE', *, *, #1632, .T. ) ;
#2205 = CARTESIAN_POINT ( 'NONE',  ( 41.76165166511760418, 6.750000000000010658, 3.999999999999998224 ) ) ;
#2206 = CARTESIAN_POINT ( 'NONE',  ( 54.20096189432339884, 34.29551732809569131, -4.000000000000000888 ) ) ;
#2207 = LINE ( 'NONE', #1835, #987 ) ;
#2208 = CARTESIAN_POINT ( 'NONE',  ( 67.59807621135330180, 48.50000000000002132, -3.469446951953614189E-15 ) ) ;
#2209 = ORIENTED_EDGE ( 'NONE', *, *, #398, .F. ) ;
#2210 = EDGE_CURVE ( 'NONE', #1877, #632, #1369, .T. ) ;
#2211 = CARTESIAN_POINT ( 'NONE',  ( 66.12153903091602558, 56.74256258422114030, -2.939152317953647894E-15 ) ) ;
#2212 = CARTESIAN_POINT ( 'NONE',  ( -1.497491234130886140, -3.216596684794040151, 3.999999999999999112 ) ) ;
#2213 = EDGE_LOOP ( 'NONE', ( #1406, #1020, #1796, #657 ) ) ;
#2214 = DIRECTION ( 'NONE',  ( -1.000000000000000000, -1.224646799147353207E-16, -0.000000000000000000 ) ) ;
#2215 = ORIENTED_EDGE ( 'NONE', *, *, #818, .T. ) ;
#2216 = DIRECTION ( 'NONE',  ( -0.000000000000000000, 1.000000000000000000, -0.000000000000000000 ) ) ;
#2217 = AXIS2_PLACEMENT_3D ( 'NONE', #1069, #177, #898 ) ;
#2218 = CARTESIAN_POINT ( 'NONE',  ( 56.15358983848411611, 35.47756813566396517, 3.999999999999998224 ) ) ;
#2219 = CIRCLE ( 'NONE', #1467, 19.09999999999999432 ) ;
#2220 = CARTESIAN_POINT ( 'NONE',  ( 1.959434878635766956E-16, -3.000000000000016431, -9.600000000000001421 ) ) ;
#2221 = VECTOR ( 'NONE', #1539, 1000.000000000000000 ) ;
#2222 = CIRCLE ( 'NONE', #461, 1.600000000000013856 ) ;
#2223 = ADVANCED_FACE ( 'NONE', ( #2228 ), #509, .F. ) ;
#2224 = ORIENTED_EDGE ( 'NONE', *, *, #408, .F. ) ;
#2225 = AXIS2_PLACEMENT_3D ( 'NONE', #175, #2139, #164 ) ;
#2226 = DIRECTION ( 'NONE',  ( 0.000000000000000000, 0.000000000000000000, 1.000000000000000000 ) ) ;
#2227 = AXIS2_PLACEMENT_3D ( 'NONE', #662, #1562, #2278 ) ;
#2228 = FACE_OUTER_BOUND ( 'NONE', #1694, .T. ) ;
#2229 = EDGE_LOOP ( 'NONE', ( #456, #1028, #1130, #341 ) ) ;
#2230 = LINE ( 'NONE', #395, #759 ) ;
#2231 = CARTESIAN_POINT ( 'NONE',  ( 3.000000000000055511, 1.500000000000003997, 3.999999999999999112 ) ) ;
#2232 = EDGE_CURVE ( 'NONE', #1066, #1558, #466, .T. ) ;
#2233 = ORIENTED_EDGE ( 'NONE', *, *, #575, .F. ) ;
#2234 = PLANE ( 'NONE',  #340 ) ;
#2235 = DIRECTION ( 'NONE',  ( 0.8660254037844403729, -0.4999999999999971134, 0.000000000000000000 ) ) ;
#2236 = DIRECTION ( 'NONE',  ( -0.5000000000000013323, -0.8660254037844379305, 0.000000000000000000 ) ) ;
#2237 = EDGE_LOOP ( 'NONE', ( #1154, #1261, #1761, #1604 ) ) ;
#2238 = FACE_OUTER_BOUND ( 'NONE', #2240, .T. ) ;
#2239 = FACE_OUTER_BOUND ( 'NONE', #1732, .T. ) ;
#2240 = EDGE_LOOP ( 'NONE', ( #1184, #1794, #2270, #30 ) ) ;
#2241 = CARTESIAN_POINT ( 'NONE',  ( 19.00000000000000000, -2.999999999999996447, 18.99999999999999645 ) ) ;
#2242 = EDGE_LOOP ( 'NONE', ( #1348, #296, #248, #1702 ) ) ;
#2243 = DIRECTION ( 'NONE',  ( 1.224646799147353207E-16, -1.000000000000000000, 0.000000000000000000 ) ) ;
#2244 = CARTESIAN_POINT ( 'NONE',  ( 67.59807621135331601, 48.50000000000001421, 18.99999999999999645 ) ) ;
#2245 = DIRECTION ( 'NONE',  ( 0.8660254037844381525, -0.5000000000000008882, 0.000000000000000000 ) ) ;
#2246 = EDGE_CURVE ( 'NONE', #477, #122, #1101, .T. ) ;
#2247 = VERTEX_POINT ( 'NONE', #1509 ) ;
#2248 = EDGE_CURVE ( 'NONE', #1915, #170, #1876, .T. ) ;
#2249 = DIRECTION ( 'NONE',  ( 0.8660254037844385966, -0.5000000000000001110, -1.897353801849613778E-16 ) ) ;
#2250 = CARTESIAN_POINT ( 'NONE',  ( 3.000000000000056843, 1.500000000000005551, -4.000000000000000888 ) ) ;
#2251 = ORIENTED_EDGE ( 'NONE', *, *, #337, .T. ) ;
#2252 = CARTESIAN_POINT ( 'NONE',  ( 67.59807621135330180, 48.50000000000002132, -3.469446951953614189E-15 ) ) ;
#2253 = VERTEX_POINT ( 'NONE', #1120 ) ;
#2254 = FACE_BOUND ( 'NONE', #1235, .T. ) ;
#2255 = CARTESIAN_POINT ( 'NONE',  ( -1.353710246980447396, -1.842872613092838341, 3.999999999999999112 ) ) ;
#2256 = ADVANCED_FACE ( 'NONE', ( #2239 ), #2009, .F. ) ;
#2257 = FACE_OUTER_BOUND ( 'NONE', #2237, .T. ) ;
#2258 = VECTOR ( 'NONE', #2216, 1000.000000000000000 ) ;
#2259 = EDGE_CURVE ( 'NONE', #2034, #1759, #1407, .T. ) ;
#2260 = CIRCLE ( 'NONE', #724, 1.600000000000000089 ) ;
#2261 = ORIENTED_EDGE ( 'NONE', *, *, #1669, .T. ) ;
#2262 = VECTOR ( 'NONE', #720, 1000.000000000000000 ) ;
#2263 = AXIS2_PLACEMENT_3D ( 'NONE', #2185, #2172, #1791 ) ;
#2264 = CARTESIAN_POINT ( 'NONE',  ( 43.06068977079431193, 6.000000000000045297, 18.99999999999999645 ) ) ;
#2265 =( NAMED_UNIT ( * ) SI_UNIT ( $, .STERADIAN. ) SOLID_ANGLE_UNIT ( ) );
#2266 = VECTOR ( 'NONE', #37, 1000.000000000000000 ) ;
#2267 = EDGE_LOOP ( 'NONE', ( #764, #1424, #1005, #12 ) ) ;
#2268 = AXIS2_PLACEMENT_3D ( 'NONE', #133, #1593, #316 ) ;
#2269 = DIRECTION ( 'NONE',  ( -0.5000000000000007772, -0.8660254037844381525, 0.000000000000000000 ) ) ;
#2270 = ORIENTED_EDGE ( 'NONE', *, *, #1137, .F. ) ;
#2271 = DIRECTION ( 'NONE',  ( 0.000000000000000000, 0.000000000000000000, 1.000000000000000000 ) ) ;
#2272 = CARTESIAN_POINT ( 'NONE',  ( -1.268625199661381542, -1.563146574804214595, -4.000000000000000888 ) ) ;
#2273 = ORIENTED_EDGE ( 'NONE', *, *, #1060, .T. ) ;
#2274 = ORIENTED_EDGE ( 'NONE', *, *, #2091, .T. ) ;
#2275 = CARTESIAN_POINT ( 'NONE',  ( 1.925929944387235853E-31, 3.000000000000000888, -8.000000000000000000 ) ) ;
#2276 = FACE_OUTER_BOUND ( 'NONE', #932, .T. ) ;
#2277 = ORIENTED_EDGE ( 'NONE', *, *, #867, .F. ) ;
#2278 = DIRECTION ( 'NONE',  ( 0.4999999999999962252, 0.8660254037844408170, 0.000000000000000000 ) ) ;
#2279 = VERTEX_POINT ( 'NONE', #299 ) ;
#2280 = CARTESIAN_POINT ( 'NONE',  ( -8.000000000000000000, 1.399999999999968159, 9.797174393178825657E-16 ) ) ;
#2281 = DIRECTION ( 'NONE',  ( -0.8660254037844381525, 0.5000000000000008882, 0.000000000000000000 ) ) ;
#2282 = DIRECTION ( 'NONE',  ( 1.224646799147353207E-16, -1.000000000000000000, 0.000000000000000000 ) ) ;
#2283 = VERTEX_POINT ( 'NONE', #1947 ) ;
#2284 = ORIENTED_EDGE ( 'NONE', *, *, #1944, .F. ) ;
#2285 = EDGE_CURVE ( 'NONE', #2283, #214, #693, .T. ) ;
#2286 = FACE_BOUND ( 'NONE', #527, .T. ) ;
#2287 = ORIENTED_EDGE ( 'NONE', *, *, #723, .T. ) ;
#2288 = DIRECTION ( 'NONE',  ( 1.224646799147353207E-16, -1.000000000000000000, 0.000000000000000000 ) ) ;
#2289 = LINE ( 'NONE', #1412, #952 ) ;
#2290 = CARTESIAN_POINT ( 'NONE',  ( -1.499991754432912439, -2.866328910776533512, -4.000000000000000888 ) ) ;
#2291 = VECTOR ( 'NONE', #1743, 1000.000000000000000 ) ;
#2292 = EDGE_LOOP ( 'NONE', ( #454, #2261 ) ) ;
#2293 = CIRCLE ( 'NONE', #268, 1.600000000000000755 ) ;
#2294 = ADVANCED_FACE ( 'NONE', ( #2295 ), #2076, .F. ) ;
#2295 = FACE_OUTER_BOUND ( 'NONE', #1742, .T. ) ;
#2296 = EDGE_LOOP ( 'NONE', ( #1483, #1581 ) ) ;
#2297 = AXIS2_PLACEMENT_3D ( 'NONE', #993, #616, #1899 ) ;
#2298 = VECTOR ( 'NONE', #407, 1000.000000000000000 ) ;
#2299 = LINE ( 'NONE', #2136, #732 ) ;
#2300 = VECTOR ( 'NONE', #931, 1000.000000000000114 ) ;
#2301 = EDGE_LOOP ( 'NONE', ( #1098, #714, #1018, #1493 ) ) ;
#2302 = DIRECTION ( 'NONE',  ( 8.300049630046124019E-17, -2.357096837240912401E-16, 1.000000000000000000 ) ) ;
#2303 = AXIS2_PLACEMENT_3D ( 'NONE', #680, #301, #696 ) ;
#2304 = ADVANCED_FACE ( 'NONE', ( #313 ), #163, .F. ) ;
#2305 = DIRECTION ( 'NONE',  ( -0.4999999999999970024, -0.8660254037844404840, -0.000000000000000000 ) ) ;
#2306 = DIRECTION ( 'NONE',  ( -0.4999999999999970024, -0.8660254037844403729, 0.000000000000000000 ) ) ;
#2307 = ADVANCED_FACE ( 'NONE', ( #1904 ), #1724, .F. ) ;
#2308 = ORIENTED_EDGE ( 'NONE', *, *, #1718, .F. ) ;
#2309 = DIRECTION ( 'NONE',  ( 1.000000000000000000, 0.000000000000000000, 0.000000000000000000 ) ) ;
#2310 = EDGE_LOOP ( 'NONE', ( #1684, #438, #528 ) ) ;
#2311 = EDGE_CURVE ( 'NONE', #1559, #358, #769, .T. ) ;
#2312 = CARTESIAN_POINT ( 'NONE',  ( 64.65358983848491903, 50.20000000000077023, -1.503427012512367763E-15 ) ) ;
#2313 = ORIENTED_EDGE ( 'NONE', *, *, #860, .F. ) ;
#2314 = LINE ( 'NONE', #709, #342 ) ;
#2315 = CARTESIAN_POINT ( 'NONE',  ( 101.0232303588026497, 38.43958256229933568, -2.939152317953647894E-15 ) ) ;
#2316 = DIRECTION ( 'NONE',  ( -0.8660254037844381525, 0.5000000000000008882, 0.000000000000000000 ) ) ;
#2317 = DIRECTION ( 'NONE',  ( 8.410780489584524594E-16, -1.000000000000000000, 0.000000000000000000 ) ) ;
#2318 = EDGE_LOOP ( 'NONE', ( #1733, #141, #1008, #326 ) ) ;
#2319 = EDGE_CURVE ( 'NONE', #1897, #98, #1051, .T. ) ;
#2320 = VERTEX_POINT ( 'NONE', #2110 ) ;
#2321 = CARTESIAN_POINT ( 'NONE',  ( 3.000000000000021316, -1.499999999999995781, 3.999999999999998224 ) ) ;
#2322 = ORIENTED_EDGE ( 'NONE', *, *, #1296, .T. ) ;
#2323 = DIRECTION ( 'NONE',  ( -1.112866148237781945E-14, -1.000000000000000000, -2.891205793294678819E-16 ) ) ;
#2324 = DIRECTION ( 'NONE',  ( 8.659560562354910671E-17, 0.7071067811865493491, -0.7071067811865456854 ) ) ;
#2325 = CARTESIAN_POINT ( 'NONE',  ( 37.86453734808767990, 9.000000000000017764, -19.00000000000000355 ) ) ;
#2326 = ADVANCED_FACE ( 'NONE', ( #2276 ), #880, .F. ) ;
#2327 = DIRECTION ( 'NONE',  ( 0.000000000000000000, 0.000000000000000000, 1.000000000000000000 ) ) ;
#2328 = LINE ( 'NONE', #187, #2033 ) ;
#2329 = EDGE_CURVE ( 'NONE', #1950, #432, #1032, .T. ) ;
#2330 = VERTEX_POINT ( 'NONE', #1227 ) ;
#2331 = CARTESIAN_POINT ( 'NONE',  ( 1.549092563891590002, -4.000000021382554394, 3.999999999999998224 ) ) ;
#2332 = VECTOR ( 'NONE', #2036, 1000.000000000000114 ) ;
#2333 = ORIENTED_EDGE ( 'NONE', *, *, #723, .F. ) ;
#2334 = CARTESIAN_POINT ( 'NONE',  ( 41.76165166511760418, 6.750000000000011546, -4.000000000000000000 ) ) ;
ENDSEC;
END-ISO-10303-21;
