ISO-10303-21;
HEADER;
FILE_DESCRIPTION (( 'STEP AP214' ),
    '1' );
FILE_NAME ('Motor cover.STEP',
    '2025-12-15T17:04:42',
    ( '' ),
    ( '' ),
    'SwSTEP 2.0',
    'SolidWorks 2025',
    '' );
FILE_SCHEMA (( 'AUTOMOTIVE_DESIGN' ));
ENDSEC;

DATA;
#1 = CARTESIAN_POINT ( 'NONE',  ( -17.50588381116543957, 9.952389342546476669, 12.68362820031020455 ) ) ;
#2 = EDGE_LOOP ( 'NONE', ( #2153, #958, #2967, #3023 ) ) ;
#3 = VECTOR ( 'NONE', #3438, 1000.000000000000000 ) ;
#4 = CARTESIAN_POINT ( 'NONE',  ( 0.03284041553399224406, 0.000000000000000000, -11.99994161989750907 ) ) ;
#5 = ADVANCED_FACE ( 'NONE', ( #3789 ), #1993, .T. ) ;
#6 = CARTESIAN_POINT ( 'NONE',  ( -0.1926548194723257390, 0.000000000000000000, -7.000574023956839476 ) ) ;
#7 = CARTESIAN_POINT ( 'NONE',  ( -2.775019041256051366, 13.16634436528546992, 18.79625769214758080 ) ) ;
#8 = VERTEX_POINT ( 'NONE', #154 ) ;
#9 = CARTESIAN_POINT ( 'NONE',  ( -12.69420548024840478, 9.250613931501826315, 17.41633119131033069 ) ) ;
#10 = CARTESIAN_POINT ( 'NONE',  ( 0.8186527332130845158, 0.3999999999999975797, 6.939871465264904060 ) ) ;
#11 = FACE_OUTER_BOUND ( 'NONE', #2220, .T. ) ;
#12 = ORIENTED_EDGE ( 'NONE', *, *, #2073, .T. ) ;
#13 = CARTESIAN_POINT ( 'NONE',  ( -14.91793175025201812, 2.955124639944912257, 13.14074672278613498 ) ) ;
#14 = CARTESIAN_POINT ( 'NONE',  ( -5.038453937012159933, 0.000000000000000000, -2.820314126744672301 ) ) ;
#15 = ORIENTED_EDGE ( 'NONE', *, *, #1428, .T. ) ;
#16 = DIRECTION ( 'NONE',  ( 0.000000000000000000, 1.000000000000000000, 0.000000000000000000 ) ) ;
#17 = CARTESIAN_POINT ( 'NONE',  ( -18.65826632635711846, 9.585677599351045686, 3.587522963238980900 ) ) ;
#18 = CARTESIAN_POINT ( 'NONE',  ( -19.01856125826110144, 9.026995876916005912, 13.93735561003233414 ) ) ;
#19 = EDGE_LOOP ( 'NONE', ( #3823, #2276, #2106, #1349, #127, #370, #764 ) ) ;
#20 = EDGE_CURVE ( 'NONE', #2628, #2931, #2230, .T. ) ;
#21 = DIRECTION ( 'NONE',  ( 0.000000000000000000, 0.000000000000000000, 1.000000000000000000 ) ) ;
#22 = DIRECTION ( 'NONE',  ( 0.000000000000000000, 0.000000000000000000, 1.000000000000000000 ) ) ;
#23 = DIRECTION ( 'NONE',  ( 0.000000000000000000, 1.000000000000000000, 0.000000000000000000 ) ) ;
#24 = CARTESIAN_POINT ( 'NONE',  ( -18.02585245449933993, 13.40000000000000036, 15.91527304245493646 ) ) ;
#25 = ORIENTED_EDGE ( 'NONE', *, *, #739, .T. ) ;
#26 = EDGE_CURVE ( 'NONE', #1395, #2607, #2338, .T. ) ;
#27 = CARTESIAN_POINT ( 'NONE',  ( -7.449765794842483579, 7.566951922027843835, 16.38608755794837535 ) ) ;
#28 = CARTESIAN_POINT ( 'NONE',  ( 2.522674169099231367, 0.000000000000000000, -6.213197923264572431 ) ) ;
#29 = CARTESIAN_POINT ( 'NONE',  ( -18.16418313136355067, 6.996452965094112741, 12.61501615534876386 ) ) ;
#30 = ORIENTED_EDGE ( 'NONE', *, *, #3651, .F. ) ;
#31 = FACE_OUTER_BOUND ( 'NONE', #3328, .T. ) ;
#32 = DIRECTION ( 'NONE',  ( 0.000000000000000000, 0.000000000000000000, -1.000000000000000000 ) ) ;
#33 = ORIENTED_EDGE ( 'NONE', *, *, #2400, .F. ) ;
#34 = DIRECTION ( 'NONE',  ( 0.000000000000000000, 0.000000000000000000, -1.000000000000000000 ) ) ;
#35 = CARTESIAN_POINT ( 'NONE',  ( -5.270170156554707219, 0.000000000000000000, 2.031761385979870660 ) ) ;
#36 = CARTESIAN_POINT ( 'NONE',  ( -17.23973965114040041, 9.561102857527545851, 12.49082242298962164 ) ) ;
#37 = ORIENTED_EDGE ( 'NONE', *, *, #616, .F. ) ;
#38 = B_SPLINE_CURVE_WITH_KNOTS ( 'NONE', 3,
 ( #458, #234, #2595, #1163, #2691, #731, #3900, #2303, #1796, #3592, #1071, #2391, #2103, #1988, #1350, #3527, #862, #1448, #3014, #3800, #270, #439, #148, #848, #1486, #2708, #3825, #1964, #533, #551, #1774, #3918, #1048, #2281, #777, #3206, #1681, #2899, #1754, #2975 ),
 .UNSPECIFIED., .F., .F.,
 ( 4, 2, 2, 2, 2, 2, 2, 2, 2, 2, 2, 2, 2, 2, 2, 2, 2, 2, 2, 4 ),
 ( 0.000000000000000000, 0.03124999999999994449, 0.04687499999999992367, 0.06249999999999990286, 0.09374999999999983347, 0.1249999999999997641, 0.1562499999999996947, 0.1874999999999997224, 0.2187499999999996947, 0.2499999999999997224, 0.2812499999999997224, 0.2968749999999997224, 0.3124999999999997224, 0.3749999999999998335, 0.3906249999999998335, 0.4062499999999998890, 0.4218749999999998890, 0.4374999999999998890, 0.4687500000000000000, 0.5000000000000000000 ),
 .UNSPECIFIED. ) ;
#39 = FACE_OUTER_BOUND ( 'NONE', #2831, .T. ) ;
#40 = DIRECTION ( 'NONE',  ( 0.000000000000000000, -1.000000000000000000, 0.000000000000000000 ) ) ;
#41 = EDGE_CURVE ( 'NONE', #1824, #967, #864, .T. ) ;
#42 = CARTESIAN_POINT ( 'NONE',  ( -15.90433834871104679, 10.82123394177343023, 18.02113622589327235 ) ) ;
#43 = VERTEX_POINT ( 'NONE', #419 ) ;
#44 = CARTESIAN_POINT ( 'NONE',  ( 5.499735981486713499, 0.3999999999999975797, -0.4141583174628524766 ) ) ;
#45 = EDGE_CURVE ( 'NONE', #66, #3041, #3172, .T. ) ;
#46 = UNCERTAINTY_MEASURE_WITH_UNIT (LENGTH_MEASURE( 1.000000000000000082E-05 ), #3399, 'distance_accuracy_value', 'NONE');
#47 = CARTESIAN_POINT ( 'NONE',  ( -17.59826466631202990, 9.170958712780132416, 15.53922808741743111 ) ) ;
#48 = CARTESIAN_POINT ( 'NONE',  ( -16.51173338729736173, 12.85174544760037207, 18.84360567203000869 ) ) ;
#49 = ORIENTED_EDGE ( 'NONE', *, *, #3282, .F. ) ;
#50 = CARTESIAN_POINT ( 'NONE',  ( -13.85913361649965303, 5.244981016038056332, 11.50738891849604428 ) ) ;
#51 = DIRECTION ( 'NONE',  ( 0.000000000000000000, 1.000000000000000000, -0.000000000000000000 ) ) ;
#52 = VECTOR ( 'NONE', #236, 1000.000000000000000 ) ;
#53 = CARTESIAN_POINT ( 'NONE',  ( -18.53867322998311806, 9.711273779625473779, 16.23191722149893934 ) ) ;
#54 = CARTESIAN_POINT ( 'NONE',  ( -15.74663920374717563, 9.850919062827745876, 17.84855905778329799 ) ) ;
#55 = VECTOR ( 'NONE', #2452, 1000.000000000000000 ) ;
#56 = STYLED_ITEM ( 'NONE', ( #311 ), #1085 ) ;
#57 = CARTESIAN_POINT ( 'NONE',  ( -18.64038496716860038, 9.362831486644774159, 3.679836685115452255 ) ) ;
#58 = CARTESIAN_POINT ( 'NONE',  ( -16.54107231093654207, 7.664547208343274853, 14.70216460557144700 ) ) ;
#59 = ORIENTED_EDGE ( 'NONE', *, *, #3122, .T. ) ;
#60 = CIRCLE ( 'NONE', #1581, 2.500000631318421096 ) ;
#61 = CARTESIAN_POINT ( 'NONE',  ( -12.04300817404733515, 5.089065727259629135, 13.37796624607882734 ) ) ;
#62 = AXIS2_PLACEMENT_3D ( 'NONE', #1352, #3802, #1639 ) ;
#63 = CARTESIAN_POINT ( 'NONE',  ( 0.000000000000000000, 15.60000000000000142, 0.000000000000000000 ) ) ;
#64 = CARTESIAN_POINT ( 'NONE',  ( -15.88281603278407417, 10.58405836246582687, 18.00156813817778456 ) ) ;
#65 = CIRCLE ( 'NONE', #3892, 1.600000000000000755 ) ;
#66 = VERTEX_POINT ( 'NONE', #134 ) ;
#67 = AXIS2_PLACEMENT_3D ( 'NONE', #3408, #1640, #3710 ) ;
#68 = FACE_BOUND ( 'NONE', #2690, .T. ) ;
#69 = CARTESIAN_POINT ( 'NONE',  ( -12.60782006731001559, 6.962063065254063154, 18.14760040842209321 ) ) ;
#70 = CARTESIAN_POINT ( 'NONE',  ( -4.339036774445019340, 0.3999999999999975797, -4.303317979936367443 ) ) ;
#71 = CARTESIAN_POINT ( 'NONE',  ( -18.45632946089106596, 12.81287012062664843, 16.89900959843631156 ) ) ;
#72 = EDGE_CURVE ( 'NONE', #2931, #1306, #3558, .T. ) ;
#73 = CARTESIAN_POINT ( 'NONE',  ( -16.71645574814623814, 7.809133661590839104, 12.61843473765351042 ) ) ;
#74 = CARTESIAN_POINT ( 'NONE',  ( -13.49991690843946301, 0.000000000000000000, -13.36982585770025089 ) ) ;
#75 = CARTESIAN_POINT ( 'NONE',  ( -8.000000000000000000, 0.4000000000000000222, -2.500000631318421096 ) ) ;
#76 = LINE ( 'NONE', #3508, #2162 ) ;
#77 = ADVANCED_FACE ( 'NONE', ( #1055 ), #3137, .F. ) ;
#78 = CARTESIAN_POINT ( 'NONE',  ( -19.59155711732470451, 8.657387160502896251, 14.64771680895097461 ) ) ;
#79 = CARTESIAN_POINT ( 'NONE',  ( -7.903691262898045800, 25.60000000000000142, 2.837604307034014894 ) ) ;
#80 = DIRECTION ( 'NONE',  ( -0.000000000000000000, 1.000000000000000000, -0.000000000000000000 ) ) ;
#81 = EDGE_LOOP ( 'NONE', ( #3791, #3809, #2751, #2760 ) ) ;
#82 = CARTESIAN_POINT ( 'NONE',  ( 0.000000000000000000, 2.000000000000000000, 0.000000000000000000 ) ) ;
#83 = CARTESIAN_POINT ( 'NONE',  ( -15.91528963872727154, 11.08346342276117902, 18.02583585822700130 ) ) ;
#84 = ORIENTED_EDGE ( 'NONE', *, *, #3785, .F. ) ;
#85 = CARTESIAN_POINT ( 'NONE',  ( 5.385498417725778530, 0.3999999999999975797, -1.425795032384962635 ) ) ;
#86 = CARTESIAN_POINT ( 'NONE',  ( -12.66221495019384768, 7.400193894734763411, 18.34442155314915013 ) ) ;
#87 = PRODUCT_DEFINITION_CONTEXT ( 'detailed design', #2236, 'design' ) ;
#88 = CARTESIAN_POINT ( 'NONE',  ( 0.000000000000000000, 14.20000000000000107, 0.000000000000000000 ) ) ;
#89 = ORIENTED_EDGE ( 'NONE', *, *, #1171, .T. ) ;
#90 = CARTESIAN_POINT ( 'NONE',  ( -14.77165422339640877, 2.760965787888514544, 10.28765181516939897 ) ) ;
#91 = CARTESIAN_POINT ( 'NONE',  ( 0.000000000000000000, 2.000000000000000000, 0.000000000000000000 ) ) ;
#92 = DIRECTION ( 'NONE',  ( 0.000000000000000000, -1.000000000000000000, 0.000000000000000000 ) ) ;
#93 = DIRECTION ( 'NONE',  ( -0.000000000000000000, 1.000000000000000000, -0.000000000000000000 ) ) ;
#94 = CARTESIAN_POINT ( 'NONE',  ( 0.01223531239253568791, 32.29252453721352367, -6.999982333181954175 ) ) ;
#95 = CARTESIAN_POINT ( 'NONE',  ( -18.07303586710626320, 12.79231600520128431, 17.28230319222111433 ) ) ;
#96 = DIRECTION ( 'NONE',  ( 0.000000000000000000, 1.000000000000000000, 0.000000000000000000 ) ) ;
#97 = EDGE_CURVE ( 'NONE', #2176, #1139, #2785, .T. ) ;
#98 = DIRECTION ( 'NONE',  ( 0.000000000000000000, 0.000000000000000000, 1.000000000000000000 ) ) ;
#99 = ORIENTED_EDGE ( 'NONE', *, *, #1919, .T. ) ;
#100 = DIRECTION ( 'NONE',  ( -0.000000000000000000, -1.000000000000000000, 0.000000000000000000 ) ) ;
#101 = CARTESIAN_POINT ( 'NONE',  ( -12.95500540264338341, 11.08365289709028900, 17.88038504074527779 ) ) ;
#102 = ORIENTED_EDGE ( 'NONE', *, *, #2266, .F. ) ;
#103 = CARTESIAN_POINT ( 'NONE',  ( 5.263350216612317389, 0.000000000000000000, -2.028213969412615558 ) ) ;
#104 = PLANE ( 'NONE',  #3882 ) ;
#105 = CARTESIAN_POINT ( 'NONE',  ( -15.49488287852577173, 6.785074371850510211, 17.56620795865221041 ) ) ;
#106 = CARTESIAN_POINT ( 'NONE',  ( -13.33534437880450518, 2.206660268064801755, 12.09002027701719939 ) ) ;
#107 = CARTESIAN_POINT ( 'NONE',  ( -5.590052615769631559E-64, 2.000000000000000000, 9.500000000000000000 ) ) ;
#108 = CARTESIAN_POINT ( 'NONE',  ( -14.39041304373765762, 14.20000000000000107, 16.72228532847043425 ) ) ;
#109 = CARTESIAN_POINT ( 'NONE',  ( -3.931200244942300248, 8.803579880538780600, 18.58978466160809973 ) ) ;
#110 = CARTESIAN_POINT ( 'NONE',  ( -5.499999368684293621, 0.4000000000000000222, -3.683680238754447671E-06 ) ) ;
#111 = CARTESIAN_POINT ( 'NONE',  ( -15.49991690843946479, 0.000000000000000000, 0.000000000000000000 ) ) ;
#112 = DIRECTION ( 'NONE',  ( 0.000000000000000000, 0.000000000000000000, 1.000000000000000000 ) ) ;
#113 = CIRCLE ( 'NONE', #1703, 1.599999999999998979 ) ;
#114 = CARTESIAN_POINT ( 'NONE',  ( -19.20488458175933744, 10.02789896285981364, 13.11314893763996992 ) ) ;
#115 = ORIENTED_EDGE ( 'NONE', *, *, #495, .T. ) ;
#116 = CARTESIAN_POINT ( 'NONE',  ( -16.11914218936190224, 11.08364215356577986, 9.767790719010926992 ) ) ;
#117 = EDGE_CURVE ( 'NONE', #1953, #43, #2151, .T. ) ;
#118 = CARTESIAN_POINT ( 'NONE',  ( 19.00002500000000083, 25.60000000000000142, -0.5000000000000014433 ) ) ;
#119 = AXIS2_PLACEMENT_3D ( 'NONE', #3418, #2790, #1268 ) ;
#120 = ORIENTED_EDGE ( 'NONE', *, *, #2674, .T. ) ;
#121 = AXIS2_PLACEMENT_3D ( 'NONE', #2165, #633, #1863 ) ;
#122 = CARTESIAN_POINT ( 'NONE',  ( 0.8275180089444803544, 0.3999999999999975797, -6.938502046920373090 ) ) ;
#123 = CARTESIAN_POINT ( 'NONE',  ( -13.33170475308422098, 11.18867456499810054, 19.44585975976987058 ) ) ;
#124 = B_SPLINE_CURVE_WITH_KNOTS ( 'NONE', 3,
 ( #3727, #974, #1930, #3597, #580, #852 ),
 .UNSPECIFIED., .F., .F.,
 ( 4, 2, 4 ),
 ( 0.3186789571995531367, 0.6593394785997765961, 1.000000000000000000 ),
 .UNSPECIFIED. ) ;
#125 = CARTESIAN_POINT ( 'NONE',  ( -5.590052615769631559E-64, 0.000000000000000000, 7.899999999999999467 ) ) ;
#126 = AXIS2_PLACEMENT_3D ( 'NONE', #1360, #2585, #3114 ) ;
#127 = ORIENTED_EDGE ( 'NONE', *, *, #3759, .F. ) ;
#128 = ORIENTED_EDGE ( 'NONE', *, *, #194, .F. ) ;
#129 = LINE ( 'NONE', #3105, #1061 ) ;
#130 = DIRECTION ( 'NONE',  ( 0.000000000000000000, 0.000000000000000000, 1.000000000000000000 ) ) ;
#131 = CARTESIAN_POINT ( 'NONE',  ( -4.142143264788145984, 8.398763323823292382, 18.54469412077020252 ) ) ;
#132 = FACE_OUTER_BOUND ( 'NONE', #1747, .T. ) ;
#133 = CARTESIAN_POINT ( 'NONE',  ( -15.58965040254514101, 2.899282073436169949, 12.21957080970303977 ) ) ;
#134 = CARTESIAN_POINT ( 'NONE',  ( -13.49991690843946301, 0.000000000000000000, 5.751406069778051133 ) ) ;
#135 = CARTESIAN_POINT ( 'NONE',  ( 0.000000000000000000, 0.000000000000000000, -11.09999999999999964 ) ) ;
#136 = ORIENTED_EDGE ( 'NONE', *, *, #2775, .F. ) ;
#137 = CARTESIAN_POINT ( 'NONE',  ( -17.13304258633818833, 11.08364215356582250, 12.21599606767513535 ) ) ;
#138 = CARTESIAN_POINT ( 'NONE',  ( -4.005995737651340427, 8.661414364447932002, 18.57506663225067811 ) ) ;
#139 = CARTESIAN_POINT ( 'NONE',  ( -14.12316911755140403, 9.564755775214720757, 19.27245058939139000 ) ) ;
#140 = ADVANCED_FACE ( 'NONE', ( #1970 ), #3491, .F. ) ;
#141 = CARTESIAN_POINT ( 'NONE',  ( -18.96039214600305556, 11.13195815763070762, 14.98073335095121550 ) ) ;
#142 = ORIENTED_EDGE ( 'NONE', *, *, #960, .T. ) ;
#143 = DIRECTION ( 'NONE',  ( 0.000000000000000000, -1.000000000000000000, 0.000000000000000000 ) ) ;
#144 = CARTESIAN_POINT ( 'NONE',  ( -15.10984913656573703, 8.464257808657437820, 10.25654002867591430 ) ) ;
#145 = EDGE_CURVE ( 'NONE', #945, #1590, #1624, .T. ) ;
#146 = ORIENTED_EDGE ( 'NONE', *, *, #3441, .F. ) ;
#147 = VERTEX_POINT ( 'NONE', #1685 ) ;
#148 = CARTESIAN_POINT ( 'NONE',  ( 5.349759145252581227, 0.000000000000000000, -1.627024985997544748 ) ) ;
#149 = CARTESIAN_POINT ( 'NONE',  ( -10.76912665219794896, 2.489780537586260944, 14.42509741235779686 ) ) ;
#150 = CYLINDRICAL_SURFACE ( 'NONE', #62, 5.000000000000000888 ) ;
#151 = CARTESIAN_POINT ( 'NONE',  ( -15.49991690843946479, 0.3999999999999993006, -9.151643340486575795 ) ) ;
#152 = CARTESIAN_POINT ( 'NONE',  ( -12.62423169545865775, 8.775848754505691574, 17.20868366733677135 ) ) ;
#153 = CARTESIAN_POINT ( 'NONE',  ( -17.99406616414610482, 14.01714078393605689, 8.231695512269853410 ) ) ;
#154 = CARTESIAN_POINT ( 'NONE',  ( 8.000000000000000000, 2.000000000000000000, 2.500000631318421096 ) ) ;
#155 = CARTESIAN_POINT ( 'NONE',  ( -19.35709952087385943, 10.68894288586753127, 13.24825361597520335 ) ) ;
#156 = ORIENTED_EDGE ( 'NONE', *, *, #420, .F. ) ;
#157 = DIRECTION ( 'NONE',  ( 0.000000000000000000, -0.000000000000000000, 1.000000000000000000 ) ) ;
#158 = ORIENTED_EDGE ( 'NONE', *, *, #2674, .F. ) ;
#159 = CARTESIAN_POINT ( 'NONE',  ( -12.92203498228179193, 10.72033517202907227, 17.83492773722623426 ) ) ;
#160 = CARTESIAN_POINT ( 'NONE',  ( -15.91527329017342751, 11.08299533836159334, 18.02585220678085420 ) ) ;
#161 = CARTESIAN_POINT ( 'NONE',  ( -1.237604307034019469, 24.60000000000000142, -7.903691262898044911 ) ) ;
#162 = CARTESIAN_POINT ( 'NONE',  ( -13.50429183605195860, 2.199584471418019938, 11.90367050483352429 ) ) ;
#163 = EDGE_LOOP ( 'NONE', ( #3652, #3588, #1331, #84, #3213 ) ) ;
#164 = ORIENTED_EDGE ( 'NONE', *, *, #2923, .F. ) ;
#165 = CARTESIAN_POINT ( 'NONE',  ( 2.326828918379970970E-15, 25.60000000000000142, 19.00000000000000000 ) ) ;
#166 = EDGE_CURVE ( 'NONE', #3662, #2436, #3298, .T. ) ;
#167 = CARTESIAN_POINT ( 'NONE',  ( -11.59514650694686289, 2.797208582353404083, 15.06711414495650914 ) ) ;
#168 = CARTESIAN_POINT ( 'NONE',  ( -14.60812002681138466, 2.904721646578192651, 13.36847869000127709 ) ) ;
#169 = CARTESIAN_POINT ( 'NONE',  ( 4.546278825904494170, 0.3999999999999975797, 3.941971037926625065 ) ) ;
#170 = CARTESIAN_POINT ( 'NONE',  ( -18.79248386773252122, 12.85174544760031523, 2.800455334586303469 ) ) ;
#171 = EDGE_LOOP ( 'NONE', ( #465, #2778, #1890, #3415, #30, #1614, #3164 ) ) ;
#172 = CARTESIAN_POINT ( 'NONE',  ( -17.89035055826520448, 4.867271902959597440, 6.399601164264517195 ) ) ;
#173 = CARTESIAN_POINT ( 'NONE',  ( -1.009838838191978505, 0.3999999999999975797, -6.883573938702106432 ) ) ;
#174 = CARTESIAN_POINT ( 'NONE',  ( 0.000000000000000000, 16.00000000000000000, 0.000000000000000000 ) ) ;
#175 = CIRCLE ( 'NONE', #1832, 1.600000000000000089 ) ;
#176 = CARTESIAN_POINT ( 'NONE',  ( 0.004135030743223054757, 0.3999999999999975797, -6.999999806062618291 ) ) ;
#177 = CARTESIAN_POINT ( 'NONE',  ( -18.02309592523319637, 10.82914707580568781, 15.90604408559887339 ) ) ;
#178 = DIRECTION ( 'NONE',  ( 0.000000000000000000, 0.000000000000000000, -1.000000000000000000 ) ) ;
#179 = CIRCLE ( 'NONE', #2666, 3.000000000000000888 ) ;
#180 = CARTESIAN_POINT ( 'NONE',  ( -15.03762685391042453, 11.08364215356707660, 10.57260743482383525 ) ) ;
#181 = ORIENTED_EDGE ( 'NONE', *, *, #2999, .F. ) ;
#182 = EDGE_LOOP ( 'NONE', ( #2114, #900, #1155 ) ) ;
#183 = AXIS2_PLACEMENT_3D ( 'NONE', #2579, #1683, #3726 ) ;
#184 = CARTESIAN_POINT ( 'NONE',  ( -18.79868564954561094, 13.43600057636255229, 2.758520544687435905 ) ) ;
#185 = CARTESIAN_POINT ( 'NONE',  ( -6.249542458287518976, 5.141202071935626172, 17.94323934473056781 ) ) ;
#186 = VECTOR ( 'NONE', #2811, 1000.000000000000000 ) ;
#187 = EDGE_CURVE ( 'NONE', #694, #3835, #1503, .T. ) ;
#188 = CARTESIAN_POINT ( 'NONE',  ( -18.78473659398166262, 6.636046131273314330, 14.07658043818260651 ) ) ;
#189 = VECTOR ( 'NONE', #2947, 1000.000000000000000 ) ;
#190 = CARTESIAN_POINT ( 'NONE',  ( 3.015824843776317543, 0.3999999999999975797, 5.856945636244857312 ) ) ;
#191 = CARTESIAN_POINT ( 'NONE',  ( -19.59114986045943141, 12.85174544760033832, 13.51313526726326941 ) ) ;
#192 = CARTESIAN_POINT ( 'NONE',  ( -16.62777382021775097, 2.110647672631493332, 9.193368812710282612 ) ) ;
#193 = CARTESIAN_POINT ( 'NONE',  ( -18.72521382069121643, 8.399107740417711909, 12.82082961624765360 ) ) ;
#194 = EDGE_CURVE ( 'NONE', #694, #730, #2544, .T. ) ;
#195 = VERTEX_POINT ( 'NONE', #1609 ) ;
#196 = CARTESIAN_POINT ( 'NONE',  ( -15.81999380947316958, 1.520723893395103055, 10.54307365645065353 ) ) ;
#197 = CARTESIAN_POINT ( 'NONE',  ( 0.01223531260983170936, 0.3999999999999975797, -6.999982333181327121 ) ) ;
#198 = CYLINDRICAL_SURFACE ( 'NONE', #3693, 18.00000000000000000 ) ;
#199 = CARTESIAN_POINT ( 'NONE',  ( -12.77812176768214947, 3.309836953340302923, 15.52541243867090870 ) ) ;
#200 = CARTESIAN_POINT ( 'NONE',  ( -17.87503054350993992, 10.96579118415435872, 12.95111195278816751 ) ) ;
#201 = CARTESIAN_POINT ( 'NONE',  ( -13.51809554231626187, 13.30116363173280902, 19.59266668157723146 ) ) ;
#202 = CARTESIAN_POINT ( 'NONE',  ( -15.03762482621237062, 10.86298442511942852, 10.57261267632846291 ) ) ;
#203 = CARTESIAN_POINT ( 'NONE',  ( -8.648136532748301519, 4.463305665689897950, 15.78865187017134808 ) ) ;
#204 = CARTESIAN_POINT ( 'NONE',  ( -18.80160912937713391, 14.13260318076518907, 2.738520507885444655 ) ) ;
#205 = CARTESIAN_POINT ( 'NONE',  ( -12.86106286375931163, 8.712473167717519118, 18.82145539765814846 ) ) ;
#206 = CARTESIAN_POINT ( 'NONE',  ( -17.40237317470208467, 5.998045507060505876, 11.88778181613743357 ) ) ;
#207 = CARTESIAN_POINT ( 'NONE',  ( 5.471179013169685135, 0.3999999999999975797, -0.8202718517362281858 ) ) ;
#208 = CARTESIAN_POINT ( 'NONE',  ( 0.000000000000000000, 2.000000000000000000, 0.000000000000000000 ) ) ;
#209 = VERTEX_POINT ( 'NONE', #1935 ) ;
#210 = ORIENTED_EDGE ( 'NONE', *, *, #1227, .F. ) ;
#211 = CARTESIAN_POINT ( 'NONE',  ( -15.30574221316522276, 3.014369780547364819, 11.29605160660797836 ) ) ;
#212 = FACE_OUTER_BOUND ( 'NONE', #1500, .T. ) ;
#213 = EDGE_CURVE ( 'NONE', #3911, #3460, #1674, .T. ) ;
#214 = CARTESIAN_POINT ( 'NONE',  ( -5.073098558482262987, 6.973970896136533426, 18.31030016644086800 ) ) ;
#215 = CARTESIAN_POINT ( 'NONE',  ( -15.69979398564706763, 9.691135121600161995, 17.79227614036482308 ) ) ;
#216 = CARTESIAN_POINT ( 'NONE',  ( -5.499999368684293621, 0.4000000000000000222, -3.683680238754447671E-06 ) ) ;
#217 = CARTESIAN_POINT ( 'NONE',  ( -1.411667136193661243, 0.000000000000000000, 6.766053347799921625 ) ) ;
#218 = CARTESIAN_POINT ( 'NONE',  ( 3.015824843776317543, 0.3999999999999975797, 5.856945636244857312 ) ) ;
#219 = ORIENTED_EDGE ( 'NONE', *, *, #824, .F. ) ;
#220 = CARTESIAN_POINT ( 'NONE',  ( -11.73236240199924652, 5.137056453132911926, 13.65608277885486110 ) ) ;
#221 = CARTESIAN_POINT ( 'NONE',  ( -14.74345946767120630, 6.539030898019159821, 14.22596151159531530 ) ) ;
#222 = CARTESIAN_POINT ( 'NONE',  ( -9.063364961735445036, 8.449254755700996711, 17.15200047708106723 ) ) ;
#223 = DIRECTION ( 'NONE',  ( -0.000000000000000000, 1.000000000000000000, -0.000000000000000000 ) ) ;
#224 = CARTESIAN_POINT ( 'NONE',  ( 3.871803458559933020, 0.3999999999999975797, 4.971425316501708380 ) ) ;
#225 = CARTESIAN_POINT ( 'NONE',  ( 8.000000000000000000, 9.071069597503624848, 0.000000000000000000 ) ) ;
#226 = CARTESIAN_POINT ( 'NONE',  ( -15.11908246048566973, 11.83062805402823869, 20.22022695310898399 ) ) ;
#227 = ORIENTED_EDGE ( 'NONE', *, *, #1125, .T. ) ;
#228 = VERTEX_POINT ( 'NONE', #2428 ) ;
#229 = CARTESIAN_POINT ( 'NONE',  ( -17.74621203641607892, 4.298681016021985712, 6.793387299106523614 ) ) ;
#230 = CARTESIAN_POINT ( 'NONE',  ( -1.982782616040963175, 0.000000000000000000, -6.540016690629289364 ) ) ;
#231 = PLANE ( 'NONE',  #1712 ) ;
#232 = CARTESIAN_POINT ( 'NONE',  ( -18.02609194584989538, 11.06483092550351977, 15.91496250086516717 ) ) ;
#233 = EDGE_CURVE ( 'NONE', #2489, #304, #1177, .T. ) ;
#234 = CARTESIAN_POINT ( 'NONE',  ( 0.4146637740648429493, 0.000000000000000000, 6.999999999999998224 ) ) ;
#235 = AXIS2_PLACEMENT_3D ( 'NONE', #2962, #503, #3034 ) ;
#236 = DIRECTION ( 'NONE',  ( 0.000000000000000000, 1.000000000000000000, 0.000000000000000000 ) ) ;
#237 = DIRECTION ( 'NONE',  ( -1.000000000000000000, 0.000000000000000000, 0.000000000000000000 ) ) ;
#238 = VECTOR ( 'NONE', #2863, 1000.000000000000000 ) ;
#239 = CARTESIAN_POINT ( 'NONE',  ( -10.64174519687351683, 6.238043092471356132, 14.65305794039702292 ) ) ;
#240 = CARTESIAN_POINT ( 'NONE',  ( -8.907115319122819841, 9.025840809089832106, 17.28548725785660523 ) ) ;
#241 = DIRECTION ( 'NONE',  ( 0.000000000000000000, 0.000000000000000000, -1.000000000000000000 ) ) ;
#242 = AXIS2_PLACEMENT_3D ( 'NONE', #380, #92, #3130 ) ;
#243 = CARTESIAN_POINT ( 'NONE',  ( -17.06799368274592155, 2.655459972066128937, 8.357390714406912835 ) ) ;
#244 = DIRECTION ( 'NONE',  ( 0.000000000000000000, -0.000000000000000000, 1.000000000000000000 ) ) ;
#245 = ORIENTED_EDGE ( 'NONE', *, *, #3543, .T. ) ;
#246 = CARTESIAN_POINT ( 'NONE',  ( -18.84360567203011527, 13.40000000000000036, 16.51173338729725870 ) ) ;
#247 = CARTESIAN_POINT ( 'NONE',  ( -0.2073318870324256658, 0.3999999999999975797, 7.000000000000001776 ) ) ;
#248 = CARTESIAN_POINT ( 'NONE',  ( -15.49991690843946479, 14.20000000000000107, -9.151643340486575795 ) ) ;
#249 = CARTESIAN_POINT ( 'NONE',  ( -16.41858865362746300, 10.91154470202484106, 18.76989295295503624 ) ) ;
#250 = ORIENTED_EDGE ( 'NONE', *, *, #1948, .F. ) ;
#251 = DIRECTION ( 'NONE',  ( 0.000000000000000000, 0.000000000000000000, 1.000000000000000000 ) ) ;
#252 = CARTESIAN_POINT ( 'NONE',  ( -3.609765226649967573, 0.000000000000000000, 5.283232333131501868 ) ) ;
#253 = EDGE_CURVE ( 'NONE', #936, #594, #2364, .T. ) ;
#254 = FACE_OUTER_BOUND ( 'NONE', #395, .T. ) ;
#255 = CARTESIAN_POINT ( 'NONE',  ( -13.52607016259333506, 13.70565679559972061, 19.59507348459891318 ) ) ;
#256 = ORIENTED_EDGE ( 'NONE', *, *, #1927, .T. ) ;
#257 = CARTESIAN_POINT ( 'NONE',  ( -12.09002027701891357, 2.206660268064494002, 13.33534437880295265 ) ) ;
#258 = EDGE_CURVE ( 'NONE', #43, #2966, #597, .T. ) ;
#259 = CARTESIAN_POINT ( 'NONE',  ( 0.000000000000000000, 0.3999999999999993006, 0.000000000000000000 ) ) ;
#260 = CARTESIAN_POINT ( 'NONE',  ( -12.69414932870185453, 3.437770675370992013, 15.70050937580472272 ) ) ;
#261 = ORIENTED_EDGE ( 'NONE', *, *, #45, .T. ) ;
#262 = CARTESIAN_POINT ( 'NONE',  ( -18.60291008469274487, 8.069919142844838689, 12.76749212923890120 ) ) ;
#263 = CARTESIAN_POINT ( 'NONE',  ( -4.894788254288685359, 0.000000000000000000, -3.201867658351858381 ) ) ;
#264 = CARTESIAN_POINT ( 'NONE',  ( -11.16133558504664158, 1.414348244454928905, 15.37610483650807147 ) ) ;
#265 = CARTESIAN_POINT ( 'NONE',  ( -12.50725194825153075, 6.060535452043211535, 17.70364503649703636 ) ) ;
#266 = CARTESIAN_POINT ( 'NONE',  ( -19.58552029836924646, 11.04807100715221679, 14.35428603405837755 ) ) ;
#267 = PLANE ( 'NONE',  #2859 ) ;
#268 = ORIENTED_EDGE ( 'NONE', *, *, #1304, .T. ) ;
#269 = CARTESIAN_POINT ( 'NONE',  ( -12.09002027701891535, 2.206660268064493557, 13.33534437880294909 ) ) ;
#270 = CARTESIAN_POINT ( 'NONE',  ( 5.471179013169685135, 0.000000000000000000, -0.8202718517362281858 ) ) ;
#271 = CARTESIAN_POINT ( 'NONE',  ( -8.221283850753014377, 14.20000808487307609, 18.00302595084800572 ) ) ;
#272 = ORIENTED_EDGE ( 'NONE', *, *, #2722, .F. ) ;
#273 = CARTESIAN_POINT ( 'NONE',  ( -12.59765227295476997, 8.009507108463731484, 16.82800323700283585 ) ) ;
#274 = CARTESIAN_POINT ( 'NONE',  ( 0.000000000000000000, 0.4000000000000000222, -9.500000000000000000 ) ) ;
#275 =( BOUNDED_SURFACE ( )  B_SPLINE_SURFACE ( 2, 3, ( 
 ( #698, #1929, #3150, #2560, #1621, #109, #131, #1314, #2538, #836, #2070, #821, #2361, #1110, #2051, #185, #519, #1417, #2901, #3280, #2337, #3265, #3580, #1739, #1701, #1433, #2980, #2029, #3564, #2960 ),
 ( #539, #799, #3907, #2658, #2377, #1761, #2089, #3886, #240, #222, #1130, #2321, #1373, #3866, #851, #2304, #1454, #1150, #2640, #2679, #779, #1073, #3596, #3297, #558, #167, #477, #2597, #499, #3244 ),
 ( #2011, #1723, #3547, #3827, #1396, #3529, #3846, #3225, #2621, #1091, #2946, #205, #3325, #1495, #3342, #3927, #3065, #1232, #929, #2169, #3088, #3600, #3303, #564, #1785, #3004, #260, #1479, #2499, #1296 ) ),
 .UNSPECIFIED., .F., .F., .T. ) 
 B_SPLINE_SURFACE_WITH_KNOTS ( ( 3, 3 ),
 ( 4, 2, 2, 2, 2, 2, 2, 2, 2, 2, 2, 2, 2, 2, 4 ),
 ( 0.000000000000000000, 1.000000000000000000 ),
 ( 0.1489634189780079110, 0.2335446683518883626, 0.4027071670996492103, 0.4872884164735296064, 0.5718696658474100580, 0.5930149781908802264, 0.6141602905343502838, 0.6353056028778203412, 0.6564509152212905096, 0.6987415399082307355, 0.7410321645951709613, 0.8256134139690514129, 0.8679040386559915277, 0.9101946633429317535, 0.9947759127168122051 ),
 .UNSPECIFIED. ) 
 GEOMETRIC_REPRESENTATION_ITEM ( )  RATIONAL_B_SPLINE_SURFACE ( (
 ( 1.000000000000000000, 1.000000000000000000, 1.000000000000000000, 1.000000000000000000, 1.000000000000000000, 1.000000000000000000, 1.000000000000000000, 1.000000000000000000, 1.000000000000000000, 1.000000000000000000, 1.000000000000000000, 1.000000000000000000, 1.000000000000000000, 1.000000000000000000, 1.000000000000000000, 1.000000000000000000, 1.000000000000000000, 1.000000000000000000, 1.000000000000000000, 1.000000000000000000, 1.000000000000000000, 1.000000000000000000, 1.000000000000000000, 1.000000000000000000, 1.000000000000000000, 1.000000000000000000, 1.000000000000000000, 1.000000000000000000, 1.000000000000000000, 1.000000000000000000),
 ( 0.9551439704255346719, 0.9541533425449726380, 0.9527678777601640281, 0.9490584642381864056, 0.9477814298773326041, 0.9450104652625952451, 0.9438111874086355657, 0.9399345154775023969, 0.9372404043769929638, 0.9326411637627664009, 0.9316814677250183641, 0.9297224487241871893, 0.9287208909572413074, 0.9266882789313328761, 0.9256554764072066899, 0.9235651425193764918, 0.9225129385874512034, 0.9192735415490406181, 0.9169990560979679461, 0.9122203637155790190, 0.9097115044902253089, 0.9020981058432213651, 0.8968928455599122218, 0.8905831355741510302, 0.8887391629822413153, 0.8858063431170194457, 0.8847249036515463239, 0.8829032633145996734, 0.8836053306534645824, 0.8861114180499229942),
 ( 1.000000000000000000, 1.000000000000000000, 1.000000000000000000, 1.000000000000000000, 1.000000000000000000, 1.000000000000000000, 1.000000000000000000, 1.000000000000000000, 1.000000000000000000, 1.000000000000000000, 1.000000000000000000, 1.000000000000000000, 1.000000000000000000, 1.000000000000000000, 1.000000000000000000, 1.000000000000000000, 1.000000000000000000, 1.000000000000000000, 1.000000000000000000, 1.000000000000000000, 1.000000000000000000, 1.000000000000000000, 1.000000000000000000, 1.000000000000000000, 1.000000000000000000, 1.000000000000000000, 1.000000000000000000, 1.000000000000000000, 1.000000000000000000, 1.000000000000000000) ) ) 
 REPRESENTATION_ITEM ( '' )  SURFACE ( )  );
#276 = ADVANCED_FACE ( 'NONE', ( #3868 ), #1741, .T. ) ;
#277 = DIRECTION ( 'NONE',  ( 0.000000000000000000, 1.000000000000000000, 0.000000000000000000 ) ) ;
#278 = ORIENTED_EDGE ( 'NONE', *, *, #1223, .F. ) ;
#279 = CARTESIAN_POINT ( 'NONE',  ( -17.61918469113673424, 10.73517773635941452, 8.515555916610006548 ) ) ;
#280 = CARTESIAN_POINT ( 'NONE',  ( -5.041145998447069232, 0.000000000000000000, 2.812271801941681026 ) ) ;
#281 = ORIENTED_EDGE ( 'NONE', *, *, #72, .F. ) ;
#282 = CARTESIAN_POINT ( 'NONE',  ( -15.49991690843946479, 14.20000000000000107, -9.151643340486577571 ) ) ;
#283 = CYLINDRICAL_SURFACE ( 'NONE', #687, 3.000000000000000888 ) ;
#284 = CARTESIAN_POINT ( 'NONE',  ( -18.22248963257468901, 6.491138228109067931, 5.379991881242223606 ) ) ;
#285 = DIRECTION ( 'NONE',  ( 0.000000000000000000, 1.000000000000000000, -0.000000000000000000 ) ) ;
#286 = VERTEX_POINT ( 'NONE', #2323 ) ;
#287 = CARTESIAN_POINT ( 'NONE',  ( -13.63906693845209084, 2.347651869378031719, 13.23987812566606159 ) ) ;
#288 = CARTESIAN_POINT ( 'NONE',  ( -14.39041304373766117, 12.85174544759900783, 16.72228532847043070 ) ) ;
#289 = ORIENTED_EDGE ( 'NONE', *, *, #2524, .F. ) ;
#290 = CARTESIAN_POINT ( 'NONE',  ( -10.29198401734114654, 9.008490713648324544, 15.12481622729059971 ) ) ;
#291 = CARTESIAN_POINT ( 'NONE',  ( 1.980455856127634862, 0.3999999999999975797, 6.527361502543531202 ) ) ;
#292 = CIRCLE ( 'NONE', #2528, 2.000000000000000000 ) ;
#293 = DIRECTION ( 'NONE',  ( -0.000000000000000000, 1.000000000000000000, -0.000000000000000000 ) ) ;
#294 = ADVANCED_FACE ( 'NONE', ( #1435 ), #3648, .T. ) ;
#295 = VECTOR ( 'NONE', #1420, 1000.000000000000000 ) ;
#296 = ORIENTED_EDGE ( 'NONE', *, *, #3651, .T. ) ;
#297 = CARTESIAN_POINT ( 'NONE',  ( -9.135870759084093962, 14.20000000000000107, 21.10772051817325590 ) ) ;
#298 = CARTESIAN_POINT ( 'NONE',  ( -1.603745922614672192, 0.000000000000000000, 6.695181370814618838 ) ) ;
#299 = CIRCLE ( 'NONE', #3251, 1.600000000000000089 ) ;
#300 = ORIENTED_EDGE ( 'NONE', *, *, #3703, .F. ) ;
#301 = ADVANCED_FACE ( 'NONE', ( #1574, #1226, #68, #3060 ), #2446, .F. ) ;
#302 = CARTESIAN_POINT ( 'NONE',  ( -18.52600091761104295, 8.337162533445505730, 4.217502852470389918 ) ) ;
#303 = CARTESIAN_POINT ( 'NONE',  ( -17.14476574243590079, 9.440213870365111504, 12.42202121265017389 ) ) ;
#304 = VERTEX_POINT ( 'NONE', #373 ) ;
#305 = CIRCLE ( 'NONE', #1192, 5.000000000000001776 ) ;
#306 = CARTESIAN_POINT ( 'NONE',  ( -13.49991690843946301, 14.20000000000000107, -11.90597511610158854 ) ) ;
#307 = DIRECTION ( 'NONE',  ( 0.000000000000000000, 1.000000000000000000, 0.000000000000000000 ) ) ;
#308 = CARTESIAN_POINT ( 'NONE',  ( -2.763497128828926286, 13.34611517538730219, 18.79795514219312480 ) ) ;
#309 = VERTEX_POINT ( 'NONE', #2490 ) ;
#310 = CARTESIAN_POINT ( 'NONE',  ( 5.263350216612317389, 0.3999999999999975797, -2.028213969412615558 ) ) ;
#311 = PRESENTATION_STYLE_ASSIGNMENT (( #3061 ) ) ;
#312 = FACE_OUTER_BOUND ( 'NONE', #2058, .T. ) ;
#313 = CARTESIAN_POINT ( 'NONE',  ( -15.89268691047286275, 6.778780853477790913, 13.12462756031079003 ) ) ;
#314 = DIRECTION ( 'NONE',  ( -0.000000000000000000, -1.000000000000000000, -0.000000000000000000 ) ) ;
#315 = VERTEX_POINT ( 'NONE', #1837 ) ;
#316 = DIRECTION ( 'NONE',  ( 0.000000000000000000, 0.000000000000000000, 1.000000000000000000 ) ) ;
#317 = CARTESIAN_POINT ( 'NONE',  ( -19.50846199454242935, 11.55992212455724300, 13.39063742025067327 ) ) ;
#318 = CARTESIAN_POINT ( 'NONE',  ( -5.356036206186737481, 0.3999999999999975797, 1.633174338866867359 ) ) ;
#319 = ORIENTED_EDGE ( 'NONE', *, *, #2714, .F. ) ;
#320 = CARTESIAN_POINT ( 'NONE',  ( -16.93441635029155634, 5.612190666147464313, 15.03296526553583412 ) ) ;
#321 = CARTESIAN_POINT ( 'NONE',  ( -18.24433089141147946, 6.616686864837409310, 5.305211407680217484 ) ) ;
#322 = CARTESIAN_POINT ( 'NONE',  ( -17.28323882045173576, 8.643645806670789966, 15.28783145964405676 ) ) ;
#323 = ORIENTED_EDGE ( 'NONE', *, *, #3340, .F. ) ;
#324 = DIRECTION ( 'NONE',  ( 0.000000000000000000, 1.000000000000000000, -0.000000000000000000 ) ) ;
#325 = EDGE_CURVE ( 'NONE', #967, #1854, #2825, .T. ) ;
#326 = APPLICATION_PROTOCOL_DEFINITION ( 'draft international standard', 'automotive_design', 1998, #2236 ) ;
#327 = CARTESIAN_POINT ( 'NONE',  ( -15.91142608691382954, 10.95018993734220558, 18.02568555700859676 ) ) ;
#328 = ORIENTED_EDGE ( 'NONE', *, *, #3832, .F. ) ;
#329 = CARTESIAN_POINT ( 'NONE',  ( -10.44535025297398256, 9.988627395263565134, 15.08478314664832176 ) ) ;
#330 = CARTESIAN_POINT ( 'NONE',  ( 3.172355075874639052, 0.3999999999999975797, -5.706356925943670610 ) ) ;
#331 = CARTESIAN_POINT ( 'NONE',  ( -1.600300296026362146, 0.3999999999999975797, -6.711585498657679061 ) ) ;
#332 = CARTESIAN_POINT ( 'NONE',  ( -18.06773807613356553, 12.79230484541326085, 17.28760098319381200 ) ) ;
#333 = CARTESIAN_POINT ( 'NONE',  ( -15.72035606868528035, 6.668913372087794222, 13.27444293231721595 ) ) ;
#334 = PLANE ( 'NONE',  #1972 ) ;
#335 = DIRECTION ( 'NONE',  ( -0.000000000000000000, -1.000000000000000000, -0.000000000000000000 ) ) ;
#336 = CARTESIAN_POINT ( 'NONE',  ( -15.10283464665763198, 2.903497132454069707, 12.83327218715763252 ) ) ;
#337 = VERTEX_POINT ( 'NONE', #3817 ) ;
#338 = CARTESIAN_POINT ( 'NONE',  ( -15.31037536041053215, 3.497258137397900590, 13.86630115680213571 ) ) ;
#339 = CARTESIAN_POINT ( 'NONE',  ( -18.60877488566653781, 9.026575206040639898, 3.835823496771773478 ) ) ;
#340 = CARTESIAN_POINT ( 'NONE',  ( -19.08341452237020519, 9.149890254376694898, 13.98478366694149955 ) ) ;
#341 = ORIENTED_EDGE ( 'NONE', *, *, #187, .T. ) ;
#342 = CARTESIAN_POINT ( 'NONE',  ( -7.149811898413637401, 13.40000000000000036, 16.51908562291819749 ) ) ;
#343 = DIRECTION ( 'NONE',  ( -0.000000000000000000, 1.000000000000000000, -0.000000000000000000 ) ) ;
#344 = B_SPLINE_CURVE_WITH_KNOTS ( 'NONE', 3,
 ( #3085, #71, #332, #2777, #1274, #48 ),
 .UNSPECIFIED., .F., .F.,
 ( 4, 2, 4 ),
 ( 0.003741439226718140838, 0.005387887266863670976, 0.007034335307009201115 ),
 .UNSPECIFIED. ) ;
#345 = CARTESIAN_POINT ( 'NONE',  ( -14.35078923704180909, 10.93424284433439020, 19.58107866240117190 ) ) ;
#346 = EDGE_CURVE ( 'NONE', #2210, #2766, #2981, .T. ) ;
#347 = VERTEX_POINT ( 'NONE', #453 ) ;
#348 = CARTESIAN_POINT ( 'NONE',  ( 4.584313342547322812, 0.000000000000000000, -3.949230373506586567 ) ) ;
#349 = CARTESIAN_POINT ( 'NONE',  ( -12.71220142809607090, 7.787926108157205540, 18.49516450555364599 ) ) ;
#350 = CARTESIAN_POINT ( 'NONE',  ( -2.510167712197714618, 0.3999999999999975797, -6.221469906961984542 ) ) ;
#351 = PLANE ( 'NONE',  #432 ) ;
#352 = CARTESIAN_POINT ( 'NONE',  ( -17.28904547645779743, 11.05684948473295037, 16.65208002049648428 ) ) ;
#353 = CARTESIAN_POINT ( 'NONE',  ( -16.03383773284454605, 5.334642765017103549, 8.181019328568789106 ) ) ;
#354 = DIRECTION ( 'NONE',  ( -0.000000000000000000, -1.000000000000000000, -0.000000000000000000 ) ) ;
#355 = CARTESIAN_POINT ( 'NONE',  ( -8.000000000000000000, 2.000000000000000000, 0.000000000000000000 ) ) ;
#356 = DIRECTION ( 'NONE',  ( -0.000000000000000000, -1.000000000000000000, -0.000000000000000000 ) ) ;
#357 = VECTOR ( 'NONE', #3611, 1000.000000000000000 ) ;
#358 = CARTESIAN_POINT ( 'NONE',  ( -8.000000000000000000, 9.071069597503624848, 0.000000000000000000 ) ) ;
#359 = CARTESIAN_POINT ( 'NONE',  ( -13.69544456324381088, 6.532999935631144339, 15.24793843147353023 ) ) ;
#360 = ORIENTED_EDGE ( 'NONE', *, *, #837, .T. ) ;
#361 = CIRCLE ( 'NONE', #2222, 1.599999999999999867 ) ;
#362 = LINE ( 'NONE', #1262, #186 ) ;
#363 = CARTESIAN_POINT ( 'NONE',  ( -18.26302665870965569, 6.725951834446990851, 5.240409246557814704 ) ) ;
#364 = CARTESIAN_POINT ( 'NONE',  ( -5.590052615769631559E-64, 0.000000000000000000, 9.500000000000000000 ) ) ;
#365 = EDGE_LOOP ( 'NONE', ( #2810, #726 ) ) ;
#366 = CARTESIAN_POINT ( 'NONE',  ( -7.149811898413637401, 11.08365289709020196, 16.51908562291819749 ) ) ;
#367 = VECTOR ( 'NONE', #1902, 1000.000000000000000 ) ;
#368 = LINE ( 'NONE', #118, #2916 ) ;
#369 = AXIS2_PLACEMENT_3D ( 'NONE', #3507, #2805, #3427 ) ;
#370 = ORIENTED_EDGE ( 'NONE', *, *, #1125, .F. ) ;
#371 = AXIS2_PLACEMENT_3D ( 'NONE', #82, #3176, #157 ) ;
#372 = EDGE_CURVE ( 'NONE', #967, #2189, #1245, .T. ) ;
#373 = CARTESIAN_POINT ( 'NONE',  ( -8.000000000000000000, 0.4000000000000000222, 2.500000631318421096 ) ) ;
#374 = CARTESIAN_POINT ( 'NONE',  ( -13.08524509752926157, 9.795267324774835416, 19.15686282036540078 ) ) ;
#375 = CARTESIAN_POINT ( 'NONE',  ( -14.64986595924149171, 8.657565580578701514, 19.58958571425862161 ) ) ;
#376 = ORIENTED_EDGE ( 'NONE', *, *, #1845, .T. ) ;
#377 = CARTESIAN_POINT ( 'NONE',  ( -14.65696061545584961, 2.659622696764315730, 10.45062321539480266 ) ) ;
#378 = DIRECTION ( 'NONE',  ( 0.000000000000000000, 1.000000000000000000, 0.000000000000000000 ) ) ;
#379 = ADVANCED_FACE ( 'NONE', ( #752 ), #2590, .T. ) ;
#380 = CARTESIAN_POINT ( 'NONE',  ( 0.000000000000000000, 13.40000000000000036, 0.000000000000000000 ) ) ;
#381 = CARTESIAN_POINT ( 'NONE',  ( -7.774595305309462745, 11.08365289709020196, 16.24866606468565067 ) ) ;
#382 = CARTESIAN_POINT ( 'NONE',  ( -19.18257538484220959, 7.506028852223849412, 14.35633439508683296 ) ) ;
#383 = CARTESIAN_POINT ( 'NONE',  ( -18.68837626528440410, 6.472601262504729114, 16.66696279403859293 ) ) ;
#384 = DIRECTION ( 'NONE',  ( 0.000000000000000000, 0.000000000000000000, 1.000000000000000000 ) ) ;
#385 = DIRECTION ( 'NONE',  ( 0.000000000000000000, 0.000000000000000000, -1.000000000000000000 ) ) ;
#386 = ORIENTED_EDGE ( 'NONE', *, *, #2246, .F. ) ;
#387 = CARTESIAN_POINT ( 'NONE',  ( -7.903691262898045800, 25.60000000000000142, -0.3623956929659848947 ) ) ;
#388 = DIRECTION ( 'NONE',  ( 0.000000000000000000, 0.000000000000000000, -1.000000000000000000 ) ) ;
#389 = ORIENTED_EDGE ( 'NONE', *, *, #2504, .F. ) ;
#390 = CARTESIAN_POINT ( 'NONE',  ( 4.584313342547322812, 0.3999999999999975797, -3.949230373506586567 ) ) ;
#391 = DIRECTION ( 'NONE',  ( 0.000000000000000000, 0.000000000000000000, 1.000000000000000000 ) ) ;
#392 = CARTESIAN_POINT ( 'NONE',  ( -12.97433879482566255, 9.399155033088382183, 19.02969919516885611 ) ) ;
#393 = CARTESIAN_POINT ( 'NONE',  ( -16.34686619600043400, 7.144844543654133240, 7.536836144333396881 ) ) ;
#394 = VERTEX_POINT ( 'NONE', #433 ) ;
#395 = EDGE_LOOP ( 'NONE', ( #2838, #115, #742, #245 ) ) ;
#396 = DIRECTION ( 'NONE',  ( -1.000000000000000000, 0.000000000000000000, 0.000000000000000000 ) ) ;
#397 = CARTESIAN_POINT ( 'NONE',  ( -11.33991348241873887, 2.263224853285546789, 13.98701036818182430 ) ) ;
#398 = CARTESIAN_POINT ( 'NONE',  ( 3.061617771010469631E-16, 2.000000000000000000, 12.00000063131842332 ) ) ;
#399 = EDGE_CURVE ( 'NONE', #1139, #3662, #3747, .T. ) ;
#400 = CYLINDRICAL_SURFACE ( 'NONE', #2168, 1.600000000000000089 ) ;
#401 = CARTESIAN_POINT ( 'NONE',  ( -13.43336810914080992, 2.905607941221660884, 14.56946846657397998 ) ) ;
#402 = CARTESIAN_POINT ( 'NONE',  ( 8.000000000000000000, 0.4000000000000000222, 0.000000000000000000 ) ) ;
#403 = CARTESIAN_POINT ( 'NONE',  ( -19.32927746520092072, 10.55225801564616717, 13.22324393293683542 ) ) ;
#404 = EDGE_CURVE ( 'NONE', #3665, #608, #3160, .T. ) ;
#405 = ORIENTED_EDGE ( 'NONE', *, *, #1474, .T. ) ;
#406 =( BOUNDED_SURFACE ( )  B_SPLINE_SURFACE ( 3, 2, ( 
 ( #1335, #2227, #2561 ),
 ( #1034, #2268, #3489 ),
 ( #735, #653, #2781 ),
 ( #956, #1969, #53 ),
 ( #1259, #975, #2187 ),
 ( #1888, #1587, #2808 ),
 ( #1910, #78, #1279 ),
 ( #2501, #3729, #3430 ),
 ( #3135, #382, #1607 ),
 ( #2827, #188, #1684 ),
 ( #1434, #1702, #1111 ),
 ( #1052, #2883, #1725 ),
 ( #206, #1418, #3867 ),
 ( #2031, #823, #2961 ),
 ( #1991, #479, #1074 ),
 ( #2641, #2659, #168 ) ),
 .UNSPECIFIED., .F., .F., .T. ) 
 B_SPLINE_SURFACE_WITH_KNOTS ( ( 4, 2, 2, 2, 2, 2, 2, 4 ),
 ( 3, 3 ),
 ( -5.984795992119984476E-17, 0.002195599221845931284, 0.002744499027307428958, 0.003293398832768927066, 0.004391198443691922415, 0.005488998054614917764, 0.006586797665537913113, 0.008782396887383903811 ),
 ( 0.3616790312395120610, 1.000000000000000000 ),
 .UNSPECIFIED. ) 
 GEOMETRIC_REPRESENTATION_ITEM ( )  RATIONAL_B_SPLINE_SURFACE ( (
 ( 0.8285258689792391884, 0.7629470936798561365, 1.000000000000000000),
 ( 0.8295748442470001205, 0.7643972403253030956, 1.000000000000000000),
 ( 0.8308784567671545496, 0.7661994080037648480, 1.000000000000000000),
 ( 0.8327385295173979074, 0.7687708492397534732, 1.000000000000000000),
 ( 0.8331223106472309681, 0.7693014040918245700, 1.000000000000000000),
 ( 0.8339124680598575257, 0.7703937502667169701, 1.000000000000000000),
 ( 0.8343198652734298282, 0.7709569529663262699, 1.000000000000000000),
 ( 0.8355583534342283514, 0.7726690900462036549, 1.000000000000000000),
 ( 0.8364099435708676200, 0.7738463633508250172, 1.000000000000000000),
 ( 0.8381586989853118119, 0.7762639149136721928, 1.000000000000000000),
 ( 0.8390559029276274394, 0.7775042466233109684, 1.000000000000000000),
 ( 0.8408959492053369456, 0.7800480024382436817, 1.000000000000000000),
 ( 0.8418432948282636996, 0.7813576520738336750, 1.000000000000000000),
 ( 0.8446860545820227273, 0.7852876003265933935, 1.000000000000000000),
 ( 0.8466021746527605529, 0.7879365236885187418, 1.000000000000000000),
 ( 0.8485647980618380437, 0.7906497351820790387, 1.000000000000000000) ) ) 
 REPRESENTATION_ITEM ( '' )  SURFACE ( )  );
#407 = DIRECTION ( 'NONE',  ( 0.000000000000000000, 0.000000000000000000, 1.000000000000000000 ) ) ;
#408 = CARTESIAN_POINT ( 'NONE',  ( -14.34909424000416678, 10.89761979283125015, 19.57886615984039835 ) ) ;
#409 = ORIENTED_EDGE ( 'NONE', *, *, #1773, .T. ) ;
#410 = CARTESIAN_POINT ( 'NONE',  ( 1.995606210307311112, 0.3999999999999975797, -6.533632375821743388 ) ) ;
#411 = CARTESIAN_POINT ( 'NONE',  ( -13.28041235426323219, 10.86371247399230455, 19.39141136382387742 ) ) ;
#412 = CARTESIAN_POINT ( 'NONE',  ( -18.01672975240910546, 5.425881869406306457, 6.034897636491741046 ) ) ;
#413 = CARTESIAN_POINT ( 'NONE',  ( 0.000000000000000000, 25.60000000000000142, -19.00000000000000000 ) ) ;
#414 = DIRECTION ( 'NONE',  ( -0.000000000000000000, 1.000000000000000000, -0.000000000000000000 ) ) ;
#415 = DIRECTION ( 'NONE',  ( 0.000000000000000000, 0.000000000000000000, 1.000000000000000000 ) ) ;
#416 = CARTESIAN_POINT ( 'NONE',  ( 0.000000000000000000, 0.000000000000000000, 0.000000000000000000 ) ) ;
#417 = DIRECTION ( 'NONE',  ( 0.000000000000000000, -1.000000000000000000, 0.000000000000000000 ) ) ;
#418 = DIRECTION ( 'NONE',  ( 0.000000000000000000, 0.000000000000000000, -1.000000000000000000 ) ) ;
#419 = CARTESIAN_POINT ( 'NONE',  ( 8.000000000000000000, 2.000000000000000000, 1.600000000000001865 ) ) ;
#420 = EDGE_CURVE ( 'NONE', #1590, #1757, #3038, .T. ) ;
#421 = CIRCLE ( 'NONE', #2097, 1.600000000000000089 ) ;
#422 = CARTESIAN_POINT ( 'NONE',  ( 0.000000000000000000, 0.4000000000000000222, -12.00000063131842332 ) ) ;
#423 = ORIENTED_EDGE ( 'NONE', *, *, #2170, .T. ) ;
#424 = CARTESIAN_POINT ( 'NONE',  ( -16.57213243765751898, 11.08364215356580651, 11.30697125015389304 ) ) ;
#425 = VECTOR ( 'NONE', #3655, 1000.000000000000000 ) ;
#426 = EDGE_CURVE ( 'NONE', #688, #3835, #3501, .T. ) ;
#427 = CARTESIAN_POINT ( 'NONE',  ( -4.422175317548324713, 7.939373626134820228, 18.47876189092561461 ) ) ;
#428 = CARTESIAN_POINT ( 'NONE',  ( -14.21022113062683623, 9.896476776088819705, 19.39112182371014725 ) ) ;
#429 = CARTESIAN_POINT ( 'NONE',  ( -11.60856119679968401, 5.399999999999998579, 13.84728292591602639 ) ) ;
#430 = VECTOR ( 'NONE', #1230, 1000.000000000000000 ) ;
#431 = ORIENTED_EDGE ( 'NONE', *, *, #1131, .F. ) ;
#432 = AXIS2_PLACEMENT_3D ( 'NONE', #1578, #2799, #3722 ) ;
#433 = CARTESIAN_POINT ( 'NONE',  ( -12.96814841617841374, 11.08365289709020551, 17.89623364151695384 ) ) ;
#434 = CIRCLE ( 'NONE', #2671, 1.600000000000000755 ) ;
#435 = FILL_AREA_STYLE_COLOUR ( '', #2155 ) ;
#436 = CIRCLE ( 'NONE', #1392, 2.500000631318422428 ) ;
#437 = ORIENTED_EDGE ( 'NONE', *, *, #1655, .T. ) ;
#438 = ORIENTED_EDGE ( 'NONE', *, *, #501, .T. ) ;
#439 = CARTESIAN_POINT ( 'NONE',  ( 5.385498417725778530, 0.000000000000000000, -1.425795032384962635 ) ) ;
#440 = DIRECTION ( 'NONE',  ( 0.000000000000000000, 1.000000000000000000, 0.000000000000000000 ) ) ;
#441 = CARTESIAN_POINT ( 'NONE',  ( 2.204364238465235033E-15, 14.20000000000000107, 18.00000000000000000 ) ) ;
#442 = CARTESIAN_POINT ( 'NONE',  ( -12.86364729736567369, 10.12087338939440251, 17.73260486866811902 ) ) ;
#443 = DIRECTION ( 'NONE',  ( -0.000000000000000000, -1.000000000000000000, -0.000000000000000000 ) ) ;
#444 = CARTESIAN_POINT ( 'NONE',  ( -18.98328092230082120, 9.216090977852973154, 12.96102632337153615 ) ) ;
#445 = VERTEX_POINT ( 'NONE', #772 ) ;
#446 = EDGE_CURVE ( 'NONE', #1038, #1404, #113, .T. ) ;
#447 = EDGE_LOOP ( 'NONE', ( #3781, #2271, #2006, #704, #3503, #1490 ) ) ;
#448 = CARTESIAN_POINT ( 'NONE',  ( -1.411667136193661243, 0.3999999999999975797, 6.766053347799921625 ) ) ;
#449 = EDGE_LOOP ( 'NONE', ( #1523, #950, #3080, #3404, #3012, #261 ) ) ;
#450 = CARTESIAN_POINT ( 'NONE',  ( -12.90493693274889075, 10.63485021151940479, 17.81133496985972542 ) ) ;
#451 = CARTESIAN_POINT ( 'NONE',  ( -15.91951763011138432, 7.055407708820820467, 14.21669284462574723 ) ) ;
#452 = EDGE_CURVE ( 'NONE', #8, #2189, #2853, .T. ) ;
#453 = CARTESIAN_POINT ( 'NONE',  ( -4.065758146820641628E-16, 0.3999999999999975797, 7.000000000000000000 ) ) ;
#454 = CARTESIAN_POINT ( 'NONE',  ( 5.271493858025267265, 0.3999999999999975797, 2.026756045459324973 ) ) ;
#455 = CARTESIAN_POINT ( 'NONE',  ( -14.82059539685045735, 2.806526261279192802, 10.21759706673546297 ) ) ;
#456 = ORIENTED_EDGE ( 'NONE', *, *, #1300, .F. ) ;
#457 = ORIENTED_EDGE ( 'NONE', *, *, #2529, .F. ) ;
#458 = CARTESIAN_POINT ( 'NONE',  ( -4.065758146820641628E-16, 0.000000000000000000, 7.000000000000000000 ) ) ;
#459 = DIRECTION ( 'NONE',  ( 0.000000000000000000, 0.000000000000000000, -1.000000000000000000 ) ) ;
#460 = CARTESIAN_POINT ( 'NONE',  ( -12.96014191851478614, 10.83265437326429215, 17.88414851732973432 ) ) ;
#461 = FACE_OUTER_BOUND ( 'NONE', #843, .T. ) ;
#462 = CARTESIAN_POINT ( 'NONE',  ( 0.000000000000000000, 9.071069597503624848, -9.500000000000000000 ) ) ;
#463 = CARTESIAN_POINT ( 'NONE',  ( -17.63005070761791160, 3.941180554544929659, 7.084137714478440095 ) ) ;
#464 = CARTESIAN_POINT ( 'NONE',  ( -19.12262875992865574, 9.713240718906281046, 13.04903881504354501 ) ) ;
#465 = ORIENTED_EDGE ( 'NONE', *, *, #711, .F. ) ;
#466 = VERTEX_POINT ( 'NONE', #2876 ) ;
#467 = CARTESIAN_POINT ( 'NONE',  ( -18.35930926909117389, 7.314060582802853538, 4.894617208595914093 ) ) ;
#468 = CARTESIAN_POINT ( 'NONE',  ( -12.79406745126314071, 10.24105960552443584, 17.65832156351513049 ) ) ;
#469 = CARTESIAN_POINT ( 'NONE',  ( -13.98560043715731105, 11.22153460401408331, 19.95552505979697600 ) ) ;
#470 = CARTESIAN_POINT ( 'NONE',  ( -13.51313245890026948, 12.85174544759923343, 19.59114900168102125 ) ) ;
#471 = ADVANCED_FACE ( 'NONE', ( #2003 ), #3777, .F. ) ;
#472 = CARTESIAN_POINT ( 'NONE',  ( -16.51908618806701057, 10.80893334012577611, 7.149810592681159704 ) ) ;
#473 = CARTESIAN_POINT ( 'NONE',  ( -15.46607664813367400, 3.698703850037566188, 9.214341438749872992 ) ) ;
#474 = ORIENTED_EDGE ( 'NONE', *, *, #1606, .T. ) ;
#475 = ORIENTED_EDGE ( 'NONE', *, *, #2334, .F. ) ;
#476 = FACE_OUTER_BOUND ( 'NONE', #3635, .T. ) ;
#477 = CARTESIAN_POINT ( 'NONE',  ( -11.74452211797014201, 2.697847762667671123, 14.94674156996244996 ) ) ;
#478 = EDGE_CURVE ( 'NONE', #2763, #466, #1345, .T. ) ;
#479 = CARTESIAN_POINT ( 'NONE',  ( -16.34962519921055346, 3.303111127849204021, 12.39386131761161458 ) ) ;
#480 = CARTESIAN_POINT ( 'NONE',  ( 8.000000000000000000, 9.071069597503624848, 1.600000000000001865 ) ) ;
#481 = CARTESIAN_POINT ( 'NONE',  ( -16.51173338729727647, 12.85174544759855308, 18.84360567203009396 ) ) ;
#482 = VERTEX_POINT ( 'NONE', #3482 ) ;
#483 = CARTESIAN_POINT ( 'NONE',  ( -18.05445403177929720, 5.611644680882925229, 5.920256208116430052 ) ) ;
#484 = CARTESIAN_POINT ( 'NONE',  ( -1.982782616040963175, 0.3999999999999975797, -6.540016690629289364 ) ) ;
#485 = ORIENTED_EDGE ( 'NONE', *, *, #531, .F. ) ;
#486 = CARTESIAN_POINT ( 'NONE',  ( -9.104014955622487193, 2.158554770005932433, 16.67683907130934173 ) ) ;
#487 = CIRCLE ( 'NONE', #1510, 18.00000000000000000 ) ;
#488 = CARTESIAN_POINT ( 'NONE',  ( -12.68363092094396727, 9.952395550653371004, 17.50588756668201640 ) ) ;
#489 = CARTESIAN_POINT ( 'NONE',  ( -17.87697823366113070, 10.98896576843456607, 12.95252566896182422 ) ) ;
#490 = PRESENTATION_LAYER_ASSIGNMENT (  '', '', ( #3439 ) ) ;
#491 = DIRECTION ( 'NONE',  ( 0.000000000000000000, 0.000000000000000000, 1.000000000000000000 ) ) ;
#492 = CARTESIAN_POINT ( 'NONE',  ( -15.12481625319080614, 9.008484947970405443, 10.29198338377213240 ) ) ;
#493 = AXIS2_PLACEMENT_3D ( 'NONE', #2478, #3589, #2077 ) ;
#494 = CARTESIAN_POINT ( 'NONE',  ( -10.78170189076463714, 2.485482221824627747, 14.41516300528085814 ) ) ;
#495 = EDGE_CURVE ( 'NONE', #2607, #2857, #1120, .T. ) ;
#496 = ORIENTED_EDGE ( 'NONE', *, *, #41, .T. ) ;
#497 = CIRCLE ( 'NONE', #2108, 1.599999999999998979 ) ;
#498 = CARTESIAN_POINT ( 'NONE',  ( -18.80138955891795050, 13.97531300291248613, 2.740027629665363396 ) ) ;
#499 = CARTESIAN_POINT ( 'NONE',  ( -12.51355771314792165, 2.359594693452065961, 14.30336477049261568 ) ) ;
#500 = AXIS2_PLACEMENT_3D ( 'NONE', #2518, #3787, #2541 ) ;
#501 = EDGE_CURVE ( 'NONE', #2312, #1265, #1086, .T. ) ;
#502 = CARTESIAN_POINT ( 'NONE',  ( -12.69042802306029216, 9.220139150214736290, 17.40246496531786846 ) ) ;
#503 = DIRECTION ( 'NONE',  ( 0.000000000000000000, 1.000000000000000000, 0.000000000000000000 ) ) ;
#504 = CARTESIAN_POINT ( 'NONE',  ( 0.000000000000000000, 25.60000000000000142, 0.000000000000000000 ) ) ;
#505 = CARTESIAN_POINT ( 'NONE',  ( -15.36716857248601187, 1.413504106889029499, 11.17363571271077127 ) ) ;
#506 = DIRECTION ( 'NONE',  ( 0.000000000000000000, 0.000000000000000000, 1.000000000000000000 ) ) ;
#507 = ORIENTED_EDGE ( 'NONE', *, *, #117, .F. ) ;
#508 = VERTEX_POINT ( 'NONE', #2572 ) ;
#509 = CARTESIAN_POINT ( 'NONE',  ( -18.41434367645609171, 7.655272158558770634, 4.681594341628377620 ) ) ;
#510 = VERTEX_POINT ( 'NONE', #708 ) ;
#511 = CARTESIAN_POINT ( 'NONE',  ( -7.612865713993961059, 3.325031809265787341, 17.41288682071617799 ) ) ;
#512 = CARTESIAN_POINT ( 'NONE',  ( -13.88717149856225674, 6.712240738350225833, 15.49545236126400738 ) ) ;
#513 = CARTESIAN_POINT ( 'NONE',  ( -19.56399511075979802, 10.72243193554730745, 14.33786757413564139 ) ) ;
#514 = CARTESIAN_POINT ( 'NONE',  ( -2.510167712197714618, 0.000000000000000000, -6.221469906961984542 ) ) ;
#515 = CARTESIAN_POINT ( 'NONE',  ( -15.10022627690531927, 8.286422603744780346, 10.25160089423783383 ) ) ;
#516 = VERTEX_POINT ( 'NONE', #1941 ) ;
#517 = CARTESIAN_POINT ( 'NONE',  ( -7.716097068889487431, 6.532172964379277857, 16.26255019042353922 ) ) ;
#518 = CARTESIAN_POINT ( 'NONE',  ( -18.79308746956736798, 12.89668814899182614, 2.796404858364219592 ) ) ;
#519 = CARTESIAN_POINT ( 'NONE',  ( -6.379433130772320659, 4.933803895411801754, 17.89757550265620623 ) ) ;
#520 = FACE_OUTER_BOUND ( 'NONE', #1382, .T. ) ;
#521 = DIRECTION ( 'NONE',  ( -0.000000000000000000, 1.000000000000000000, -0.000000000000000000 ) ) ;
#522 = CARTESIAN_POINT ( 'NONE',  ( 0.000000000000000000, 24.60000000000000142, 5.000000000000000000 ) ) ;
#523 = EDGE_CURVE ( 'NONE', #936, #3949, #3359, .T. ) ;
#524 = CARTESIAN_POINT ( 'NONE',  ( -15.33278211072451214, 1.405685087450386339, 11.22080051085981189 ) ) ;
#525 = CARTESIAN_POINT ( 'NONE',  ( -18.18869539178082206, 7.051036884017851669, 12.62215155027653246 ) ) ;
#526 = ORIENTED_EDGE ( 'NONE', *, *, #426, .T. ) ;
#527 = ORIENTED_EDGE ( 'NONE', *, *, #72, .T. ) ;
#528 = CARTESIAN_POINT ( 'NONE',  ( -16.66251492637196563, 6.133858011241431818, 9.617545087181555985 ) ) ;
#529 = CARTESIAN_POINT ( 'NONE',  ( -2.679296832099068659, 0.000000000000000000, -6.104889903365974035 ) ) ;
#530 = CARTESIAN_POINT ( 'NONE',  ( -8.247083370836367777, 13.99134868878731552, 17.98082409607506449 ) ) ;
#531 = EDGE_CURVE ( 'NONE', #510, #3873, #2302, .T. ) ;
#532 = CARTESIAN_POINT ( 'NONE',  ( -13.40191435810572251, 2.944293296568975205, 14.65529223944113824 ) ) ;
#533 = CARTESIAN_POINT ( 'NONE',  ( 3.870238625396473342, 0.000000000000000000, -4.958462514997507675 ) ) ;
#534 = CARTESIAN_POINT ( 'NONE',  ( -1.009838838191978505, 0.000000000000000000, -6.883573938702106432 ) ) ;
#535 = CARTESIAN_POINT ( 'NONE',  ( 3.605218217991488672, 0.3999999999999975797, 5.287837184611945851 ) ) ;
#536 = CARTESIAN_POINT ( 'NONE',  ( -11.44314784761750303, 2.245533174865641968, 13.90072438547895928 ) ) ;
#537 =( BOUNDED_SURFACE ( )  B_SPLINE_SURFACE ( 3, 2, ( 
 ( #2461, #2422, #1180 ),
 ( #2404, #3692, #3030 ),
 ( #2137, #287, #942 ),
 ( #3350, #606, #2252 ) ),
 .UNSPECIFIED., .F., .F., .T. ) 
 B_SPLINE_SURFACE_WITH_KNOTS ( ( 4, 4 ),
 ( 3, 3 ),
 ( 0.000000000000000000, 0.001862216123797260725 ),
 ( 0.000000000000000000, 1.000000000000000000 ),
 .UNSPECIFIED. ) 
 GEOMETRIC_REPRESENTATION_ITEM ( )  RATIONAL_B_SPLINE_SURFACE ( (
 ( 1.000000000000000000, 0.8861114180499135573, 1.000000000000000000),
 ( 1.000000000000000000, 0.8865033167683649129, 1.000000000000000000),
 ( 1.000000000000000000, 0.8865033167683024073, 1.000000000000000000),
 ( 1.000000000000000000, 0.8861114180497220438, 1.000000000000000000) ) ) 
 REPRESENTATION_ITEM ( '' )  SURFACE ( )  );
#538 = CARTESIAN_POINT ( 'NONE',  ( -17.84680889804491954, 10.59162288086873183, 12.93576051397294613 ) ) ;
#539 = CARTESIAN_POINT ( 'NONE',  ( -8.247083370836367777, 13.99134868878731730, 17.98082409607506094 ) ) ;
#540 = CARTESIAN_POINT ( 'NONE',  ( -11.76923567433641260, 14.20000000000000107, 19.11946712150603389 ) ) ;
#541 = DIRECTION ( 'NONE',  ( 0.000000000000000000, 0.000000000000000000, -1.000000000000000000 ) ) ;
#542 = CARTESIAN_POINT ( 'NONE',  ( -16.65493424358682972, 2.138969676039673917, 9.144025200873189263 ) ) ;
#543 = CARTESIAN_POINT ( 'NONE',  ( -16.09966927911523271, 9.007246185343044331, 18.37012985142024490 ) ) ;
#544 = ORIENTED_EDGE ( 'NONE', *, *, #501, .F. ) ;
#545 = CARTESIAN_POINT ( 'NONE',  ( -18.74007207621066584, 10.82744785768470841, 3.136275561576907567 ) ) ;
#546 = CARTESIAN_POINT ( 'NONE',  ( -3.014459253246068116, 0.000000000000000000, 5.858477420988190687 ) ) ;
#547 = FACE_BOUND ( 'NONE', #3237, .T. ) ;
#548 = CARTESIAN_POINT ( 'NONE',  ( -16.10920662752081256, 9.031915201209294253, 18.38315173831110272 ) ) ;
#549 = EDGE_LOOP ( 'NONE', ( #3542, #438, #2695, #3142 ) ) ;
#550 = EDGE_CURVE ( 'NONE', #3044, #2868, #832, .T. ) ;
#551 = CARTESIAN_POINT ( 'NONE',  ( 3.605298225344404361, 0.000000000000000000, -5.272029189298429230 ) ) ;
#552 = DIRECTION ( 'NONE',  ( 0.000000000000000000, 0.000000000000000000, 1.000000000000000000 ) ) ;
#553 = CARTESIAN_POINT ( 'NONE',  ( 3.061617771010468151E-16, 9.071069597503624848, -6.999999368681577572 ) ) ;
#554 = DIRECTION ( 'NONE',  ( 0.000000000000000000, 0.000000000000000000, -1.000000000000000000 ) ) ;
#555 = CIRCLE ( 'NONE', #1443, 5.000000000000000000 ) ;
#556 = CARTESIAN_POINT ( 'NONE',  ( -12.75264726127656090, 7.294044697571885116, 16.38973533243061098 ) ) ;
#557 = AXIS2_PLACEMENT_3D ( 'NONE', #1203, #22, #1220 ) ;
#558 = CARTESIAN_POINT ( 'NONE',  ( -11.30073821761655495, 3.034271726884703924, 15.30210013674716407 ) ) ;
#559 =( GEOMETRIC_REPRESENTATION_CONTEXT ( 3 ) GLOBAL_UNCERTAINTY_ASSIGNED_CONTEXT ( ( #3124 ) ) GLOBAL_UNIT_ASSIGNED_CONTEXT ( ( #965, #662, #3115 ) ) REPRESENTATION_CONTEXT ( 'NONE', 'WORKASPACE' ) );
#560 = AXIS2_PLACEMENT_3D ( 'NONE', #1727, #2075, #506 ) ;
#561 = CARTESIAN_POINT ( 'NONE',  ( -2.761078913593808082, 13.28869994256876907, 18.79835176557295284 ) ) ;
#562 = DIRECTION ( 'NONE',  ( 0.000000000000000000, -1.000000000000000000, 0.000000000000000000 ) ) ;
#563 = VECTOR ( 'NONE', #802, 1000.000000000000000 ) ;
#564 = CARTESIAN_POINT ( 'NONE',  ( -12.49970972399721170, 4.077203236121648366, 16.35536354888791877 ) ) ;
#565 = CARTESIAN_POINT ( 'NONE',  ( -18.80159016816253725, 14.20000000000000107, 2.738650607225000311 ) ) ;
#566 = ORIENTED_EDGE ( 'NONE', *, *, #1699, .F. ) ;
#567 = CARTESIAN_POINT ( 'NONE',  ( -15.22050416184568711, 3.089254485880383871, 12.92801989870794621 ) ) ;
#568 = AXIS2_PLACEMENT_3D ( 'NONE', #3169, #417, #2864 ) ;
#569 = PLANE ( 'NONE',  #2166 ) ;
#570 = CARTESIAN_POINT ( 'NONE',  ( -12.96814841617841374, 11.08365289709020551, 17.89623364151695384 ) ) ;
#571 = CARTESIAN_POINT ( 'NONE',  ( -9.135870759084093962, 13.40000000000000036, 16.10772051817325234 ) ) ;
#572 = ORIENTED_EDGE ( 'NONE', *, *, #420, .T. ) ;
#573 = LINE ( 'NONE', #2728, #2473 ) ;
#574 = CARTESIAN_POINT ( 'NONE',  ( -17.98082825519256644, 13.99113613095759590, 8.247078537760861749 ) ) ;
#575 = CARTESIAN_POINT ( 'NONE',  ( -3.005071060919619619, 0.000000000000000000, -5.852256862770428114 ) ) ;
#576 = CARTESIAN_POINT ( 'NONE',  ( -13.51411263495132253, 12.89668815005760294, 19.59144873339268855 ) ) ;
#577 = EDGE_CURVE ( 'NONE', #1485, #394, #1755, .T. ) ;
#578 = ORIENTED_EDGE ( 'NONE', *, *, #2524, .T. ) ;
#579 = CARTESIAN_POINT ( 'NONE',  ( -11.43274142605194754, 5.289343010000694179, 13.92670627339336242 ) ) ;
#580 = CARTESIAN_POINT ( 'NONE',  ( -12.50071414170644779, 11.08365289709020374, 17.33844281257025699 ) ) ;
#581 = DIRECTION ( 'NONE',  ( -0.000000000000000000, -1.000000000000000000, -0.000000000000000000 ) ) ;
#582 =( BOUNDED_SURFACE ( )  B_SPLINE_SURFACE ( 2, 3, ( 
 ( #3255, #2932, #1117, #3275, #196, #844, #3572, #3286, #1440, #2987, #229, #172, #1768, #3587, #483, #3518, #807, #1459, #467, #509, #1383, #2953, #2665, #2608, #1998, #2076, #545, #3553, #3810, #3836 ),
 ( #3214, #1060, #765, #2016, #211, #2327, #2310, #3535, #785, #1406, #528, #2629, #3853, #3895, #1097, #1423, #3874, #829, #2059, #1748, #1140, #3326, #2112, #1825, #279, #2761, #1847, #2384, #1521, #3947 ),
 ( #3639, #13, #567, #3912, #1788, #636, #2455, #584, #1156, #891, #1867, #3306, #2130, #262, #3042, #3069, #3007, #856, #3684, #2171, #2414, #3089, #1480, #3364, #3386, #317, #1807, #3344, #1542, #3658 ) ),
 .UNSPECIFIED., .F., .F., .T. ) 
 B_SPLINE_SURFACE_WITH_KNOTS ( ( 3, 3 ),
 ( 4, 2, 2, 2, 2, 2, 2, 2, 2, 2, 2, 2, 2, 2, 4 ),
 ( 0.000000000000000000, 1.000000000000000000 ),
 ( 0.005228115754538363406, 0.08981036662824819217, 0.1743926175019580027, 0.2589748683756677994, 0.3012659938125227255, 0.3435571192493775960, 0.3647026819678050868, 0.3858482446862325221, 0.4281393701230874482, 0.4704304955599423743, 0.4915760582783698096, 0.5127216209967973004, 0.5973038718705070416, 0.7664683736179267459, 0.8510506244916364871 ),
 .UNSPECIFIED. ) 
 GEOMETRIC_REPRESENTATION_ITEM ( )  RATIONAL_B_SPLINE_SURFACE ( (
 ( 1.000000000000000000, 1.000000000000000000, 1.000000000000000000, 1.000000000000000000, 1.000000000000000000, 1.000000000000000000, 1.000000000000000000, 1.000000000000000000, 1.000000000000000000, 1.000000000000000000, 1.000000000000000000, 1.000000000000000000, 1.000000000000000000, 1.000000000000000000, 1.000000000000000000, 1.000000000000000000, 1.000000000000000000, 1.000000000000000000, 1.000000000000000000, 1.000000000000000000, 1.000000000000000000, 1.000000000000000000, 1.000000000000000000, 1.000000000000000000, 1.000000000000000000, 1.000000000000000000, 1.000000000000000000, 1.000000000000000000, 1.000000000000000000, 1.000000000000000000),
 ( 0.8861114180450485600, 0.8835993111147956158, 0.8829196161260786102, 0.8853232293368842321, 0.8884668643873770977, 0.8968914967611868461, 0.9020701530584098737, 0.9096954276883623125, 0.9122110899851381127, 0.9170259979692061414, 0.9193441967001972914, 0.9226416060967266297, 0.9237155677577300050, 0.9258368932015674790, 0.9268807117430675202, 0.9299317082545653923, 0.9318561099442403961, 0.9353329496382019048, 0.9368975198097543311, 0.9389614992589192521, 0.9396026606964882344, 0.9407920403213312355, 0.9413382870403939062, 0.9438154204211810505, 0.9450155836045471824, 0.9477884661312180326, 0.9490666095770744493, 0.9527759123945459541, 0.9541611114611654454, 0.9551515037343828451),
 ( 1.000000000000000000, 1.000000000000000000, 1.000000000000000000, 1.000000000000000000, 1.000000000000000000, 1.000000000000000000, 1.000000000000000000, 1.000000000000000000, 1.000000000000000000, 1.000000000000000000, 1.000000000000000000, 1.000000000000000000, 1.000000000000000000, 1.000000000000000000, 1.000000000000000000, 1.000000000000000000, 1.000000000000000000, 1.000000000000000000, 1.000000000000000000, 1.000000000000000000, 1.000000000000000000, 1.000000000000000000, 1.000000000000000000, 1.000000000000000000, 1.000000000000000000, 1.000000000000000000, 1.000000000000000000, 1.000000000000000000, 1.000000000000000000, 1.000000000000000000) ) ) 
 REPRESENTATION_ITEM ( '' )  SURFACE ( )  );
#583 = EDGE_LOOP ( 'NONE', ( #2834, #2375, #1286, #2132, #210 ) ) ;
#584 = CARTESIAN_POINT ( 'NONE',  ( -17.63867047224282913, 5.937434191883244949, 12.49420912736666089 ) ) ;
#585 = CARTESIAN_POINT ( 'NONE',  ( -5.500086315106962331, 0.3999999999999975797, 0.4067895847964239642 ) ) ;
#586 = ORIENTED_EDGE ( 'NONE', *, *, #97, .T. ) ;
#587 = CARTESIAN_POINT ( 'NONE',  ( -12.20208707736440168, 1.298278833335157589, 14.58850715066051151 ) ) ;
#588 = CARTESIAN_POINT ( 'NONE',  ( -12.47906572109999601, 4.241767693173065013, 16.49334881415615683 ) ) ;
#589 = CARTESIAN_POINT ( 'NONE',  ( -17.75677138887455087, 10.47128303143000672, 12.86539852006680462 ) ) ;
#590 = ORIENTED_EDGE ( 'NONE', *, *, #819, .F. ) ;
#591 = CARTESIAN_POINT ( 'NONE',  ( 0.000000000000000000, 14.20000000000000107, 19.00000000000000000 ) ) ;
#592 = CARTESIAN_POINT ( 'NONE',  ( -4.898054960659357526, 0.000000000000000000, 3.194214678631283277 ) ) ;
#593 = DIRECTION ( 'NONE',  ( -6.327832904719195718E-14, -1.000000000000000000, 9.781969926567463667E-14 ) ) ;
#594 = VERTEX_POINT ( 'NONE', #2463 ) ;
#595 = CARTESIAN_POINT ( 'NONE',  ( -7.640912901524286482, 6.784658980761471447, 16.29790904163978027 ) ) ;
#596 = EDGE_CURVE ( 'NONE', #2493, #347, #3351, .T. ) ;
#597 = LINE ( 'NONE', #480, #1633 ) ;
#598 = DIRECTION ( 'NONE',  ( -0.000000000000000000, -1.000000000000000000, -0.000000000000000000 ) ) ;
#599 = EDGE_CURVE ( 'NONE', #1696, #1394, #421, .T. ) ;
#600 = ORIENTED_EDGE ( 'NONE', *, *, #2699, .T. ) ;
#601 = CARTESIAN_POINT ( 'NONE',  ( 0.000000000000000000, 25.60000000000000142, 0.000000000000000000 ) ) ;
#602 = CARTESIAN_POINT ( 'NONE',  ( -4.539551615494857195, 0.3999999999999975797, 3.937106244215027750 ) ) ;
#603 = ORIENTED_EDGE ( 'NONE', *, *, #2121, .T. ) ;
#604 = CARTESIAN_POINT ( 'NONE',  ( -13.49991690843946301, 0.3999999999999993006, -11.90597511610158676 ) ) ;
#605 = CARTESIAN_POINT ( 'NONE',  ( -17.57604554151154730, 9.176511809291870492, 15.52277485603271678 ) ) ;
#606 = CARTESIAN_POINT ( 'NONE',  ( -14.01997676703005524, 2.347625906431321852, 12.82342640863055472 ) ) ;
#607 = CARTESIAN_POINT ( 'NONE',  ( -9.135870759084093962, 14.20000000000000107, 16.10772051817325234 ) ) ;
#608 = VERTEX_POINT ( 'NONE', #1221 ) ;
#609 = AXIS2_PLACEMENT_3D ( 'NONE', #3512, #1664, #2582 ) ;
#610 = CARTESIAN_POINT ( 'NONE',  ( -7.303112611993031855, 8.363342586481664398, 16.45223539813270719 ) ) ;
#611 = CARTESIAN_POINT ( 'NONE',  ( 5.471622153089493068, 0.3999999999999975797, 0.8164774565966163022 ) ) ;
#612 = AXIS2_PLACEMENT_3D ( 'NONE', #3779, #1027, #391 ) ;
#613 = CARTESIAN_POINT ( 'NONE',  ( -6.352746464770778978, 14.20000000000000107, 18.47422025665087020 ) ) ;
#614 = AXIS2_PLACEMENT_3D ( 'NONE', #3129, #2839, #1254 ) ;
#615 = VECTOR ( 'NONE', #3899, 1000.000000000000000 ) ;
#616 = EDGE_CURVE ( 'NONE', #1306, #482, #3238, .T. ) ;
#617 = ORIENTED_EDGE ( 'NONE', *, *, #3672, .T. ) ;
#618 = CYLINDRICAL_SURFACE ( 'NONE', #1132, 19.00000000000000000 ) ;
#619 = CARTESIAN_POINT ( 'NONE',  ( -5.471516974596377203, 0.3999999999999975797, -0.8178999945701421748 ) ) ;
#620 = AXIS2_PLACEMENT_3D ( 'NONE', #1293, #2225, #2860 ) ;
#621 = ORIENTED_EDGE ( 'NONE', *, *, #577, .T. ) ;
#622 = CARTESIAN_POINT ( 'NONE',  ( -15.90035670955964875, 4.136745092868263640, 14.28720271125551022 ) ) ;
#623 = CARTESIAN_POINT ( 'NONE',  ( -18.40624855001612659, 7.603535403152681837, 4.712783035303822032 ) ) ;
#624 = CARTESIAN_POINT ( 'NONE',  ( -15.73251874153921648, 8.151111098789874276, 11.39899783354513474 ) ) ;
#625 = VECTOR ( 'NONE', #2968, 1000.000000000000000 ) ;
#626 = DIRECTION ( 'NONE',  ( 0.000000000000000000, -1.000000000000000000, 0.000000000000000000 ) ) ;
#627 = CARTESIAN_POINT ( 'NONE',  ( 17.99305421544657690, 16.00000000000000000, -0.5000000000000002220 ) ) ;
#628 = CARTESIAN_POINT ( 'NONE',  ( -14.01750512541951466, 1.301551040083580357, 12.82612763303241188 ) ) ;
#629 = ORIENTED_EDGE ( 'NONE', *, *, #766, .F. ) ;
#630 = CARTESIAN_POINT ( 'NONE',  ( -7.149810632689938217, 10.80894386398872875, 16.51908617075035934 ) ) ;
#631 = CARTESIAN_POINT ( 'NONE',  ( 0.8275180089444803544, 0.000000000000000000, -6.938502046920373090 ) ) ;
#632 = DIRECTION ( 'NONE',  ( 0.000000000000000000, 0.000000000000000000, -1.000000000000000000 ) ) ;
#633 = DIRECTION ( 'NONE',  ( 0.000000000000000000, 1.000000000000000000, 0.000000000000000000 ) ) ;
#634 = CARTESIAN_POINT ( 'NONE',  ( -16.17034432935843924, 7.031088811017814244, 12.90182004592805853 ) ) ;
#635 = CYLINDRICAL_SURFACE ( 'NONE', #3442, 19.00000000000000000 ) ;
#636 = CARTESIAN_POINT ( 'NONE',  ( -16.84713143912925304, 4.672013281643414118, 12.43221156584337628 ) ) ;
#637 = CARTESIAN_POINT ( 'NONE',  ( -16.66747484339785501, 6.472621460881087252, 18.68786421592250235 ) ) ;
#638 = ORIENTED_EDGE ( 'NONE', *, *, #1131, .T. ) ;
#639 = ADVANCED_FACE ( 'NONE', ( #2178 ), #3694, .F. ) ;
#640 = CARTESIAN_POINT ( 'NONE',  ( -17.04031341872749650, 8.284641542251119262, 15.09516516693300581 ) ) ;
#641 = ORIENTED_EDGE ( 'NONE', *, *, #1823, .F. ) ;
#642 = DIRECTION ( 'NONE',  ( 0.000000000000000000, 1.000000000000000000, 0.000000000000000000 ) ) ;
#643 = DIRECTION ( 'NONE',  ( 0.000000000000000000, 0.000000000000000000, 1.000000000000000000 ) ) ;
#644 = CARTESIAN_POINT ( 'NONE',  ( -16.72228532847047333, 12.85174544760039339, 14.39041304373761321 ) ) ;
#645 = ORIENTED_EDGE ( 'NONE', *, *, #2094, .T. ) ;
#646 = CARTESIAN_POINT ( 'NONE',  ( 5.212435780217543169, 0.3999999999999975797, -2.228843264896993137 ) ) ;
#647 = CARTESIAN_POINT ( 'NONE',  ( -12.91958276652374948, 9.024810817426828891, 18.92229648938819153 ) ) ;
#648 = CARTESIAN_POINT ( 'NONE',  ( -18.00132853166547164, 10.58012931887496499, 15.88252343531850563 ) ) ;
#649 = CARTESIAN_POINT ( 'NONE',  ( -12.93195679374827378, 9.190371092960415211, 18.96665106517272292 ) ) ;
#650 = CARTESIAN_POINT ( 'NONE',  ( -14.87359213521182255, 6.870716326770566873, 10.41630123203285230 ) ) ;
#651 = DIRECTION ( 'NONE',  ( -0.000000000000000000, 1.000000000000000000, -0.000000000000000000 ) ) ;
#652 = CARTESIAN_POINT ( 'NONE',  ( -11.16693818996485277, 1.413415117394507536, 15.37203641183625713 ) ) ;
#653 = CARTESIAN_POINT ( 'NONE',  ( -20.11432337118538527, 10.83354755666573510, 15.03023090817681151 ) ) ;
#654 = CARTESIAN_POINT ( 'NONE',  ( -14.65529223944120041, 2.944293296568997853, 13.40191435810570475 ) ) ;
#655 = ORIENTED_EDGE ( 'NONE', *, *, #3036, .F. ) ;
#656 = B_SPLINE_CURVE_WITH_KNOTS ( 'NONE', 3,
 ( #769, #2000, #176, #1083 ),
 .UNSPECIFIED., .F., .F.,
 ( 4, 4 ),
 ( 0.5000000000000000000, 0.5003088182278365714 ),
 .UNSPECIFIED. ) ;
#657 = CARTESIAN_POINT ( 'NONE',  ( -18.54049810729777903, 8.426923404639062198, 4.153589462829478940 ) ) ;
#658 = CARTESIAN_POINT ( 'NONE',  ( 2.326828918379970970E-15, 16.00000000000000000, 19.00000000000000000 ) ) ;
#659 = ORIENTED_EDGE ( 'NONE', *, *, #1672, .F. ) ;
#660 = EDGE_CURVE ( 'NONE', #2919, #1746, #672, .T. ) ;
#661 = CARTESIAN_POINT ( 'NONE',  ( -5.499999368684293621, 0.4000000000000000222, -3.683680238754447671E-06 ) ) ;
#662 =( NAMED_UNIT ( * ) PLANE_ANGLE_UNIT ( ) SI_UNIT ( $, .RADIAN. ) );
#663 = CARTESIAN_POINT ( 'NONE',  ( -15.91381967660875851, 11.01748192179483787, 18.02634179635365896 ) ) ;
#664 = ORIENTED_EDGE ( 'NONE', *, *, #3202, .F. ) ;
#665 = EDGE_CURVE ( 'NONE', #855, #508, #1531, .T. ) ;
#666 = CARTESIAN_POINT ( 'NONE',  ( 0.000000000000000000, 24.60000000000000142, 0.000000000000000000 ) ) ;
#667 = CARTESIAN_POINT ( 'NONE',  ( -16.04976193255440009, 8.773783394011788417, 18.30546927754020459 ) ) ;
#668 = AXIS2_PLACEMENT_3D ( 'NONE', #3806, #761, #2866 ) ;
#669 = ORIENTED_EDGE ( 'NONE', *, *, #665, .T. ) ;
#670 = CARTESIAN_POINT ( 'NONE',  ( -14.31155561484574079, 5.667814172141822482, 11.01043966244563421 ) ) ;
#671 = FACE_OUTER_BOUND ( 'NONE', #1369, .T. ) ;
#672 = CIRCLE ( 'NONE', #2983, 5.000000000000000000 ) ;
#673 = CARTESIAN_POINT ( 'NONE',  ( -7.429125012279344631, 7.634573548136799559, 16.39559227571383104 ) ) ;
#674 = DIRECTION ( 'NONE',  ( 0.000000000000000000, 1.000000000000000000, 0.000000000000000000 ) ) ;
#675 = CYLINDRICAL_SURFACE ( 'NONE', #2296, 2.999999999999999112 ) ;
#676 = B_SPLINE_CURVE_WITH_KNOTS ( 'NONE', 3,
 ( #3840, #2891, #451, #949, #3794, #2001, #47, #1273, #2589, #1343, #648, #177, #1387, #2614 ),
 .UNSPECIFIED., .F., .F.,
 ( 4, 2, 2, 2, 2, 2, 4 ),
 ( 0.002766522305400889465, 0.004274854575540032106, 0.005783186845679173446, 0.007291519115818311317, 0.008045685250887878517, 0.008422768318422660383, 0.008799851385957438779 ),
 .UNSPECIFIED. ) ;
#677 = CARTESIAN_POINT ( 'NONE',  ( -15.88251027692780326, 10.58001335666803833, 18.00131547792586062 ) ) ;
#678 = CARTESIAN_POINT ( 'NONE',  ( 1.959434878635765477E-16, 9.071069597503624848, -7.899999999999999467 ) ) ;
#679 = AXIS2_PLACEMENT_3D ( 'NONE', #107, #3743, #2535 ) ;
#680 = DIRECTION ( 'NONE',  ( 0.000000000000000000, 0.000000000000000000, 1.000000000000000000 ) ) ;
#681 = AXIS2_PLACEMENT_3D ( 'NONE', #1099, #1408, #3875 ) ;
#682 = CARTESIAN_POINT ( 'NONE',  ( -18.38240212622018177, 7.453565783166127723, 4.805184803936163540 ) ) ;
#683 = ORIENTED_EDGE ( 'NONE', *, *, #3313, .F. ) ;
#684 = CARTESIAN_POINT ( 'NONE',  ( -13.49991690843946301, 0.4000000000000000222, 5.751406069778051133 ) ) ;
#685 = AXIS2_PLACEMENT_3D ( 'NONE', #2830, #703, #385 ) ;
#686 = LINE ( 'NONE', #1596, #1181 ) ;
#687 = AXIS2_PLACEMENT_3D ( 'NONE', #1502, #2721, #2764 ) ;
#688 = VERTEX_POINT ( 'NONE', #3078 ) ;
#689 = AXIS2_PLACEMENT_3D ( 'NONE', #2012, #3804, #760 ) ;
#690 = CARTESIAN_POINT ( 'NONE',  ( 3.172355075874639052, 0.3999999999999975797, -5.706356925943670610 ) ) ;
#691 = EDGE_CURVE ( 'NONE', #1554, #3119, #175, .T. ) ;
#692 = DIRECTION ( 'NONE',  ( -0.000000000000000000, -1.000000000000000000, 0.000000000000000000 ) ) ;
#693 = CARTESIAN_POINT ( 'NONE',  ( -13.40383611443984080, 5.022331025047093611, 17.81239567778752431 ) ) ;
#694 = VERTEX_POINT ( 'NONE', #3134 ) ;
#695 = CARTESIAN_POINT ( 'NONE',  ( -13.37796624607974749, 5.089065727259228566, 12.04300817404633328 ) ) ;
#696 = CARTESIAN_POINT ( 'NONE',  ( -8.000000000000000000, 9.071069597503624848, 0.000000000000000000 ) ) ;
#697 = DIRECTION ( 'NONE',  ( 0.000000000000000000, 0.000000000000000000, 1.000000000000000000 ) ) ;
#698 = CARTESIAN_POINT ( 'NONE',  ( -2.800466942032323381, 12.85174544760111992, 18.79248213798762634 ) ) ;
#699 = EDGE_CURVE ( 'NONE', #337, #2757, #1056, .T. ) ;
#700 = DIRECTION ( 'NONE',  ( 0.000000000000000000, 0.000000000000000000, -1.000000000000000000 ) ) ;
#701 = CARTESIAN_POINT ( 'NONE',  ( -13.95954286744233386, 6.781179802874418350, 15.58883223344247249 ) ) ;
#702 = DIRECTION ( 'NONE',  ( 0.000000000000000000, 1.000000000000000000, -0.000000000000000000 ) ) ;
#703 = DIRECTION ( 'NONE',  ( -0.000000000000000000, -1.000000000000000000, -0.000000000000000000 ) ) ;
#704 = ORIENTED_EDGE ( 'NONE', *, *, #2747, .T. ) ;
#705 = DIRECTION ( 'NONE',  ( 0.000000000000000000, 1.000000000000000000, -0.000000000000000000 ) ) ;
#706 = DIRECTION ( 'NONE',  ( -0.000000000000000000, 1.000000000000000000, -0.000000000000000000 ) ) ;
#707 = ORIENTED_EDGE ( 'NONE', *, *, #531, .T. ) ;
#708 = CARTESIAN_POINT ( 'NONE',  ( 0.01223531239253568791, 0.000000000000000000, -6.999982333181954175 ) ) ;
#709 = CARTESIAN_POINT ( 'NONE',  ( -14.22834028591624467, 6.539057940031788974, 14.74119744430879919 ) ) ;
#710 = CARTESIAN_POINT ( 'NONE',  ( -12.45826380338422901, 7.417180023049028570, 18.25765874503460751 ) ) ;
#711 = EDGE_CURVE ( 'NONE', #2868, #3349, #487, .T. ) ;
#712 = ORIENTED_EDGE ( 'NONE', *, *, #1919, .F. ) ;
#713 = LINE ( 'NONE', #3166, #3245 ) ;
#714 = CARTESIAN_POINT ( 'NONE',  ( -11.71724066425570854, 2.192505634532514680, 13.67331188448885015 ) ) ;
#715 = CARTESIAN_POINT ( 'NONE',  ( -9.135870759084095738, 11.08365289708958912, 16.10772051817324879 ) ) ;
#716 = EDGE_CURVE ( 'NONE', #2312, #2198, #555, .T. ) ;
#717 = LINE ( 'NONE', #1297, #3511 ) ;
#718 = LINE ( 'NONE', #1889, #935 ) ;
#719 = CARTESIAN_POINT ( 'NONE',  ( -18.62185427391361614, 11.08364215356714588, 14.68936497248327200 ) ) ;
#720 = CYLINDRICAL_SURFACE ( 'NONE', #2603, 1.600000000000000755 ) ;
#721 = VERTEX_POINT ( 'NONE', #3683 ) ;
#722 = CARTESIAN_POINT ( 'NONE',  ( -5.471304059684247711, 0.3999999999999975797, 0.8202183417879788108 ) ) ;
#723 = CARTESIAN_POINT ( 'NONE',  ( -8.639795489918473237, 2.457326930908799500, 16.92233497421151966 ) ) ;
#724 = CARTESIAN_POINT ( 'NONE',  ( 0.000000000000000000, 2.000000000000000000, -9.500000000000000000 ) ) ;
#725 = CARTESIAN_POINT ( 'NONE',  ( -5.356586527893155925, 0.3999999999999975797, -1.630104980113234125 ) ) ;
#726 = ORIENTED_EDGE ( 'NONE', *, *, #3854, .T. ) ;
#727 = DIRECTION ( 'NONE',  ( 0.000000000000000000, 0.000000000000000000, -1.000000000000000000 ) ) ;
#728 = CARTESIAN_POINT ( 'NONE',  ( -14.50105948008189571, 13.40000000000000036, 16.61163889212619793 ) ) ;
#729 = CARTESIAN_POINT ( 'NONE',  ( -16.51908562291821525, 10.08899932967748647, 7.149811898413602762 ) ) ;
#730 = VERTEX_POINT ( 'NONE', #151 ) ;
#731 = CARTESIAN_POINT ( 'NONE',  ( 1.980455856127634862, 0.000000000000000000, 6.527361502543531202 ) ) ;
#732 = DIRECTION ( 'NONE',  ( 0.000000000000000000, -1.000000000000000000, 0.000000000000000000 ) ) ;
#733 = CARTESIAN_POINT ( 'NONE',  ( -15.49991690843946479, 0.000000000000000000, 0.000000000000000000 ) ) ;
#734 = EDGE_CURVE ( 'NONE', #1630, #1709, #1354, .T. ) ;
#735 = CARTESIAN_POINT ( 'NONE',  ( -19.42395845590185743, 11.09297642797841910, 13.23834231639690096 ) ) ;
#736 = VECTOR ( 'NONE', #521, 1000.000000000000000 ) ;
#737 = CARTESIAN_POINT ( 'NONE',  ( -19.59422539097127824, 13.43600057636270328, 13.52325597915089439 ) ) ;
#738 = DIRECTION ( 'NONE',  ( 0.000000000000000000, 0.000000000000000000, -1.000000000000000000 ) ) ;
#739 = EDGE_CURVE ( 'NONE', #2436, #466, #2053, .T. ) ;
#740 = VECTOR ( 'NONE', #2939, 1000.000000000000000 ) ;
#741 = CARTESIAN_POINT ( 'NONE',  ( -19.23486941161163344, 10.14422744760579498, 13.13954747344613594 ) ) ;
#742 = ORIENTED_EDGE ( 'NONE', *, *, #1728, .F. ) ;
#743 = CARTESIAN_POINT ( 'NONE',  ( -0.2073318870324256658, 0.3999999999999975797, 7.000000000000001776 ) ) ;
#744 = VECTOR ( 'NONE', #1475, 1000.000000000000000 ) ;
#745 = CARTESIAN_POINT ( 'NONE',  ( -9.116390911755765103, 2.151330913723279892, 16.67007697842468161 ) ) ;
#746 = VERTEX_POINT ( 'NONE', #1253 ) ;
#747 = CARTESIAN_POINT ( 'NONE',  ( -15.78155575361678942, 10.00287992960007877, 17.88919806552464564 ) ) ;
#748 = CARTESIAN_POINT ( 'NONE',  ( -5.269262392170986686, 0.3999999999999975797, -2.035969662655130463 ) ) ;
#749 = CIRCLE ( 'NONE', #997, 5.000000000000000888 ) ;
#750 = ORIENTED_EDGE ( 'NONE', *, *, #3464, .F. ) ;
#751 = VECTOR ( 'NONE', #1065, 1000.000000000000000 ) ;
#752 = FACE_OUTER_BOUND ( 'NONE', #3006, .T. ) ;
#753 = CIRCLE ( 'NONE', #2410, 18.00000000000000000 ) ;
#754 = CARTESIAN_POINT ( 'NONE',  ( -16.38608684710263574, 7.566944382229642940, 7.449767359421370472 ) ) ;
#755 = AXIS2_PLACEMENT_3D ( 'NONE', #1730, #2345, #3231 ) ;
#756 = ORIENTED_EDGE ( 'NONE', *, *, #1851, .F. ) ;
#757 = CARTESIAN_POINT ( 'NONE',  ( 8.000000000000000000, 2.000000000000000000, 0.000000000000000000 ) ) ;
#758 = CARTESIAN_POINT ( 'NONE',  ( -16.52274320379726547, 7.485256989011165096, 12.68024576142987669 ) ) ;
#759 = DIRECTION ( 'NONE',  ( 0.000000000000000000, 1.000000000000000000, 0.000000000000000000 ) ) ;
#760 = DIRECTION ( 'NONE',  ( 0.000000000000000000, 0.000000000000000000, -1.000000000000000000 ) ) ;
#761 = DIRECTION ( 'NONE',  ( 0.000000000000000000, 1.000000000000000000, 0.000000000000000000 ) ) ;
#762 = CARTESIAN_POINT ( 'NONE',  ( -17.40198169455806010, 3.327298152335703474, 7.629397088720816456 ) ) ;
#763 = CARTESIAN_POINT ( 'NONE',  ( -19.48531710601743683, 11.46220152765342704, 13.37163489726951049 ) ) ;
#764 = ORIENTED_EDGE ( 'NONE', *, *, #3543, .F. ) ;
#765 = CARTESIAN_POINT ( 'NONE',  ( -14.56877969556453323, 2.450345021964680736, 12.20404246951820681 ) ) ;
#766 = EDGE_CURVE ( 'NONE', #746, #1572, #3614, .T. ) ;
#767 = CARTESIAN_POINT ( 'NONE',  ( -0.8093758335873666443, 0.3999999999999975797, -6.927337864460266559 ) ) ;
#768 = CARTESIAN_POINT ( 'NONE',  ( -3.155842128681026537, 10.67486114877855918, 18.74064240992774444 ) ) ;
#769 = CARTESIAN_POINT ( 'NONE',  ( 0.01223531239253568791, 0.3999999999999975797, -6.999982333181954175 ) ) ;
#770 = CARTESIAN_POINT ( 'NONE',  ( -14.79600337135672383, 7.336800520407122050, 19.14512212560829241 ) ) ;
#771 = ADVANCED_FACE ( 'NONE', ( #31 ), #1659, .T. ) ;
#772 = CARTESIAN_POINT ( 'NONE',  ( -16.51173338729736173, 12.85174544760037207, 18.84360567203000869 ) ) ;
#773 = CARTESIAN_POINT ( 'NONE',  ( -2.738518490347105594, 14.20000795701693974, 18.80160941191011403 ) ) ;
#774 = ORIENTED_EDGE ( 'NONE', *, *, #1898, .T. ) ;
#775 = EDGE_LOOP ( 'NONE', ( #2027, #2256, #578, #1359, #2794, #1996, #868, #3239 ) ) ;
#776 = ORIENTED_EDGE ( 'NONE', *, *, #1649, .T. ) ;
#777 = CARTESIAN_POINT ( 'NONE',  ( 2.522674169099231367, 0.000000000000000000, -6.213197923264572431 ) ) ;
#778 = CARTESIAN_POINT ( 'NONE',  ( -18.79248386773252832, 12.85174544760046800, 2.800455334586321232 ) ) ;
#779 = CARTESIAN_POINT ( 'NONE',  ( -10.07832936353224440, 4.841819768229310483, 16.27687665981290266 ) ) ;
#780 = CARTESIAN_POINT ( 'NONE',  ( -13.37122613983104635, 6.601875064106266677, 15.60958332495524559 ) ) ;
#781 = CARTESIAN_POINT ( 'NONE',  ( 5.500260400896212154, 0.3999999999999975797, 0.4028858385959740440 ) ) ;
#782 = CARTESIAN_POINT ( 'NONE',  ( -18.80132603274685366, 13.73811787906728554, 2.740463969550737122 ) ) ;
#783 = ORIENTED_EDGE ( 'NONE', *, *, #903, .T. ) ;
#784 = ORIENTED_EDGE ( 'NONE', *, *, #3599, .F. ) ;
#785 = CARTESIAN_POINT ( 'NONE',  ( -16.37810849697950033, 5.138385822952035831, 9.955231846662233153 ) ) ;
#786 = CARTESIAN_POINT ( 'NONE',  ( -0.8093758335873666443, 0.000000000000000000, -6.927337864460266559 ) ) ;
#787 = ORIENTED_EDGE ( 'NONE', *, *, #3197, .F. ) ;
#788 = DIRECTION ( 'NONE',  ( -0.000000000000000000, 1.000000000000000000, -0.000000000000000000 ) ) ;
#789 = CARTESIAN_POINT ( 'NONE',  ( -13.69457135154712013, 8.481023896283005570, 18.68630119208013340 ) ) ;
#790 = EDGE_CURVE ( 'NONE', #347, #967, #1960, .T. ) ;
#791 = CARTESIAN_POINT ( 'NONE',  ( -17.88029441810202158, 11.06879317200358948, 12.95493799832435045 ) ) ;
#792 = CARTESIAN_POINT ( 'NONE',  ( -14.50105948008189571, 13.40000000000000036, 16.61163889212619793 ) ) ;
#793 = CARTESIAN_POINT ( 'NONE',  ( -17.54088193011852681, 9.552878036226639225, 12.75420678003226094 ) ) ;
#794 = CARTESIAN_POINT ( 'NONE',  ( -17.87030383721955573, 4.771662645107056733, 6.460836059099772655 ) ) ;
#795 = ADVANCED_FACE ( 'NONE', ( #2914 ), #2324, .T. ) ;
#796 = CARTESIAN_POINT ( 'NONE',  ( -11.01043890549985171, 5.667815071082038081, 14.31155630898149944 ) ) ;
#797 = ORIENTED_EDGE ( 'NONE', *, *, #1409, .F. ) ;
#798 = CARTESIAN_POINT ( 'NONE',  ( -17.73274390218506014, 10.12123460660638941, 12.86372913412112950 ) ) ;
#799 = CARTESIAN_POINT ( 'NONE',  ( -8.236468060781138689, 13.72131958619631931, 17.97160069585466857 ) ) ;
#800 = CARTESIAN_POINT ( 'NONE',  ( -12.96814841693970344, 10.95802007964515745, 17.89623364242540760 ) ) ;
#801 = CARTESIAN_POINT ( 'NONE',  ( 2.687524410044964451, 0.000000000000000000, 6.114061669759728090 ) ) ;
#802 = DIRECTION ( 'NONE',  ( 0.000000000000000000, 0.000000000000000000, -1.000000000000000000 ) ) ;
#803 = CARTESIAN_POINT ( 'NONE',  ( -15.35137491406249843, 1.409865469034732088, 11.19533068057190128 ) ) ;
#804 = CARTESIAN_POINT ( 'NONE',  ( -16.49937416726464434, 11.86304235517066274, 18.85596489206251292 ) ) ;
#805 = ORIENTED_EDGE ( 'NONE', *, *, #1368, .T. ) ;
#806 = AXIS2_PLACEMENT_3D ( 'NONE', #3540, #3203, #491 ) ;
#807 = CARTESIAN_POINT ( 'NONE',  ( -18.21566416673192990, 6.446262684772236184, 5.405849645426171080 ) ) ;
#808 = CARTESIAN_POINT ( 'NONE',  ( -6.865818729375105178, 4.232926733455511403, 17.71612691107507942 ) ) ;
#809 = CIRCLE ( 'NONE', #3040, 2.500000631318421540 ) ;
#810 = CARTESIAN_POINT ( 'NONE',  ( -15.56823997346340782, 9.295106780540347557, 17.63211927560243097 ) ) ;
#811 = CARTESIAN_POINT ( 'NONE',  ( -5.499999999151770069, 0.3999999999999975797, -0.0006221358241672611360 ) ) ;
#812 = CARTESIAN_POINT ( 'NONE',  ( -1.982782616040963175, 0.000000000000000000, -6.540016690629289364 ) ) ;
#813 = VECTOR ( 'NONE', #3277, 1000.000000000000000 ) ;
#814 = CARTESIAN_POINT ( 'NONE',  ( -17.89623364242540049, 11.08364215356710325, 12.96814841693960041 ) ) ;
#815 = VECTOR ( 'NONE', #2284, 1000.000000000000000 ) ;
#816 = CARTESIAN_POINT ( 'NONE',  ( -10.26579490888977375, 7.778850684689916584, 15.05243615481730224 ) ) ;
#817 =( BOUNDED_SURFACE ( )  B_SPLINE_SURFACE ( 2, 3, ( 
 ( #3941, #1187, #1023, #429, #2776, #1956 ),
 ( #1673, #3201, #3701, #2569, #770, #1557 ),
 ( #1363, #141, #3402, #3218, #2911, #469 ) ),
 .UNSPECIFIED., .F., .F., .T. ) 
 B_SPLINE_SURFACE_WITH_KNOTS ( ( 3, 3 ),
 ( 4, 2, 4 ),
 ( 0.000000000000000000, 1.000000000000000000 ),
 ( -0.004221374183841076003, 8.673617379884035472E-18, 0.004221374183841093350 ),
 .UNSPECIFIED. ) 
 GEOMETRIC_REPRESENTATION_ITEM ( )  RATIONAL_B_SPLINE_SURFACE ( (
 ( 1.000000000000000000, 1.000000000000000000, 1.000000000000000000, 1.000000000000000000, 1.000000000000000000, 1.000000000000000000),
 ( 0.7855164973867035938, 0.8056459363909311833, 0.8164965809277260345, 0.8164965809277260345, 0.8056459363909311833, 0.7855164973867033718),
 ( 1.000000000000000000, 1.000000000000000000, 1.000000000000000000, 1.000000000000000000, 1.000000000000000000, 1.000000000000000000) ) ) 
 REPRESENTATION_ITEM ( '' )  SURFACE ( )  );
#818 = CIRCLE ( 'NONE', #1128, 19.00000000000000000 ) ;
#819 = EDGE_CURVE ( 'NONE', #2757, #2312, #3500, .T. ) ;
#820 = CARTESIAN_POINT ( 'NONE',  ( -16.39219876961186628, 7.291512744194793783, 12.74796933975505553 ) ) ;
#821 = CARTESIAN_POINT ( 'NONE',  ( -5.574034741385914593, 6.255273708090709484, 18.16423913585345318 ) ) ;
#822 = AXIS2_PLACEMENT_3D ( 'NONE', #1219, #3333, #1267 ) ;
#823 = CARTESIAN_POINT ( 'NONE',  ( -16.97409852495453819, 3.936086903422070460, 12.82213056185308453 ) ) ;
#824 = EDGE_CURVE ( 'NONE', #3665, #445, #1312, .T. ) ;
#825 = CARTESIAN_POINT ( 'NONE',  ( -17.89623364242553549, 11.08364215356712279, 12.96814841693972475 ) ) ;
#826 = CARTESIAN_POINT ( 'NONE',  ( -18.45428118139702889, 7.679111771143205090, 12.70963097753172377 ) ) ;
#827 = ORIENTED_EDGE ( 'NONE', *, *, #1401, .T. ) ;
#828 = B_SPLINE_CURVE_WITH_KNOTS ( 'NONE', 3,
 ( #3380, #3480, #1862, #2275, #3084, #331, #3102, #350, #1251, #3498, #2471, #2798, #1653, #70, #2550, #3775, #2255, #748, #725, #2873, #1983, #3179, #811, #216 ),
 .UNSPECIFIED., .F., .F.,
 ( 4, 2, 2, 2, 2, 2, 2, 2, 2, 2, 2, 4 ),
 ( 0.5003088182276166362, 0.5156249999999993339, 0.5312499999999992228, 0.5624999999999992228, 0.5781249999999992228, 0.5937499999999991118, 0.6249999999999991118, 0.6562499999999992228, 0.6874999999999992228, 0.7187499999999992228, 0.7499999999999992228, 0.7500472925508195887 ),
 .UNSPECIFIED. ) ;
#829 = CARTESIAN_POINT ( 'NONE',  ( -17.23583521091062920, 8.843077323947385437, 8.966755180323518815 ) ) ;
#830 = DIRECTION ( 'NONE',  ( 0.000000000000000000, 1.000000000000000000, 0.000000000000000000 ) ) ;
#831 = CARTESIAN_POINT ( 'NONE',  ( -17.88038295221920748, 11.08081338489268930, 12.95500369139076113 ) ) ;
#832 = LINE ( 'NONE', #3278, #52 ) ;
#833 = CARTESIAN_POINT ( 'NONE',  ( -17.77189367835912392, 10.26197261045501108, 12.88796351084148384 ) ) ;
#834 = CARTESIAN_POINT ( 'NONE',  ( -9.501321336852964095, 3.407767501080285033, 15.28915640400747478 ) ) ;
#835 = CARTESIAN_POINT ( 'NONE',  ( -15.60955329688212245, 6.601864801128058069, 13.37125345969974433 ) ) ;
#836 = CARTESIAN_POINT ( 'NONE',  ( -5.302798651506086536, 6.670378114068042485, 18.24519324328713310 ) ) ;
#837 = EDGE_CURVE ( 'NONE', #1654, #3165, #2393, .T. ) ;
#838 = CARTESIAN_POINT ( 'NONE',  ( -15.49991690843946479, 14.20000000000000107, -10.98874769168317833 ) ) ;
#839 = CARTESIAN_POINT ( 'NONE',  ( 4.546278825904494170, 0.000000000000000000, 3.941971037926625065 ) ) ;
#840 = CARTESIAN_POINT ( 'NONE',  ( -16.44033952563740186, 1.936043785247578697, 9.524931605792552602 ) ) ;
#841 = CARTESIAN_POINT ( 'NONE',  ( -14.79598806253724597, 9.375299778359810432, 19.79163410695375802 ) ) ;
#842 = EDGE_CURVE ( 'NONE', #3911, #1422, #1833, .T. ) ;
#843 = EDGE_LOOP ( 'NONE', ( #1544, #474, #3343, #3872 ) ) ;
#844 = CARTESIAN_POINT ( 'NONE',  ( -16.50817373517283571, 1.948412971639133406, 9.429146630870841150 ) ) ;
#845 = CARTESIAN_POINT ( 'NONE',  ( -11.01601071018734679, 1.440115741858373211, 15.48072263246543834 ) ) ;
#846 = CARTESIAN_POINT ( 'NONE',  ( -18.02484150813374342, 10.91737153208446642, 15.90986035918974828 ) ) ;
#847 = VERTEX_POINT ( 'NONE', #3296 ) ;
#848 = CARTESIAN_POINT ( 'NONE',  ( 5.263350216612317389, 0.000000000000000000, -2.028213969412615558 ) ) ;
#849 = DIRECTION ( 'NONE',  ( 0.000000000000000000, -1.000000000000000000, 0.000000000000000000 ) ) ;
#850 = DIRECTION ( 'NONE',  ( 0.7071067811865472397, 0.000000000000000000, -0.7071067811865479058 ) ) ;
#851 = CARTESIAN_POINT ( 'NONE',  ( -9.324575988471922372, 7.314638755079187149, 16.92008150463913196 ) ) ;
#852 = CARTESIAN_POINT ( 'NONE',  ( -12.96814841617841374, 11.08365289709020551, 17.89623364151695384 ) ) ;
#853 = DIRECTION ( 'NONE',  ( 0.000000000000000000, 0.000000000000000000, 1.000000000000000000 ) ) ;
#854 = DIRECTION ( 'NONE',  ( -6.245004513516504751E-15, 0.000000000000000000, -1.000000000000000000 ) ) ;
#855 = VERTEX_POINT ( 'NONE', #3055 ) ;
#856 = CARTESIAN_POINT ( 'NONE',  ( -19.03505534984922321, 9.388347304040417285, 12.99118520705382096 ) ) ;
#857 = CARTESIAN_POINT ( 'NONE',  ( -5.471391346705773984, 0.000000000000000000, 0.8196027277597502936 ) ) ;
#858 = EDGE_CURVE ( 'NONE', #988, #2198, #867, .T. ) ;
#859 = LINE ( 'NONE', #248, #3826 ) ;
#860 = CARTESIAN_POINT ( 'NONE',  ( -16.51173338729736173, 12.85174544760037207, 18.84360567203000869 ) ) ;
#861 = VERTEX_POINT ( 'NONE', #1450 ) ;
#862 = CARTESIAN_POINT ( 'NONE',  ( 5.357042513691267160, 0.000000000000000000, 1.627558495578288023 ) ) ;
#863 = DIRECTION ( 'NONE',  ( -0.7071067811865479058, 0.000000000000000000, -0.7071067811865472397 ) ) ;
#864 = CIRCLE ( 'NONE', #3177, 2.500000631318421096 ) ;
#865 = B_SPLINE_SURFACE_WITH_KNOTS ( 'NONE', 3, 1, ( 
 ( #197, #3811 ),
 ( #1062, #2610 ),
 ( #2293, #3519 ),
 ( #767, #786 ),
 ( #173, #2908 ),
 ( #1711, #2017 ),
 ( #484, #230 ),
 ( #1407, #2630 ),
 ( #2647, #529 ),
 ( #1118, #3215 ),
 ( #2934, #1098 ),
 ( #2060, #1441 ),
 ( #2328, #2970 ),
 ( #3554, #3948 ),
 ( #3070, #2740 ),
 ( #2435, #263 ),
 ( #1789, #14 ),
 ( #3659, #2113 ),
 ( #3931, #3640 ),
 ( #619, #909 ),
 ( #2762, #1522 ),
 ( #585, #1848 ),
 ( #1481, #857 ),
 ( #318, #892 ),
 ( #3307, #35 ),
 ( #1499, #280 ),
 ( #2703, #1543 ),
 ( #2415, #2148 ),
 ( #602, #3008 ),
 ( #3025, #3365 ),
 ( #2718, #1173 ),
 ( #1194, #3043 ),
 ( #2131, #1157 ),
 ( #2398, #546 ),
 ( #1213, #3622 ),
 ( #876, #2385 ),
 ( #1235, #3345 ),
 ( #1826, #298 ),
 ( #2456, #3685 ),
 ( #934, #2172 ),
 ( #1769, #2988 ),
 ( #1808, #3604 ),
 ( #247, #3327 ),
 ( #1460, #2685 ) ),
 .UNSPECIFIED., .F., .F., .F.,
 ( 4, 2, 2, 2, 2, 2, 2, 2, 2, 2, 2, 2, 2, 2, 2, 2, 2, 2, 2, 2, 2, 4 ),
 ( 2, 2 ),
 ( 0.4999999999999993339, 0.5156249999999993339, 0.5312499999999992228, 0.5624999999999992228, 0.5781249999999992228, 0.5937499999999991118, 0.6249999999999991118, 0.6562499999999992228, 0.6874999999999992228, 0.7187499999999992228, 0.7499999999999992228, 0.7812499999999992228, 0.8124999999999992228, 0.8437499999999992228, 0.8593749999999993339, 0.8749999999999993339, 0.9062499999999995559, 0.9374999999999996669, 0.9531249999999996669, 0.9687499999999997780, 0.9843749999999997780, 1.000000000000000000 ),
 ( 0.000000000000000000, 1.000000000000000000 ),
 .UNSPECIFIED. ) ;
#866 = CARTESIAN_POINT ( 'NONE',  ( -4.546228914269300425, 0.000000000000000000, -3.941969482909252420 ) ) ;
#867 = LINE ( 'NONE', #1756, #3116 ) ;
#868 = ORIENTED_EDGE ( 'NONE', *, *, #3390, .F. ) ;
#869 = VECTOR ( 'NONE', #3649, 1000.000000000000000 ) ;
#870 = CARTESIAN_POINT ( 'NONE',  ( -12.90181951425224760, 7.031089586045646378, 16.17034504739848444 ) ) ;
#871 = AXIS2_PLACEMENT_3D ( 'NONE', #1084, #3877, #1792 ) ;
#872 = CARTESIAN_POINT ( 'NONE',  ( -16.51908562291821880, 14.20000000000000107, 7.149811898413590328 ) ) ;
#873 = CIRCLE ( 'NONE', #2731, 2.500000631318421096 ) ;
#874 = ORIENTED_EDGE ( 'NONE', *, *, #20, .T. ) ;
#875 = CYLINDRICAL_SURFACE ( 'NONE', #1520, 5.000000000000000000 ) ;
#876 = CARTESIAN_POINT ( 'NONE',  ( -2.165157792152014427, 0.3999999999999975797, 6.430201023991125808 ) ) ;
#877 = ORIENTED_EDGE ( 'NONE', *, *, #1076, .F. ) ;
#878 = CARTESIAN_POINT ( 'NONE',  ( -2.800466942032490358, 12.85174544759920501, 18.79248213798760148 ) ) ;
#879 = CARTESIAN_POINT ( 'NONE',  ( -19.51853315600421723, 10.41011535948932298, 14.30407171256843313 ) ) ;
#880 = ORIENTED_EDGE ( 'NONE', *, *, #2999, .T. ) ;
#881 = EDGE_CURVE ( 'NONE', #721, #1809, #3616, .T. ) ;
#882 = CARTESIAN_POINT ( 'NONE',  ( 0.000000000000000000, 16.00000000000000000, 0.000000000000000000 ) ) ;
#883 = CARTESIAN_POINT ( 'NONE',  ( -5.356586527893155925, 0.000000000000000000, -1.630104980113234125 ) ) ;
#884 = CARTESIAN_POINT ( 'NONE',  ( -8.222626938046596834, 13.89433177812948728, 18.00187015302809002 ) ) ;
#885 = VERTEX_POINT ( 'NONE', #3902 ) ;
#886 = CARTESIAN_POINT ( 'NONE',  ( -10.48260469931441818, 10.19786647723472406, 15.07164986550880847 ) ) ;
#887 = CARTESIAN_POINT ( 'NONE',  ( 0.000000000000000000, 16.00000000000000000, 18.00000000000000000 ) ) ;
#888 = CYLINDRICAL_SURFACE ( 'NONE', #3944, 1.599999999999998979 ) ;
#889 = CARTESIAN_POINT ( 'NONE',  ( -13.22424875589578797, 2.761044412437195561, 14.46017373062145239 ) ) ;
#890 = ORIENTED_EDGE ( 'NONE', *, *, #3581, .T. ) ;
#891 = CARTESIAN_POINT ( 'NONE',  ( -18.08589164667024463, 6.816776606959786378, 12.59044214167119513 ) ) ;
#892 = CARTESIAN_POINT ( 'NONE',  ( -5.356036206186737481, 0.000000000000000000, 1.633174338866867359 ) ) ;
#893 = CARTESIAN_POINT ( 'NONE',  ( -18.52364317748084233, 14.19999999999999929, 6.363069229897359236 ) ) ;
#894 = CARTESIAN_POINT ( 'NONE',  ( -18.06636574530597272, 5.662960527001834166, 5.885051765294210036 ) ) ;
#895 = CARTESIAN_POINT ( 'NONE',  ( -17.88919283025052920, 10.00286085921679735, 15.78155127071237729 ) ) ;
#896 = ORIENTED_EDGE ( 'NONE', *, *, #452, .F. ) ;
#897 = DIRECTION ( 'NONE',  ( -0.000000000000000000, -1.000000000000000000, -0.000000000000000000 ) ) ;
#898 = DIRECTION ( 'NONE',  ( 0.000000000000000000, 0.000000000000000000, 1.000000000000000000 ) ) ;
#899 = CARTESIAN_POINT ( 'NONE',  ( -8.236496056515607123, 14.13061378239125432, 17.98993504132631216 ) ) ;
#900 = ORIENTED_EDGE ( 'NONE', *, *, #2554, .T. ) ;
#901 = CARTESIAN_POINT ( 'NONE',  ( -10.54681351147832480, 10.63463876064248481, 15.04780043489877173 ) ) ;
#902 = CARTESIAN_POINT ( 'NONE',  ( 0.4146637740648429493, 0.3999999999999975797, 6.999999999999998224 ) ) ;
#903 = EDGE_CURVE ( 'NONE', #2763, #885, #2396, .T. ) ;
#904 = DIRECTION ( 'NONE',  ( 0.000000000000000000, 0.000000000000000000, 1.000000000000000000 ) ) ;
#905 = DIRECTION ( 'NONE',  ( -0.000000000000000000, -1.000000000000000000, -0.000000000000000000 ) ) ;
#906 = CARTESIAN_POINT ( 'NONE',  ( -13.40191435810572251, 2.944293296568975205, 14.65529223944113824 ) ) ;
#907 = ORIENTED_EDGE ( 'NONE', *, *, #3039, .T. ) ;
#908 = CARTESIAN_POINT ( 'NONE',  ( -8.000000000000000000, 9.071069597503624848, -2.500000631318421096 ) ) ;
#909 = CARTESIAN_POINT ( 'NONE',  ( -5.471516974596377203, 0.000000000000000000, -0.8178999945701421748 ) ) ;
#910 = CARTESIAN_POINT ( 'NONE',  ( -18.38315173831132299, 9.031915201209947952, 16.10920662752091204 ) ) ;
#911 = CARTESIAN_POINT ( 'NONE',  ( -16.75789136194203621, 6.575320881429686182, 12.28830357175133514 ) ) ;
#912 = ORIENTED_EDGE ( 'NONE', *, *, #1750, .T. ) ;
#913 = CARTESIAN_POINT ( 'NONE',  ( -2.738650632048899691, 14.20000000000000107, 18.80159016454667054 ) ) ;
#914 = CARTESIAN_POINT ( 'NONE',  ( 8.000000000000000000, 9.071069597503624848, 0.000000000000000000 ) ) ;
#915 = CARTESIAN_POINT ( 'NONE',  ( -13.51928055815123919, 13.16634436528577901, 19.59302221955034540 ) ) ;
#916 = ORIENTED_EDGE ( 'NONE', *, *, #399, .T. ) ;
#917 = AXIS2_PLACEMENT_3D ( 'NONE', #2286, #2829, #3210 ) ;
#918 = CARTESIAN_POINT ( 'NONE',  ( -12.94576038369590520, 10.66227488345268171, 17.86267250226496728 ) ) ;
#919 = CARTESIAN_POINT ( 'NONE',  ( 5.499999393348744547, 0.3999999999999975797, -0.003763281332039232312 ) ) ;
#920 = DIRECTION ( 'NONE',  ( 0.000000000000000000, 1.000000000000000000, 0.000000000000000000 ) ) ;
#921 = AXIS2_PLACEMENT_3D ( 'NONE', #3593, #849, #554 ) ;
#922 = CARTESIAN_POINT ( 'NONE',  ( -13.92463174945485882, 6.217157551656556258, 18.56241035859396860 ) ) ;
#923 = EDGE_CURVE ( 'NONE', #2176, #2919, #368, .T. ) ;
#924 = ORIENTED_EDGE ( 'NONE', *, *, #3173, .F. ) ;
#925 = CARTESIAN_POINT ( 'NONE',  ( -15.36835889509232977, 6.539527882365591793, 13.58847335033921766 ) ) ;
#926 = DIRECTION ( 'NONE',  ( -0.000000000000000000, -1.000000000000000000, -0.000000000000000000 ) ) ;
#927 = PRESENTATION_LAYER_ASSIGNMENT (  '', '', ( #56 ) ) ;
#928 = AXIS2_PLACEMENT_3D ( 'NONE', #2515, #1636, #1560 ) ;
#929 = CARTESIAN_POINT ( 'NONE',  ( -12.58966597042814151, 6.822905340391490547, 18.08831352955790805 ) ) ;
#930 = VECTOR ( 'NONE', #1161, 1000.000000000000000 ) ;
#931 = EDGE_CURVE ( 'NONE', #3863, #3067, #686, .T. ) ;
#932 = ORIENTED_EDGE ( 'NONE', *, *, #960, .F. ) ;
#933 = FACE_OUTER_BOUND ( 'NONE', #2344, .T. ) ;
#934 = CARTESIAN_POINT ( 'NONE',  ( -1.020491551207380221, 0.3999999999999975797, 6.880925458489033808 ) ) ;
#935 = VECTOR ( 'NONE', #2809, 1000.000000000000000 ) ;
#936 = VERTEX_POINT ( 'NONE', #2526 ) ;
#937 = DIRECTION ( 'NONE',  ( 0.000000000000000000, -1.000000000000000000, 0.000000000000000000 ) ) ;
#938 = CARTESIAN_POINT ( 'NONE',  ( -18.58463315052574671, 8.791797150314327070, 3.951431094312895187 ) ) ;
#939 = CARTESIAN_POINT ( 'NONE',  ( -17.72576098109357545, 10.39295807399778582, 12.84292943359071337 ) ) ;
#940 = EDGE_LOOP ( 'NONE', ( #2486, #2066, #669, #3230 ) ) ;
#941 = VECTOR ( 'NONE', #2789, 1000.000000000000000 ) ;
#942 = CARTESIAN_POINT ( 'NONE',  ( -14.25410077365701866, 2.944549119733369746, 13.83650094078223525 ) ) ;
#943 = CARTESIAN_POINT ( 'NONE',  ( 0.000000000000000000, 16.00000000000000000, 0.000000000000000000 ) ) ;
#944 = CARTESIAN_POINT ( 'NONE',  ( -15.91527304245502350, 11.08365289709163193, 18.02585245449924756 ) ) ;
#945 = VERTEX_POINT ( 'NONE', #2254 ) ;
#946 = CARTESIAN_POINT ( 'NONE',  ( 4.923326169898398774, 0.3999999999999975797, -3.212488541385532415 ) ) ;
#947 = SURFACE_SIDE_STYLE ('',( #1169 ) ) ;
#948 = SURFACE_STYLE_FILL_AREA ( #2470 ) ;
#949 = CARTESIAN_POINT ( 'NONE',  ( -16.54956856215175165, 7.671669596740477104, 14.70878052624207655 ) ) ;
#950 = ORIENTED_EDGE ( 'NONE', *, *, #1728, .T. ) ;
#951 = CARTESIAN_POINT ( 'NONE',  ( -14.75012798893886767, 6.471911050285564571, 10.53940405066515140 ) ) ;
#952 = PLANE ( 'NONE',  #1318 ) ;
#953 = CARTESIAN_POINT ( 'NONE',  ( -11.15293296494907871, 1.415753676572248043, 15.38220303062663241 ) ) ;
#954 = ADVANCED_FACE ( 'NONE', ( #1571 ), #1553, .T. ) ;
#955 = CARTESIAN_POINT ( 'NONE',  ( 0.000000000000000000, 24.60000000000000142, 0.000000000000000000 ) ) ;
#956 = CARTESIAN_POINT ( 'NONE',  ( -19.19414355069783440, 10.03036137250254889, 13.08241354479412699 ) ) ;
#957 = CARTESIAN_POINT ( 'NONE',  ( -15.35308765564558797, 8.754148533100698515, 17.36589660692717985 ) ) ;
#958 = ORIENTED_EDGE ( 'NONE', *, *, #3928, .T. ) ;
#959 = CARTESIAN_POINT ( 'NONE',  ( -19.59566338558997955, 14.20000000000000107, 13.52803346323716838 ) ) ;
#960 = EDGE_CURVE ( 'NONE', #3863, #1224, #3181, .T. ) ;
#961 = CARTESIAN_POINT ( 'NONE',  ( -18.67290441161341263, 9.782072537074776974, 3.510367912531811019 ) ) ;
#962 = CARTESIAN_POINT ( 'NONE',  ( -17.03662694911387376, 6.778872620217446965, 12.49140904352607429 ) ) ;
#963 = VERTEX_POINT ( 'NONE', #628 ) ;
#964 = DIRECTION ( 'NONE',  ( 0.000000000000000000, 1.000000000000000000, 0.000000000000000000 ) ) ;
#965 =( LENGTH_UNIT ( ) NAMED_UNIT ( * ) SI_UNIT ( .MILLI., .METRE. ) );
#966 = CARTESIAN_POINT ( 'NONE',  ( -14.35407385758520071, 11.03843044062698198, 19.58525955865669843 ) ) ;
#967 = VERTEX_POINT ( 'NONE', #2815 ) ;
#968 = CARTESIAN_POINT ( 'NONE',  ( 2.693794607804870456, 0.3999999999999975797, -6.094438625795506326 ) ) ;
#969 = CARTESIAN_POINT ( 'NONE',  ( -11.03638789268022613, 4.475053365130372107, 16.11089296621819145 ) ) ;
#970 = EDGE_LOOP ( 'NONE', ( #2158, #1749, #3312, #437 ) ) ;
#971 = DIRECTION ( 'NONE',  ( 0.000000000000000000, 0.000000000000000000, 1.000000000000000000 ) ) ;
#972 = CARTESIAN_POINT ( 'NONE',  ( 0.000000000000000000, 0.000000000000000000, 0.000000000000000000 ) ) ;
#973 = DIRECTION ( 'NONE',  ( 0.000000000000000000, 1.000000000000000000, -0.000000000000000000 ) ) ;
#974 = CARTESIAN_POINT ( 'NONE',  ( -9.863624434123424933, 11.08365289709020374, 16.10772051817325234 ) ) ;
#975 = CARTESIAN_POINT ( 'NONE',  ( -19.79364188488979082, 9.375145264373458076, 14.79384230536676625 ) ) ;
#976 = CARTESIAN_POINT ( 'NONE',  ( -16.65229951976699141, 11.05685901026036255, 17.28882597718728320 ) ) ;
#977 = CARTESIAN_POINT ( 'NONE',  ( 8.000000000000000000, 0.4000000000000000222, 0.000000000000000000 ) ) ;
#978 = CARTESIAN_POINT ( 'NONE',  ( 18.99341991322257783, 25.60000000000000142, -0.5000000000000014433 ) ) ;
#979 = ORIENTED_EDGE ( 'NONE', *, *, #1672, .T. ) ;
#980 = CARTESIAN_POINT ( 'NONE',  ( 0.000000000000000000, 24.60000000000000142, -0.5000000000000013323 ) ) ;
#981 = EDGE_CURVE ( 'NONE', #1721, #2261, #2216, .T. ) ;
#982 = CARTESIAN_POINT ( 'NONE',  ( -14.35428686300161338, 11.04811038062106476, 19.58552131379451566 ) ) ;
#983 = ORIENTED_EDGE ( 'NONE', *, *, #2826, .T. ) ;
#984 = ADVANCED_FACE ( 'NONE', ( #2197 ), #1813, .F. ) ;
#985 = CARTESIAN_POINT ( 'NONE',  ( 3.465891816929385083, 0.3999999999999975797, -5.421780720147950206 ) ) ;
#986 = CARTESIAN_POINT ( 'NONE',  ( -13.51313245890026948, 12.85174544759923343, 19.59114900168102125 ) ) ;
#987 = CARTESIAN_POINT ( 'NONE',  ( -15.91599076701542437, 4.864071691024480337, 8.410546997581757722 ) ) ;
#988 = VERTEX_POINT ( 'NONE', #3839 ) ;
#989 = CARTESIAN_POINT ( 'NONE',  ( -14.28899682784169656, 2.413573816577921693, 10.94844794299121560 ) ) ;
#990 = CARTESIAN_POINT ( 'NONE',  ( 2.326828918379970970E-15, 25.60000000000000142, 19.00000000000000000 ) ) ;
#991 = AXIS2_PLACEMENT_3D ( 'NONE', #2488, #1613, #388 ) ;
#992 = DIRECTION ( 'NONE',  ( 8.881784197001252323E-16, 0.000000000000000000, -1.000000000000000000 ) ) ;
#993 = CARTESIAN_POINT ( 'NONE',  ( -8.000000000000000000, 0.000000000000000000, -1.600000000000000089 ) ) ;
#994 = DIRECTION ( 'NONE',  ( 0.000000000000000000, 0.000000000000000000, -1.000000000000000000 ) ) ;
#995 = CARTESIAN_POINT ( 'NONE',  ( -14.70833174855005865, 7.671039246779155718, 16.54899605794249240 ) ) ;
#996 = EDGE_LOOP ( 'NONE', ( #1115, #1047, #1330, #250 ) ) ;
#997 = AXIS2_PLACEMENT_3D ( 'NONE', #3357, #2681, #3942 ) ;
#998 = AXIS2_PLACEMENT_3D ( 'NONE', #3028, #285, #3348 ) ;
#999 = FACE_OUTER_BOUND ( 'NONE', #2, .T. ) ;
#1000 = ORIENTED_EDGE ( 'NONE', *, *, #3072, .T. ) ;
#1001 = CARTESIAN_POINT ( 'NONE',  ( -8.000000000000000000, 9.071069597503624848, 2.500000631318421096 ) ) ;
#1002 = AXIS2_PLACEMENT_3D ( 'NONE', #2084, #1470, #3920 ) ;
#1003 = CARTESIAN_POINT ( 'NONE',  ( -14.35456761934211833, 11.06271862610278234, 19.58586039821046754 ) ) ;
#1004 = AXIS2_PLACEMENT_3D ( 'NONE', #882, #626, #2487 ) ;
#1005 = EDGE_CURVE ( 'NONE', #945, #1167, #2715, .T. ) ;
#1006 = ORIENTED_EDGE ( 'NONE', *, *, #2699, .F. ) ;
#1007 = CARTESIAN_POINT ( 'NONE',  ( 1.995606210307311112, 0.000000000000000000, -6.533632375821743388 ) ) ;
#1008 = CARTESIAN_POINT ( 'NONE',  ( -12.82250018756207766, 8.506399825196680808, 18.75137207698707797 ) ) ;
#1009 = EDGE_CURVE ( 'NONE', #1854, #2820, #656, .T. ) ;
#1010 = CARTESIAN_POINT ( 'NONE',  ( -11.92454489431086628, 2.761160038216491142, 15.65773245621747911 ) ) ;
#1011 = CARTESIAN_POINT ( 'NONE',  ( 2.204364238465235033E-15, 24.60000000000000142, -18.00000000000000000 ) ) ;
#1012 = ORIENTED_EDGE ( 'NONE', *, *, #3077, .T. ) ;
#1013 = FACE_OUTER_BOUND ( 'NONE', #1689, .T. ) ;
#1014 = CARTESIAN_POINT ( 'NONE',  ( -7.816237239034535378, 6.202754170240504905, 16.21512761292296645 ) ) ;
#1015 = CARTESIAN_POINT ( 'NONE',  ( -13.24087875266083714, 1.303725828040713353, 13.63800458314123176 ) ) ;
#1016 = CYLINDRICAL_SURFACE ( 'NONE', #2734, 5.000000000000000000 ) ;
#1017 = CARTESIAN_POINT ( 'NONE',  ( -17.17231547883734777, 6.481977403798013349, 18.18302358049090373 ) ) ;
#1018 = CARTESIAN_POINT ( 'NONE',  ( -15.49991690843946479, 0.4000000000000000222, 0.000000000000000000 ) ) ;
#1019 = CARTESIAN_POINT ( 'NONE',  ( -19.48254191158737214, 11.44164148403140224, 13.36874054839914372 ) ) ;
#1020 = EDGE_LOOP ( 'NONE', ( #3628, #1195, #1957, #3612, #409, #1366, #423, #3738, #2584, #1162, #3361, #99, #527, #2801 ) ) ;
#1021 = CARTESIAN_POINT ( 'NONE',  ( -4.539551615494857195, 0.3999999999999975797, 3.937106244215027750 ) ) ;
#1022 = CARTESIAN_POINT ( 'NONE',  ( -15.90986202271263394, 10.91740420806574896, 18.02484248636287134 ) ) ;
#1023 = CARTESIAN_POINT ( 'NONE',  ( -13.84728292591606191, 5.399999999999998579, 11.60856119679964849 ) ) ;
#1024 = ORIENTED_EDGE ( 'NONE', *, *, #1300, .T. ) ;
#1025 = EDGE_CURVE ( 'NONE', #3147, #3665, #3287, .T. ) ;
#1026 = DIRECTION ( 'NONE',  ( 0.000000000000000000, -1.000000000000000000, 0.000000000000000000 ) ) ;
#1027 = DIRECTION ( 'NONE',  ( -0.000000000000000000, 1.000000000000000000, 0.000000000000000000 ) ) ;
#1028 = ORIENTED_EDGE ( 'NONE', *, *, #3197, .T. ) ;
#1029 = ORIENTED_EDGE ( 'NONE', *, *, #599, .F. ) ;
#1030 = CARTESIAN_POINT ( 'NONE',  ( -14.01750512541951466, 1.301551040083580357, 12.82612763303241188 ) ) ;
#1031 = EDGE_CURVE ( 'NONE', #1485, #1283, #292, .T. ) ;
#1032 = DIRECTION ( 'NONE',  ( 0.000000000000000000, 0.000000000000000000, 1.000000000000000000 ) ) ;
#1033 = CARTESIAN_POINT ( 'NONE',  ( -14.01750512541951466, 1.301551040083580357, 12.82612763303241188 ) ) ;
#1034 = CARTESIAN_POINT ( 'NONE',  ( -19.51903103895230984, 11.96234782905636429, 13.30492770470407216 ) ) ;
#1035 = CARTESIAN_POINT ( 'NONE',  ( -12.21954741792983690, 2.899281912853491683, 15.58966895806784514 ) ) ;
#1036 = CARTESIAN_POINT ( 'NONE',  ( 0.000000000000000000, -53.74011537017761242, 19.00000000000000000 ) ) ;
#1037 = FACE_OUTER_BOUND ( 'NONE', #3499, .T. ) ;
#1038 = VERTEX_POINT ( 'NONE', #3466 ) ;
#1039 = CARTESIAN_POINT ( 'NONE',  ( -5.041145998447069232, 0.3999999999999975797, 2.812271801941681026 ) ) ;
#1040 = CARTESIAN_POINT ( 'NONE',  ( -5.147977020492325195, 6.873657936218545039, 18.28931956121239111 ) ) ;
#1041 = CARTESIAN_POINT ( 'NONE',  ( -13.98478840490918174, 9.149902959701721628, 19.08342100176545841 ) ) ;
#1042 = CYLINDRICAL_SURFACE ( 'NONE', #2224, 1.600000000000001865 ) ;
#1043 = EDGE_LOOP ( 'NONE', ( #3602, #2145 ) ) ;
#1044 = DIRECTION ( 'NONE',  ( 0.000000000000000000, 0.000000000000000000, 1.000000000000000000 ) ) ;
#1045 = CARTESIAN_POINT ( 'NONE',  ( 5.357042513691267160, 0.3999999999999975797, 1.627558495578288023 ) ) ;
#1046 = EDGE_LOOP ( 'NONE', ( #1029, #2194 ) ) ;
#1047 = ORIENTED_EDGE ( 'NONE', *, *, #258, .T. ) ;
#1048 = CARTESIAN_POINT ( 'NONE',  ( 3.018231912797951111, 0.000000000000000000, -5.841188869266970229 ) ) ;
#1049 = LINE ( 'NONE', #2283, #2044 ) ;
#1050 = CARTESIAN_POINT ( 'NONE',  ( 17.99305421544657690, 16.00000000000000000, 0.5000000000000002220 ) ) ;
#1051 = ADVANCED_FACE ( 'NONE', ( #1328 ), #3144, .F. ) ;
#1052 = CARTESIAN_POINT ( 'NONE',  ( -17.63615159518174380, 6.340670222013232937, 12.04271447092567549 ) ) ;
#1053 = VECTOR ( 'NONE', #1357, 1000.000000000000000 ) ;
#1054 = CARTESIAN_POINT ( 'NONE',  ( -19.59567288232283389, 14.20000795419255901, 13.52806510620523461 ) ) ;
#1055 = FACE_OUTER_BOUND ( 'NONE', #3332, .T. ) ;
#1056 = CIRCLE ( 'NONE', #1637, 5.000000000000000000 ) ;
#1057 = CARTESIAN_POINT ( 'NONE',  ( -19.37672595572640333, 10.78867145225808777, 13.26604430771463861 ) ) ;
#1058 = ORIENTED_EDGE ( 'NONE', *, *, #2023, .T. ) ;
#1059 = ORIENTED_EDGE ( 'NONE', *, *, #1649, .F. ) ;
#1060 = CARTESIAN_POINT ( 'NONE',  ( -14.30413164094736622, 2.359627067799061617, 12.51271918385401349 ) ) ;
#1061 = VECTOR ( 'NONE', #2803, 1000.000000000000000 ) ;
#1062 = CARTESIAN_POINT ( 'NONE',  ( -0.1926548192516875091, 0.3999999999999975797, -7.000574023972273352 ) ) ;
#1063 = CARTESIAN_POINT ( 'NONE',  ( -5.222155224670312457, 6.775848229603800732, 18.26825382346485327 ) ) ;
#1064 = CARTESIAN_POINT ( 'NONE',  ( -13.93736027223159191, 9.027007656335296559, 19.01856763650723892 ) ) ;
#1065 = DIRECTION ( 'NONE',  ( -0.000000000000000000, 1.000000000000000000, -0.000000000000000000 ) ) ;
#1066 = VECTOR ( 'NONE', #2668, 1000.000000000000000 ) ;
#1067 = CARTESIAN_POINT ( 'NONE',  ( 8.000000000000000000, 9.071069597503624848, 2.500000631318421096 ) ) ;
#1068 = AXIS2_PLACEMENT_3D ( 'NONE', #3064, #1165, #2997 ) ;
#1069 = CARTESIAN_POINT ( 'NONE',  ( 4.895465762364035633, 0.3999999999999975797, 3.200321336784469395 ) ) ;
#1070 = ORIENTED_EDGE ( 'NONE', *, *, #446, .T. ) ;
#1071 = CARTESIAN_POINT ( 'NONE',  ( 3.871803458559933020, 0.000000000000000000, 4.971425316501708380 ) ) ;
#1072 = CARTESIAN_POINT ( 'NONE',  ( -14.22596151159533484, 6.539030898019255744, 14.74345946767113880 ) ) ;
#1073 = CARTESIAN_POINT ( 'NONE',  ( -10.45976214448588060, 4.052161102660735814, 15.96718169565472145 ) ) ;
#1074 = CARTESIAN_POINT ( 'NONE',  ( -15.26874502559030944, 3.455458243620188608, 13.83666578592854179 ) ) ;
#1075 = DIRECTION ( 'NONE',  ( 0.000000000000000000, 0.000000000000000000, 1.000000000000000000 ) ) ;
#1076 = EDGE_CURVE ( 'NONE', #1533, #2493, #809, .T. ) ;
#1077 = CARTESIAN_POINT ( 'NONE',  ( -15.29505386401026357, 1.397533677346248115, 11.27225259602701435 ) ) ;
#1078 = CARTESIAN_POINT ( 'NONE',  ( -19.56081756793360071, 12.17779940022733953, 13.45855741319711463 ) ) ;
#1079 = ORIENTED_EDGE ( 'NONE', *, *, #2426, .F. ) ;
#1080 = FACE_OUTER_BOUND ( 'NONE', #2907, .T. ) ;
#1081 = ADVANCED_FACE ( 'NONE', ( #2531 ), #104, .T. ) ;
#1082 = CARTESIAN_POINT ( 'NONE',  ( -6.803644193254907435, 4.317448160042082428, 17.74015224780226063 ) ) ;
#1083 = CARTESIAN_POINT ( 'NONE',  ( 8.309156053706418757E-05, 0.4000000000000000222, -6.999999370062417903 ) ) ;
#1084 = CARTESIAN_POINT ( 'NONE',  ( 0.000000000000000000, 0.4000000000000000222, -9.500000000000000000 ) ) ;
#1085 = MANIFOLD_SOLID_BREP ( 'Cut-Extrude11', #1573 ) ;
#1086 = LINE ( 'NONE', #2635, #2462 ) ;
#1087 = CARTESIAN_POINT ( 'NONE',  ( -16.29790815556935257, 6.784652345185046229, 7.640914792586057658 ) ) ;
#1088 = CARTESIAN_POINT ( 'NONE',  ( -12.59219660554690634, 8.337559948677309762, 16.99807379922781436 ) ) ;
#1089 = ORIENTED_EDGE ( 'NONE', *, *, #2849, .F. ) ;
#1090 = ORIENTED_EDGE ( 'NONE', *, *, #2121, .F. ) ;
#1091 = CARTESIAN_POINT ( 'NONE',  ( -12.92816095189394332, 9.067661648030831856, 18.93611848301777201 ) ) ;
#1092 = CARTESIAN_POINT ( 'NONE',  ( -12.94825287287775240, 6.947703854724140982, 16.10133659006217854 ) ) ;
#1093 = CARTESIAN_POINT ( 'NONE',  ( 5.471179013169685135, 0.000000000000000000, -0.8202718517362281858 ) ) ;
#1094 = CARTESIAN_POINT ( 'NONE',  ( -17.68827068996954566, 4.125217797124274277, 6.937224479126899546 ) ) ;
#1095 = LINE ( 'NONE', #2682, #2468 ) ;
#1096 = ORIENTED_EDGE ( 'NONE', *, *, #2196, .T. ) ;
#1097 = CARTESIAN_POINT ( 'NONE',  ( -16.94875614711945744, 7.410726193166865094, 9.290901956500704273 ) ) ;
#1098 = CARTESIAN_POINT ( 'NONE',  ( -3.162118205461780907, 0.000000000000000000, -5.715654696622435971 ) ) ;
#1099 = CARTESIAN_POINT ( 'NONE',  ( 0.000000000000000000, 16.00000000000000000, 0.000000000000000000 ) ) ;
#1100 = CARTESIAN_POINT ( 'NONE',  ( -12.94574472235839835, 10.89707299784518035, 17.86763248062940690 ) ) ;
#1101 = CARTESIAN_POINT ( 'NONE',  ( -17.86763093707703121, 10.89706200434812722, 12.94574360306213201 ) ) ;
#1102 = EDGE_CURVE ( 'NONE', #195, #3349, #3885, .T. ) ;
#1103 = FACE_BOUND ( 'NONE', #447, .T. ) ;
#1104 = DIRECTION ( 'NONE',  ( -0.000000000000000000, 1.000000000000000000, -0.000000000000000000 ) ) ;
#1105 = CARTESIAN_POINT ( 'NONE',  ( -16.51735414388986456, 10.53453510789650416, 7.153816722830833363 ) ) ;
#1106 = ORIENTED_EDGE ( 'NONE', *, *, #1606, .F. ) ;
#1107 = EDGE_CURVE ( 'NONE', #2820, #1772, #2920, .T. ) ;
#1108 = CARTESIAN_POINT ( 'NONE',  ( -10.45062187868007619, 2.659623476556308042, 14.65696157049573678 ) ) ;
#1109 = CARTESIAN_POINT ( 'NONE',  ( -18.80160941191012469, 14.20000795419255546, 2.738518490347028767 ) ) ;
#1110 = CARTESIAN_POINT ( 'NONE',  ( -5.890453945404922287, 5.729588585063791761, 18.06420190255558467 ) ) ;
#1111 = CARTESIAN_POINT ( 'NONE',  ( -17.36135495916631299, 6.370291702122831801, 15.34430486085736689 ) ) ;
#1112 = CARTESIAN_POINT ( 'NONE',  ( 5.271493858025267265, 0.000000000000000000, 2.026756045459324973 ) ) ;
#1113 = DIRECTION ( 'NONE',  ( 0.000000000000000000, 0.000000000000000000, 1.000000000000000000 ) ) ;
#1114 = CARTESIAN_POINT ( 'NONE',  ( -15.03237011332464945, 10.83364296204933730, 20.11224744074798210 ) ) ;
#1115 = ORIENTED_EDGE ( 'NONE', *, *, #117, .T. ) ;
#1116 = ORIENTED_EDGE ( 'NONE', *, *, #1025, .F. ) ;
#1117 = CARTESIAN_POINT ( 'NONE',  ( -14.73980235835189490, 1.307368908916479278, 12.00372215230820139 ) ) ;
#1118 = CARTESIAN_POINT ( 'NONE',  ( -3.005071060919619619, 0.3999999999999975797, -5.852256862770428114 ) ) ;
#1119 = CARTESIAN_POINT ( 'NONE',  ( -14.96796740722335350, 11.08365289709020374, 18.57592548711944858 ) ) ;
#1120 = CIRCLE ( 'NONE', #1380, 18.00000000000000000 ) ;
#1121 = CARTESIAN_POINT ( 'NONE',  ( -13.68067317423873064, 6.519153423993062191, 15.22887042997394680 ) ) ;
#1122 = CARTESIAN_POINT ( 'NONE',  ( -19.58624654695280043, 11.08361119420856333, 14.35489795463836771 ) ) ;
#1123 = CARTESIAN_POINT ( 'NONE',  ( -15.49991690843946479, -53.74011537017761242, -10.98874769168317833 ) ) ;
#1124 = CARTESIAN_POINT ( 'NONE',  ( -0.2073318870324256658, 0.000000000000000000, 7.000000000000001776 ) ) ;
#1125 = EDGE_CURVE ( 'NONE', #3780, #2637, #3184, .T. ) ;
#1126 = CARTESIAN_POINT ( 'NONE',  ( -17.23464402080889002, 8.836116311267948831, 12.63364378720377168 ) ) ;
#1127 = VECTOR ( 'NONE', #2351, 1000.000000000000000 ) ;
#1128 = AXIS2_PLACEMENT_3D ( 'NONE', #972, #1638, #992 ) ;
#1129 = CARTESIAN_POINT ( 'NONE',  ( -18.79366090203450668, 12.94163085202531072, 2.792547870549217937 ) ) ;
#1130 = CARTESIAN_POINT ( 'NONE',  ( -9.096205450759750732, 8.317725329519182864, 17.12342499099596438 ) ) ;
#1131 = EDGE_CURVE ( 'NONE', #885, #2210, #3323, .T. ) ;
#1132 = AXIS2_PLACEMENT_3D ( 'NONE', #601, #335, #34 ) ;
#1133 = CARTESIAN_POINT ( 'NONE',  ( 4.974937185533099715, 15.60000000000000142, -0.5000000000000002220 ) ) ;
#1134 = CARTESIAN_POINT ( 'NONE',  ( 4.343020583504177523, 0.000000000000000000, 4.297004004421830281 ) ) ;
#1135 = MANIFOLD_SOLID_BREP ( 'Cut-Extrude8', #2525 ) ;
#1136 = CARTESIAN_POINT ( 'NONE',  ( -12.82612763325416516, 1.301551040084746091, 14.01750512521660852 ) ) ;
#1137 = CARTESIAN_POINT ( 'NONE',  ( -15.63380020804732951, 1.475857868732819211, 10.80675546924874553 ) ) ;
#1138 = CARTESIAN_POINT ( 'NONE',  ( -13.08624425111899825, 10.02945824673052044, 19.19557762640894438 ) ) ;
#1139 = VERTEX_POINT ( 'NONE', #2447 ) ;
#1140 = CARTESIAN_POINT ( 'NONE',  ( -17.38443598737537954, 9.592709924441239266, 8.794905902188032698 ) ) ;
#1141 = ORIENTED_EDGE ( 'NONE', *, *, #145, .F. ) ;
#1142 = FACE_BOUND ( 'NONE', #3798, .T. ) ;
#1143 = CARTESIAN_POINT ( 'NONE',  ( -15.77751944386958094, 7.678889766364184410, 17.94678982671270973 ) ) ;
#1144 = DIRECTION ( 'NONE',  ( 0.000000000000000000, 0.000000000000000000, -1.000000000000000000 ) ) ;
#1145 = CARTESIAN_POINT ( 'NONE',  ( -1.603745922614672192, 0.000000000000000000, 6.695181370814618838 ) ) ;
#1146 = CARTESIAN_POINT ( 'NONE',  ( -8.229619829855600699, 13.94159554874554452, 17.99585239890366850 ) ) ;
#1147 = ORIENTED_EDGE ( 'NONE', *, *, #1107, .F. ) ;
#1148 = CARTESIAN_POINT ( 'NONE',  ( -8.913032156916251836, 4.077787183829007844, 15.64200658099730212 ) ) ;
#1149 = EDGE_CURVE ( 'NONE', #2716, #3067, #1447, .T. ) ;
#1150 = CARTESIAN_POINT ( 'NONE',  ( -9.613111555901994620, 6.157701701561919982, 16.66632509302418796 ) ) ;
#1151 = B_SPLINE_CURVE_WITH_KNOTS ( 'NONE', 3,
 ( #1136, #2365, #1585, #1231, #889, #906 ),
 .UNSPECIFIED., .F., .F.,
 ( 4, 2, 4 ),
 ( 0.000000000000000000, 0.5000000000000002220, 1.000000000000000000 ),
 .UNSPECIFIED. ) ;
#1152 = EDGE_CURVE ( 'NONE', #1167, #1757, #3083, .T. ) ;
#1153 = DIRECTION ( 'NONE',  ( 1.776356839400250465E-15, 0.000000000000000000, 1.000000000000000000 ) ) ;
#1154 = CARTESIAN_POINT ( 'NONE',  ( -15.88316253016046353, 3.601578713587438418, 12.62831131140174179 ) ) ;
#1155 = ORIENTED_EDGE ( 'NONE', *, *, #213, .F. ) ;
#1156 = CARTESIAN_POINT ( 'NONE',  ( -17.79096854985735021, 6.219584040385324641, 12.52211047016337631 ) ) ;
#1157 = CARTESIAN_POINT ( 'NONE',  ( -3.609765226649967573, 0.000000000000000000, 5.283232333131501868 ) ) ;
#1158 = CARTESIAN_POINT ( 'NONE',  ( -10.46475680503417394, 1.570143597179755046, 15.85981408931888836 ) ) ;
#1159 = CARTESIAN_POINT ( 'NONE',  ( -19.57886379488094875, 10.89758331545331949, 14.34909243606753826 ) ) ;
#1160 = B_SPLINE_CURVE_WITH_KNOTS ( 'NONE', 3,
 ( #2622, #800, #460, #3247, #2924, #442, #1662, #3847, #502, #152, #3829, #2285, #2600, #3510, #3530, #1092, #1355, #780, #2580, #2322 ),
 .UNSPECIFIED., .F., .F.,
 ( 4, 2, 2, 2, 2, 2, 2, 2, 2, 4 ),
 ( 0.000000000000000000, 0.0003764492012433294011, 0.0007528984024866588022, 0.001505796804973316954, 0.002258695207459975214, 0.003011593609946633474, 0.003764492012433291301, 0.004517390414919949561, 0.005270288817406607387, 0.006023187219893265214 ),
 .UNSPECIFIED. ) ;
#1161 = DIRECTION ( 'NONE',  ( -0.000000000000000000, 1.000000000000000000, -0.000000000000000000 ) ) ;
#1162 = ORIENTED_EDGE ( 'NONE', *, *, #2448, .T. ) ;
#1163 = CARTESIAN_POINT ( 'NONE',  ( 1.409910056873257655, 0.000000000000000000, 6.766730178533169493 ) ) ;
#1164 = CARTESIAN_POINT ( 'NONE',  ( -1.600300296026362146, 0.000000000000000000, -6.711585498657679061 ) ) ;
#1165 = DIRECTION ( 'NONE',  ( 0.6715050838402887301, 0.02200987912007289216, 0.7406729964010883016 ) ) ;
#1166 = CARTESIAN_POINT ( 'NONE',  ( 0.000000000000000000, 24.60000000000000142, 0.000000000000000000 ) ) ;
#1167 = VERTEX_POINT ( 'NONE', #1248 ) ;
#1168 = CARTESIAN_POINT ( 'NONE',  ( -12.63407343731162058, 7.713743039193701634, 16.66075636269284743 ) ) ;
#1169 = SURFACE_STYLE_FILL_AREA ( #1839 ) ;
#1170 = DIRECTION ( 'NONE',  ( 0.000000000000000000, 0.000000000000000000, 1.000000000000000000 ) ) ;
#1171 = EDGE_CURVE ( 'NONE', #2092, #694, #1413, .T. ) ;
#1172 = CARTESIAN_POINT ( 'NONE',  ( -17.89623364242539694, 13.40000000000000036, 12.96814841693961107 ) ) ;
#1173 = CARTESIAN_POINT ( 'NONE',  ( -4.224985372232108460, 0.000000000000000000, 4.465888069864984544 ) ) ;
#1174 = ORIENTED_EDGE ( 'NONE', *, *, #3385, .F. ) ;
#1175 = CARTESIAN_POINT ( 'NONE',  ( -10.29147718866551742, 1.623275984591360244, 15.97267075784862911 ) ) ;
#1176 = CARTESIAN_POINT ( 'NONE',  ( -12.44507006329289567, 4.771762400046979380, 16.90306731084978864 ) ) ;
#1177 = CIRCLE ( 'NONE', #3613, 2.500000631318421096 ) ;
#1178 = DIRECTION ( 'NONE',  ( 0.000000000000000000, 1.000000000000000000, 1.236370898448382137E-16 ) ) ;
#1179 = ORIENTED_EDGE ( 'NONE', *, *, #3072, .F. ) ;
#1180 = CARTESIAN_POINT ( 'NONE',  ( -13.40191435810574738, 2.944293296568997409, 14.65529223944116488 ) ) ;
#1181 = VECTOR ( 'NONE', #706, 1000.000000000000000 ) ;
#1182 = CARTESIAN_POINT ( 'NONE',  ( -2.750186571082757769, 13.61577139054790386, 18.79990669064059361 ) ) ;
#1183 = ORIENTED_EDGE ( 'NONE', *, *, #1524, .F. ) ;
#1184 = COLOUR_RGB ( '',0.7921568627450980005, 0.8196078431372548767, 0.9333333333333333481 ) ;
#1185 = CARTESIAN_POINT ( 'NONE',  ( -12.88796470680999029, 10.26197947428372714, 17.77189560031166593 ) ) ;
#1186 =( LENGTH_UNIT ( ) NAMED_UNIT ( * ) SI_UNIT ( .MILLI., .METRE. ) );
#1187 = CARTESIAN_POINT ( 'NONE',  ( -14.80960945682348573, 5.400000000005487522, 10.33737854712901161 ) ) ;
#1188 = CIRCLE ( 'NONE', #2540, 19.00000000000000000 ) ;
#1189 = DIRECTION ( 'NONE',  ( 0.000000000000000000, 0.000000000000000000, 1.000000000000000000 ) ) ;
#1190 = ORIENTED_EDGE ( 'NONE', *, *, #931, .F. ) ;
#1191 = DIRECTION ( 'NONE',  ( -0.000000000000000000, 1.000000000000000000, -0.000000000000000000 ) ) ;
#1192 = AXIS2_PLACEMENT_3D ( 'NONE', #2903, #1376, #2305 ) ;
#1193 = ADVANCED_FACE ( 'NONE', ( #1999 ), #198, .F. ) ;
#1194 = CARTESIAN_POINT ( 'NONE',  ( -3.873965609264074406, 0.3999999999999975797, 4.968433955008288549 ) ) ;
#1195 = ORIENTED_EDGE ( 'NONE', *, *, #495, .F. ) ;
#1196 = CARTESIAN_POINT ( 'NONE',  ( -10.72790426953680765, 1.502203662703940346, 15.68194118939746495 ) ) ;
#1197 = CARTESIAN_POINT ( 'NONE',  ( 8.000000000000000000, 9.071069597503624848, -2.500000631318421096 ) ) ;
#1198 = CARTESIAN_POINT ( 'NONE',  ( -18.42113320519365871, 7.695861699945781176, 4.654229602897475893 ) ) ;
#1199 = CARTESIAN_POINT ( 'NONE',  ( -16.47677469874923872, 6.389741629302633896, 12.08352017811374779 ) ) ;
#1200 = EDGE_LOOP ( 'NONE', ( #1012, #3159 ) ) ;
#1201 = CARTESIAN_POINT ( 'NONE',  ( 4.974937185533099715, 25.60000000000000142, -0.5000000000000014433 ) ) ;
#1202 = ADVANCED_FACE ( 'NONE', ( #2253 ), #1361, .F. ) ;
#1203 = CARTESIAN_POINT ( 'NONE',  ( 0.000000000000000000, 0.000000000000000000, 0.000000000000000000 ) ) ;
#1204 = CARTESIAN_POINT ( 'NONE',  ( -17.82127551885507799, 10.47277229855074054, 12.91924093942873775 ) ) ;
#1205 = CARTESIAN_POINT ( 'NONE',  ( 0.01223531239253568791, 0.000000000000000000, -6.999982333181954175 ) ) ;
#1206 = CARTESIAN_POINT ( 'NONE',  ( -2.740027916694502075, 13.97531301075794730, 18.80138951709531270 ) ) ;
#1207 = ORIENTED_EDGE ( 'NONE', *, *, #3221, .F. ) ;
#1208 = CARTESIAN_POINT ( 'NONE',  ( -7.170393004710443385, 9.987702392600329659, 16.51016492269137004 ) ) ;
#1209 = CARTESIAN_POINT ( 'NONE',  ( 1.409910056873257655, 0.000000000000000000, 6.766730178533169493 ) ) ;
#1210 = CARTESIAN_POINT ( 'NONE',  ( -13.92670583192103884, 5.289342704901392800, 11.43274191338597490 ) ) ;
#1211 = DIRECTION ( 'NONE',  ( 0.000000000000000000, 1.000000000000000000, -0.000000000000000000 ) ) ;
#1212 = LINE ( 'NONE', #908, #3192 ) ;
#1213 = CARTESIAN_POINT ( 'NONE',  ( -2.691796311744655945, 0.3999999999999975797, 6.111063159519178001 ) ) ;
#1214 = ORIENTED_EDGE ( 'NONE', *, *, #1655, .F. ) ;
#1215 = CARTESIAN_POINT ( 'NONE',  ( -18.80159016816253725, 14.20000000000000107, 2.738650607225000311 ) ) ;
#1216 = CARTESIAN_POINT ( 'NONE',  ( -18.42178297196212000, 7.699813624976428628, 4.651657112675259498 ) ) ;
#1217 = CARTESIAN_POINT ( 'NONE',  ( -16.63509574659075696, 8.881192612953988430, 12.05281231857741808 ) ) ;
#1218 = EDGE_LOOP ( 'NONE', ( #323, #3881, #1883, #3337 ) ) ;
#1219 = CARTESIAN_POINT ( 'NONE',  ( -8.000000000000000000, 9.071069597503624848, 0.000000000000000000 ) ) ;
#1220 = DIRECTION ( 'NONE',  ( 1.000000000000000000, 0.000000000000000000, 0.000000000000000000 ) ) ;
#1221 = CARTESIAN_POINT ( 'NONE',  ( -13.52803345729733486, 14.20000000000000107, 19.59566338380722073 ) ) ;
#1222 = CARTESIAN_POINT ( 'NONE',  ( -13.51770052879448869, 13.07645896023124621, 19.59254251045428674 ) ) ;
#1223 = EDGE_CURVE ( 'NONE', #3772, #861, #3485, .T. ) ;
#1224 = VERTEX_POINT ( 'NONE', #1810 ) ;
#1225 = CARTESIAN_POINT ( 'NONE',  ( -12.85335401700507063, 10.07552034170873334, 17.71560098069027589 ) ) ;
#1226 = FACE_BOUND ( 'NONE', #3411, .T. ) ;
#1227 = EDGE_CURVE ( 'NONE', #228, #1772, #3707, .T. ) ;
#1228 = CARTESIAN_POINT ( 'NONE',  ( -14.65529223944120041, 2.944293296568997853, 13.40191435810570475 ) ) ;
#1229 = CARTESIAN_POINT ( 'NONE',  ( -15.38245964171438906, 3.566681914137027398, 9.349254696595410863 ) ) ;
#1230 = DIRECTION ( 'NONE',  ( -0.000000000000000000, -1.000000000000000000, -0.000000000000000000 ) ) ;
#1231 = CARTESIAN_POINT ( 'NONE',  ( -13.07727918607211137, 2.513172007166154742, 14.29826744401606398 ) ) ;
#1232 = CARTESIAN_POINT ( 'NONE',  ( -12.62992278300759352, 7.145032907961778257, 18.23320485898887711 ) ) ;
#1233 = VERTEX_POINT ( 'NONE', #282 ) ;
#1234 = CARTESIAN_POINT ( 'NONE',  ( -13.40191435810572251, 2.944293296568975205, 14.65529223944113824 ) ) ;
#1235 = CARTESIAN_POINT ( 'NONE',  ( -1.981032612738087062, 0.3999999999999975797, 6.527128929508222654 ) ) ;
#1236 = ORIENTED_EDGE ( 'NONE', *, *, #2359, .F. ) ;
#1237 = LINE ( 'NONE', #2784, #3126 ) ;
#1238 = CARTESIAN_POINT ( 'NONE',  ( -18.26476573882177235, 6.736200004726573098, 5.234344030826467709 ) ) ;
#1239 = CARTESIAN_POINT ( 'NONE',  ( -17.86063744661641906, 10.85229171830639672, 12.94067260760585469 ) ) ;
#1240 = ORIENTED_EDGE ( 'NONE', *, *, #858, .F. ) ;
#1241 = FACE_BOUND ( 'NONE', #3734, .T. ) ;
#1242 = B_SPLINE_CURVE_WITH_KNOTS ( 'NONE', 3,
 ( #3076, #1814, #3314, #269 ),
 .UNSPECIFIED., .F., .F.,
 ( 4, 4 ),
 ( 0.000000000000000000, 0.001761154234295388447 ),
 .UNSPECIFIED. ) ;
#1243 = CARTESIAN_POINT ( 'NONE',  ( -12.95500603155974062, 11.08239705083599347, 17.88038584359044592 ) ) ;
#1244 = ORIENTED_EDGE ( 'NONE', *, *, #2974, .T. ) ;
#1245 = CIRCLE ( 'NONE', #1896, 2.500000631318421096 ) ;
#1246 = EDGE_CURVE ( 'NONE', #3935, #209, #3107, .T. ) ;
#1247 = CARTESIAN_POINT ( 'NONE',  ( 5.499999988029112608, 0.3999999999999975797, -0.001890216670786395515 ) ) ;
#1248 = CARTESIAN_POINT ( 'NONE',  ( 0.000000000000000000, 2.000000000000000000, -11.09999999999999964 ) ) ;
#1249 = DIRECTION ( 'NONE',  ( 0.000000000000000000, -1.000000000000000000, 1.236370898448382137E-16 ) ) ;
#1250 = AXIS2_PLACEMENT_3D ( 'NONE', #3054, #307, #2769 ) ;
#1251 = CARTESIAN_POINT ( 'NONE',  ( -2.679296832099068659, 0.3999999999999975797, -6.104889903365974035 ) ) ;
#1252 = FACE_OUTER_BOUND ( 'NONE', #1020, .T. ) ;
#1253 = CARTESIAN_POINT ( 'NONE',  ( -8.000000000000000000, 2.000000000000000000, -2.500000631318421096 ) ) ;
#1254 = DIRECTION ( 'NONE',  ( 0.000000000000000000, 0.000000000000000000, 1.000000000000000000 ) ) ;
#1255 = VECTOR ( 'NONE', #3818, 1000.000000000000000 ) ;
#1256 = ADVANCED_FACE ( 'NONE', ( #1770, #1584, #547, #3309 ), #2369, .T. ) ;
#1257 = AXIS2_PLACEMENT_3D ( 'NONE', #3426, #414, #3148 ) ;
#1258 = CIRCLE ( 'NONE', #3758, 2.500000631318421540 ) ;
#1259 = CARTESIAN_POINT ( 'NONE',  ( -19.14265505379290389, 9.819438234670784027, 13.04760930230496108 ) ) ;
#1260 = CARTESIAN_POINT ( 'NONE',  ( -19.59266724984272301, 13.30116363173365102, 13.51809741802062703 ) ) ;
#1261 = VERTEX_POINT ( 'NONE', #3573 ) ;
#1262 = CARTESIAN_POINT ( 'NONE',  ( -1.237604307034019469, 15.60000000000000142, -6.303691262898045267 ) ) ;
#1263 = CARTESIAN_POINT ( 'NONE',  ( -18.14121706797365974, 6.047086887638783104, 5.648282453410130799 ) ) ;
#1264 = CARTESIAN_POINT ( 'NONE',  ( -16.19350123622007587, 8.492016222439051631, 11.73292499409175882 ) ) ;
#1265 = VERTEX_POINT ( 'NONE', #2401 ) ;
#1266 = CIRCLE ( 'NONE', #500, 1.600000000000000755 ) ;
#1267 = DIRECTION ( 'NONE',  ( 0.000000000000000000, 0.000000000000000000, -1.000000000000000000 ) ) ;
#1268 = DIRECTION ( 'NONE',  ( 0.000000000000000000, -0.000000000000000000, -1.000000000000000000 ) ) ;
#1269 = CARTESIAN_POINT ( 'NONE',  ( -14.31962394826070373, 10.52784697416594817, 19.53953829100083084 ) ) ;
#1270 = EDGE_LOOP ( 'NONE', ( #1872, #2111, #2450, #603 ) ) ;
#1271 = DIRECTION ( 'NONE',  ( 0.000000000000000000, 1.000000000000000000, 0.000000000000000000 ) ) ;
#1272 = CARTESIAN_POINT ( 'NONE',  ( -12.60503320625022106, 6.939465653307872017, 18.13737098529154324 ) ) ;
#1273 = CARTESIAN_POINT ( 'NONE',  ( -17.84864187010904146, 9.851194523085020194, 15.74670933391035454 ) ) ;
#1274 = CARTESIAN_POINT ( 'NONE',  ( -16.89900959843653538, 12.81287012062663244, 18.45632946089083859 ) ) ;
#1275 = CARTESIAN_POINT ( 'NONE',  ( -13.51313245890026948, 12.85174544759923343, 19.59114900168102125 ) ) ;
#1276 = CARTESIAN_POINT ( 'NONE',  ( -1.237604307034019469, 25.60000000000000142, -7.903691262898044911 ) ) ;
#1277 = CARTESIAN_POINT ( 'NONE',  ( -12.96814841693966791, 13.40000000000000036, 17.89623364242535786 ) ) ;
#1278 = EDGE_CURVE ( 'NONE', #730, #1233, #859, .T. ) ;
#1279 = CARTESIAN_POINT ( 'NONE',  ( -18.30546927754061315, 8.773783394013074499, 16.04976193255464523 ) ) ;
#1280 = CARTESIAN_POINT ( 'NONE',  ( -15.91527329017342751, 11.08299533836159334, 18.02585220678085420 ) ) ;
#1281 = DIRECTION ( 'NONE',  ( 0.000000000000000000, 1.000000000000000000, 0.000000000000000000 ) ) ;
#1282 = DIRECTION ( 'NONE',  ( -0.000000000000000000, -1.000000000000000000, -0.000000000000000000 ) ) ;
#1283 = VERTEX_POINT ( 'NONE', #2061 ) ;
#1284 = CARTESIAN_POINT ( 'NONE',  ( 0.000000000000000000, 0.000000000000000000, -9.500000000000000000 ) ) ;
#1285 = CARTESIAN_POINT ( 'NONE',  ( -12.95498846297988571, 11.07631198197194600, 17.88036273756494765 ) ) ;
#1286 = ORIENTED_EDGE ( 'NONE', *, *, #2549, .T. ) ;
#1287 = CARTESIAN_POINT ( 'NONE',  ( 3.605298225344404361, 0.3999999999999975797, -5.272029189298429230 ) ) ;
#1288 = CARTESIAN_POINT ( 'NONE',  ( -13.19218974381547760, 10.35591898208735984, 19.28989107276159842 ) ) ;
#1289 = CARTESIAN_POINT ( 'NONE',  ( -13.36847869000127353, 2.904721646578143357, 14.60812002681128163 ) ) ;
#1290 = ORIENTED_EDGE ( 'NONE', *, *, #1304, .F. ) ;
#1291 = CARTESIAN_POINT ( 'NONE',  ( -16.22569824548225625, 7.093078228392507789, 12.86172324659955990 ) ) ;
#1292 = DIRECTION ( 'NONE',  ( 0.000000000000000000, -0.000000000000000000, 1.000000000000000000 ) ) ;
#1293 = CARTESIAN_POINT ( 'NONE',  ( 0.000000000000000000, 0.4000000000000000222, -9.500000000000000000 ) ) ;
#1294 = DIRECTION ( 'NONE',  ( 0.000000000000000000, 0.000000000000000000, -1.000000000000000000 ) ) ;
#1295 = B_SPLINE_CURVE_WITH_KNOTS ( 'NONE', 3,
 ( #661, #2211, #722, #1916, #1895, #1039, #2523, #2870, #1021, #2195, #1938, #3140, #2566, #1595, #1954, #3196, #3416, #3754, #448, #3792, #2272, #1668, #743, #2832 ),
 .UNSPECIFIED., .F., .F.,
 ( 4, 2, 2, 2, 2, 2, 2, 2, 2, 2, 2, 4 ),
 ( 0.7500472925508195887, 0.7812499999999992228, 0.8124999999999992228, 0.8437499999999992228, 0.8593749999999993339, 0.8749999999999993339, 0.9062499999999995559, 0.9374999999999996669, 0.9531249999999996669, 0.9687499999999997780, 0.9843749999999997780, 1.000000000000000000 ),
 .UNSPECIFIED. ) ;
#1296 = CARTESIAN_POINT ( 'NONE',  ( -13.40191435810581488, 2.944293296568942342, 14.65529223944099613 ) ) ;
#1297 = CARTESIAN_POINT ( 'NONE',  ( 2.204364238465235033E-15, 16.00000000000000000, -18.00000000000000000 ) ) ;
#1298 = CARTESIAN_POINT ( 'NONE',  ( -17.28293901615879236, 12.79229369460241195, 18.07240004316858162 ) ) ;
#1299 = CARTESIAN_POINT ( 'NONE',  ( 0.000000000000000000, 14.20000000000000107, 0.000000000000000000 ) ) ;
#1300 = EDGE_CURVE ( 'NONE', #394, #1579, #2379, .T. ) ;
#1301 = CARTESIAN_POINT ( 'NONE',  ( -19.58929994994545964, 12.68735126478716424, 13.50375494536877241 ) ) ;
#1302 = ORIENTED_EDGE ( 'NONE', *, *, #3736, .F. ) ;
#1303 = CARTESIAN_POINT ( 'NONE',  ( -16.08012712168837055, 11.08364215356576388, 9.228289469645947207 ) ) ;
#1304 = EDGE_CURVE ( 'NONE', #43, #1953, #1909, .T. ) ;
#1305 = CARTESIAN_POINT ( 'NONE',  ( -15.91469459188494362, 11.05185052908420218, 18.02622006512983077 ) ) ;
#1306 = VERTEX_POINT ( 'NONE', #1462 ) ;
#1307 = CARTESIAN_POINT ( 'NONE',  ( 5.212435780217543169, 0.000000000000000000, -2.228843264896993137 ) ) ;
#1308 = CARTESIAN_POINT ( 'NONE',  ( -12.79408110529089981, 8.331493916224653518, 18.69115209373899233 ) ) ;
#1309 = CARTESIAN_POINT ( 'NONE',  ( -14.26125065998174613, 4.093911357178852128, 15.86409398294071060 ) ) ;
#1310 = AXIS2_PLACEMENT_3D ( 'NONE', #3182, #1675, #2893 ) ;
#1311 = CARTESIAN_POINT ( 'NONE',  ( -8.000000000000000000, 0.4000000000000000222, 0.000000000000000000 ) ) ;
#1312 = CIRCLE ( 'NONE', #3301, 2.999999999999999112 ) ;
#1313 = DIRECTION ( 'NONE',  ( 0.000000000000000000, 1.000000000000000000, 0.000000000000000000 ) ) ;
#1314 = CARTESIAN_POINT ( 'NONE',  ( -4.630697955365918439, 7.589130210396239029, 18.42877281061136330 ) ) ;
#1315 = FACE_OUTER_BOUND ( 'NONE', #549, .T. ) ;
#1316 = CARTESIAN_POINT ( 'NONE',  ( -16.17298744968841362, 6.453350726446925201, 19.18235160963894259 ) ) ;
#1317 = CARTESIAN_POINT ( 'NONE',  ( -13.49991690843946301, 0.000000000000000000, 5.751406069778051133 ) ) ;
#1318 = AXIS2_PLACEMENT_3D ( 'NONE', #91, #2185, #3724 ) ;
#1319 = AXIS2_PLACEMENT_3D ( 'NONE', #1632, #2855, #3702 ) ;
#1320 = CARTESIAN_POINT ( 'NONE',  ( -19.19232200966313329, 9.980058675464551499, 13.10230408812840786 ) ) ;
#1321 = ORIENTED_EDGE ( 'NONE', *, *, #2775, .T. ) ;
#1322 = CARTESIAN_POINT ( 'NONE',  ( -16.36516635968970235, 11.08364215356579763, 10.80722249713636529 ) ) ;
#1323 = AXIS2_PLACEMENT_3D ( 'NONE', #3302, #562, #541 ) ;
#1324 = AXIS2_PLACEMENT_3D ( 'NONE', #1528, #642, #1831 ) ;
#1325 = ORIENTED_EDGE ( 'NONE', *, *, #1031, .F. ) ;
#1326 = EDGE_CURVE ( 'NONE', #3494, #8, #3945, .T. ) ;
#1327 = DIRECTION ( 'NONE',  ( 0.000000000000000000, 1.000000000000000000, -0.000000000000000000 ) ) ;
#1328 = FACE_OUTER_BOUND ( 'NONE', #1962, .T. ) ;
#1329 = CARTESIAN_POINT ( 'NONE',  ( 8.000000000000000000, 9.071069597503624848, -1.600000000000001865 ) ) ;
#1330 = ORIENTED_EDGE ( 'NONE', *, *, #1724, .F. ) ;
#1331 = ORIENTED_EDGE ( 'NONE', *, *, #3905, .F. ) ;
#1332 = DIRECTION ( 'NONE',  ( 0.000000000000000000, 0.000000000000000000, 1.000000000000000000 ) ) ;
#1333 = CARTESIAN_POINT ( 'NONE',  ( -7.149811898413715561, 10.08921918506185555, 16.51908562291848526 ) ) ;
#1334 = LINE ( 'NONE', #3745, #2922 ) ;
#1335 = CARTESIAN_POINT ( 'NONE',  ( -19.52111796055145376, 12.85174544760032056, 13.31035013001515921 ) ) ;
#1336 = CARTESIAN_POINT ( 'NONE',  ( -19.18233274117216780, 6.453351461887587348, 16.17300631815520973 ) ) ;
#1337 = DIRECTION ( 'NONE',  ( 0.000000000000000000, 1.000000000000000000, 0.000000000000000000 ) ) ;
#1338 = CARTESIAN_POINT ( 'NONE',  ( -19.53794802075193715, 11.91934159393020032, 13.43005123545735913 ) ) ;
#1339 = EDGE_LOOP ( 'NONE', ( #3536, #707 ) ) ;
#1340 = CARTESIAN_POINT ( 'NONE',  ( 8.000000000000000000, 0.000000000000000000, 1.600000000000001865 ) ) ;
#1341 = CARTESIAN_POINT ( 'NONE',  ( -8.784730468023866479, 2.356473946438773837, 16.84784256127544566 ) ) ;
#1342 = CARTESIAN_POINT ( 'NONE',  ( -15.82054655534595788, 10.17640917016659508, 17.93441394486445617 ) ) ;
#1343 = CARTESIAN_POINT ( 'NONE',  ( -17.98434718328606863, 10.45695751367448167, 15.86619243682694069 ) ) ;
#1344 = ORIENTED_EDGE ( 'NONE', *, *, #2480, .T. ) ;
#1345 = LINE ( 'NONE', #1716, #740 ) ;
#1346 = EDGE_CURVE ( 'NONE', #3772, #3665, #1790, .T. ) ;
#1347 = CARTESIAN_POINT ( 'NONE',  ( 4.546278825904494170, 0.3999999999999975797, 3.941971037926625065 ) ) ;
#1348 = ORIENTED_EDGE ( 'NONE', *, *, #3022, .F. ) ;
#1349 = ORIENTED_EDGE ( 'NONE', *, *, #194, .T. ) ;
#1350 = CARTESIAN_POINT ( 'NONE',  ( 5.041396748983368425, 0.000000000000000000, 2.811908068815244910 ) ) ;
#1351 = CARTESIAN_POINT ( 'NONE',  ( -7.536406737533773104, 7.146554947715760164, 16.34706400448418862 ) ) ;
#1352 = CARTESIAN_POINT ( 'NONE',  ( -9.135870759084093962, 14.20000000000000107, 21.10772051817325590 ) ) ;
#1353 = ADVANCED_FACE ( 'NONE', ( #2971, #1142 ), #231, .T. ) ;
#1354 = LINE ( 'NONE', #1397, #238 ) ;
#1355 = CARTESIAN_POINT ( 'NONE',  ( -13.07596126766371647, 6.806312586291642930, 15.94751553876964500 ) ) ;
#1356 = CARTESIAN_POINT ( 'NONE',  ( -18.00005000746916650, 13.83512389534065612, 8.224742026284848961 ) ) ;
#1357 = DIRECTION ( 'NONE',  ( -0.000000000000000000, 1.000000000000000000, -0.000000000000000000 ) ) ;
#1358 = CARTESIAN_POINT ( 'NONE',  ( -18.84888946786544395, 8.767252787871653297, 12.88247405669294032 ) ) ;
#1359 = ORIENTED_EDGE ( 'NONE', *, *, #3313, .T. ) ;
#1360 = CARTESIAN_POINT ( 'NONE',  ( 0.000000000000000000, 25.60000000000000142, 0.000000000000000000 ) ) ;
#1361 = CYLINDRICAL_SURFACE ( 'NONE', #681, 18.00000000000000000 ) ;
#1362 = CARTESIAN_POINT ( 'NONE',  ( -15.65671775569715507, 9.552538254000145557, 17.74018802261680250 ) ) ;
#1363 = CARTESIAN_POINT ( 'NONE',  ( -19.95552505979701863, 11.22153460401408331, 13.98560043715724888 ) ) ;
#1364 = DIRECTION ( 'NONE',  ( 0.000000000000000000, 0.000000000000000000, 1.000000000000000000 ) ) ;
#1365 = CARTESIAN_POINT ( 'NONE',  ( -16.18174464437148075, 6.040027965008876620, 7.884150743969782660 ) ) ;
#1366 = ORIENTED_EDGE ( 'NONE', *, *, #1823, .T. ) ;
#1367 = CARTESIAN_POINT ( 'NONE',  ( -16.39541598633821096, 7.632611496302597054, 7.429515071732084586 ) ) ;
#1368 = EDGE_CURVE ( 'NONE', #347, #2918, #1258, .T. ) ;
#1369 = EDGE_LOOP ( 'NONE', ( #932, #3180, #1670, #1079 ) ) ;
#1370 = EDGE_LOOP ( 'NONE', ( #2732, #1567, #890, #227 ) ) ;
#1371 = CARTESIAN_POINT ( 'NONE',  ( -19.59114986045943141, 12.85174544760033832, 13.51313526726326941 ) ) ;
#1372 = CARTESIAN_POINT ( 'NONE',  ( -17.20856370704825267, 8.775585663334140918, 12.62419928806411917 ) ) ;
#1373 = CARTESIAN_POINT ( 'NONE',  ( -9.203381626130129334, 7.852847806882087056, 17.02844020448011264 ) ) ;
#1374 = AXIS2_PLACEMENT_3D ( 'NONE', #1299, #96, #112 ) ;
#1375 = EDGE_CURVE ( 'NONE', #3545, #1306, #76, .T. ) ;
#1376 = DIRECTION ( 'NONE',  ( 0.7406729964009923783, -0.02200987912065941604, 0.6715050838403754385 ) ) ;
#1377 = VECTOR ( 'NONE', #3433, 1000.000000000000000 ) ;
#1378 = CARTESIAN_POINT ( 'NONE',  ( -4.065758146820641628E-16, 0.000000000000000000, 7.000000000000000000 ) ) ;
#1379 = CARTESIAN_POINT ( 'NONE',  ( -17.68169094049571299, 4.103848271626278965, 6.953981733747636618 ) ) ;
#1380 = AXIS2_PLACEMENT_3D ( 'NONE', #2257, #3219, #3841 ) ;
#1381 = CARTESIAN_POINT ( 'NONE',  ( -1.237604307034019246, 25.60000000000000142, -9.503691262898042780 ) ) ;
#1382 = EDGE_LOOP ( 'NONE', ( #1190, #33, #1461, #3697 ) ) ;
#1383 = CARTESIAN_POINT ( 'NONE',  ( -18.43118398684651282, 7.757981089841827327, 4.614721731344669564 ) ) ;
#1384 = CIRCLE ( 'NONE', #928, 1.600000000000000755 ) ;
#1385 = CARTESIAN_POINT ( 'NONE',  ( -5.329477422529119934, 6.635481737578572847, 18.23756425277470683 ) ) ;
#1386 = CARTESIAN_POINT ( 'NONE',  ( -14.99772860231123239, 8.121750943209308460, 16.91682154220645273 ) ) ;
#1387 = CARTESIAN_POINT ( 'NONE',  ( -18.02786086658399256, 10.95667555156236261, 15.91326463037022876 ) ) ;
#1388 = CIRCLE ( 'NONE', #871, 2.500000631318422428 ) ;
#1389 = CARTESIAN_POINT ( 'NONE',  ( 0.01223531239253568791, 0.3999999999999975797, -6.999982333181954175 ) ) ;
#1390 = AXIS2_PLACEMENT_3D ( 'NONE', #504, #3891, #3269 ) ;
#1391 = CARTESIAN_POINT ( 'NONE',  ( -17.86267109448069235, 10.66226706433494975, 12.94575945969415365 ) ) ;
#1392 = AXIS2_PLACEMENT_3D ( 'NONE', #1690, #2368, #2037 ) ;
#1393 = CARTESIAN_POINT ( 'NONE',  ( -14.13589023684103552, 2.340070259261238128, 11.14598654363961749 ) ) ;
#1394 = VERTEX_POINT ( 'NONE', #2517 ) ;
#1395 = VERTEX_POINT ( 'NONE', #441 ) ;
#1396 = CARTESIAN_POINT ( 'NONE',  ( -13.39063049358438384, 11.56004892866390321, 19.50846828686979961 ) ) ;
#1397 = CARTESIAN_POINT ( 'NONE',  ( -17.67766952966367811, 14.20000000000000107, 17.67766952966369587 ) ) ;
#1398 = CARTESIAN_POINT ( 'NONE',  ( 3.061617771010468151E-16, 9.071069597503624848, 12.00000063131842154 ) ) ;
#1399 = CARTESIAN_POINT ( 'NONE',  ( 4.343020583504177523, 0.3999999999999975797, 4.297004004421830281 ) ) ;
#1400 = LINE ( 'NONE', #2625, #563 ) ;
#1401 = EDGE_CURVE ( 'NONE', #988, #2763, #1908, .T. ) ;
#1402 = CARTESIAN_POINT ( 'NONE',  ( -17.67440159645856212, 4.080346909028637725, 6.972499896207629000 ) ) ;
#1403 = CARTESIAN_POINT ( 'NONE',  ( -18.17400368340857142, 7.018280677262866085, 12.61786366376442814 ) ) ;
#1404 = VERTEX_POINT ( 'NONE', #2881 ) ;
#1405 = ORIENTED_EDGE ( 'NONE', *, *, #1570, .T. ) ;
#1406 = CARTESIAN_POINT ( 'NONE',  ( -16.57085440706735469, 5.784718746996466265, 9.724952446689517416 ) ) ;
#1407 = CARTESIAN_POINT ( 'NONE',  ( -2.510167712197714618, 0.3999999999999975797, -6.221469906961984542 ) ) ;
#1408 = DIRECTION ( 'NONE',  ( -0.000000000000000000, 1.000000000000000000, -0.000000000000000000 ) ) ;
#1409 = EDGE_CURVE ( 'NONE', #286, #855, #1334, .T. ) ;
#1410 = CARTESIAN_POINT ( 'NONE',  ( -11.56793624108637175, 8.314961586233774682, 15.96573706761422784 ) ) ;
#1411 = CARTESIAN_POINT ( 'NONE',  ( -18.01710257058917719, 10.76000897959419156, 15.89955170361853298 ) ) ;
#1412 = CARTESIAN_POINT ( 'NONE',  ( -8.000000000000000000, 9.071069597503624848, 0.000000000000000000 ) ) ;
#1413 = LINE ( 'NONE', #2355, #1255 ) ;
#1414 = CARTESIAN_POINT ( 'NONE',  ( -4.065758146820641628E-16, 0.3999999999999975797, 7.000000000000000000 ) ) ;
#1415 = CARTESIAN_POINT ( 'NONE',  ( -10.32137939825474149, 7.307403591646285612, 14.97687172191430527 ) ) ;
#1416 = CARTESIAN_POINT ( 'NONE',  ( -18.80160941191045509, 14.26741272761998580, 2.738518490344757694 ) ) ;
#1417 = CARTESIAN_POINT ( 'NONE',  ( -6.781716104924228716, 4.330662452126924578, 17.75076985500379578 ) ) ;
#1418 = CARTESIAN_POINT ( 'NONE',  ( -17.81414300970745046, 5.022088653858733487, 13.40167060251843978 ) ) ;
#1419 = CARTESIAN_POINT ( 'NONE',  ( 0.8186527332130845158, 0.000000000000000000, 6.939871465264904060 ) ) ;
#1420 = DIRECTION ( 'NONE',  ( 0.000000000000000000, 1.000000000000000000, 0.000000000000000000 ) ) ;
#1421 = ORIENTED_EDGE ( 'NONE', *, *, #1102, .F. ) ;
#1422 = VERTEX_POINT ( 'NONE', #2204 ) ;
#1423 = CARTESIAN_POINT ( 'NONE',  ( -17.05464209006612464, 7.922707611618070800, 9.171572399148665511 ) ) ;
#1424 = EDGE_CURVE ( 'NONE', #2706, #3147, #3240, .T. ) ;
#1425 = CARTESIAN_POINT ( 'NONE',  ( -8.164724145916624209, 2.823068851711256322, 17.15745807436754689 ) ) ;
#1426 = CARTESIAN_POINT ( 'NONE',  ( -12.49082492804151556, 9.561107393872296356, 17.23974310924078068 ) ) ;
#1427 = CARTESIAN_POINT ( 'NONE',  ( -17.88036266079530989, 11.07629976573233677, 12.95498840587135447 ) ) ;
#1428 = EDGE_CURVE ( 'NONE', #861, #963, #2905, .T. ) ;
#1429 = CARTESIAN_POINT ( 'NONE',  ( -0.8213959819313687571, 0.000000000000000000, 6.924930299119502308 ) ) ;
#1430 = CARTESIAN_POINT ( 'NONE',  ( -17.71559900338395721, 10.07551396570471702, 12.85335283734110234 ) ) ;
#1431 = ORIENTED_EDGE ( 'NONE', *, *, #842, .T. ) ;
#1432 = CARTESIAN_POINT ( 'NONE',  ( -11.21540573868501944, 5.454862836977053320, 14.12419600667057118 ) ) ;
#1433 = CARTESIAN_POINT ( 'NONE',  ( -11.05295298047797026, 1.427627218425387090, 15.45736241731278859 ) ) ;
#1434 = CARTESIAN_POINT ( 'NONE',  ( -18.06260496231564616, 7.050439823217395485, 12.32577441056420042 ) ) ;
#1435 = FACE_OUTER_BOUND ( 'NONE', #163, .T. ) ;
#1436 = DIRECTION ( 'NONE',  ( -0.000000000000000000, -1.000000000000000000, -0.000000000000000000 ) ) ;
#1437 = PLANE ( 'NONE',  #3121 ) ;
#1438 = AXIS2_PLACEMENT_3D ( 'NONE', #666, #1271, #3465 ) ;
#1439 = ORIENTED_EDGE ( 'NONE', *, *, #842, .F. ) ;
#1440 = CARTESIAN_POINT ( 'NONE',  ( -17.39578462636033507, 3.295680832186768328, 7.647505499080315516 ) ) ;
#1441 = CARTESIAN_POINT ( 'NONE',  ( -3.605869825397647332, 0.000000000000000000, -5.287272842732679834 ) ) ;
#1442 = CARTESIAN_POINT ( 'NONE',  ( -11.09417820128106591, 1.425873036200762778, 15.42467310116312973 ) ) ;
#1443 = AXIS2_PLACEMENT_3D ( 'NONE', #955, #1541, #2454 ) ;
#1444 = CARTESIAN_POINT ( 'NONE',  ( -12.70865865534937811, 3.426732019607629187, 15.67844041331589366 ) ) ;
#1445 = PRODUCT_DEFINITION ( 'UNKNOWN', '', #1840, #87 ) ;
#1446 = CARTESIAN_POINT ( 'NONE',  ( -19.58596369801870907, 11.06756321501652351, 14.35465407071295907 ) ) ;
#1447 = CIRCLE ( 'NONE', #1968, 1.599999999999999867 ) ;
#1448 = CARTESIAN_POINT ( 'NONE',  ( 5.471622153089493068, 0.000000000000000000, 0.8164774565966163022 ) ) ;
#1449 = AXIS2_PLACEMENT_3D ( 'NONE', #3003, #1211, #1189 ) ;
#1450 = CARTESIAN_POINT ( 'NONE',  ( -12.82612763325416516, 1.301551040084746091, 14.01750512521660852 ) ) ;
#1451 = ADVANCED_FACE ( 'NONE', ( #3208 ), #2265, .T. ) ;
#1452 = AXIS2_PLACEMENT_3D ( 'NONE', #1886, #3149, #2559 ) ;
#1453 = CARTESIAN_POINT ( 'NONE',  ( -15.43296804195171212, 6.543030323038991014, 13.53108013443495850 ) ) ;
#1454 = CARTESIAN_POINT ( 'NONE',  ( -9.462123487323436777, 6.735713163936272174, 16.79810542596451484 ) ) ;
#1455 = VECTOR ( 'NONE', #2397, 1000.000000000000000 ) ;
#1456 = CARTESIAN_POINT ( 'NONE',  ( 8.000000000000000000, 9.071069597503624848, 0.000000000000000000 ) ) ;
#1457 = CARTESIAN_POINT ( 'NONE',  ( -17.32224253891584453, 3.149716031714405062, 7.809001882433619812 ) ) ;
#1458 = CARTESIAN_POINT ( 'NONE',  ( -16.18555180378958980, 3.895677276370563824, 12.53695717681311628 ) ) ;
#1459 = CARTESIAN_POINT ( 'NONE',  ( -18.31661568591172085, 7.042365789603138637, 5.053238688081999719 ) ) ;
#1460 = CARTESIAN_POINT ( 'NONE',  ( -8.673617379884035472E-16, 0.3999999999999975797, 7.000000000000000888 ) ) ;
#1461 = ORIENTED_EDGE ( 'NONE', *, *, #2426, .T. ) ;
#1462 = CARTESIAN_POINT ( 'NONE',  ( 2.326828918379970970E-15, 14.20000000000000107, -19.00000000000000000 ) ) ;
#1463 = APPLICATION_CONTEXT ( 'automotive_design' ) ;
#1464 = CARTESIAN_POINT ( 'NONE',  ( -12.53323261093471608, 3.889013070987084486, 16.18631327167206990 ) ) ;
#1465 = CARTESIAN_POINT ( 'NONE',  ( -18.02592318443026542, 11.07790726830930694, 15.91520216108582453 ) ) ;
#1466 = LINE ( 'NONE', #2689, #2348 ) ;
#1467 = ORIENTED_EDGE ( 'NONE', *, *, #923, .T. ) ;
#1468 = CARTESIAN_POINT ( 'NONE',  ( -7.903691262898045800, 24.60000000000000142, -0.3623956929659848947 ) ) ;
#1469 = CARTESIAN_POINT ( 'NONE',  ( -1.020491551207380221, 0.000000000000000000, 6.880925458489033808 ) ) ;
#1470 = DIRECTION ( 'NONE',  ( -0.000000000000000000, -1.000000000000000000, -0.000000000000000000 ) ) ;
#1471 = CARTESIAN_POINT ( 'NONE',  ( -2.758524312804050638, 13.43600058044108181, 18.79868509678870936 ) ) ;
#1472 = EDGE_LOOP ( 'NONE', ( #1667, #1915, #774, #683 ) ) ;
#1473 = CARTESIAN_POINT ( 'NONE',  ( -11.88514355311022186, 5.096904555992607833, 13.51902413685117743 ) ) ;
#1474 = EDGE_CURVE ( 'NONE', #885, #1261, #1644, .T. ) ;
#1475 = DIRECTION ( 'NONE',  ( -0.000000000000000000, -1.000000000000000000, -0.000000000000000000 ) ) ;
#1476 = CARTESIAN_POINT ( 'NONE',  ( -9.079234532135815883, 14.19999999999999929, 18.67417908028705398 ) ) ;
#1477 = EDGE_CURVE ( 'NONE', #2628, #3545, #3308, .T. ) ;
#1478 = DIRECTION ( 'NONE',  ( 0.000000000000000000, 1.000000000000000000, 0.000000000000000000 ) ) ;
#1479 = CARTESIAN_POINT ( 'NONE',  ( -12.92619816857763659, 3.090305184141014738, 15.22226562809124850 ) ) ;
#1480 = CARTESIAN_POINT ( 'NONE',  ( -19.24516686421067391, 10.18619047643972308, 13.14807102327873878 ) ) ;
#1481 = CARTESIAN_POINT ( 'NONE',  ( -5.471391346705773984, 0.3999999999999975797, 0.8196027277597502936 ) ) ;
#1482 = CARTESIAN_POINT ( 'NONE',  ( -14.13699809624636750, 11.08365289709020374, 18.59756037811135343 ) ) ;
#1483 = CARTESIAN_POINT ( 'NONE',  ( -12.55480603366472891, 6.513926464698528207, 17.93643912450099975 ) ) ;
#1484 = CARTESIAN_POINT ( 'NONE',  ( -18.02622032588392287, 11.05181543792576804, 15.91469380244673459 ) ) ;
#1485 = VERTEX_POINT ( 'NONE', #1277 ) ;
#1486 = CARTESIAN_POINT ( 'NONE',  ( 5.212435780217543169, 0.000000000000000000, -2.228843264896993137 ) ) ;
#1487 = B_SPLINE_CURVE_WITH_KNOTS ( 'NONE', 3,
 ( #1682, #1453, #835, #3546, #2657, #820, #758, #1722, #1700, #2069, #1372, #1738, #2678, #1989, #798, #1204, #538, #1760, #3243, #2900 ),
 .UNSPECIFIED., .F., .F.,
 ( 4, 2, 2, 2, 2, 2, 2, 2, 2, 4 ),
 ( 0.000000000000000000, 0.0007304553827205304776, 0.001460910765441064641, 0.002191366148161598588, 0.002921821530882134921, 0.003652276913602670819, 0.004382732296323207585, 0.005113187679043743918, 0.005478415370404014252, 0.005843643061764282852 ),
 .UNSPECIFIED. ) ;
#1488 = CARTESIAN_POINT ( 'NONE',  ( -3.869037163426433779, 0.000000000000000000, -4.974763449339322463 ) ) ;
#1489 = CARTESIAN_POINT ( 'NONE',  ( -2.746821604294053198, 13.70565679559924455, 18.80039833783933290 ) ) ;
#1490 = ORIENTED_EDGE ( 'NONE', *, *, #2405, .T. ) ;
#1491 = DIRECTION ( 'NONE',  ( 0.000000000000000000, 1.000000000000000000, 0.000000000000000000 ) ) ;
#1492 = DIRECTION ( 'NONE',  ( -0.000000000000000000, -1.000000000000000000, -0.000000000000000000 ) ) ;
#1493 = CARTESIAN_POINT ( 'NONE',  ( -14.74119744430691981, 6.539057940027990234, 14.22834028590907174 ) ) ;
#1494 = CARTESIAN_POINT ( 'NONE',  ( -17.89623364242553549, 11.08364215356712279, 12.96814841693972475 ) ) ;
#1495 = CARTESIAN_POINT ( 'NONE',  ( -12.79038598514727632, 8.283074288375932070, 18.67534767933142348 ) ) ;
#1496 = ADVANCED_FACE ( 'NONE', ( #1661 ), #150, .T. ) ;
#1497 = ORIENTED_EDGE ( 'NONE', *, *, #3288, .T. ) ;
#1498 = DIRECTION ( 'NONE',  ( 0.000000000000000000, -1.000000000000000000, 0.000000000000000000 ) ) ;
#1499 = CARTESIAN_POINT ( 'NONE',  ( -5.041145998447069232, 0.3999999999999975797, 2.812271801941681026 ) ) ;
#1500 = EDGE_LOOP ( 'NONE', ( #49, #1975, #776, #1244, #1827, #485 ) ) ;
#1501 = DIRECTION ( 'NONE',  ( 0.000000000000000000, -0.000000000000000000, 1.000000000000000000 ) ) ;
#1502 = CARTESIAN_POINT ( 'NONE',  ( -16.72228532847047333, 13.40000000000000036, 14.39041304373761321 ) ) ;
#1503 = CIRCLE ( 'NONE', #1766, 1.000000000000000888 ) ;
#1504 = CARTESIAN_POINT ( 'NONE',  ( -18.52938456534697309, 8.358105771383895544, 4.202607517874850096 ) ) ;
#1505 = CARTESIAN_POINT ( 'NONE',  ( -17.62185664029345844, 10.16750128373131368, 12.76764854924667247 ) ) ;
#1506 = CARTESIAN_POINT ( 'NONE',  ( -13.49991690843946301, 14.20000000000000107, 0.000000000000000000 ) ) ;
#1507 = ORIENTED_EDGE ( 'NONE', *, *, #213, .T. ) ;
#1508 = CARTESIAN_POINT ( 'NONE',  ( -12.52543807786169872, 2.223193305525320795, 12.94058816616759700 ) ) ;
#1509 = FACE_OUTER_BOUND ( 'NONE', #2813, .T. ) ;
#1510 = AXIS2_PLACEMENT_3D ( 'NONE', #2500, #2146, #3362 ) ;
#1511 = CARTESIAN_POINT ( 'NONE',  ( -4.224985372232108460, 0.000000000000000000, 4.465888069864984544 ) ) ;
#1512 = DIRECTION ( 'NONE',  ( 0.000000000000000000, -9.772275581336016244E-14, -1.000000000000000000 ) ) ;
#1513 = EDGE_LOOP ( 'NONE', ( #787, #102, #2631, #2326 ) ) ;
#1514 = CARTESIAN_POINT ( 'NONE',  ( -10.34504722517629638, 9.385796818488026716, 15.11542729536724217 ) ) ;
#1515 = VECTOR ( 'NONE', #343, 1000.000000000000000 ) ;
#1516 = CARTESIAN_POINT ( 'NONE',  ( 2.161655223903852896, 0.3999999999999975797, 6.432115343415471642 ) ) ;
#1517 = CIRCLE ( 'NONE', #1586, 5.000000000000000000 ) ;
#1518 = DIRECTION ( 'NONE',  ( 0.000000000000000000, 1.000000000000000000, -0.000000000000000000 ) ) ;
#1519 = CARTESIAN_POINT ( 'NONE',  ( 2.326828918379970970E-15, 0.000000000000000000, -19.00000000000000000 ) ) ;
#1520 = AXIS2_PLACEMENT_3D ( 'NONE', #2717, #1191, #3746 ) ;
#1521 = CARTESIAN_POINT ( 'NONE',  ( -17.97160558185494139, 13.72107535621234220, 8.236464049559597100 ) ) ;
#1522 = CARTESIAN_POINT ( 'NONE',  ( -5.499913291335847276, 0.000000000000000000, -0.4105076079380310383 ) ) ;
#1523 = ORIENTED_EDGE ( 'NONE', *, *, #1549, .T. ) ;
#1524 = EDGE_CURVE ( 'NONE', #1746, #1265, #1517, .T. ) ;
#1525 = CARTESIAN_POINT ( 'NONE',  ( -17.58441296971535195, 6.824090727728098216, 15.50831524399394468 ) ) ;
#1526 = DIRECTION ( 'NONE',  ( 0.000000000000000000, 0.000000000000000000, 1.000000000000000000 ) ) ;
#1527 = ORIENTED_EDGE ( 'NONE', *, *, #2144, .F. ) ;
#1528 = CARTESIAN_POINT ( 'NONE',  ( -14.49991690843946479, 0.4000000000000000222, 5.751406069778051133 ) ) ;
#1529 = DIRECTION ( 'NONE',  ( -0.000000000000000000, 1.000000000000000000, -0.000000000000000000 ) ) ;
#1530 = EDGE_CURVE ( 'NONE', #3044, #3165, #2267, .T. ) ;
#1531 = LINE ( 'NONE', #627, #869 ) ;
#1532 = CARTESIAN_POINT ( 'NONE',  ( -2.796415709162229923, 12.89668814930422336, 18.79308585513599894 ) ) ;
#1533 = VERTEX_POINT ( 'NONE', #398 ) ;
#1534 = CARTESIAN_POINT ( 'NONE',  ( -10.25160095689905226, 8.286427462552605760, 15.10022659147651325 ) ) ;
#1535 = CARTESIAN_POINT ( 'NONE',  ( 3.465891816929385083, 0.000000000000000000, -5.421780720147950206 ) ) ;
#1536 = CARTESIAN_POINT ( 'NONE',  ( -21.10772051817327721, 13.40000000000000036, 9.135870759084031789 ) ) ;
#1537 = CARTESIAN_POINT ( 'NONE',  ( -18.34526941496214292, 7.413377146819053465, 12.67151668715850832 ) ) ;
#1538 = CARTESIAN_POINT ( 'NONE',  ( -14.43057987331614633, 5.837784108951679762, 10.88105837873159487 ) ) ;
#1539 = CARTESIAN_POINT ( 'NONE',  ( 0.000000000000000000, 14.20000000000000107, 0.000000000000000000 ) ) ;
#1540 = ORIENTED_EDGE ( 'NONE', *, *, #1076, .T. ) ;
#1541 = DIRECTION ( 'NONE',  ( 0.000000000000000000, 1.000000000000000000, 0.000000000000000000 ) ) ;
#1542 = CARTESIAN_POINT ( 'NONE',  ( -19.58845024206626562, 12.68688285823489714, 13.50430700366677073 ) ) ;
#1543 = CARTESIAN_POINT ( 'NONE',  ( -4.898054960659357526, 0.000000000000000000, 3.194214678631283277 ) ) ;
#1544 = ORIENTED_EDGE ( 'NONE', *, *, #1978, .T. ) ;
#1545 = CARTESIAN_POINT ( 'NONE',  ( -14.65529223944120041, 2.944293296568997853, 13.40191435810570475 ) ) ;
#1546 = CARTESIAN_POINT ( 'NONE',  ( -18.49961070782605432, 8.174320320335143109, 4.332087654193766291 ) ) ;
#1547 = CARTESIAN_POINT ( 'NONE',  ( -17.65831798391447549, 10.24105213658570612, 12.79406485789199799 ) ) ;
#1548 = ORIENTED_EDGE ( 'NONE', *, *, #1742, .T. ) ;
#1549 = EDGE_CURVE ( 'NONE', #3041, #2214, #1605, .T. ) ;
#1550 = PLANE ( 'NONE',  #2479 ) ;
#1551 = CARTESIAN_POINT ( 'NONE',  ( 1.237604307034021467, 15.60000000000000142, 6.303691262898044378 ) ) ;
#1552 = CARTESIAN_POINT ( 'NONE',  ( -8.000000000000000000, 2.000000000000000000, 0.000000000000000000 ) ) ;
#1553 = CYLINDRICAL_SURFACE ( 'NONE', #991, 2.500000631318421540 ) ;
#1554 = VERTEX_POINT ( 'NONE', #993 ) ;
#1555 = ADVANCED_FACE ( 'NONE', ( #2861 ), #275, .T. ) ;
#1556 = CARTESIAN_POINT ( 'NONE',  ( 0.8275180089444803544, 0.3999999999999975797, -6.938502046920373090 ) ) ;
#1557 = CARTESIAN_POINT ( 'NONE',  ( -13.79491418301612526, 6.984747290658868124, 20.14621131393815645 ) ) ;
#1558 = CARTESIAN_POINT ( 'NONE',  ( -13.58763873637060549, 5.410936293741142933, 18.07783465592935102 ) ) ;
#1559 = CARTESIAN_POINT ( 'NONE',  ( -16.38973445370078608, 7.294043508682618970, 12.75264778193969128 ) ) ;
#1560 = DIRECTION ( 'NONE',  ( 0.000000000000000000, 0.000000000000000000, 1.000000000000000000 ) ) ;
#1561 = DIRECTION ( 'NONE',  ( -0.000000000000000000, -1.000000000000000000, -0.000000000000000000 ) ) ;
#1562 = CARTESIAN_POINT ( 'NONE',  ( -19.59417176497116486, 13.75058181586682871, 13.52306350563083015 ) ) ;
#1563 = ORIENTED_EDGE ( 'NONE', *, *, #1773, .F. ) ;
#1564 = DIRECTION ( 'NONE',  ( 0.000000000000000000, 0.000000000000000000, -1.000000000000000000 ) ) ;
#1565 = CARTESIAN_POINT ( 'NONE',  ( -18.61030545608059938, 9.042056375199504004, 3.828385727597948485 ) ) ;
#1566 = CARTESIAN_POINT ( 'NONE',  ( -16.91681728722205591, 8.121745491415452989, 14.99772524878137148 ) ) ;
#1567 = ORIENTED_EDGE ( 'NONE', *, *, #26, .T. ) ;
#1568 = CARTESIAN_POINT ( 'NONE',  ( -8.000000000000000000, 0.000000000000000000, 0.000000000000000000 ) ) ;
#1569 = CARTESIAN_POINT ( 'NONE',  ( 1.237604307034021467, 24.60000000000000142, 6.303691262898044378 ) ) ;
#1570 = EDGE_CURVE ( 'NONE', #3165, #394, #124, .T. ) ;
#1571 = FACE_OUTER_BOUND ( 'NONE', #970, .T. ) ;
#1572 = VERTEX_POINT ( 'NONE', #3299 ) ;
#1573 = CLOSED_SHELL ( 'NONE', ( #1804, #3513, #3679, #3217, #3248, #1193, #1202, #3146, #2652, #2311, #1256, #3950, #639, #301, #3909, #3356, #2902, #3488, #1081, #1704 ) ) ;
#1574 = FACE_BOUND ( 'NONE', #3645, .T. ) ;
#1575 = ADVANCED_FACE ( 'NONE', ( #1782 ), #817, .T. ) ;
#1576 = VECTOR ( 'NONE', #2071, 1000.000000000000000 ) ;
#1577 = DIRECTION ( 'NONE',  ( -0.000000000000000000, -1.000000000000000000, -0.000000000000000000 ) ) ;
#1578 = CARTESIAN_POINT ( 'NONE',  ( 0.000000000000000000, 14.20000000000000107, 0.000000000000000000 ) ) ;
#1579 = VERTEX_POINT ( 'NONE', #160 ) ;
#1580 = CARTESIAN_POINT ( 'NONE',  ( -14.91122540334352209, 7.012811895454749589, 10.38023841934444569 ) ) ;
#1581 = AXIS2_PLACEMENT_3D ( 'NONE', #1311, #51, #1332 ) ;
#1582 = DIRECTION ( 'NONE',  ( -0.000000000000000000, -1.000000000000000000, -0.000000000000000000 ) ) ;
#1583 = CARTESIAN_POINT ( 'NONE',  ( -12.09002027701891535, 2.206660268064493557, 13.33534437880294909 ) ) ;
#1584 = FACE_BOUND ( 'NONE', #2992, .T. ) ;
#1585 = CARTESIAN_POINT ( 'NONE',  ( -12.87771511685170367, 1.943807839412863281, 14.07721442850257887 ) ) ;
#1586 = AXIS2_PLACEMENT_3D ( 'NONE', #2497, #674, #3131 ) ;
#1587 = CARTESIAN_POINT ( 'NONE',  ( -19.66336359290821179, 8.895880314767371289, 14.69940374002810124 ) ) ;
#1588 = DIRECTION ( 'NONE',  ( -0.000000000000000000, -1.000000000000000000, -0.000000000000000000 ) ) ;
#1589 = CIRCLE ( 'NONE', #3696, 1.599999999999998979 ) ;
#1590 = VERTEX_POINT ( 'NONE', #1693 ) ;
#1591 = CARTESIAN_POINT ( 'NONE',  ( -18.74270892498545749, 14.20000000000000284, 10.00080675850546541 ) ) ;
#1592 = CARTESIAN_POINT ( 'NONE',  ( -16.28204551358703611, 7.399831547587071512, 14.49959800815241096 ) ) ;
#1593 = EDGE_LOOP ( 'NONE', ( #3552, #2856, #2527, #566 ) ) ;
#1594 = VECTOR ( 'NONE', #2362, 1000.000000000000000 ) ;
#1595 = CARTESIAN_POINT ( 'NONE',  ( -3.014459253246068116, 0.3999999999999975797, 5.858477420988190687 ) ) ;
#1596 = CARTESIAN_POINT ( 'NONE',  ( -7.903691262898045800, 15.60000000000000142, -0.3623956929659848947 ) ) ;
#1597 = ORIENTED_EDGE ( 'NONE', *, *, #881, .F. ) ;
#1598 = CARTESIAN_POINT ( 'NONE',  ( 5.499999975256551821, 0.3999999999999975797, -1.704671759241649717E-05 ) ) ;
#1599 = LINE ( 'NONE', #1329, #3566 ) ;
#1600 = CARTESIAN_POINT ( 'NONE',  ( -17.64076707748789730, 11.06577855244138497, 16.30035841946639152 ) ) ;
#1601 = EDGE_CURVE ( 'NONE', #3824, #3911, #676, .T. ) ;
#1602 = CARTESIAN_POINT ( 'NONE',  ( -14.05951239337948167, 5.394546793944376084, 11.28644985280609525 ) ) ;
#1603 = DIRECTION ( 'NONE',  ( 0.000000000000000000, 1.000000000000000000, 0.000000000000000000 ) ) ;
#1604 = CARTESIAN_POINT ( 'NONE',  ( -7.903691262898045800, 24.60000000000000142, 1.237604307034015250 ) ) ;
#1605 = LINE ( 'NONE', #2824, #1778 ) ;
#1606 = EDGE_CURVE ( 'NONE', #445, #1630, #3815, .T. ) ;
#1607 = CARTESIAN_POINT ( 'NONE',  ( -17.93319455847689881, 7.643220691649814214, 15.76733552443382003 ) ) ;
#1608 = CARTESIAN_POINT ( 'NONE',  ( 2.204364238465235033E-15, 0.3999999999999993006, 18.00000000000000000 ) ) ;
#1609 = CARTESIAN_POINT ( 'NONE',  ( -17.89623364242539694, 13.40000000000000036, 12.96814841693961107 ) ) ;
#1610 = CARTESIAN_POINT ( 'NONE',  ( -19.39151597029017182, 10.86798999338876648, 13.27969387697402581 ) ) ;
#1611 = EDGE_LOOP ( 'NONE', ( #3676, #268, #2475, #3458 ) ) ;
#1612 = CARTESIAN_POINT ( 'NONE',  ( -16.17403652338678555, 11.08364215356574611, 8.164274743227581510 ) ) ;
#1613 = DIRECTION ( 'NONE',  ( -0.000000000000000000, -1.000000000000000000, -0.000000000000000000 ) ) ;
#1614 = ORIENTED_EDGE ( 'NONE', *, *, #2954, .T. ) ;
#1615 = CARTESIAN_POINT ( 'NONE',  ( 0.4220155761222837976, 0.3999999999999975797, -6.998798951632182686 ) ) ;
#1616 = CARTESIAN_POINT ( 'NONE',  ( -5.590052615769631559E-64, 2.000000000000000000, 9.500000000000000000 ) ) ;
#1617 = CARTESIAN_POINT ( 'NONE',  ( -12.69135285299086569, 8.181186038081952105, 18.60737559931988727 ) ) ;
#1618 = CARTESIAN_POINT ( 'NONE',  ( -14.56394938530252325, 2.585307620403148654, 10.58020396956753828 ) ) ;
#1619 = CARTESIAN_POINT ( 'NONE',  ( -19.59566338558997955, 14.20000000000000107, 13.52803346323716838 ) ) ;
#1620 = CARTESIAN_POINT ( 'NONE',  ( -8.410157879999252017, 4.864752724234647552, 15.91619685550805308 ) ) ;
#1621 = CARTESIAN_POINT ( 'NONE',  ( -3.385493149106114430, 10.01802955062037448, 18.69962974661615718 ) ) ;
#1622 = DIRECTION ( 'NONE',  ( -0.000000000000000000, 1.000000000000000000, -0.000000000000000000 ) ) ;
#1623 = CARTESIAN_POINT ( 'NONE',  ( -5.590052615769631559E-64, 9.071069597503624848, 9.500000000000000000 ) ) ;
#1624 = LINE ( 'NONE', #678, #3358 ) ;
#1625 = ADVANCED_FACE ( 'NONE', ( #2297 ), #1042, .F. ) ;
#1626 = CARTESIAN_POINT ( 'NONE',  ( 6.123233995736766282E-16, 25.60000000000000142, -5.000000000000000000 ) ) ;
#1627 = ORIENTED_EDGE ( 'NONE', *, *, #478, .F. ) ;
#1628 = CARTESIAN_POINT ( 'NONE',  ( -16.51908562291821525, 11.08364215356698423, 7.149811898413590328 ) ) ;
#1629 = DIRECTION ( 'NONE',  ( 1.463599299635161304E-14, -1.000000000000000000, 1.463599299635160357E-14 ) ) ;
#1630 = VERTEX_POINT ( 'NONE', #2164 ) ;
#1631 = CARTESIAN_POINT ( 'NONE',  ( 1.237604307034021245, 24.60000000000000142, 7.903691262898044911 ) ) ;
#1632 = CARTESIAN_POINT ( 'NONE',  ( 0.000000000000000000, 14.20000000000000107, 0.000000000000000000 ) ) ;
#1633 = VECTOR ( 'NONE', #3227, 1000.000000000000000 ) ;
#1634 = DIRECTION ( 'NONE',  ( -0.000000000000000000, 1.000000000000000000, -0.000000000000000000 ) ) ;
#1635 = ORIENTED_EDGE ( 'NONE', *, *, #1428, .F. ) ;
#1636 = DIRECTION ( 'NONE',  ( 0.000000000000000000, 1.000000000000000000, 0.000000000000000000 ) ) ;
#1637 = AXIS2_PLACEMENT_3D ( 'NONE', #1931, #3068, #3728 ) ;
#1638 = DIRECTION ( 'NONE',  ( -0.000000000000000000, 1.000000000000000000, -0.000000000000000000 ) ) ;
#1639 = DIRECTION ( 'NONE',  ( 0.000000000000000000, 0.000000000000000000, -1.000000000000000000 ) ) ;
#1640 = DIRECTION ( 'NONE',  ( -0.000000000000000000, 1.000000000000000000, -0.000000000000000000 ) ) ;
#1641 = CARTESIAN_POINT ( 'NONE',  ( 0.000000000000000000, 0.000000000000000000, 19.00000000000000000 ) ) ;
#1642 = DIRECTION ( 'NONE',  ( -0.000000000000000000, -1.000000000000000000, -0.000000000000000000 ) ) ;
#1643 = CIRCLE ( 'NONE', #3819, 2.500000631318421540 ) ;
#1644 = CIRCLE ( 'NONE', #183, 18.00000000000000000 ) ;
#1645 = CARTESIAN_POINT ( 'NONE',  ( -18.99176830858533904, 9.245003695447156389, 12.96607551525588420 ) ) ;
#1646 = ORIENTED_EDGE ( 'NONE', *, *, #3173, .T. ) ;
#1647 = CARTESIAN_POINT ( 'NONE',  ( -17.48688856513086165, 11.08364215356582783, 12.62511316199435463 ) ) ;
#1648 = AXIS2_PLACEMENT_3D ( 'NONE', #1623, #1588, #1950 ) ;
#1649 = EDGE_CURVE ( 'NONE', #2820, #3222, #828, .T. ) ;
#1650 = CARTESIAN_POINT ( 'NONE',  ( -6.896391602664726506, 4.192013049142937930, 17.70423493767389544 ) ) ;
#1651 = CARTESIAN_POINT ( 'NONE',  ( -13.49776893924459742, 8.118818817300384794, 18.41671276895363363 ) ) ;
#1652 = AXIS2_PLACEMENT_3D ( 'NONE', #297, #1498, #2684 ) ;
#1653 = CARTESIAN_POINT ( 'NONE',  ( -3.869037163426433779, 0.3999999999999975797, -4.974763449339322463 ) ) ;
#1654 = VERTEX_POINT ( 'NONE', #571 ) ;
#1655 = EDGE_CURVE ( 'NONE', #1772, #1894, #1388, .T. ) ;
#1656 = CARTESIAN_POINT ( 'NONE',  ( -13.29773022443602848, 10.97000174116375426, 19.41029285976345875 ) ) ;
#1657 = ORIENTED_EDGE ( 'NONE', *, *, #1246, .T. ) ;
#1658 = DIRECTION ( 'NONE',  ( 0.000000000000000000, 1.000000000000000000, 0.000000000000000000 ) ) ;
#1659 =( BOUNDED_SURFACE ( )  B_SPLINE_SURFACE ( 3, 2, ( 
 ( #3128, #695, #2494 ),
 ( #1884, #2201, #925 ),
 ( #2476, #3452, #1842 ),
 ( #989, #50, #1904 ),
 ( #2221, #1210, #333 ),
 ( #377, #1602, #3062 ),
 ( #90, #3705, #313 ),
 ( #3383, #3425, #2758 ),
 ( #2451, #670, #1925 ),
 ( #2821, #1538, #634 ),
 ( #1229, #3677, #1291 ),
 ( #1864, #3086, #1559 ),
 ( #2779, #951, #2184 ),
 ( #3405, #650, #3104 ),
 ( #353, #1580, #73 ),
 ( #2047, #2573, #3526 ),
 ( #1365, #2895, #2958 ),
 ( #3842, #3236, #2024 ),
 ( #1087, #2616, #2318 ),
 ( #3861, #515, #3541 ),
 ( #754, #144, #1126 ),
 ( #2654, #492, #3879 ),
 ( #2356, #2333, #793 ),
 ( #1718, #2591, #1430 ),
 ( #2940, #3577, #833 ),
 ( #1105, #3560, #1391 ),
 ( #472, #202, #2065 ),
 ( #2278, #180, #814 ) ),
 .UNSPECIFIED., .F., .F., .F. ) 
 B_SPLINE_SURFACE_WITH_KNOTS ( ( 4, 2, 2, 2, 2, 2, 2, 2, 2, 2, 2, 2, 2, 4 ),
 ( 3, 3 ),
 ( -7.428953285870676382E-16, 0.001637913563393959696, 0.002456870345091310883, 0.003275827126788662287, 0.004094783908486013257, 0.004913740690183365095, 0.006551654253578067036, 0.007370611035275418006, 0.008189567816972768977, 0.009008524598670120814, 0.009827481380367472652, 0.01146539494376217459, 0.01228435172545952470, 0.01310330850715687653 ),
 ( 0.000000000000000000, 1.000000000000000000 ),
 .UNSPECIFIED. ) 
 GEOMETRIC_REPRESENTATION_ITEM ( )  RATIONAL_B_SPLINE_SURFACE ( (
 ( 1.000000000000000000, 0.8662989203025726059, 1.000000000000000000),
 ( 1.000000000000000000, 0.8651603022319578340, 1.000000000000000000),
 ( 1.000000000000000000, 0.8644474877898986609, 1.000000000000000000),
 ( 1.000000000000000000, 0.8638456880352820555, 1.000000000000000000),
 ( 1.000000000000000000, 0.8637218302059682662, 1.000000000000000000),
 ( 1.000000000000000000, 0.8635764144224161720, 1.000000000000000000),
 ( 1.000000000000000000, 0.8635544132207080281, 1.000000000000000000),
 ( 1.000000000000000000, 0.8635297946955100556, 1.000000000000000000),
 ( 1.000000000000000000, 0.8635274065250014841, 1.000000000000000000),
 ( 1.000000000000000000, 0.8634448631345629233, 1.000000000000000000),
 ( 1.000000000000000000, 0.8633634101038101250, 1.000000000000000000),
 ( 1.000000000000000000, 0.8628344442030950745, 1.000000000000000000),
 ( 1.000000000000000000, 0.8621112523615390710, 1.000000000000000000),
 ( 1.000000000000000000, 0.8597612462986563564, 1.000000000000000000),
 ( 1.000000000000000000, 0.8587575067334878298, 1.000000000000000000),
 ( 1.000000000000000000, 0.8562541869686126628, 1.000000000000000000),
 ( 1.000000000000000000, 0.8547526790578865441, 1.000000000000000000),
 ( 1.000000000000000000, 0.8511699885902830331, 1.000000000000000000),
 ( 1.000000000000000000, 0.8490883203470996898, 1.000000000000000000),
 ( 1.000000000000000000, 0.8442806023666601378, 1.000000000000000000),
 ( 1.000000000000000000, 0.8415458282664315393, 1.000000000000000000),
 ( 1.000000000000000000, 0.8325433457379608493, 1.000000000000000000),
 ( 1.000000000000000000, 0.8252856703998532328, 1.000000000000000000),
 ( 1.000000000000000000, 0.8140603717980925413, 1.000000000000000000),
 ( 1.000000000000000000, 0.8102573036162824538, 1.000000000000000000),
 ( 1.000000000000000000, 0.8039694848498496471, 1.000000000000000000),
 ( 1.000000000000000000, 0.8015290615908012839, 1.000000000000000000),
 ( 1.000000000000000000, 0.8015636187449749483, 1.000000000000000000) ) ) 
 REPRESENTATION_ITEM ( '' )  SURFACE ( )  );
#1660 = CARTESIAN_POINT ( 'NONE',  ( -7.988533068012891647, 5.745034823516587785, 16.13193780458698257 ) ) ;
#1661 = FACE_OUTER_BOUND ( 'NONE', #3098, .T. ) ;
#1662 = CARTESIAN_POINT ( 'NONE',  ( -12.81885821740075393, 9.893348205830628572, 17.65804320619250944 ) ) ;
#1663 = CARTESIAN_POINT ( 'NONE',  ( -17.99884170039047859, 13.85172963623549336, 8.226146131619071156 ) ) ;
#1664 = DIRECTION ( 'NONE',  ( 0.000000000000000000, 1.000000000000000000, 0.000000000000000000 ) ) ;
#1665 = CARTESIAN_POINT ( 'NONE',  ( -18.97456478742170205, 9.186704382962153304, 12.95589011877475194 ) ) ;
#1666 = ORIENTED_EDGE ( 'NONE', *, *, #3753, .F. ) ;
#1667 = ORIENTED_EDGE ( 'NONE', *, *, #3880, .F. ) ;
#1668 = CARTESIAN_POINT ( 'NONE',  ( -0.4157758589054963427, 0.3999999999999975797, 6.984494531381684190 ) ) ;
#1669 = DIRECTION ( 'NONE',  ( 0.000000000000000000, 0.000000000000000000, 1.000000000000000000 ) ) ;
#1670 = ORIENTED_EDGE ( 'NONE', *, *, #3709, .T. ) ;
#1671 = CARTESIAN_POINT ( 'NONE',  ( -11.73292584269660388, 8.492017131036881494, 16.19350240781912831 ) ) ;
#1672 = EDGE_CURVE ( 'NONE', #3147, #445, #3409, .T. ) ;
#1673 = CARTESIAN_POINT ( 'NONE',  ( -20.14621131393819908, 6.984747290658870789, 13.79491418301606664 ) ) ;
#1674 = B_SPLINE_CURVE_WITH_KNOTS ( 'NONE', 3,
 ( #3154, #2249, #3770, #3474, #719, #1951, #3568, #3831, #2055, #825 ),
 .UNSPECIFIED., .F., .F.,
 ( 4, 2, 2, 2, 4 ),
 ( 0.000000000000000000, 0.2397863582049065412, 0.4795727164098130824, 0.7193590746147195958, 0.9591454328196261647 ),
 .UNSPECIFIED. ) ;
#1675 = DIRECTION ( 'NONE',  ( 0.000000000000000000, 1.000000000000000000, -0.000000000000000000 ) ) ;
#1676 = CARTESIAN_POINT ( 'NONE',  ( 5.499999975256551821, 0.3999999999999975797, -1.704671759241649717E-05 ) ) ;
#1677 = ADVANCED_FACE ( 'NONE', ( #2670 ), #2754, .F. ) ;
#1678 = CARTESIAN_POINT ( 'NONE',  ( -13.98502226364661816, 2.284680484369127296, 11.33489285957703352 ) ) ;
#1679 = ORIENTED_EDGE ( 'NONE', *, *, #2023, .F. ) ;
#1680 = VERTEX_POINT ( 'NONE', #658 ) ;
#1681 = CARTESIAN_POINT ( 'NONE',  ( 1.622903583116148685, 0.000000000000000000, -6.703092606365963491 ) ) ;
#1682 = CARTESIAN_POINT ( 'NONE',  ( -15.24793843147716998, 6.532999935633585054, 13.69544456324519288 ) ) ;
#1683 = DIRECTION ( 'NONE',  ( 0.000000000000000000, -1.000000000000000000, 0.000000000000000000 ) ) ;
#1684 = CARTESIAN_POINT ( 'NONE',  ( -17.56620795865165618, 6.785074371850291719, 15.49488287852625668 ) ) ;
#1685 = CARTESIAN_POINT ( 'NONE',  ( -15.49991690843946479, 0.000000000000000000, -10.98874769168317833 ) ) ;
#1686 = CARTESIAN_POINT ( 'NONE',  ( -17.65973535027583452, 4.033607301133664613, 7.009611938161235400 ) ) ;
#1687 = CARTESIAN_POINT ( 'NONE',  ( -18.96632062049406642, 9.159027099224740454, 12.95105012230339625 ) ) ;
#1688 = ORIENTED_EDGE ( 'NONE', *, *, #3854, .F. ) ;
#1689 = EDGE_LOOP ( 'NONE', ( #3199, #1540 ) ) ;
#1690 = CARTESIAN_POINT ( 'NONE',  ( 0.000000000000000000, 2.000000000000000000, -9.500000000000000000 ) ) ;
#1691 = CARTESIAN_POINT ( 'NONE',  ( -4.926207763905032344, 7.175628122404070552, 18.35062572352892118 ) ) ;
#1692 = CARTESIAN_POINT ( 'NONE',  ( -15.38376458595584495, 8.840670610417101116, 17.40357902242197241 ) ) ;
#1693 = CARTESIAN_POINT ( 'NONE',  ( 1.959434878635764984E-16, 0.000000000000000000, -7.899999999999999467 ) ) ;
#1694 = CARTESIAN_POINT ( 'NONE',  ( -14.49991690843946479, 0.000000000000000000, 6.751406069778052021 ) ) ;
#1695 = CARTESIAN_POINT ( 'NONE',  ( -2.738520508442861878, 14.13260318641390079, 18.80160912930025674 ) ) ;
#1696 = VERTEX_POINT ( 'NONE', #3112 ) ;
#1697 = ORIENTED_EDGE ( 'NONE', *, *, #2126, .T. ) ;
#1698 = EDGE_LOOP ( 'NONE', ( #136, #1207 ) ) ;
#1699 = EDGE_CURVE ( 'NONE', #209, #1940, #2039, .T. ) ;
#1700 = CARTESIAN_POINT ( 'NONE',  ( -16.88729737974211886, 8.117123017614831681, 12.58765631519649020 ) ) ;
#1701 = CARTESIAN_POINT ( 'NONE',  ( -10.53820382404440359, 1.544774820948407568, 15.81278225524232539 ) ) ;
#1702 = CARTESIAN_POINT ( 'NONE',  ( -18.56423871737728248, 6.216924436541105159, 13.92247059035970302 ) ) ;
#1703 = AXIS2_PLACEMENT_3D ( 'NONE', #161, #2552, #1364 ) ;
#1704 = ADVANCED_FACE ( 'NONE', ( #1811 ), #1830, .T. ) ;
#1705 = CARTESIAN_POINT ( 'NONE',  ( 1.980455856127634862, 0.000000000000000000, 6.527361502543531202 ) ) ;
#1706 = CARTESIAN_POINT ( 'NONE',  ( -5.590052615769631559E-64, 0.000000000000000000, 9.500000000000000000 ) ) ;
#1707 = CARTESIAN_POINT ( 'NONE',  ( -16.66033629201709587, 2.144680224043820083, 9.134179009046372144 ) ) ;
#1708 = FACE_BOUND ( 'NONE', #1046, .T. ) ;
#1709 = VERTEX_POINT ( 'NONE', #2116 ) ;
#1710 = LINE ( 'NONE', #246, #625 ) ;
#1711 = CARTESIAN_POINT ( 'NONE',  ( -1.600300296026362146, 0.3999999999999975797, -6.711585498657679061 ) ) ;
#1712 = AXIS2_PLACEMENT_3D ( 'NONE', #3289, #2990, #2686 ) ;
#1713 = CARTESIAN_POINT ( 'NONE',  ( -13.09573325593817295, 3.004058685713114407, 14.99488581582880364 ) ) ;
#1714 = CARTESIAN_POINT ( 'NONE',  ( -18.02113447013847392, 10.82120298015680504, 15.90433614353733205 ) ) ;
#1715 = AXIS2_PLACEMENT_3D ( 'NONE', #2068, #850, #863 ) ;
#1716 = CARTESIAN_POINT ( 'NONE',  ( 0.000000000000000000, 16.00000000000000000, 0.5000000000000002220 ) ) ;
#1717 = CIRCLE ( 'NONE', #1324, 1.000000000000000888 ) ;
#1718 = CARTESIAN_POINT ( 'NONE',  ( -16.50459127094148570, 9.715157662916574566, 7.183237228258954943 ) ) ;
#1719 = AXIS2_PLACEMENT_3D ( 'NONE', #2432, #2982, #3926 ) ;
#1720 = CARTESIAN_POINT ( 'NONE',  ( -10.53940318028608303, 6.471913224849377144, 14.75012882446460694 ) ) ;
#1721 = VERTEX_POINT ( 'NONE', #3331 ) ;
#1722 = CARTESIAN_POINT ( 'NONE',  ( -16.77182932278665461, 7.900436793208979402, 12.59962936245144860 ) ) ;
#1723 = CARTESIAN_POINT ( 'NONE',  ( -13.50430347057359270, 12.68689977907675193, 19.58844915221970595 ) ) ;
#1724 = EDGE_CURVE ( 'NONE', #2040, #2966, #2407, .T. ) ;
#1725 = CARTESIAN_POINT ( 'NONE',  ( -16.90840380949715183, 5.569647579903471701, 15.01408090978001120 ) ) ;
#1726 = CARTESIAN_POINT ( 'NONE',  ( 1.605261422932909854, 0.3999999999999975797, 6.694530598271875910 ) ) ;
#1727 = CARTESIAN_POINT ( 'NONE',  ( 0.000000000000000000, 14.20000000000000107, 0.000000000000000000 ) ) ;
#1728 = EDGE_CURVE ( 'NONE', #2214, #2857, #2744, .T. ) ;
#1729 = ORIENTED_EDGE ( 'NONE', *, *, #1724, .T. ) ;
#1730 = CARTESIAN_POINT ( 'NONE',  ( -14.49991690843946479, 0.000000000000000000, 5.751406069778051133 ) ) ;
#1731 = CARTESIAN_POINT ( 'NONE',  ( -4.805254285376420853, 7.350245127373282727, 18.38249394936725878 ) ) ;
#1732 = CARTESIAN_POINT ( 'NONE',  ( -13.79321287408226304, 8.681374275455073786, 18.82136728966963446 ) ) ;
#1733 = CARTESIAN_POINT ( 'NONE',  ( -18.00156485243889648, 10.58403143324992790, 15.88281278485043480 ) ) ;
#1734 = LINE ( 'NONE', #1123, #1127 ) ;
#1735 = CARTESIAN_POINT ( 'NONE',  ( -3.014459253246068116, 0.000000000000000000, 5.858477420988190687 ) ) ;
#1736 = CARTESIAN_POINT ( 'NONE',  ( 2.687524410044964451, 0.3999999999999975797, 6.114061669759728090 ) ) ;
#1737 = CARTESIAN_POINT ( 'NONE',  ( -7.977008925308282095, 5.800374852728662489, 16.13630559602355063 ) ) ;
#1738 = CARTESIAN_POINT ( 'NONE',  ( -17.40236211885796536, 9.219891416869657519, 12.69038432878547518 ) ) ;
#1739 = CARTESIAN_POINT ( 'NONE',  ( -10.26707496925084051, 1.625176117242769447, 15.99046130725013271 ) ) ;
#1740 = CYLINDRICAL_SURFACE ( 'NONE', #3317, 1.599999999999999867 ) ;
#1741 = CYLINDRICAL_SURFACE ( 'NONE', #235, 19.00000000000000000 ) ;
#1742 = EDGE_CURVE ( 'NONE', #963, #2232, #3595, .T. ) ;
#1743 = FACE_OUTER_BOUND ( 'NONE', #996, .T. ) ;
#1744 = CARTESIAN_POINT ( 'NONE',  ( -15.36454458159094116, 1.412894448027895766, 11.17724361262077437 ) ) ;
#1745 = CARTESIAN_POINT ( 'NONE',  ( -13.30887684386081382, 11.96206087164014242, 19.52056063360643634 ) ) ;
#1746 = VERTEX_POINT ( 'NONE', #1626 ) ;
#1747 = EDGE_LOOP ( 'NONE', ( #2425, #3752, #1794, #319 ) ) ;
#1748 = CARTESIAN_POINT ( 'NONE',  ( -17.36159453115814344, 9.481848082655597310, 8.821745683691096573 ) ) ;
#1749 = ORIENTED_EDGE ( 'NONE', *, *, #3077, .F. ) ;
#1750 = EDGE_CURVE ( 'NONE', #2232, #1834, #2882, .T. ) ;
#1751 = CARTESIAN_POINT ( 'NONE',  ( -13.51313245890026948, 12.85174544759923343, 19.59114900168102125 ) ) ;
#1752 = CARTESIAN_POINT ( 'NONE',  ( -17.88015984039156692, 11.05981013849609873, 12.95483935085820626 ) ) ;
#1753 = LINE ( 'NONE', #2389, #3188 ) ;
#1754 = CARTESIAN_POINT ( 'NONE',  ( 0.4220155761222837976, 0.000000000000000000, -6.998798951632182686 ) ) ;
#1755 = LINE ( 'NONE', #2976, #2282 ) ;
#1756 = CARTESIAN_POINT ( 'NONE',  ( 0.000000000000000000, 24.60000000000000142, 0.5000000000000013323 ) ) ;
#1757 = VERTEX_POINT ( 'NONE', #135 ) ;
#1758 = CARTESIAN_POINT ( 'NONE',  ( -11.07739995273936451, 5.591495890170338434, 14.25021960838422430 ) ) ;
#1759 = CARTESIAN_POINT ( 'NONE',  ( -18.00302595085234003, 14.20000808203296394, 8.221283850752085343 ) ) ;
#1760 = CARTESIAN_POINT ( 'NONE',  ( -17.88446629336046811, 10.83524521437539256, 12.96035121959199188 ) ) ;
#1761 = CARTESIAN_POINT ( 'NONE',  ( -8.515543404518913562, 10.73561903674512941, 17.61919136760687365 ) ) ;
#1762 = LINE ( 'NONE', #872, #430 ) ;
#1763 = CARTESIAN_POINT ( 'NONE',  ( -8.000000000000000000, 2.000000000000000000, 0.000000000000000000 ) ) ;
#1764 = CARTESIAN_POINT ( 'NONE',  ( -16.66239992487233934, 2.146868363368549470, 9.130414922182815474 ) ) ;
#1765 = CARTESIAN_POINT ( 'NONE',  ( -14.70155172920241959, 8.896051148567053701, 19.66137978912191997 ) ) ;
#1766 = AXIS2_PLACEMENT_3D ( 'NONE', #3730, #1337, #384 ) ;
#1767 = EDGE_LOOP ( 'NONE', ( #3903, #3463 ) ) ;
#1768 = CARTESIAN_POINT ( 'NONE',  ( -17.93509057772969228, 5.060583930509015893, 6.272840705079118173 ) ) ;
#1769 = CARTESIAN_POINT ( 'NONE',  ( -0.8213959819313687571, 0.3999999999999975797, 6.924930299119502308 ) ) ;
#1770 = FACE_BOUND ( 'NONE', #3799, .T. ) ;
#1771 = CARTESIAN_POINT ( 'NONE',  ( -19.58623766073685246, 11.08364215356639093, 14.35488783621738307 ) ) ;
#1772 = VERTEX_POINT ( 'NONE', #422 ) ;
#1773 = EDGE_CURVE ( 'NONE', #1233, #3382, #2545, .T. ) ;
#1774 = CARTESIAN_POINT ( 'NONE',  ( 3.465891816929385083, 0.000000000000000000, -5.421780720147950206 ) ) ;
#1775 = CARTESIAN_POINT ( 'NONE',  ( -4.635325236812398053, 0.000000000000000000, 3.753140858476881281 ) ) ;
#1776 = CYLINDRICAL_SURFACE ( 'NONE', #1452, 2.500000631318421540 ) ;
#1777 = CARTESIAN_POINT ( 'NONE',  ( -8.247083370836172378, 13.99134868878675775, 17.98082409607503962 ) ) ;
#1778 = VECTOR ( 'NONE', #1294, 1000.000000000000000 ) ;
#1779 = CARTESIAN_POINT ( 'NONE',  ( -12.98640931090533712, 6.919295204439190883, 16.06003033654413414 ) ) ;
#1780 = AXIS2_PLACEMENT_3D ( 'NONE', #3783, #3744, #3801 ) ;
#1781 = CARTESIAN_POINT ( 'NONE',  ( -12.59913576507597455, 6.891347898605171274, 18.11544422483705929 ) ) ;
#1782 = FACE_OUTER_BOUND ( 'NONE', #2294, .T. ) ;
#1783 = AXIS2_PLACEMENT_3D ( 'NONE', #3936, #2154, #2118 ) ;
#1784 = CARTESIAN_POINT ( 'NONE',  ( 8.000000000000000000, 2.000000000000000000, -2.500000631318421096 ) ) ;
#1785 = CARTESIAN_POINT ( 'NONE',  ( -12.53512771841963414, 3.896293097750023193, 16.18999588717768034 ) ) ;
#1786 = DIRECTION ( 'NONE',  ( 0.000000000000000000, 1.000000000000000000, 0.000000000000000000 ) ) ;
#1787 = ORIENTED_EDGE ( 'NONE', *, *, #45, .F. ) ;
#1788 = CARTESIAN_POINT ( 'NONE',  ( -16.19302432903978683, 3.880900108515138669, 12.52075910768811973 ) ) ;
#1789 = CARTESIAN_POINT ( 'NONE',  ( -5.038453937012159933, 0.3999999999999975797, -2.820314126744672301 ) ) ;
#1790 =( BOUNDED_CURVE ( )  B_SPLINE_CURVE ( 2, ( #878, #530, #1751 ),
 .UNSPECIFIED., .F., .T. ) 
 B_SPLINE_CURVE_WITH_KNOTS ( ( 3, 3 ),
 ( 0.000000000000000000, 1.000000000000000000 ),
 .UNSPECIFIED. ) 
 CURVE ( )  GEOMETRIC_REPRESENTATION_ITEM ( )  RATIONAL_B_SPLINE_CURVE ( ( 1.000000000000000000, 0.9551439704255346719, 1.000000000000000000 ) ) 
 REPRESENTATION_ITEM ( '' )  );
#1791 = CARTESIAN_POINT ( 'NONE',  ( -13.14571180096251091, 11.08365289709020374, 18.10812060213919139 ) ) ;
#1792 = DIRECTION ( 'NONE',  ( 0.000000000000000000, 0.000000000000000000, 1.000000000000000000 ) ) ;
#1793 = DIRECTION ( 'NONE',  ( -0.7071067811865462405, 0.000000000000000000, -0.7071067811865489050 ) ) ;
#1794 = ORIENTED_EDGE ( 'NONE', *, *, #691, .F. ) ;
#1795 = FACE_BOUND ( 'NONE', #1043, .T. ) ;
#1796 = CARTESIAN_POINT ( 'NONE',  ( 3.015824843776317543, 0.000000000000000000, 5.856945636244857312 ) ) ;
#1797 = CARTESIAN_POINT ( 'NONE',  ( -3.605869825397647332, 0.000000000000000000, -5.287272842732679834 ) ) ;
#1798 = ADVANCED_FACE ( 'NONE', ( #1037 ), #3138, .F. ) ;
#1799 = DIRECTION ( 'NONE',  ( 0.000000000000000000, 0.000000000000000000, 1.000000000000000000 ) ) ;
#1800 = ORIENTED_EDGE ( 'NONE', *, *, #981, .F. ) ;
#1801 = CARTESIAN_POINT ( 'NONE',  ( -12.86172270674777529, 7.093079108242807074, 16.22569900949874366 ) ) ;
#1802 = CARTESIAN_POINT ( 'NONE',  ( -18.00302522481353407, 14.13260235060592507, 8.221284694436485907 ) ) ;
#1803 = DIRECTION ( 'NONE',  ( 0.000000000000000000, 0.000000000000000000, 1.000000000000000000 ) ) ;
#1804 = ADVANCED_FACE ( 'NONE', ( #999 ), #720, .F. ) ;
#1805 = CARTESIAN_POINT ( 'NONE',  ( -1.237604307034019469, 15.60000000000000142, -7.903691262898044911 ) ) ;
#1806 = EDGE_LOOP ( 'NONE', ( #2444, #2726, #289, #3451 ) ) ;
#1807 = CARTESIAN_POINT ( 'NONE',  ( -19.54837245100696208, 11.97049358103326533, 13.44087609503939795 ) ) ;
#1808 = CARTESIAN_POINT ( 'NONE',  ( -0.4157758589054963427, 0.3999999999999975797, 6.984494531381684190 ) ) ;
#1809 = VERTEX_POINT ( 'NONE', #1381 ) ;
#1810 = CARTESIAN_POINT ( 'NONE',  ( -7.903691262898045800, 24.60000000000000142, 2.837604307034014894 ) ) ;
#1811 = FACE_OUTER_BOUND ( 'NONE', #2878, .T. ) ;
#1812 = EDGE_LOOP ( 'NONE', ( #3175, #2594, #3813, #2972 ) ) ;
#1813 =( BOUNDED_SURFACE ( )  B_SPLINE_SURFACE ( 3, 2, ( 
 ( #944, #1917, #101 ),
 ( #83, #3097, #1243 ),
 ( #3755, #2548, #3774 ),
 ( #3419, #1877, #2213 ),
 ( #1857, #1003, #1285 ),
 ( #1305, #982, #3396 ),
 ( #1939, #966, #3737 ),
 ( #663, #2234, #3440 ),
 ( #3462, #1897, #3158 ),
 ( #327, #345, #3079 ),
 ( #1022, #408, #3117 ),
 ( #42, #2850, #2770 ),
 ( #2464, #3695, #2792 ),
 ( #64, #1269, #1100 ),
 ( #3793, #3556, #2042 ),
 ( #1342, #3814, #159 ),
 ( #747, #428, #450 ),
 ( #215, #139, #2633 ),
 ( #1362, #1981, #3200 ),
 ( #810, #1041, #468 ),
 ( #2612, #1064, #3258 ),
 ( #1692, #1732, #488 ),
 ( #2910, #789, #2568 ),
 ( #2955, #1651, #1426 ),
 ( #1386, #2020, #2890 ),
 ( #2872, #2274, #3234 ),
 ( #2649, #3876, #2330 ),
 ( #3497, #3479, #1671 ),
 ( #512, #2295, #1410 ),
 ( #1121, #3178, #2588 ) ),
 .UNSPECIFIED., .F., .F., .F. ) 
 B_SPLINE_SURFACE_WITH_KNOTS ( ( 4, 2, 2, 2, 2, 2, 2, 2, 2, 2, 2, 2, 2, 2, 4 ),
 ( 3, 3 ),
 ( -1.291507930224408685E-06, 2.597065214359620018E-06, 6.485638358943648720E-06, 1.426278464811170613E-05, 2.981707722644782093E-05, 6.092566238312005055E-05, 0.0001231428326964645098, 0.0002475771733231534283, 0.0004964458545765312652, 0.0007453145358299090480, 0.0009941832170832869391, 0.001491920579590042505, 0.001989657942096798287, 0.002985132667110309418, 0.003980607392123820983 ),
 ( 0.000000000000000000, 0.9608704814641236824 ),
 .UNSPECIFIED. ) 
 GEOMETRIC_REPRESENTATION_ITEM ( )  RATIONAL_B_SPLINE_SURFACE ( (
 ( 1.000000000000000000, 0.6626246186387078074, 0.9735973275229499180),
 ( 1.000000000000000000, 0.6626179148218553916, 0.9735968028886983205),
 ( 1.000000000000000000, 0.6626427771008621681, 0.9735987485867128033),
 ( 1.000000000000000000, 0.6626789463710702766, 0.9736015791589709423),
 ( 1.000000000000000000, 0.6626970245312654439, 0.9736029939383799015),
 ( 1.000000000000000000, 0.6627512363027632247, 0.9736072364994152739),
 ( 1.000000000000000000, 0.6627873475270569248, 0.9736100625290557975),
 ( 1.000000000000000000, 0.6628955688866701168, 0.9736185318284499290),
 ( 1.000000000000000000, 0.6629675667541785611, 0.9736241663122322532),
 ( 1.000000000000000000, 0.6631829595050136028, 0.9736410227415048801),
 ( 1.000000000000000000, 0.6633257465284605470, 0.9736521971164662226),
 ( 1.000000000000000000, 0.6637508060344641247, 0.9736854618641042070),
 ( 1.000000000000000000, 0.6640297013177268726, 0.9737072879404161663),
 ( 1.000000000000000000, 0.6648497786695813927, 0.9737714664042966817),
 ( 1.000000000000000000, 0.6653740878139888792, 0.9738124983330658235),
 ( 1.000000000000000000, 0.6668831466272053810, 0.9739305958226729398),
 ( 1.000000000000000000, 0.6678115716969588167, 0.9740032534746250192),
 ( 1.000000000000000000, 0.6695282717788964000, 0.9741376007699784623),
 ( 1.000000000000000000, 0.6703208098463168119, 0.9741996240359774850),
 ( 1.000000000000000000, 0.6718301994396380650, 0.9743177474121169634),
 ( 1.000000000000000000, 0.6725463910303287607, 0.9743737958763633022),
 ( 1.000000000000000000, 0.6746241026719759226, 0.9745363955887513807),
 ( 1.000000000000000000, 0.6759126561326554983, 0.9746372365417996786),
 ( 1.000000000000000000, 0.6783619787141671464, 0.9748289181685069194),
 ( 1.000000000000000000, 0.6795295472265426850, 0.9749202909560006347),
 ( 1.000000000000000000, 0.6829408207665970121, 0.9751872539384336402),
 ( 1.000000000000000000, 0.6851079971694263859, 0.9753568550768836332),
 ( 1.000000000000000000, 0.6892697993882955787, 0.9756825537110155322),
 ( 1.000000000000000000, 0.6912573583495634777, 0.9758380981614476202),
 ( 1.000000000000000000, 0.6931751599515709739, 0.9759881834681154444) ) ) 
 REPRESENTATION_ITEM ( '' )  SURFACE ( )  );
#1814 = CARTESIAN_POINT ( 'NONE',  ( -12.94056816888297945, 2.223194143317235749, 12.52546013495278920 ) ) ;
#1815 = FACE_OUTER_BOUND ( 'NONE', #775, .T. ) ;
#1816 = CARTESIAN_POINT ( 'NONE',  ( -4.334574510547136050, 0.000000000000000000, 4.293034366861077977 ) ) ;
#1817 = CARTESIAN_POINT ( 'NONE',  ( -2.800466942032489470, 12.85174544759926007, 18.79248213798760148 ) ) ;
#1818 = ORIENTED_EDGE ( 'NONE', *, *, #1278, .T. ) ;
#1819 = CARTESIAN_POINT ( 'NONE',  ( -7.507723457457165850, 7.301859324664807360, 16.35969063230082554 ) ) ;
#1820 = CARTESIAN_POINT ( 'NONE',  ( 5.041396748983368425, 0.3999999999999975797, 2.811908068815244910 ) ) ;
#1821 = EDGE_CURVE ( 'NONE', #2261, #2706, #3170, .T. ) ;
#1822 = CARTESIAN_POINT ( 'NONE',  ( -5.590052615769631559E-64, 9.071069597503624848, 9.500000000000000000 ) ) ;
#1823 = EDGE_CURVE ( 'NONE', #3382, #1834, #2797, .T. ) ;
#1824 = VERTEX_POINT ( 'NONE', #2985 ) ;
#1825 = CARTESIAN_POINT ( 'NONE',  ( -17.54853074903601851, 10.35545181232081191, 8.598405077682384601 ) ) ;
#1826 = CARTESIAN_POINT ( 'NONE',  ( -1.603745922614672192, 0.3999999999999975797, 6.695181370814618838 ) ) ;
#1827 = ORIENTED_EDGE ( 'NONE', *, *, #3785, .T. ) ;
#1828 = CARTESIAN_POINT ( 'NONE',  ( -12.44599405919345614, 5.219410151327370073, 17.21285036968072291 ) ) ;
#1829 = VECTOR ( 'NONE', #2298, 1000.000000000000000 ) ;
#1830 = PLANE ( 'NONE',  #1973 ) ;
#1831 = DIRECTION ( 'NONE',  ( 0.000000000000000000, 0.000000000000000000, 1.000000000000000000 ) ) ;
#1832 = AXIS2_PLACEMENT_3D ( 'NONE', #3668, #3374, #316 ) ;
#1833 = LINE ( 'NONE', #24, #2596 ) ;
#1834 = VERTEX_POINT ( 'NONE', #565 ) ;
#1835 = CARTESIAN_POINT ( 'NONE',  ( -5.590052615769631559E-64, 2.000000000000000000, 9.500000000000000000 ) ) ;
#1836 = AXIS2_PLACEMENT_3D ( 'NONE', #757, #1658, #251 ) ;
#1837 = CARTESIAN_POINT ( 'NONE',  ( -12.09002027701891535, 2.206660268064493557, 13.33534437880294909 ) ) ;
#1838 = AXIS2_PLACEMENT_3D ( 'NONE', #416, #93, #459 ) ;
#1839 = FILL_AREA_STYLE ('',( #3700 ) ) ;
#1840 = PRODUCT_DEFINITION_FORMATION_WITH_SPECIFIED_SOURCE ( 'ANY', '', #3363, .NOT_KNOWN. ) ;
#1841 = AXIS2_PLACEMENT_3D ( 'NONE', #108, #3106, #1032 ) ;
#1842 = CARTESIAN_POINT ( 'NONE',  ( -15.48647743966165891, 6.566920793769448039, 13.48255671629550712 ) ) ;
#1843 = CYLINDRICAL_SURFACE ( 'NONE', #2403, 18.00000000000000000 ) ;
#1844 = CIRCLE ( 'NONE', #2411, 1.600000000000000089 ) ;
#1845 = EDGE_CURVE ( 'NONE', #1395, #2637, #1095, .T. ) ;
#1846 = VERTEX_POINT ( 'NONE', #2367 ) ;
#1847 = CARTESIAN_POINT ( 'NONE',  ( -17.88156106656710875, 12.57455546651279299, 8.258146767857606818 ) ) ;
#1848 = CARTESIAN_POINT ( 'NONE',  ( -5.500086315106962331, 0.000000000000000000, 0.4067895847964239642 ) ) ;
#1849 = EDGE_LOOP ( 'NONE', ( #2851, #1174, #2930, #2453, #2009 ) ) ;
#1850 = CARTESIAN_POINT ( 'NONE',  ( 0.000000000000000000, 14.20000000000000107, 0.000000000000000000 ) ) ;
#1851 = EDGE_CURVE ( 'NONE', #2868, #1654, #3444, .T. ) ;
#1852 = CARTESIAN_POINT ( 'NONE',  ( -18.41208861447594813, 7.640108090365850479, 4.689916028281071014 ) ) ;
#1853 = CARTESIAN_POINT ( 'NONE',  ( -17.87244079426553967, 7.502238659787987984, 13.10069623556172580 ) ) ;
#1854 = VERTEX_POINT ( 'NONE', #3304 ) ;
#1855 = DIRECTION ( 'NONE',  ( 0.000000000000000000, -0.000000000000000000, -1.000000000000000000 ) ) ;
#1856 = LINE ( 'NONE', #1551, #1515 ) ;
#1857 = CARTESIAN_POINT ( 'NONE',  ( -15.91496319739956888, 11.06486624898902349, 18.02609155448940825 ) ) ;
#1858 = EDGE_LOOP ( 'NONE', ( #456, #2563, #158 ) ) ;
#1859 = CARTESIAN_POINT ( 'NONE',  ( -12.96814841693967146, 11.08365289708994617, 17.89623364242535430 ) ) ;
#1860 = CARTESIAN_POINT ( 'NONE',  ( 3.172355075874639052, 0.000000000000000000, -5.706356925943670610 ) ) ;
#1861 =( NAMED_UNIT ( * ) PLANE_ANGLE_UNIT ( ) SI_UNIT ( $, .RADIAN. ) );
#1862 = CARTESIAN_POINT ( 'NONE',  ( -0.4047432778977798074, 0.3999999999999976352, -6.985441276771562791 ) ) ;
#1863 = DIRECTION ( 'NONE',  ( 0.000000000000000000, 0.000000000000000000, 1.000000000000000000 ) ) ;
#1864 = CARTESIAN_POINT ( 'NONE',  ( -15.64200530107263631, 4.077784185139479156, 8.913034399368916283 ) ) ;
#1865 = CARTESIAN_POINT ( 'NONE',  ( -2.800466942032490358, 12.85174544759920501, 18.79248213798760148 ) ) ;
#1866 = CARTESIAN_POINT ( 'NONE',  ( -13.33534437880450518, 2.206660268064801755, 12.09002027701719939 ) ) ;
#1867 = CARTESIAN_POINT ( 'NONE',  ( -18.22681440067798775, 7.127881036931287717, 12.63143364226912269 ) ) ;
#1868 = ADVANCED_FACE ( 'NONE', ( #1708, #312 ), #1437, .T. ) ;
#1869 = DIRECTION ( 'NONE',  ( 1.000000000000000000, 0.000000000000000000, 0.000000000000000000 ) ) ;
#1870 = CARTESIAN_POINT ( 'NONE',  ( -18.42182381891064935, 7.700065726152001133, 4.651495774794800475 ) ) ;
#1871 = CARTESIAN_POINT ( 'NONE',  ( -17.41999156864131848, 9.816739846343756071, 12.62140343842179746 ) ) ;
#1872 = ORIENTED_EDGE ( 'NONE', *, *, #3928, .F. ) ;
#1873 = CARTESIAN_POINT ( 'NONE',  ( -12.51185061820576827, 5.090707742596408458, 12.95570107008298066 ) ) ;
#1874 = ADVANCED_FACE ( 'NONE', ( #3229 ), #3429, .T. ) ;
#1875 = DIRECTION ( 'NONE',  ( 0.000000000000000000, 0.000000000000000000, 1.000000000000000000 ) ) ;
#1876 = CARTESIAN_POINT ( 'NONE',  ( 0.000000000000000000, 25.60000000000000142, 0.000000000000000000 ) ) ;
#1877 = CARTESIAN_POINT ( 'NONE',  ( -14.35465476043402688, 11.06760296090767071, 19.58596452088932693 ) ) ;
#1878 = ORIENTED_EDGE ( 'NONE', *, *, #1424, .F. ) ;
#1879 = CARTESIAN_POINT ( 'NONE',  ( 1.622903583116148685, 0.3999999999999975797, -6.703092606365963491 ) ) ;
#1880 = CARTESIAN_POINT ( 'NONE',  ( -13.32326631501105219, 11.13349845078297307, 19.43715119590483908 ) ) ;
#1881 = CARTESIAN_POINT ( 'NONE',  ( -16.51173338729729423, 13.40000000000000036, 18.84360567203007619 ) ) ;
#1882 = CARTESIAN_POINT ( 'NONE',  ( -15.34430486085666168, 6.370291702121834376, 17.36135495916607141 ) ) ;
#1883 = ORIENTED_EDGE ( 'NONE', *, *, #2714, .T. ) ;
#1884 = CARTESIAN_POINT ( 'NONE',  ( -13.62638746017401914, 2.194470908509566165, 11.76899850615142995 ) ) ;
#1885 = FACE_OUTER_BOUND ( 'NONE', #3704, .T. ) ;
#1886 = CARTESIAN_POINT ( 'NONE',  ( 0.000000000000000000, 9.071069597503624848, -9.500000000000000000 ) ) ;
#1887 = CARTESIAN_POINT ( 'NONE',  ( -11.64021872427174031, 1.335257730593832015, 15.02796163137439400 ) ) ;
#1888 = CARTESIAN_POINT ( 'NONE',  ( -19.02831456003169563, 9.400256289015622713, 12.97056104778942398 ) ) ;
#1889 = CARTESIAN_POINT ( 'NONE',  ( -8.000000000000000000, 9.071069597503624848, -1.600000000000000089 ) ) ;
#1890 = ORIENTED_EDGE ( 'NONE', *, *, #3565, .T. ) ;
#1891 = DIRECTION ( 'NONE',  ( 0.000000000000000000, 1.000000000000000000, 0.000000000000000000 ) ) ;
#1892 = CARTESIAN_POINT ( 'NONE',  ( -18.25991236339685386, 6.707645112124739128, 5.251250545271579639 ) ) ;
#1893 = CARTESIAN_POINT ( 'NONE',  ( -15.49545170024830476, 6.712240262203559737, 13.88717098660338856 ) ) ;
#1894 = VERTEX_POINT ( 'NONE', #3163 ) ;
#1895 = CARTESIAN_POINT ( 'NONE',  ( -5.270170156554707219, 0.3999999999999975797, 2.031761385979870660 ) ) ;
#1896 = AXIS2_PLACEMENT_3D ( 'NONE', #977, #1327, #1044 ) ;
#1897 = CARTESIAN_POINT ( 'NONE',  ( -14.35278601031921220, 10.99056195868481112, 19.58364280382104994 ) ) ;
#1898 = EDGE_CURVE ( 'NONE', #1139, #847, #2240, .T. ) ;
#1899 = ORIENTED_EDGE ( 'NONE', *, *, #3036, .T. ) ;
#1900 = CARTESIAN_POINT ( 'NONE',  ( 3.870238625396473342, 0.3999999999999975797, -4.958462514997507675 ) ) ;
#1901 = AXIS2_PLACEMENT_3D ( 'NONE', #2105, #2675, #1799 ) ;
#1902 = DIRECTION ( 'NONE',  ( -0.000000000000000000, -1.000000000000000000, -0.000000000000000000 ) ) ;
#1903 = ORIENTED_EDGE ( 'NONE', *, *, #3837, .T. ) ;
#1904 = CARTESIAN_POINT ( 'NONE',  ( -15.66186827207164889, 6.639305667360506646, 13.32631706746273181 ) ) ;
#1905 = VECTOR ( 'NONE', #598, 1000.000000000000000 ) ;
#1906 = CARTESIAN_POINT ( 'NONE',  ( -5.590052615769631559E-64, 9.071069597503624848, 9.500000000000000000 ) ) ;
#1907 = CARTESIAN_POINT ( 'NONE',  ( 18.99341991322257783, 25.60000000000000142, 0.5000000000000014433 ) ) ;
#1908 = LINE ( 'NONE', #1050, #815 ) ;
#1909 = CIRCLE ( 'NONE', #493, 1.600000000000001865 ) ;
#1910 = CARTESIAN_POINT ( 'NONE',  ( -18.96528525432058743, 9.191537642799231023, 12.92819850107431101 ) ) ;
#1911 = CARTESIAN_POINT ( 'NONE',  ( -16.30036318210129664, 11.06579166200507558, 17.64076231485298507 ) ) ;
#1912 = CIRCLE ( 'NONE', #369, 1.600000000000001865 ) ;
#1913 = DIRECTION ( 'NONE',  ( 0.000000000000000000, 1.000000000000000000, 0.000000000000000000 ) ) ;
#1914 = CARTESIAN_POINT ( 'NONE',  ( -18.52865969101860699, 8.353617830934398469, 4.205802636000777639 ) ) ;
#1915 = ORIENTED_EDGE ( 'NONE', *, *, #399, .F. ) ;
#1916 = CARTESIAN_POINT ( 'NONE',  ( -5.356036206186737481, 0.3999999999999975797, 1.633174338866867359 ) ) ;
#1917 = CARTESIAN_POINT ( 'NONE',  ( -14.35488783528112045, 11.08365289709188772, 19.58623766167322700 ) ) ;
#1918 = ORIENTED_EDGE ( 'NONE', *, *, #3417, .F. ) ;
#1919 = EDGE_CURVE ( 'NONE', #2889, #2931, #3246, .T. ) ;
#1920 = CARTESIAN_POINT ( 'NONE',  ( 4.923326169898398774, 0.3999999999999975797, -3.212488541385532415 ) ) ;
#1921 =( BOUNDED_SURFACE ( )  B_SPLINE_SURFACE ( 3, 2, ( 
 ( #2712, #3939, #2123 ),
 ( #1493, #2941, #2048 ),
 ( #709, #1873, #1508 ),
 ( #3051, #61, #2707 ) ),
 .UNSPECIFIED., .F., .F., .T. ) 
 B_SPLINE_SURFACE_WITH_KNOTS ( ( 4, 4 ),
 ( 3, 3 ),
 ( 0.000000000000000000, 0.002250363743822623736 ),
 ( 0.000000000000000000, 1.000000000000000000 ),
 .UNSPECIFIED. ) 
 GEOMETRIC_REPRESENTATION_ITEM ( )  RATIONAL_B_SPLINE_SURFACE ( (
 ( 1.000000000000000000, 0.8662989203025723839, 1.000000000000000000),
 ( 1.000000000000000000, 0.8674805877642787211, 1.000000000000000000),
 ( 1.000000000000000000, 0.8674805877642992602, 1.000000000000000000),
 ( 1.000000000000000000, 0.8662989203025178719, 1.000000000000000000) ) ) 
 REPRESENTATION_ITEM ( '' )  SURFACE ( )  );
#1922 = DIRECTION ( 'NONE',  ( 0.000000000000000000, 0.000000000000000000, -1.000000000000000000 ) ) ;
#1923 = CARTESIAN_POINT ( 'NONE',  ( -11.89110557428245230, 5.995904582561338181, 17.40327465470650381 ) ) ;
#1924 = ORIENTED_EDGE ( 'NONE', *, *, #1401, .F. ) ;
#1925 = CARTESIAN_POINT ( 'NONE',  ( -16.06002970579068645, 6.919294612583948734, 12.98640981348787093 ) ) ;
#1926 = DIRECTION ( 'NONE',  ( 0.000000000000000000, 0.000000000000000000, 1.000000000000000000 ) ) ;
#1927 = EDGE_CURVE ( 'NONE', #1233, #1395, #3052, .T. ) ;
#1928 = CARTESIAN_POINT ( 'NONE',  ( -10.21786181455313347, 2.806340266575273912, 14.82041436973598358 ) ) ;
#1929 = CARTESIAN_POINT ( 'NONE',  ( -2.836958535098027756, 12.44692280689002040, 18.78704413893608205 ) ) ;
#1930 = CARTESIAN_POINT ( 'NONE',  ( -10.59094116045357303, 11.08365289709020374, 16.26908480770778453 ) ) ;
#1931 = CARTESIAN_POINT ( 'NONE',  ( 0.000000000000000000, 24.60000000000000142, 0.000000000000000000 ) ) ;
#1932 = DIRECTION ( 'NONE',  ( 0.000000000000000000, 0.000000000000000000, 1.000000000000000000 ) ) ;
#1933 = B_SPLINE_CURVE_WITH_KNOTS ( 'NONE', 3,
 ( #1583, #714, #397, #149, #1946, #1928, #1966, #2880, #2823, #2203, #1620, #1660, #1014, #1351, #673, #2578, #1333, #2840 ),
 .UNSPECIFIED., .F., .F.,
 ( 4, 2, 2, 2, 2, 2, 2, 2, 4 ),
 ( 0.000000000000000000, 0.001487292227058827770, 0.002230938340588239921, 0.002974584454117651638, 0.004461876681176475505, 0.005949168908235300673, 0.007436461135294125842, 0.008923753362352951010, 0.01189833781647060135 ),
 .UNSPECIFIED. ) ;
#1934 = FACE_OUTER_BOUND ( 'NONE', #1593, .T. ) ;
#1935 = CARTESIAN_POINT ( 'NONE',  ( 1.959434878635764984E-16, 0.000000000000000000, 11.09999999999999964 ) ) ;
#1936 = CARTESIAN_POINT ( 'NONE',  ( -19.51238407693432819, 11.67894103936233741, 13.40071558632801541 ) ) ;
#1937 = ORIENTED_EDGE ( 'NONE', *, *, #2334, .T. ) ;
#1938 = CARTESIAN_POINT ( 'NONE',  ( -4.224985372232108460, 0.3999999999999975797, 4.465888069864984544 ) ) ;
#1939 = CARTESIAN_POINT ( 'NONE',  ( -15.91449247732759353, 11.04322204867426471, 18.02627366910986950 ) ) ;
#1940 = VERTEX_POINT ( 'NONE', #125 ) ;
#1941 = CARTESIAN_POINT ( 'NONE',  ( 1.237604307034021467, 25.60000000000000142, 6.303691262898044378 ) ) ;
#1942 = CARTESIAN_POINT ( 'NONE',  ( -12.93420894041410918, 9.094331331728152890, 18.94452520431122622 ) ) ;
#1943 = CARTESIAN_POINT ( 'NONE',  ( -10.63411254866878686, 3.993012815029508999, 15.50100309944279964 ) ) ;
#1944 = ORIENTED_EDGE ( 'NONE', *, *, #3469, .T. ) ;
#1945 = CARTESIAN_POINT ( 'NONE',  ( -7.903691262898045800, 25.60000000000000142, 1.237604307034015250 ) ) ;
#1946 = CARTESIAN_POINT ( 'NONE',  ( -10.58062590015553184, 2.585074733818252923, 14.56364438294679076 ) ) ;
#1947 = CARTESIAN_POINT ( 'NONE',  ( -14.65529223944120041, 2.944293296568997853, 13.40191435810570475 ) ) ;
#1948 = EDGE_CURVE ( 'NONE', #1953, #2040, #1599, .T. ) ;
#1949 = DIRECTION ( 'NONE',  ( -0.000000000000000000, -1.000000000000000000, -0.000000000000000000 ) ) ;
#1950 = DIRECTION ( 'NONE',  ( 0.000000000000000000, 0.000000000000000000, -1.000000000000000000 ) ) ;
#1951 = CARTESIAN_POINT ( 'NONE',  ( -18.59756037822361918, 11.08364215356714944, 14.13699809693350851 ) ) ;
#1952 = CARTESIAN_POINT ( 'NONE',  ( -19.48067348754848993, 11.42788790521977660, 13.36679656499596014 ) ) ;
#1953 = VERTEX_POINT ( 'NONE', #3449 ) ;
#1954 = CARTESIAN_POINT ( 'NONE',  ( -2.691796311744655945, 0.3999999999999975797, 6.111063159519178001 ) ) ;
#1955 = CARTESIAN_POINT ( 'NONE',  ( -12.85460461250875852, 3.206418338859913675, 15.37554856916970714 ) ) ;
#1956 = CARTESIAN_POINT ( 'NONE',  ( -9.059819589119470606, 5.400000000000000355, 15.55376703607865707 ) ) ;
#1957 = ORIENTED_EDGE ( 'NONE', *, *, #26, .F. ) ;
#1958 = DIRECTION ( 'NONE',  ( -0.000000000000000000, -1.000000000000000000, -0.000000000000000000 ) ) ;
#1959 = CARTESIAN_POINT ( 'NONE',  ( -12.94534327999547685, 9.146043394300514606, 18.96098172700173734 ) ) ;
#1960 = B_SPLINE_CURVE_WITH_KNOTS ( 'NONE', 3,
 ( #1414, #3204, #2636, #3262, #3279, #3820, #2004, #1736, #218, #535, #1985, #2877, #1347, #1069, #3796, #454, #1045, #3502, #3220, #1676 ),
 .UNSPECIFIED., .F., .F.,
 ( 4, 2, 2, 2, 2, 2, 2, 2, 2, 4 ),
 ( 0.000000000000000000, 0.03124999999999990286, 0.04687499999999986122, 0.06249999999999981959, 0.09374999999999970857, 0.1249999999999995975, 0.1562499999999995004, 0.1874999999999994726, 0.2187499999999994171, 0.2498567275948674893 ),
 .UNSPECIFIED. ) ;
#1961 = CARTESIAN_POINT ( 'NONE',  ( -15.78564136906309834, 4.451345544507529617, 8.655468884071646940 ) ) ;
#1962 = EDGE_LOOP ( 'NONE', ( #1507, #2788, #2745, #1439 ) ) ;
#1963 = ORIENTED_EDGE ( 'NONE', *, *, #3360, .T. ) ;
#1964 = CARTESIAN_POINT ( 'NONE',  ( 3.996389805603262513, 0.000000000000000000, -4.793699164916830568 ) ) ;
#1965 = AXIS2_PLACEMENT_3D ( 'NONE', #943, #3395, #643 ) ;
#1966 = CARTESIAN_POINT ( 'NONE',  ( -10.04239735635635711, 2.932675810470490863, 14.93959271268168720 ) ) ;
#1967 = DIRECTION ( 'NONE',  ( 1.000000000000000000, 0.000000000000000000, 0.000000000000000000 ) ) ;
#1968 = AXIS2_PLACEMENT_3D ( 'NONE', #3674, #920, #2163 ) ;
#1969 = CARTESIAN_POINT ( 'NONE',  ( -19.85230817598178987, 9.616437979617131759, 14.83673210516489149 ) ) ;
#1970 = FACE_OUTER_BOUND ( 'NONE', #2183, .T. ) ;
#1971 = EDGE_CURVE ( 'NONE', #2570, #228, #2667, .T. ) ;
#1972 = AXIS2_PLACEMENT_3D ( 'NONE', #2243, #1603, #1292 ) ;
#1973 = AXIS2_PLACEMENT_3D ( 'NONE', #2419, #2135, #1178 ) ;
#1974 = CARTESIAN_POINT ( 'NONE',  ( -19.05016846250383367, 9.448473067471701015, 13.00167375888690557 ) ) ;
#1975 = ORIENTED_EDGE ( 'NONE', *, *, #1009, .T. ) ;
#1976 = FACE_OUTER_BOUND ( 'NONE', #1200, .T. ) ;
#1977 = CIRCLE ( 'NONE', #3629, 1.599999999999999867 ) ;
#1978 = EDGE_CURVE ( 'NONE', #1721, #445, #344, .T. ) ;
#1979 = CARTESIAN_POINT ( 'NONE',  ( -9.123792797676186339, 2.147030800064469336, 16.66602643921595117 ) ) ;
#1980 = ORIENTED_EDGE ( 'NONE', *, *, #1530, .T. ) ;
#1981 = CARTESIAN_POINT ( 'NONE',  ( -14.07765693353912972, 9.418880829218707618, 19.21031278938193054 ) ) ;
#1982 = AXIS2_PLACEMENT_3D ( 'NONE', #2547, #100, #3477 ) ;
#1983 = CARTESIAN_POINT ( 'NONE',  ( -5.499913291335847276, 0.3999999999999975797, -0.4105076079380310383 ) ) ;
#1984 = CARTESIAN_POINT ( 'NONE',  ( 0.4220155761222837976, 0.3999999999999975797, -6.998798951632182686 ) ) ;
#1985 = CARTESIAN_POINT ( 'NONE',  ( 3.871803458559933020, 0.3999999999999975797, 4.971425316501708380 ) ) ;
#1986 = CARTESIAN_POINT ( 'NONE',  ( -16.21490725056113291, 6.201474146586479996, 7.816694720415522823 ) ) ;
#1987 = ORIENTED_EDGE ( 'NONE', *, *, #2073, .F. ) ;
#1988 = CARTESIAN_POINT ( 'NONE',  ( 4.895465762364035633, 0.000000000000000000, 3.200321336784469395 ) ) ;
#1989 = CARTESIAN_POINT ( 'NONE',  ( -17.65808359478895184, 9.893454792273173481, 12.81887856303464979 ) ) ;
#1990 = CARTESIAN_POINT ( 'NONE',  ( -13.63800458337429511, 1.303725828040289914, 13.24087875242078738 ) ) ;
#1991 = CARTESIAN_POINT ( 'NONE',  ( -16.11036839810231669, 4.477637010468480838, 11.03339254879275089 ) ) ;
#1992 = PLANE ( 'NONE',  #1715 ) ;
#1993 = CYLINDRICAL_SURFACE ( 'NONE', #2592, 5.000000000000000000 ) ;
#1994 = CARTESIAN_POINT ( 'NONE',  ( -17.51465488828261030, 3.612916484375458648, 7.365190483153648771 ) ) ;
#1995 = CARTESIAN_POINT ( 'NONE',  ( -19.26489549644350774, 10.26556425030771535, 13.16603085766399595 ) ) ;
#1996 = ORIENTED_EDGE ( 'NONE', *, *, #1409, .T. ) ;
#1997 = ORIENTED_EDGE ( 'NONE', *, *, #1009, .F. ) ;
#1998 = CARTESIAN_POINT ( 'NONE',  ( -18.58978147802747927, 8.803150267703495402, 3.931215677992219604 ) ) ;
#1999 = FACE_OUTER_BOUND ( 'NONE', #2383, .T. ) ;
#2000 = CARTESIAN_POINT ( 'NONE',  ( 0.008185788717418205837, 0.3999999999999975797, -6.999994027575332289 ) ) ;
#2001 = CARTESIAN_POINT ( 'NONE',  ( -17.36617316309565595, 8.754623392211739130, 15.35330868511127811 ) ) ;
#2002 = ADVANCED_FACE ( 'NONE', ( #1252 ), #351, .T. ) ;
#2003 = FACE_OUTER_BOUND ( 'NONE', #3522, .T. ) ;
#2004 = CARTESIAN_POINT ( 'NONE',  ( 2.161655223903852896, 0.3999999999999975797, 6.432115343415471642 ) ) ;
#2005 = CARTESIAN_POINT ( 'NONE',  ( -17.77605515353379673, 4.411538826890655685, 6.713330371411118769 ) ) ;
#2006 = ORIENTED_EDGE ( 'NONE', *, *, #3464, .T. ) ;
#2007 = CARTESIAN_POINT ( 'NONE',  ( -16.13171388458148314, 5.743961622786264876, 7.988984293403794013 ) ) ;
#2008 = ORIENTED_EDGE ( 'NONE', *, *, #3039, .F. ) ;
#2009 = ORIENTED_EDGE ( 'NONE', *, *, #2405, .F. ) ;
#2010 = CARTESIAN_POINT ( 'NONE',  ( -18.79529138604733163, 13.07645895866301622, 2.781560093446173276 ) ) ;
#2011 = CARTESIAN_POINT ( 'NONE',  ( -13.51313245890031034, 12.85174544759870585, 19.59114900168103190 ) ) ;
#2012 = CARTESIAN_POINT ( 'NONE',  ( 0.000000000000000000, 16.00000000000000000, 0.000000000000000000 ) ) ;
#2013 = CARTESIAN_POINT ( 'NONE',  ( 5.500260400896212154, 0.000000000000000000, 0.4028858385959740440 ) ) ;
#2014 = CARTESIAN_POINT ( 'NONE',  ( -18.52400620324553415, 7.857732307927515869, 12.73642597379268437 ) ) ;
#2015 = ORIENTED_EDGE ( 'NONE', *, *, #1326, .F. ) ;
#2016 = CARTESIAN_POINT ( 'NONE',  ( -15.07279555449473918, 2.780354907036209688, 11.59127591457509965 ) ) ;
#2017 = CARTESIAN_POINT ( 'NONE',  ( -1.600300296026362146, 0.000000000000000000, -6.711585498657679061 ) ) ;
#2018 = ORIENTED_EDGE ( 'NONE', *, *, #1424, .T. ) ;
#2019 = CARTESIAN_POINT ( 'NONE',  ( -9.042231901208733547, 2.195071848503836520, 16.71045847057488842 ) ) ;
#2020 = CARTESIAN_POINT ( 'NONE',  ( -13.39885380595867836, 7.955903728597368385, 18.28115580104318028 ) ) ;
#2021 = CARTESIAN_POINT ( 'NONE',  ( -18.02568486031042738, 10.95015667181447050, 15.91142462060384943 ) ) ;
#2022 = CARTESIAN_POINT ( 'NONE',  ( 2.522674169099231367, 0.3999999999999975797, -6.213197923264572431 ) ) ;
#2023 = EDGE_CURVE ( 'NONE', #1283, #1579, #1466, .T. ) ;
#2024 = CARTESIAN_POINT ( 'NONE',  ( -16.99807234529320965, 8.337557036656994214, 12.59219652315482740 ) ) ;
#2025 = CARTESIAN_POINT ( 'NONE',  ( -12.69449327840076158, 7.447433664940617426, 16.49650279329655334 ) ) ;
#2026 = ORIENTED_EDGE ( 'NONE', *, *, #1821, .T. ) ;
#2027 = ORIENTED_EDGE ( 'NONE', *, *, #903, .F. ) ;
#2028 = CARTESIAN_POINT ( 'NONE',  ( -18.80113983484345397, 13.88542759848716202, 2.741741690135313547 ) ) ;
#2029 = CARTESIAN_POINT ( 'NONE',  ( -12.00054851410275170, 1.308902860855740924, 14.74226156391786624 ) ) ;
#2030 = EDGE_CURVE ( 'NONE', #2857, #482, #3916, .T. ) ;
#2031 = CARTESIAN_POINT ( 'NONE',  ( -16.66163495739772316, 5.038496029100424600, 11.39749888117052556 ) ) ;
#2032 = AXIS2_PLACEMENT_3D ( 'NONE', #724, #3216, #3523 ) ;
#2033 = CARTESIAN_POINT ( 'NONE',  ( 5.271493858025267265, 0.3999999999999975797, 2.026756045459324973 ) ) ;
#2034 = CARTESIAN_POINT ( 'NONE',  ( -15.14703112618142278, 1.370247769310795283, 11.47056571803312508 ) ) ;
#2035 = CARTESIAN_POINT ( 'NONE',  ( -15.36448302490363638, 3.155318104162496251, 12.82868270492322438 ) ) ;
#2036 = ORIENTED_EDGE ( 'NONE', *, *, #2571, .T. ) ;
#2037 = DIRECTION ( 'NONE',  ( 0.000000000000000000, 0.000000000000000000, 1.000000000000000000 ) ) ;
#2038 = CIRCLE ( 'NONE', #3118, 18.00000000000000000 ) ;
#2039 = CIRCLE ( 'NONE', #2729, 1.600000000000000755 ) ;
#2040 = VERTEX_POINT ( 'NONE', #2725 ) ;
#2041 = CARTESIAN_POINT ( 'NONE',  ( -4.570045992663358092, 7.701836409155303542, 18.44290893019728017 ) ) ;
#2042 = CARTESIAN_POINT ( 'NONE',  ( -12.94067392065101885, 10.85230244741918959, 17.86063925774764272 ) ) ;
#2043 = CARTESIAN_POINT ( 'NONE',  ( -13.86630115680211262, 3.497258137397815325, 15.31037536041040426 ) ) ;
#2044 = VECTOR ( 'NONE', #3189, 1000.000000000000000 ) ;
#2045 = CARTESIAN_POINT ( 'NONE',  ( -5.041145998447069232, 0.000000000000000000, 2.812271801941681026 ) ) ;
#2046 = VECTOR ( 'NONE', #1949, 1000.000000000000000 ) ;
#2047 = CARTESIAN_POINT ( 'NONE',  ( -16.13630451199313498, 5.800369438151854240, 7.977011119074341572 ) ) ;
#2048 = CARTESIAN_POINT ( 'NONE',  ( -12.94058816616958474, 2.223193305516152130, 12.52543807785965058 ) ) ;
#2049 = CARTESIAN_POINT ( 'NONE',  ( -13.03113547773028635, 6.869017302471323028, 16.00470424587768292 ) ) ;
#2050 = CARTESIAN_POINT ( 'NONE',  ( -17.98759515763899586, 14.15513137597045024, 8.239215103046195310 ) ) ;
#2051 = CARTESIAN_POINT ( 'NONE',  ( -6.005488208566556629, 5.537778061641263072, 18.02638983537728024 ) ) ;
#2052 = ADVANCED_FACE ( 'NONE', ( #3934 ), #267, .T. ) ;
#2053 = LINE ( 'NONE', #3582, #1576 ) ;
#2054 = LINE ( 'NONE', #3548, #189 ) ;
#2055 = CARTESIAN_POINT ( 'NONE',  ( -18.10812060286681913, 11.08364215356714588, 13.14571180178595888 ) ) ;
#2056 = CARTESIAN_POINT ( 'NONE',  ( -15.21740729753014243, 1.382068269396364180, 11.37719016849076503 ) ) ;
#2057 = CARTESIAN_POINT ( 'NONE',  ( -9.135870759084093962, 13.40000000000000036, 21.10772051817325590 ) ) ;
#2058 = EDGE_LOOP ( 'NONE', ( #2129, #2944 ) ) ;
#2059 = CARTESIAN_POINT ( 'NONE',  ( -17.28920928112291477, 9.121092588486074959, 8.905883736032318865 ) ) ;
#2060 = CARTESIAN_POINT ( 'NONE',  ( -3.605869825397647332, 0.3999999999999975797, -5.287272842732679834 ) ) ;
#2061 = CARTESIAN_POINT ( 'NONE',  ( -15.91527304245499508, 13.40000000000000036, 18.02585245449929019 ) ) ;
#2062 = CARTESIAN_POINT ( 'NONE',  ( -19.58525844938450788, 11.03839125263139209, 14.35407296079856820 ) ) ;
#2063 = CARTESIAN_POINT ( 'NONE',  ( 4.974937185533099715, 15.60000000000000142, 0.5000000000000002220 ) ) ;
#2064 = CARTESIAN_POINT ( 'NONE',  ( -5.269262392170986686, 0.000000000000000000, -2.035969662655130463 ) ) ;
#2065 = CARTESIAN_POINT ( 'NONE',  ( -17.89623940957766379, 10.87833469614039750, 12.96815324987068863 ) ) ;
#2066 = ORIENTED_EDGE ( 'NONE', *, *, #3390, .T. ) ;
#2067 = CARTESIAN_POINT ( 'NONE',  ( -12.61843444242510870, 7.809135708664776132, 16.71645692542056594 ) ) ;
#2068 = CARTESIAN_POINT ( 'NONE',  ( -17.67766952966367811, 13.40000000000000036, 17.67766952966369587 ) ) ;
#2069 = CARTESIAN_POINT ( 'NONE',  ( -17.10518676911173230, 8.553533235691478609, 12.59995625748378245 ) ) ;
#2070 = CARTESIAN_POINT ( 'NONE',  ( -5.387910424929172493, 6.547247731554719508, 18.22031470462535196 ) ) ;
#2071 = DIRECTION ( 'NONE',  ( -0.000000000000000000, -1.000000000000000000, -0.000000000000000000 ) ) ;
#2072 = CARTESIAN_POINT ( 'NONE',  ( -8.000000000000000000, 0.4000000000000000222, 0.000000000000000000 ) ) ;
#2073 = EDGE_CURVE ( 'NONE', #3382, #147, #1734, .T. ) ;
#2074 = CARTESIAN_POINT ( 'NONE',  ( -16.58927888823489738, 2.071715872917192058, 9.262799104799363192 ) ) ;
#2075 = DIRECTION ( 'NONE',  ( 0.000000000000000000, 1.000000000000000000, 0.000000000000000000 ) ) ;
#2076 = CARTESIAN_POINT ( 'NONE',  ( -18.69963153400812317, 10.01772882167438361, 3.385485035139033538 ) ) ;
#2077 = DIRECTION ( 'NONE',  ( 0.000000000000000000, 0.000000000000000000, 1.000000000000000000 ) ) ;
#2078 = EDGE_CURVE ( 'NONE', #2198, #309, #3575, .T. ) ;
#2079 = CARTESIAN_POINT ( 'NONE',  ( -12.58925996841457007, 3.684369976480305731, 15.98274046638722190 ) ) ;
#2080 = CARTESIAN_POINT ( 'NONE',  ( -17.88002657870602263, 11.05384207252623163, 12.95474204967092646 ) ) ;
#2081 = ORIENTED_EDGE ( 'NONE', *, *, #2571, .F. ) ;
#2082 = CARTESIAN_POINT ( 'NONE',  ( -14.65529223944120041, 2.944293296568997853, 13.40191435810570475 ) ) ;
#2083 = CARTESIAN_POINT ( 'NONE',  ( -5.270170156554707219, 0.000000000000000000, 2.031761385979870660 ) ) ;
#2084 = CARTESIAN_POINT ( 'NONE',  ( 0.000000000000000000, 14.20000000000000107, 0.000000000000000000 ) ) ;
#2085 = CARTESIAN_POINT ( 'NONE',  ( -13.52806510620470348, 14.26741272762004620, 19.59567288232262783 ) ) ;
#2086 = CARTESIAN_POINT ( 'NONE',  ( -13.27444259420021666, 6.668913575455176712, 15.72035645126674375 ) ) ;
#2087 = B_SPLINE_CURVE_WITH_KNOTS ( 'NONE', 3,
 ( #2110, #3021, #561, #2759 ),
 .UNSPECIFIED., .F., .F.,
 ( 4, 4 ),
 ( 0.000000000000000000, 1.000000000000000000 ),
 .UNSPECIFIED. ) ;
#2088 = CARTESIAN_POINT ( 'NONE',  ( -19.59254310303760960, 13.07645895866285279, 13.51770247847742112 ) ) ;
#2089 = CARTESIAN_POINT ( 'NONE',  ( -8.597951908369399376, 10.32474225140872193, 17.54746871625718541 ) ) ;
#2090 = CARTESIAN_POINT ( 'NONE',  ( -16.72228532847047333, 14.20000000000000107, 14.39041304373761321 ) ) ;
#2091 = CARTESIAN_POINT ( 'NONE',  ( -18.22270450397775576, 7.127571419492216620, 12.63227282480420932 ) ) ;
#2092 = VERTEX_POINT ( 'NONE', #2371 ) ;
#2093 = CARTESIAN_POINT ( 'NONE',  ( -9.135870759084095738, 11.08365289708958912, 16.10772051817324879 ) ) ;
#2094 = EDGE_CURVE ( 'NONE', #2757, #1746, #1753, .T. ) ;
#2095 = FACE_OUTER_BOUND ( 'NONE', #449, .T. ) ;
#2096 = CARTESIAN_POINT ( 'NONE',  ( -12.82612763325416516, 1.301551040084746091, 14.01750512521660852 ) ) ;
#2097 = AXIS2_PLACEMENT_3D ( 'NONE', #1552, #23, #898 ) ;
#2098 = CARTESIAN_POINT ( 'NONE',  ( -18.02604113668443730, 11.06918158434985777, 15.91504630422453381 ) ) ;
#2099 = ORIENTED_EDGE ( 'NONE', *, *, #3099, .F. ) ;
#2100 = AXIS2_PLACEMENT_3D ( 'NONE', #2858, #651, #3706 ) ;
#2101 = CARTESIAN_POINT ( 'NONE',  ( 3.061617771010469631E-16, 0.4000000000000000222, 12.00000063131842332 ) ) ;
#2102 = ADVANCED_FACE ( 'NONE', ( #1103, #2513 ), #2191, .F. ) ;
#2103 = CARTESIAN_POINT ( 'NONE',  ( 4.546278825904494170, 0.000000000000000000, 3.941971037926625065 ) ) ;
#2104 = CARTESIAN_POINT ( 'NONE',  ( -0.8093758335873666443, 0.000000000000000000, -6.927337864460266559 ) ) ;
#2105 = CARTESIAN_POINT ( 'NONE',  ( -1.237604307034019469, 25.60000000000000142, -7.903691262898044911 ) ) ;
#2106 = ORIENTED_EDGE ( 'NONE', *, *, #187, .F. ) ;
#2107 = CARTESIAN_POINT ( 'NONE',  ( -12.04300817404734225, 5.089065727259632688, 13.37796624607883977 ) ) ;
#2108 = AXIS2_PLACEMENT_3D ( 'NONE', #1276, #2496, #415 ) ;
#2109 = DIRECTION ( 'NONE',  ( 0.000000000000000000, 1.000000000000000000, -0.000000000000000000 ) ) ;
#2110 = CARTESIAN_POINT ( 'NONE',  ( -2.738650632048899691, 14.20000000000000107, 18.80159016454667054 ) ) ;
#2111 = ORIENTED_EDGE ( 'NONE', *, *, #523, .F. ) ;
#2112 = CARTESIAN_POINT ( 'NONE',  ( -17.44821620182559130, 9.883864908259738513, 8.718499210308710445 ) ) ;
#2113 = CARTESIAN_POINT ( 'NONE',  ( -5.269262392170986686, 0.000000000000000000, -2.035969662655130463 ) ) ;
#2114 = ORIENTED_EDGE ( 'NONE', *, *, #1601, .F. ) ;
#2115 = CARTESIAN_POINT ( 'NONE',  ( -15.48330740321187626, 11.08365289709020196, 18.37561560886725687 ) ) ;
#2116 = CARTESIAN_POINT ( 'NONE',  ( -18.84360567203011527, 14.20000000000000107, 16.51173338729725870 ) ) ;
#2117 = VERTEX_POINT ( 'NONE', #2173 ) ;
#2118 = DIRECTION ( 'NONE',  ( 0.000000000000000000, 0.000000000000000000, 1.000000000000000000 ) ) ;
#2119 = CARTESIAN_POINT ( 'NONE',  ( -5.038453937012159933, 0.000000000000000000, -2.820314126744672301 ) ) ;
#2120 = CARTESIAN_POINT ( 'NONE',  ( -8.239218469827289226, 14.15532585759408235, 17.98759226034555780 ) ) ;
#2121 = EDGE_CURVE ( 'NONE', #594, #516, #65, .T. ) ;
#2122 = ORIENTED_EDGE ( 'NONE', *, *, #1025, .T. ) ;
#2123 = CARTESIAN_POINT ( 'NONE',  ( -13.33534437880488888, 2.206660268064785768, 12.09002027701676596 ) ) ;
#2124 = CARTESIAN_POINT ( 'NONE',  ( 4.895465762364035633, 0.3999999999999975797, 3.200321336784469395 ) ) ;
#2125 =( NAMED_UNIT ( * ) SI_UNIT ( $, .STERADIAN. ) SOLID_ANGLE_UNIT ( ) );
#2126 = EDGE_CURVE ( 'NONE', #3494, #1824, #3713, .T. ) ;
#2127 = CARTESIAN_POINT ( 'NONE',  ( -18.02585220683205236, 11.08298996658935920, 15.91527329012222580 ) ) ;
#2128 = FACE_OUTER_BOUND ( 'NONE', #3397, .T. ) ;
#2129 = ORIENTED_EDGE ( 'NONE', *, *, #766, .T. ) ;
#2130 = CARTESIAN_POINT ( 'NONE',  ( -18.48647184606459248, 7.763259568364366814, 12.72076228642682239 ) ) ;
#2131 = CARTESIAN_POINT ( 'NONE',  ( -3.609765226649967573, 0.3999999999999975797, 5.283232333131501868 ) ) ;
#2132 = ORIENTED_EDGE ( 'NONE', *, *, #1107, .T. ) ;
#2133 = CARTESIAN_POINT ( 'NONE',  ( -18.85585780554783497, 11.87160924203252677, 16.49948125377954256 ) ) ;
#2134 = CARTESIAN_POINT ( 'NONE',  ( -18.39310752553309314, 7.521036474523234538, 4.763909533718170053 ) ) ;
#2135 = DIRECTION ( 'NONE',  ( 0.000000000000000000, 1.236370898448382137E-16, -1.000000000000000000 ) ) ;
#2136 = EDGE_LOOP ( 'NONE', ( #1688, #3712, #3776, #3369 ) ) ;
#2137 = CARTESIAN_POINT ( 'NONE',  ( -13.63800682554471955, 1.303725815174615610, 13.24087630197974619 ) ) ;
#2138 = CARTESIAN_POINT ( 'NONE',  ( -13.52325507213709166, 13.43600058044123990, 19.59422511717809812 ) ) ;
#2139 = ORIENTED_EDGE ( 'NONE', *, *, #2747, .F. ) ;
#2140 = DIRECTION ( 'NONE',  ( 0.000000000000000000, 0.000000000000000000, 1.000000000000000000 ) ) ;
#2141 = EDGE_CURVE ( 'NONE', #286, #2176, #1237, .T. ) ;
#2142 = CARTESIAN_POINT ( 'NONE',  ( 3.605218217991488672, 0.000000000000000000, 5.287837184611945851 ) ) ;
#2143 = FACE_OUTER_BOUND ( 'NONE', #2136, .T. ) ;
#2144 = EDGE_CURVE ( 'NONE', #1404, #721, #362, .T. ) ;
#2145 = ORIENTED_EDGE ( 'NONE', *, *, #1699, .T. ) ;
#2146 = DIRECTION ( 'NONE',  ( -0.000000000000000000, -1.000000000000000000, 0.000000000000000000 ) ) ;
#2147 = DIRECTION ( 'NONE',  ( -0.000000000000000000, 1.000000000000000000, -0.000000000000000000 ) ) ;
#2148 = CARTESIAN_POINT ( 'NONE',  ( -4.635325236812398053, 0.000000000000000000, 3.753140858476881281 ) ) ;
#2149 = ORIENTED_EDGE ( 'NONE', *, *, #2170, .F. ) ;
#2150 = CARTESIAN_POINT ( 'NONE',  ( -16.68755806031938249, 5.225336421563734568, 14.85414934478504279 ) ) ;
#2151 = CIRCLE ( 'NONE', #917, 1.600000000000001865 ) ;
#2152 = CARTESIAN_POINT ( 'NONE',  ( -18.68629551205337691, 8.481015742769137944, 13.69456720543121264 ) ) ;
#2153 = ORIENTED_EDGE ( 'NONE', *, *, #3837, .F. ) ;
#2154 = DIRECTION ( 'NONE',  ( -0.000000000000000000, 1.000000000000000000, -0.000000000000000000 ) ) ;
#2155 = COLOUR_RGB ( '',0.7921568627450980005, 0.8196078431372548767, 0.9333333333333333481 ) ;
#2156 = CARTESIAN_POINT ( 'NONE',  ( -5.590052615769631559E-64, 9.071069597503624848, 6.999999368681577572 ) ) ;
#2157 = CARTESIAN_POINT ( 'NONE',  ( -13.51504527666203614, 12.94163085265192237, 19.59173338140363185 ) ) ;
#2158 = ORIENTED_EDGE ( 'NONE', *, *, #2378, .F. ) ;
#2159 = AXIS2_PLACEMENT_3D ( 'NONE', #1536, #2109, #3002 ) ;
#2160 = CARTESIAN_POINT ( 'NONE',  ( -16.51908562291821525, 11.08364215356698423, 7.149811898413590328 ) ) ;
#2161 = CARTESIAN_POINT ( 'NONE',  ( 4.923326169898398774, 0.000000000000000000, -3.212488541385532415 ) ) ;
#2162 = VECTOR ( 'NONE', #759, 1000.000000000000000 ) ;
#2163 = DIRECTION ( 'NONE',  ( 0.000000000000000000, 0.000000000000000000, 1.000000000000000000 ) ) ;
#2164 = CARTESIAN_POINT ( 'NONE',  ( -16.51173338729729423, 14.20000000000000107, 18.84360567203007619 ) ) ;
#2165 = CARTESIAN_POINT ( 'NONE',  ( 0.000000000000000000, 2.000000000000000000, -9.500000000000000000 ) ) ;
#2166 = AXIS2_PLACEMENT_3D ( 'NONE', #3769, #1869, #418 ) ;
#2167 = DIRECTION ( 'NONE',  ( 0.000000000000000000, 1.000000000000000000, -0.000000000000000000 ) ) ;
#2168 = AXIS2_PLACEMENT_3D ( 'NONE', #358, #1561, #994 ) ;
#2169 = CARTESIAN_POINT ( 'NONE',  ( -12.52236336335015565, 6.217100699637797767, 17.79000502049546029 ) ) ;
#2170 = EDGE_CURVE ( 'NONE', #1834, #3686, #3887, .T. ) ;
#2171 = CARTESIAN_POINT ( 'NONE',  ( -19.16779310997691255, 9.882849993343317152, 13.08359732601554271 ) ) ;
#2172 = CARTESIAN_POINT ( 'NONE',  ( -1.020491551207380221, 0.000000000000000000, 6.880925458489033808 ) ) ;
#2173 = CARTESIAN_POINT ( 'NONE',  ( -13.69544456324381088, 6.532999935631144339, 15.24793843147353023 ) ) ;
#2174 = CARTESIAN_POINT ( 'NONE',  ( -18.52226809001887275, 8.314075274546915750, 4.233880730564517414 ) ) ;
#2175 = CARTESIAN_POINT ( 'NONE',  ( -19.21030617126474382, 9.418865772841179762, 14.07765208894083209 ) ) ;
#2176 = VERTEX_POINT ( 'NONE', #978 ) ;
#2177 = CARTESIAN_POINT ( 'NONE',  ( -5.590052615769631559E-64, 9.071069597503624848, 7.899999999999999467 ) ) ;
#2178 = FACE_OUTER_BOUND ( 'NONE', #940, .T. ) ;
#2179 = DIRECTION ( 'NONE',  ( -1.000000000000000000, 0.000000000000000000, 0.000000000000000000 ) ) ;
#2180 = ORIENTED_EDGE ( 'NONE', *, *, #1152, .F. ) ;
#2181 = CARTESIAN_POINT ( 'NONE',  ( 3.996389805603262513, 0.3999999999999975797, -4.793699164916830568 ) ) ;
#2182 = CARTESIAN_POINT ( 'NONE',  ( -13.34840474207048899, 11.30040212746267514, 19.46273943125021333 ) ) ;
#2183 = EDGE_LOOP ( 'NONE', ( #2951, #2619, #2008, #2180 ) ) ;
#2184 = CARTESIAN_POINT ( 'NONE',  ( -16.49650182941744347, 7.447432233276038538, 12.69449375722468432 ) ) ;
#2185 = DIRECTION ( 'NONE',  ( 0.000000000000000000, 1.000000000000000000, 0.000000000000000000 ) ) ;
#2186 = CARTESIAN_POINT ( 'NONE',  ( -10.86028413516746838, 1.471173357126432490, 15.59085777295917374 ) ) ;
#2187 = CARTESIAN_POINT ( 'NONE',  ( -18.48663248830119699, 9.475729711496144958, 16.19067246981375163 ) ) ;
#2188 = DIRECTION ( 'NONE',  ( -0.000000000000000000, -1.000000000000000000, -0.000000000000000000 ) ) ;
#2189 = VERTEX_POINT ( 'NONE', #2207 ) ;
#2190 = ADVANCED_FACE ( 'NONE', ( #3091 ), #283, .T. ) ;
#2191 = CYLINDRICAL_SURFACE ( 'NONE', #2993, 18.00000000000000000 ) ;
#2192 = CARTESIAN_POINT ( 'NONE',  ( -18.41765892859332254, 7.674591865520158152, 4.667965405131415224 ) ) ;
#2193 = CARTESIAN_POINT ( 'NONE',  ( -15.75902321080076263, 6.923267576460968797, 14.09192468042721735 ) ) ;
#2194 = ORIENTED_EDGE ( 'NONE', *, *, #2260, .F. ) ;
#2195 = CARTESIAN_POINT ( 'NONE',  ( -4.334574510547136050, 0.3999999999999975797, 4.293034366861077977 ) ) ;
#2196 = EDGE_CURVE ( 'NONE', #1721, #2706, #3838, .T. ) ;
#2197 = FACE_OUTER_BOUND ( 'NONE', #1858, .T. ) ;
#2198 = VERTEX_POINT ( 'NONE', #3346 ) ;
#2199 = CARTESIAN_POINT ( 'NONE',  ( 0.4220155761222837976, 0.000000000000000000, -6.998798951632182686 ) ) ;
#2200 = UNCERTAINTY_MEASURE_WITH_UNIT (LENGTH_MEASURE( 1.000000000000000082E-05 ), #1186, 'distance_accuracy_value', 'NONE');
#2201 = CARTESIAN_POINT ( 'NONE',  ( -13.51902402179503859, 5.096904549599438283, 11.88514368186514147 ) ) ;
#2202 = CYLINDRICAL_SURFACE ( 'NONE', #2793, 1.600000000000000755 ) ;
#2203 = CARTESIAN_POINT ( 'NONE',  ( -8.655150283846536396, 4.451820003136784720, 15.78581812125774420 ) ) ;
#2204 = CARTESIAN_POINT ( 'NONE',  ( -18.02585245449933993, 13.40000000000000036, 15.91527304245493646 ) ) ;
#2205 = CARTESIAN_POINT ( 'NONE',  ( -18.46614552555924860, 12.81342382108725531, 16.88919353376812893 ) ) ;
#2206 = DIRECTION ( 'NONE',  ( 0.000000000000000000, 0.000000000000000000, 1.000000000000000000 ) ) ;
#2207 = CARTESIAN_POINT ( 'NONE',  ( 8.000000000000000000, 0.4000000000000000222, 2.500000631318421096 ) ) ;
#2208 = CARTESIAN_POINT ( 'NONE',  ( -18.34401576042365178, 7.213739492282381427, 4.950466796323588881 ) ) ;
#2209 = B_SPLINE_CURVE_WITH_KNOTS ( 'NONE', 3,
 ( #3473, #1562, #1260, #3432 ),
 .UNSPECIFIED., .F., .F.,
 ( 4, 4 ),
 ( 0.000000000000000000, 1.000000000000000000 ),
 .UNSPECIFIED. ) ;
#2210 = VERTEX_POINT ( 'NONE', #2483 ) ;
#2211 = CARTESIAN_POINT ( 'NONE',  ( -5.499999397001079871, 0.3999999999999975797, 0.4080390421309797455 ) ) ;
#2212 = AXIS2_PLACEMENT_3D ( 'NONE', #462, #1642, #738 ) ;
#2213 = CARTESIAN_POINT ( 'NONE',  ( -12.95499490678490595, 11.07781565921289513, 17.88037136344916433 ) ) ;
#2214 = VERTEX_POINT ( 'NONE', #604 ) ;
#2215 = EDGE_CURVE ( 'NONE', #2766, #508, #753, .T. ) ;
#2216 = CIRCLE ( 'NONE', #3750, 2.999999999999999112 ) ;
#2217 = CARTESIAN_POINT ( 'NONE',  ( 2.522674169099231367, 0.3999999999999975797, -6.213197923264572431 ) ) ;
#2218 = CARTESIAN_POINT ( 'NONE',  ( -13.51163881900066244, 12.82385776005872025, 19.59069225593290398 ) ) ;
#2219 = CARTESIAN_POINT ( 'NONE',  ( -15.76733552443384667, 7.643220691647874432, 17.93319455847552035 ) ) ;
#2220 = EDGE_LOOP ( 'NONE', ( #2399, #1028, #2251, #1527 ) ) ;
#2221 = CARTESIAN_POINT ( 'NONE',  ( -14.41516218647330128, 2.485481724108431489, 10.78170298287069961 ) ) ;
#2222 = AXIS2_PLACEMENT_3D ( 'NONE', #1945, #378, #2495 ) ;
#2223 = CYLINDRICAL_SURFACE ( 'NONE', #1257, 1.599999999999999867 ) ;
#2224 = AXIS2_PLACEMENT_3D ( 'NONE', #3524, #1577, #632 ) ;
#2225 = DIRECTION ( 'NONE',  ( 0.000000000000000000, 1.000000000000000000, -0.000000000000000000 ) ) ;
#2226 = CIRCLE ( 'NONE', #1068, 5.000000000000000000 ) ;
#2227 = CARTESIAN_POINT ( 'NONE',  ( -20.22387971326955380, 12.85174544760031345, 15.13145934605781484 ) ) ;
#2228 = CARTESIAN_POINT ( 'NONE',  ( 0.000000000000000000, 25.60000000000000142, 0.000000000000000000 ) ) ;
#2229 = CIRCLE ( 'NONE', #568, 19.00000000000000000 ) ;
#2230 = LINE ( 'NONE', #1036, #2912 ) ;
#2231 = CARTESIAN_POINT ( 'NONE',  ( -19.59069323576023791, 12.82385990259161623, 13.51164201798799347 ) ) ;
#2232 = VERTEX_POINT ( 'NONE', #3869 ) ;
#2233 = FACE_BOUND ( 'NONE', #1767, .T. ) ;
#2234 = CARTESIAN_POINT ( 'NONE',  ( -14.35336060338782538, 11.00956872704551870, 19.58437167964113357 ) ) ;
#2235 = ORIENTED_EDGE ( 'NONE', *, *, #596, .T. ) ;
#2236 = APPLICATION_CONTEXT ( 'automotive_design' ) ;
#2237 = CARTESIAN_POINT ( 'NONE',  ( 0.01223531239254442397, 0.000000000000000000, -6.999982333181954175 ) ) ;
#2238 = EDGE_CURVE ( 'NONE', #1940, #209, #3450, .T. ) ;
#2239 = DIRECTION ( 'NONE',  ( 0.000000000000000000, 1.236370898448382137E-16, 1.000000000000000000 ) ) ;
#2240 = LINE ( 'NONE', #413, #367 ) ;
#2241 = FACE_OUTER_BOUND ( 'NONE', #1849, .T. ) ;
#2242 = ORIENTED_EDGE ( 'NONE', *, *, #3539, .F. ) ;
#2243 = CARTESIAN_POINT ( 'NONE',  ( 0.000000000000000000, 2.000000000000000000, 0.000000000000000000 ) ) ;
#2244 = DIRECTION ( 'NONE',  ( 0.000000000000000000, 0.000000000000000000, -1.000000000000000000 ) ) ;
#2245 = CARTESIAN_POINT ( 'NONE',  ( -13.83640069195683786, 2.944549060749586555, 14.25419331906610054 ) ) ;
#2246 = EDGE_CURVE ( 'NONE', #988, #2210, #2800, .T. ) ;
#2247 = CARTESIAN_POINT ( 'NONE',  ( -14.39041304373765762, 13.40000000000000036, 16.72228532847043425 ) ) ;
#2248 = DIRECTION ( 'NONE',  ( 0.000000000000000000, 0.000000000000000000, -1.000000000000000000 ) ) ;
#2249 = CARTESIAN_POINT ( 'NONE',  ( -18.22133242744170190, 11.08364215356714588, 15.71979306951256206 ) ) ;
#2250 = CARTESIAN_POINT ( 'NONE',  ( -19.29490736994470979, 10.39293037632841354, 13.19257457941593792 ) ) ;
#2251 = ORIENTED_EDGE ( 'NONE', *, *, #2442, .T. ) ;
#2252 = CARTESIAN_POINT ( 'NONE',  ( -14.65529223963650729, 2.944293296568873508, 13.40191435789414598 ) ) ;
#2253 = FACE_OUTER_BOUND ( 'NONE', #3476, .T. ) ;
#2254 = CARTESIAN_POINT ( 'NONE',  ( 1.959434878635764984E-16, 2.000000000000000000, -7.899999999999999467 ) ) ;
#2255 = CARTESIAN_POINT ( 'NONE',  ( -5.038453937012159933, 0.3999999999999975797, -2.820314126744672301 ) ) ;
#2256 = ORIENTED_EDGE ( 'NONE', *, *, #478, .T. ) ;
#2257 = CARTESIAN_POINT ( 'NONE',  ( 0.000000000000000000, 14.20000000000000107, 0.000000000000000000 ) ) ;
#2258 = DIRECTION ( 'NONE',  ( 0.000000000000000000, 0.000000000000000000, 1.000000000000000000 ) ) ;
#2259 = CARTESIAN_POINT ( 'NONE',  ( -16.50052344733760279, 9.097865992836126736, 7.194592707619845484 ) ) ;
#2260 = EDGE_CURVE ( 'NONE', #1394, #1696, #299, .T. ) ;
#2261 = VERTEX_POINT ( 'NONE', #191 ) ;
#2262 = EDGE_LOOP ( 'NONE', ( #3608, #1467, #1963, #1899, #3852, #797 ) ) ;
#2263 = CARTESIAN_POINT ( 'NONE',  ( 1.237604307034021245, 24.60000000000000142, 7.903691262898044911 ) ) ;
#2264 = CARTESIAN_POINT ( 'NONE',  ( -5.590052615769631559E-64, 2.000000000000000000, 6.999999368681577572 ) ) ;
#2265 = PLANE ( 'NONE',  #3506 ) ;
#2266 = EDGE_CURVE ( 'NONE', #1404, #1038, #1589, .T. ) ;
#2267 = B_SPLINE_CURVE_WITH_KNOTS ( 'NONE', 3,
 ( #2841, #381, #3471, #715 ),
 .UNSPECIFIED., .F., .F.,
 ( 4, 4 ),
 ( 0.000000000000000000, 0.3186789571995531367 ),
 .UNSPECIFIED. ) ;
#2268 = CARTESIAN_POINT ( 'NONE',  ( -20.22233937103533918, 11.83057786385489329, 15.11694522232656013 ) ) ;
#2269 = CARTESIAN_POINT ( 'NONE',  ( -14.49991690843946479, 0.000000000000000000, 5.751406069778051133 ) ) ;
#2270 = CARTESIAN_POINT ( 'NONE',  ( -18.77832846006972289, 11.79776876070685887, 2.895445340982401028 ) ) ;
#2271 = ORIENTED_EDGE ( 'NONE', *, *, #711, .T. ) ;
#2272 = CARTESIAN_POINT ( 'NONE',  ( -0.8213959819313687571, 0.3999999999999975797, 6.924930299119502308 ) ) ;
#2273 = CARTESIAN_POINT ( 'NONE',  ( -6.675168052436248445, 4.497267245060789342, 17.78913255269831240 ) ) ;
#2274 = CARTESIAN_POINT ( 'NONE',  ( -13.10069888139324945, 7.502242150699919065, 17.87244442480623619 ) ) ;
#2275 = CARTESIAN_POINT ( 'NONE',  ( -0.8093758335873666443, 0.3999999999999975797, -6.927337864460266559 ) ) ;
#2276 = ORIENTED_EDGE ( 'NONE', *, *, #2826, .F. ) ;
#2277 = DIRECTION ( 'NONE',  ( 0.000000000000000000, 1.000000000000000000, 0.000000000000000000 ) ) ;
#2278 = CARTESIAN_POINT ( 'NONE',  ( -16.51908562291822591, 11.08364215356698601, 7.149811898413578781 ) ) ;
#2279 = AXIS2_PLACEMENT_3D ( 'NONE', #1412, #1958, #727 ) ;
#2280 = ORIENTED_EDGE ( 'NONE', *, *, #1368, .F. ) ;
#2281 = CARTESIAN_POINT ( 'NONE',  ( 2.693794607804870456, 0.000000000000000000, -6.094438625795506326 ) ) ;
#2282 = VECTOR ( 'NONE', #40, 1000.000000000000000 ) ;
#2283 = CARTESIAN_POINT ( 'NONE',  ( -7.903691262898045800, 15.60000000000000142, 2.837604307034014894 ) ) ;
#2284 = DIRECTION ( 'NONE',  ( 0.000000000000000000, -1.000000000000000000, 0.000000000000000000 ) ) ;
#2285 = CARTESIAN_POINT ( 'NONE',  ( -12.58765006859761115, 8.117315434427693432, 16.88739850471303328 ) ) ;
#2286 = CARTESIAN_POINT ( 'NONE',  ( 8.000000000000000000, 2.000000000000000000, 0.000000000000000000 ) ) ;
#2287 = VECTOR ( 'NONE', #2521, 1000.000000000000000 ) ;
#2288 = EDGE_CURVE ( 'NONE', #66, #3682, #1400, .T. ) ;
#2289 = DIRECTION ( 'NONE',  ( -0.000000000000000000, 1.000000000000000000, -0.000000000000000000 ) ) ;
#2290 = EDGE_LOOP ( 'NONE', ( #146, #3578, #2235, #805 ) ) ;
#2291 = EDGE_LOOP ( 'NONE', ( #3917, #2026, #3938 ) ) ;
#2292 = CARTESIAN_POINT ( 'NONE',  ( -8.000000000000000000, 0.000000000000000000, 1.600000000000000089 ) ) ;
#2293 = CARTESIAN_POINT ( 'NONE',  ( -0.4007047148927931346, 0.3999999999999975797, -6.986021196227187424 ) ) ;
#2294 = EDGE_LOOP ( 'NONE', ( #120, #2036, #3057, #272 ) ) ;
#2295 = CARTESIAN_POINT ( 'NONE',  ( -12.28830408019530118, 6.575321340402910053, 16.75789206189422131 ) ) ;
#2296 = AXIS2_PLACEMENT_3D ( 'NONE', #2247, #3456, #700 ) ;
#2297 = FACE_OUTER_BOUND ( 'NONE', #1611, .T. ) ;
#2298 = DIRECTION ( 'NONE',  ( -0.000000000000000000, 1.000000000000000000, -0.000000000000000000 ) ) ;
#2299 = CARTESIAN_POINT ( 'NONE',  ( -2.738518490344815426, 14.26741272762004087, 18.80160941191044799 ) ) ;
#2300 = ORIENTED_EDGE ( 'NONE', *, *, #3672, .F. ) ;
#2301 = CARTESIAN_POINT ( 'NONE',  ( -14.93971993998627923, 2.932824979383299002, 10.04220638824485690 ) ) ;
#2302 = B_SPLINE_CURVE_WITH_KNOTS ( 'NONE', 3,
 ( #1205, #6, #3294, #2104, #534, #1164, #812, #514, #2673, #575, #3316, #1797, #1488, #2709, #866, #3633, #2119, #2064, #883, #2692, #3878, #2373, #3576, #3334, #2083, #2045, #592, #1775, #3919, #1816, #1511, #3261, #252, #1735, #3901, #2995, #2957, #1145, #217, #1469, #1429, #2653, #1124, #2353 ),
 .UNSPECIFIED., .F., .F.,
 ( 4, 2, 2, 2, 2, 2, 2, 2, 2, 2, 2, 2, 2, 2, 2, 2, 2, 2, 2, 2, 2, 4 ),
 ( 0.5000000000000000000, 0.5156250000000000000, 0.5312499999999998890, 0.5624999999999997780, 0.5781249999999997780, 0.5937499999999996669, 0.6249999999999995559, 0.6562499999999996669, 0.6874999999999996669, 0.7187499999999995559, 0.7499999999999995559, 0.7812499999999995559, 0.8124999999999995559, 0.8437499999999994449, 0.8593749999999995559, 0.8749999999999995559, 0.9062499999999996669, 0.9374999999999997780, 0.9531249999999997780, 0.9687499999999997780, 0.9843749999999997780, 1.000000000000000000 ),
 .UNSPECIFIED. ) ;
#2303 = CARTESIAN_POINT ( 'NONE',  ( 2.687524410044964451, 0.000000000000000000, 6.114061669759728090 ) ) ;
#2304 = CARTESIAN_POINT ( 'NONE',  ( -9.414189654599393720, 6.933271490139782500, 16.84045158277143983 ) ) ;
#2305 = DIRECTION ( 'NONE',  ( 0.6716677931677174085, 0.000000000000000000, -0.7408524654890527028 ) ) ;
#2306 = CARTESIAN_POINT ( 'NONE',  ( 0.4146637740648429493, 0.000000000000000000, 6.999999999999998224 ) ) ;
#2307 = CARTESIAN_POINT ( 'NONE',  ( -13.49991690843946301, 14.20000000000000107, -11.90597511610158676 ) ) ;
#2308 = CARTESIAN_POINT ( 'NONE',  ( -19.52885724517740940, 11.82687834147384542, 13.41925429639332101 ) ) ;
#2309 = ORIENTED_EDGE ( 'NONE', *, *, #699, .T. ) ;
#2310 = CARTESIAN_POINT ( 'NONE',  ( -15.96965605504826868, 4.059789540984595213, 10.45652446716741402 ) ) ;
#2311 = ADVANCED_FACE ( 'NONE', ( #3849 ), #3250, .T. ) ;
#2312 = VERTEX_POINT ( 'NONE', #522 ) ;
#2313 = CARTESIAN_POINT ( 'NONE',  ( -6.921401868137031954, 4.158868681953253876, 17.69446884219872018 ) ) ;
#2314 = CARTESIAN_POINT ( 'NONE',  ( -13.40191435810572251, 2.944293296568975205, 14.65529223944113824 ) ) ;
#2315 = CARTESIAN_POINT ( 'NONE',  ( -19.58107660085889279, 10.93420566112923176, 14.35078765216859509 ) ) ;
#2316 = ADVANCED_FACE ( 'NONE', ( #1743 ), #2963, .F. ) ;
#2317 = CARTESIAN_POINT ( 'NONE',  ( -13.52306256408010476, 13.75058181586640771, 19.59417148237470840 ) ) ;
#2318 = CARTESIAN_POINT ( 'NONE',  ( -17.05593431805508686, 8.454900085060483406, 12.59730724243838651 ) ) ;
#2319 = CARTESIAN_POINT ( 'NONE',  ( -13.17339393189130803, 6.738824805718269140, 15.83599951740496259 ) ) ;
#2320 = ORIENTED_EDGE ( 'NONE', *, *, #716, .T. ) ;
#2321 = CARTESIAN_POINT ( 'NONE',  ( -9.166251633885851291, 8.018612438687140909, 17.06158638598338939 ) ) ;
#2322 = CARTESIAN_POINT ( 'NONE',  ( -13.69544456324381088, 6.532999935631144339, 15.24793843147353023 ) ) ;
#2323 = CARTESIAN_POINT ( 'NONE',  ( 18.99341991322257783, 16.00000000000000000, -0.5000000000000002220 ) ) ;
#2324 =( BOUNDED_SURFACE ( )  B_SPLINE_SURFACE ( 2, 3, ( 
 ( #2299, #773, #1695, #1206, #2710, #1489, #1182, #1471, #308, #7, #3634, #2750, #1532, #1817 ),
 ( #2424, #271, #3650, #3318, #884, #2443, #3937, #1146, #3015, #899, #2120, #3669, #2998, #1777 ),
 ( #2085, #3031, #2730, #2694, #2406, #255, #2374, #2138, #3352, #915, #1222, #2157, #576, #3921 ) ),
 .UNSPECIFIED., .F., .F., .F. ) 
 B_SPLINE_SURFACE_WITH_KNOTS ( ( 3, 3 ),
 ( 4, 2, 2, 2, 2, 2, 4 ),
 ( 0.000000000000000000, 1.000000000000000000 ),
 ( 0.05036821969765082480, 0.06445158564922684463, 0.08323199305565137651, 0.1020124004620758945, 0.1207928078685004125, 0.1395732152749249444, 0.1489634189781371965 ),
 .UNSPECIFIED. ) 
 GEOMETRIC_REPRESENTATION_ITEM ( )  RATIONAL_B_SPLINE_SURFACE ( (
 ( 1.000000000000000000, 1.000000000000000000, 1.000000000000000000, 1.000000000000000000, 1.000000000000000000, 1.000000000000000000, 1.000000000000000000, 1.000000000000000000, 1.000000000000000000, 1.000000000000000000, 1.000000000000000000, 1.000000000000000000, 1.000000000000000000, 1.000000000000000000),
 ( 0.9763104315798625255, 0.9763104315798625255, 0.9763104029547794438, 0.9762880929796068363, 0.9763193323401133661, 0.9759783462713327307, 0.9755380236795441196, 0.9722440595428101240, 0.9691456964376431449, 0.9615323305618065364, 0.9575506729591847233, 0.9554069913403341330, 0.9552324981484091593, 0.9551439704255302310),
 ( 1.000000000000000000, 1.000000000000000000, 1.000000000000000000, 1.000000000000000000, 1.000000000000000000, 1.000000000000000000, 1.000000000000000000, 1.000000000000000000, 1.000000000000000000, 1.000000000000000000, 1.000000000000000000, 1.000000000000000000, 1.000000000000000000, 1.000000000000000000) ) ) 
 REPRESENTATION_ITEM ( '' )  SURFACE ( )  );
#2325 = DIRECTION ( 'NONE',  ( -0.000000000000000000, -1.000000000000000000, -0.000000000000000000 ) ) ;
#2326 = ORIENTED_EDGE ( 'NONE', *, *, #881, .T. ) ;
#2327 = CARTESIAN_POINT ( 'NONE',  ( -15.75292857003207736, 3.651023889794905664, 10.73030208616632208 ) ) ;
#2328 = CARTESIAN_POINT ( 'NONE',  ( -3.869037163426433779, 0.3999999999999975797, -4.974763449339322463 ) ) ;
#2329 = CARTESIAN_POINT ( 'NONE',  ( -5.218358194119989690, 6.780817891502359807, 18.26933895258600060 ) ) ;
#2330 = CARTESIAN_POINT ( 'NONE',  ( -12.05281396644100411, 8.881194744582344924, 16.63509802151905603 ) ) ;
#2331 = CARTESIAN_POINT ( 'NONE',  ( -15.89788913916806479, 8.120275428318374011, 18.10680226254436676 ) ) ;
#2332 = CARTESIAN_POINT ( 'NONE',  ( 1.622903583116148685, 0.3999999999999975797, -6.703092606365963491 ) ) ;
#2333 = CARTESIAN_POINT ( 'NONE',  ( -15.11542751616103963, 9.385790556762062309, 10.34504626021327844 ) ) ;
#2334 = EDGE_CURVE ( 'NONE', #861, #3147, #1151, .T. ) ;
#2335 = CARTESIAN_POINT ( 'NONE',  ( -10.81824026611360878, 5.932182512488684445, 14.48863699518730463 ) ) ;
#2336 = CARTESIAN_POINT ( 'NONE',  ( -18.79795583272677817, 13.34611517194095498, 2.763492429357944147 ) ) ;
#2337 = CARTESIAN_POINT ( 'NONE',  ( -7.945876219985187561, 3.006023918066949019, 17.26185123484098227 ) ) ;
#2338 = CIRCLE ( 'NONE', #1374, 18.00000000000000000 ) ;
#2339 = DIRECTION ( 'NONE',  ( 0.000000000000000000, 1.000000000000000000, -0.000000000000000000 ) ) ;
#2340 = CARTESIAN_POINT ( 'NONE',  ( 5.385498417725778530, 0.3999999999999975797, -1.425795032384962635 ) ) ;
#2341 = DIRECTION ( 'NONE',  ( 0.000000000000000000, 1.000000000000000000, 0.000000000000000000 ) ) ;
#2342 = CARTESIAN_POINT ( 'NONE',  ( -17.79797632980275779, 6.229446966577410372, 12.52103440472335905 ) ) ;
#2343 = VERTEX_POINT ( 'NONE', #1866 ) ;
#2344 = EDGE_LOOP ( 'NONE', ( #3195, #756, #3437, #1980 ) ) ;
#2345 = DIRECTION ( 'NONE',  ( 0.000000000000000000, 1.000000000000000000, -0.000000000000000000 ) ) ;
#2346 = CIRCLE ( 'NONE', #1449, 1.000000000000000888 ) ;
#2347 =( BOUNDED_SURFACE ( )  B_SPLINE_SURFACE ( 3, 2, ( 
 ( #133, #1336, #2562 ),
 ( #336, #383, #2205 ),
 ( #2828, #3136, #95 ),
 ( #401, #1017, #1298 ),
 ( #2482, #637, #3788 ),
 ( #1035, #1316, #2519 ) ),
 .UNSPECIFIED., .F., .F., .T. ) 
 B_SPLINE_SURFACE_WITH_KNOTS ( ( 4, 2, 4 ),
 ( 3, 3 ),
 ( 0.01860467047728497914, 0.02024817348796188049, 0.02189167649863877838 ),
 ( 0.07816779718540374511, 1.000000000000000000 ),
 .UNSPECIFIED. ) 
 GEOMETRIC_REPRESENTATION_ITEM ( )  RATIONAL_B_SPLINE_SURFACE ( (
 ( 0.9801551014486580282, 0.8730621863100970215, 1.000000000000000000),
 ( 0.9805084818799436608, 0.8753225828161370625, 1.000000000000000000),
 ( 0.9806921282948888319, 0.8764972763699907521, 1.000000000000000000),
 ( 0.9806923240981686440, 0.8764985288248815509, 1.000000000000000000),
 ( 0.9805088606626077841, 0.8753250056979241522, 1.000000000000000000),
 ( 0.9801550880085423412, 0.8730621003404508418, 1.000000000000000000) ) ) 
 REPRESENTATION_ITEM ( '' )  SURFACE ( )  );
#2348 = VECTOR ( 'NONE', #3311, 1000.000000000000000 ) ;
#2349 = CARTESIAN_POINT ( 'NONE',  ( 8.000000000000000000, 2.000000000000000000, 0.000000000000000000 ) ) ;
#2350 = CARTESIAN_POINT ( 'NONE',  ( -18.02627384456852866, 11.04318711191072566, 15.91449162730721945 ) ) ;
#2351 = DIRECTION ( 'NONE',  ( -0.000000000000000000, -1.000000000000000000, -0.000000000000000000 ) ) ;
#2352 = AXIS2_PLACEMENT_3D ( 'NONE', #355, #1313, #697 ) ;
#2353 = CARTESIAN_POINT ( 'NONE',  ( -4.065758146820641628E-16, 0.000000000000000000, 7.000000000000000000 ) ) ;
#2354 = AXIS2_PLACEMENT_3D ( 'NONE', #1284, #705, #2507 ) ;
#2355 = CARTESIAN_POINT ( 'NONE',  ( -15.49991690843946479, 0.000000000000000000, 5.751406069778051133 ) ) ;
#2356 = CARTESIAN_POINT ( 'NONE',  ( -16.47969694299102628, 8.901160140127556630, 7.240256146042432839 ) ) ;
#2357 = ORIENTED_EDGE ( 'NONE', *, *, #3753, .T. ) ;
#2358 = CARTESIAN_POINT ( 'NONE',  ( -9.967262501394285934, 2.991557777473814461, 14.98970402113864786 ) ) ;
#2359 = EDGE_CURVE ( 'NONE', #2343, #3824, #2226, .T. ) ;
#2360 = CARTESIAN_POINT ( 'NONE',  ( -18.00187037251782129, 13.89433071950786136, 8.222626682991609925 ) ) ;
#2361 = CARTESIAN_POINT ( 'NONE',  ( -5.674593475869119885, 6.088908099038272681, 18.13316924706910882 ) ) ;
#2362 = DIRECTION ( 'NONE',  ( 0.000000000000000000, -1.000000000000000000, 0.000000000000000000 ) ) ;
#2363 = ADVANCED_FACE ( 'NONE', ( #254 ), #2693, .F. ) ;
#2364 = LINE ( 'NONE', #3268, #736 ) ;
#2365 = CARTESIAN_POINT ( 'NONE',  ( -12.82529803143790303, 1.622822246027746607, 14.01826421741492190 ) ) ;
#2366 = CARTESIAN_POINT ( 'NONE',  ( -15.87164532234541880, 1.568087107814216452, 10.45246347853895053 ) ) ;
#2367 = CARTESIAN_POINT ( 'NONE',  ( -5.590052615769631559E-64, 2.000000000000000000, 7.899999999999999467 ) ) ;
#2368 = DIRECTION ( 'NONE',  ( 0.000000000000000000, 1.000000000000000000, 0.000000000000000000 ) ) ;
#2369 = PLANE ( 'NONE',  #2989 ) ;
#2370 = CARTESIAN_POINT ( 'NONE',  ( -18.02634172110616717, 11.01744744633552031, 15.91381864877766006 ) ) ;
#2371 = CARTESIAN_POINT ( 'NONE',  ( -15.49991690843946479, 0.000000000000000000, 5.751406069778051133 ) ) ;
#2372 = CARTESIAN_POINT ( 'NONE',  ( -14.01997676692184136, 2.347625906457547096, 12.82342640874879791 ) ) ;
#2373 = CARTESIAN_POINT ( 'NONE',  ( -5.500086315106962331, 0.000000000000000000, 0.4067895847964239642 ) ) ;
#2374 = CARTESIAN_POINT ( 'NONE',  ( -13.52526123520324752, 13.61577139054774932, 19.59483009676601029 ) ) ;
#2375 = ORIENTED_EDGE ( 'NONE', *, *, #2378, .T. ) ;
#2376 = CARTESIAN_POINT ( 'NONE',  ( -13.69544456324361548, 6.532999935630964039, 15.24793843147328332 ) ) ;
#2377 = CARTESIAN_POINT ( 'NONE',  ( -8.319405408069181718, 11.89859161471910198, 17.80183234705928896 ) ) ;
#2378 = EDGE_CURVE ( 'NONE', #2570, #1894, #3610, .T. ) ;
#2379 = B_SPLINE_CURVE_WITH_KNOTS ( 'NONE', 3,
 ( #570, #1791, #2806, #3009, #1482, #2704, #1119, #2115, #3951, #3932 ),
 .UNSPECIFIED., .F., .F.,
 ( 4, 2, 2, 2, 4 ),
 ( 0.04085456683765042313, 0.2806409251282377948, 0.5204272834188251595, 0.7602136417094126353, 1.000000000000000000 ),
 .UNSPECIFIED. ) ;
#2380 = CYLINDRICAL_SURFACE ( 'NONE', #3370, 2.500000631318421096 ) ;
#2381 = CARTESIAN_POINT ( 'NONE',  ( -15.83325900069424286, 3.556978232986073074, 12.64633074360456888 ) ) ;
#2382 = ADVANCED_FACE ( 'NONE', ( #3295 ), #1776, .T. ) ;
#2383 = EDGE_LOOP ( 'NONE', ( #405, #1497, #3723, #431 ) ) ;
#2384 = CARTESIAN_POINT ( 'NONE',  ( -17.95488498078831086, 13.44992139465245984, 8.234104218803262043 ) ) ;
#2385 = CARTESIAN_POINT ( 'NONE',  ( -2.165157792152014427, 0.000000000000000000, 6.430201023991125808 ) ) ;
#2386 = CARTESIAN_POINT ( 'NONE',  ( -11.13333589574467020, 1.419073208866063363, 15.39640107755748488 ) ) ;
#2387 = CARTESIAN_POINT ( 'NONE',  ( -12.44896191755824866, 4.632631911034634342, 16.80125714532261583 ) ) ;
#2388 = CARTESIAN_POINT ( 'NONE',  ( -19.57095408978145912, 10.79038601598115577, 14.34308832799931643 ) ) ;
#2389 = CARTESIAN_POINT ( 'NONE',  ( 6.123233995736766282E-16, 15.60000000000000142, -5.000000000000000000 ) ) ;
#2390 = ORIENTED_EDGE ( 'NONE', *, *, #691, .T. ) ;
#2391 = CARTESIAN_POINT ( 'NONE',  ( 4.343020583504177523, 0.000000000000000000, 4.297004004421830281 ) ) ;
#2392 = DIRECTION ( 'NONE',  ( -0.000000000000000000, -1.000000000000000000, -0.000000000000000000 ) ) ;
#2393 = LINE ( 'NONE', #607, #357 ) ;
#2394 = ORIENTED_EDGE ( 'NONE', *, *, #3736, .T. ) ;
#2395 = DIRECTION ( 'NONE',  ( 0.000000000000000000, 0.000000000000000000, 1.000000000000000000 ) ) ;
#2396 = CIRCLE ( 'NONE', #921, 18.00000000000000000 ) ;
#2397 = DIRECTION ( 'NONE',  ( -0.000000000000000000, 1.000000000000000000, 0.000000000000000000 ) ) ;
#2398 = CARTESIAN_POINT ( 'NONE',  ( -3.014459253246068116, 0.3999999999999975797, 5.858477420988190687 ) ) ;
#2399 = ORIENTED_EDGE ( 'NONE', *, *, #446, .F. ) ;
#2400 = EDGE_CURVE ( 'NONE', #1224, #3863, #1977, .T. ) ;
#2401 = CARTESIAN_POINT ( 'NONE',  ( 0.000000000000000000, 25.60000000000000142, 5.000000000000000000 ) ) ;
#2402 = CARTESIAN_POINT ( 'NONE',  ( -19.27244392727272526, 9.564739307378003375, 14.12316423744945304 ) ) ;
#2403 = AXIS2_PLACEMENT_3D ( 'NONE', #1539, #581, #241 ) ;
#2404 = CARTESIAN_POINT ( 'NONE',  ( -13.24087630217622547, 1.303725815176758784, 13.63800682535396191 ) ) ;
#2405 = EDGE_CURVE ( 'NONE', #315, #3044, #1933, .T. ) ;
#2406 = CARTESIAN_POINT ( 'NONE',  ( -13.52729083106597052, 13.88542760570560475, 19.59544046736733947 ) ) ;
#2407 = CIRCLE ( 'NONE', #998, 1.600000000000001865 ) ;
#2408 = EDGE_LOOP ( 'NONE', ( #659, #2122, #3619 ) ) ;
#2409 = CARTESIAN_POINT ( 'NONE',  ( -10.25654023193386166, 8.464262889741551277, 15.10984936754763019 ) ) ;
#2410 = AXIS2_PLACEMENT_3D ( 'NONE', #2457, #937, #1564 ) ;
#2411 = AXIS2_PLACEMENT_3D ( 'NONE', #1568, #324, #21 ) ;
#2412 = CARTESIAN_POINT ( 'NONE',  ( -13.52803345729733486, 14.20000000000000107, 19.59566338380722073 ) ) ;
#2413 = EDGE_LOOP ( 'NONE', ( #877, #3516, #2357, #3319 ) ) ;
#2414 = CARTESIAN_POINT ( 'NONE',  ( -19.18946907771499610, 9.967155413077600556, 13.10052555556633713 ) ) ;
#2415 = CARTESIAN_POINT ( 'NONE',  ( -4.635325236812398053, 0.3999999999999975797, 3.753140858476881281 ) ) ;
#2416 = ORIENTED_EDGE ( 'NONE', *, *, #1477, .F. ) ;
#2417 = CARTESIAN_POINT ( 'NONE',  ( -18.76989295295518900, 10.91154470202570970, 16.41858865362751629 ) ) ;
#2418 = CARTESIAN_POINT ( 'NONE',  ( -18.31011392632301948, 7.003969675943321427, 5.075948516439402702 ) ) ;
#2419 = CARTESIAN_POINT ( 'NONE',  ( 19.00002500000000083, 25.60000000000000142, 0.5000000000000014433 ) ) ;
#2420 = ORIENTED_EDGE ( 'NONE', *, *, #2804, .F. ) ;
#2421 = ADVANCED_FACE ( 'NONE', ( #3470 ), #3167, .T. ) ;
#2422 = CARTESIAN_POINT ( 'NONE',  ( -12.82342640883341467, 2.347625906431331622, 14.01997676684450411 ) ) ;
#2423 = DIRECTION ( 'NONE',  ( 0.000000000000000000, 1.000000000000000000, 0.000000000000000000 ) ) ;
#2424 = CARTESIAN_POINT ( 'NONE',  ( -8.221283850751786915, 14.26741272762004265, 18.00302595084858837 ) ) ;
#2425 = ORIENTED_EDGE ( 'NONE', *, *, #599, .T. ) ;
#2426 = EDGE_CURVE ( 'NONE', #1224, #2716, #1049, .T. ) ;
#2427 = CARTESIAN_POINT ( 'NONE',  ( -7.153816523389227022, 10.53454538162019816, 16.51735423020745586 ) ) ;
#2428 = CARTESIAN_POINT ( 'NONE',  ( 0.000000000000000000, 2.000000000000000000, -12.00000063131842332 ) ) ;
#2429 = DIRECTION ( 'NONE',  ( 0.000000000000000000, 0.000000000000000000, 1.000000000000000000 ) ) ;
#2430 = PRODUCT_DEFINITION_SHAPE ( 'NONE', 'NONE',  #1445 ) ;
#2431 = CARTESIAN_POINT ( 'NONE',  ( -8.000000000000000000, 2.000000000000000000, 0.000000000000000000 ) ) ;
#2432 = CARTESIAN_POINT ( 'NONE',  ( 0.000000000000000000, 2.000000000000000000, -9.500000000000000000 ) ) ;
#2433 = ORIENTED_EDGE ( 'NONE', *, *, #1152, .T. ) ;
#2434 = LINE ( 'NONE', #2702, #3763 ) ;
#2435 = CARTESIAN_POINT ( 'NONE',  ( -4.894788254288685359, 0.3999999999999975797, -3.201867658351858381 ) ) ;
#2436 = VERTEX_POINT ( 'NONE', #1907 ) ;
#2437 = CARTESIAN_POINT ( 'NONE',  ( -18.10680226254460834, 8.120275428318944222, 15.89788913916817137 ) ) ;
#2438 = CARTESIAN_POINT ( 'NONE',  ( -17.40357367014189194, 8.840661414076432578, 15.38376030707032527 ) ) ;
#2439 = ORIENTED_EDGE ( 'NONE', *, *, #166, .T. ) ;
#2440 = FACE_OUTER_BOUND ( 'NONE', #1513, .T. ) ;
#2441 = DIRECTION ( 'NONE',  ( 0.000000000000000000, 0.000000000000000000, 1.000000000000000000 ) ) ;
#2442 = EDGE_CURVE ( 'NONE', #1809, #721, #497, .T. ) ;
#2443 = CARTESIAN_POINT ( 'NONE',  ( -8.224742680480499502, 13.83513979379454995, 18.00004944450060052 ) ) ;
#2444 = ORIENTED_EDGE ( 'NONE', *, *, #166, .F. ) ;
#2445 = CARTESIAN_POINT ( 'NONE',  ( -12.59730741854778024, 8.454903204029013963, 17.05593583788952472 ) ) ;
#2446 = PLANE ( 'NONE',  #1438 ) ;
#2447 = CARTESIAN_POINT ( 'NONE',  ( 0.000000000000000000, 25.60000000000000142, -19.00000000000000000 ) ) ;
#2448 = EDGE_CURVE ( 'NONE', #1630, #608, #3509, .T. ) ;
#2449 = CARTESIAN_POINT ( 'NONE',  ( -18.15973588713790576, 6.986595580356769197, 12.61373417940170505 ) ) ;
#2450 = ORIENTED_EDGE ( 'NONE', *, *, #253, .T. ) ;
#2451 = CARTESIAN_POINT ( 'NONE',  ( -15.09305471716991320, 3.120807954261283879, 9.809847601204142009 ) ) ;
#2452 = DIRECTION ( 'NONE',  ( -0.000000000000000000, -1.000000000000000000, -0.000000000000000000 ) ) ;
#2453 = ORIENTED_EDGE ( 'NONE', *, *, #1530, .F. ) ;
#2454 = DIRECTION ( 'NONE',  ( 0.000000000000000000, 0.000000000000000000, 1.000000000000000000 ) ) ;
#2455 = CARTESIAN_POINT ( 'NONE',  ( -17.17279811686149671, 5.141508418889587873, 12.43563080642094043 ) ) ;
#2456 = CARTESIAN_POINT ( 'NONE',  ( -1.411667136193661243, 0.3999999999999975797, 6.766053347799921625 ) ) ;
#2457 = CARTESIAN_POINT ( 'NONE',  ( 0.000000000000000000, 24.60000000000000142, 0.000000000000000000 ) ) ;
#2458 = CARTESIAN_POINT ( 'NONE',  ( -18.57370663759939333, 8.694515856605093518, 4.002310123476939374 ) ) ;
#2459 = CARTESIAN_POINT ( 'NONE',  ( -19.39111528750576596, 9.896456350568499261, 14.21021633217712932 ) ) ;
#2460 = ORIENTED_EDGE ( 'NONE', *, *, #2974, .F. ) ;
#2461 = CARTESIAN_POINT ( 'NONE',  ( -12.82612763327914251, 1.301551040084872213, 14.01750512519375391 ) ) ;
#2462 = VECTOR ( 'NONE', #1104, 1000.000000000000000 ) ;
#2463 = CARTESIAN_POINT ( 'NONE',  ( 1.237604307034021245, 25.60000000000000142, 9.503691262898044556 ) ) ;
#2464 = CARTESIAN_POINT ( 'NONE',  ( -15.89955420363089722, 10.76003887205332354, 18.01710475571280412 ) ) ;
#2465 = ORIENTED_EDGE ( 'NONE', *, *, #2288, .T. ) ;
#2466 = AXIS2_PLACEMENT_3D ( 'NONE', #696, #1582, #3087 ) ;
#2467 = CARTESIAN_POINT ( 'NONE',  ( 3.996389805603262513, 0.000000000000000000, -4.793699164916830568 ) ) ;
#2468 = VECTOR ( 'NONE', #2325, 1000.000000000000000 ) ;
#2469 = CARTESIAN_POINT ( 'NONE',  ( 0.000000000000000000, 0.3999999999999993006, 0.000000000000000000 ) ) ;
#2470 = FILL_AREA_STYLE ('',( #435 ) ) ;
#2471 = CARTESIAN_POINT ( 'NONE',  ( -3.162118205461780907, 0.3999999999999975797, -5.715654696622435971 ) ) ;
#2472 = CARTESIAN_POINT ( 'NONE',  ( -12.39602535877254041, 3.303339631041691149, 16.34800400296740008 ) ) ;
#2473 = VECTOR ( 'NONE', #897, 1000.000000000000000 ) ;
#2474 = ADVANCED_FACE ( 'NONE', ( #3725 ), #2516, .T. ) ;
#2475 = ORIENTED_EDGE ( 'NONE', *, *, #1948, .T. ) ;
#2476 = CARTESIAN_POINT ( 'NONE',  ( -13.90072393815800034, 2.245533093240140055, 11.44314837887525727 ) ) ;
#2477 = FACE_OUTER_BOUND ( 'NONE', #365, .T. ) ;
#2478 = CARTESIAN_POINT ( 'NONE',  ( 8.000000000000000000, 2.000000000000000000, 0.000000000000000000 ) ) ;
#2479 = AXIS2_PLACEMENT_3D ( 'NONE', #4, #3095, #1855 ) ;
#2480 = EDGE_CURVE ( 'NONE', #2966, #2040, #1912, .T. ) ;
#2481 = FACE_OUTER_BOUND ( 'NONE', #2587, .T. ) ;
#2482 = CARTESIAN_POINT ( 'NONE',  ( -12.83391205823888015, 2.903501590090048268, 15.10232858725137461 ) ) ;
#2483 = CARTESIAN_POINT ( 'NONE',  ( 0.000000000000000000, 24.60000000000000142, 18.00000000000000000 ) ) ;
#2484 = CARTESIAN_POINT ( 'NONE',  ( -18.61199332027568332, 9.059193210604114199, 3.820171183138289184 ) ) ;
#2485 = CARTESIAN_POINT ( 'NONE',  ( -17.63211370009570800, 9.295094552339145721, 15.56823543988503111 ) ) ;
#2486 = ORIENTED_EDGE ( 'NONE', *, *, #3288, .F. ) ;
#2487 = DIRECTION ( 'NONE',  ( 0.000000000000000000, 0.000000000000000000, -1.000000000000000000 ) ) ;
#2488 = CARTESIAN_POINT ( 'NONE',  ( 0.000000000000000000, 9.071069597503624848, -9.500000000000000000 ) ) ;
#2489 = VERTEX_POINT ( 'NONE', #75 ) ;
#2490 = CARTESIAN_POINT ( 'NONE',  ( 4.974937185533099715, 25.60000000000000142, 0.5000000000000014433 ) ) ;
#2491 = CARTESIAN_POINT ( 'NONE',  ( -12.90735733367049320, 8.964378704191574343, 18.90280633849316416 ) ) ;
#2492 = CARTESIAN_POINT ( 'NONE',  ( -14.07873966829549062, 6.636273012547337480, 18.78288150042264348 ) ) ;
#2493 = VERTEX_POINT ( 'NONE', #2264 ) ;
#2494 = CARTESIAN_POINT ( 'NONE',  ( -15.24793843147324246, 6.532999935630757982, 13.69544456324223169 ) ) ;
#2495 = DIRECTION ( 'NONE',  ( 0.000000000000000000, 0.000000000000000000, 1.000000000000000000 ) ) ;
#2496 = DIRECTION ( 'NONE',  ( 0.000000000000000000, 1.000000000000000000, 0.000000000000000000 ) ) ;
#2497 = CARTESIAN_POINT ( 'NONE',  ( 0.000000000000000000, 25.60000000000000142, 0.000000000000000000 ) ) ;
#2498 = EDGE_CURVE ( 'NONE', #1572, #746, #2609, .T. ) ;
#2499 = CARTESIAN_POINT ( 'NONE',  ( -13.14143845999177884, 2.955095966606675173, 14.91723614397846198 ) ) ;
#2500 = CARTESIAN_POINT ( 'NONE',  ( 0.000000000000000000, 13.40000000000000036, 0.000000000000000000 ) ) ;
#2501 = CARTESIAN_POINT ( 'NONE',  ( -18.76173377221138239, 8.577995561403071179, 12.79169225052991266 ) ) ;
#2502 = CYLINDRICAL_SURFACE ( 'NONE', #3056, 19.00000000000000000 ) ;
#2503 = DIRECTION ( 'NONE',  ( 0.000000000000000000, 0.000000000000000000, 1.000000000000000000 ) ) ;
#2504 = EDGE_CURVE ( 'NONE', #2189, #1824, #873, .T. ) ;
#2505 = CARTESIAN_POINT ( 'NONE',  ( -18.17874062893349318, 6.246277161518164256, 5.526897888532302794 ) ) ;
#2506 = ORIENTED_EDGE ( 'NONE', *, *, #2359, .T. ) ;
#2507 = DIRECTION ( 'NONE',  ( 0.000000000000000000, 0.000000000000000000, 1.000000000000000000 ) ) ;
#2508 = DIRECTION ( 'NONE',  ( 0.000000000000000000, 0.000000000000000000, 1.000000000000000000 ) ) ;
#2509 = ORIENTED_EDGE ( 'NONE', *, *, #2549, .F. ) ;
#2510 = CARTESIAN_POINT ( 'NONE',  ( 3.996389805603262513, 0.3999999999999975797, -4.793699164916830568 ) ) ;
#2511 = CARTESIAN_POINT ( 'NONE',  ( -13.42795658452977037, 11.85726803979578214, 19.53974694044367766 ) ) ;
#2512 = CARTESIAN_POINT ( 'NONE',  ( -15.01408090978029719, 5.569647579903246992, 16.90840380949662247 ) ) ;
#2513 = FACE_OUTER_BOUND ( 'NONE', #3185, .T. ) ;
#2514 = ORIENTED_EDGE ( 'NONE', *, *, #404, .F. ) ;
#2515 = CARTESIAN_POINT ( 'NONE',  ( 1.237604307034021245, 25.60000000000000142, 7.903691262898044911 ) ) ;
#2516 = PLANE ( 'NONE',  #242 ) ;
#2517 = CARTESIAN_POINT ( 'NONE',  ( -8.000000000000000000, 2.000000000000000000, 1.600000000000000089 ) ) ;
#2518 = CARTESIAN_POINT ( 'NONE',  ( -5.590052615769631559E-64, 2.000000000000000000, 9.500000000000000000 ) ) ;
#2519 = CARTESIAN_POINT ( 'NONE',  ( -16.49779485018792968, 12.85315245435461762, 18.85754420913943363 ) ) ;
#2520 = DIRECTION ( 'NONE',  ( 0.000000000000000000, 0.000000000000000000, 1.000000000000000000 ) ) ;
#2521 = DIRECTION ( 'NONE',  ( 0.000000000000000000, 0.000000000000000000, -1.000000000000000000 ) ) ;
#2522 = ORIENTED_EDGE ( 'NONE', *, *, #426, .F. ) ;
#2523 = CARTESIAN_POINT ( 'NONE',  ( -4.898054960659357526, 0.3999999999999975797, 3.194214678631283277 ) ) ;
#2524 = EDGE_CURVE ( 'NONE', #466, #1680, #1188, .T. ) ;
#2525 = CLOSED_SHELL ( 'NONE', ( #77, #1496, #2382, #140, #379, #3266, #3559, #2316, #2421, #3803, #294, #2102, #3493, #3656, #2969, #276, #2363, #1353, #2845, #2606, #2680, #3520, #3778, #1625, #3925, #3797, #2875, #3621, #1868, #1798, #954, #3019, #2002, #2474, #2598, #2052, #1575, #2655, #3272, #1874, #2190, #3320, #984, #471, #1677, #1051, #795, #1555, #2949, #3132, #2577, #5, #771, #2795, #2771, #3151, #2624, #3241, #1451 ) ) ;
#2526 = CARTESIAN_POINT ( 'NONE',  ( 1.237604307034021245, 24.60000000000000142, 9.503691262898044556 ) ) ;
#2527 = ORIENTED_EDGE ( 'NONE', *, *, #2849, .T. ) ;
#2528 = AXIS2_PLACEMENT_3D ( 'NONE', #728, #692, #1922 ) ;
#2529 = EDGE_CURVE ( 'NONE', #147, #2628, #818, .T. ) ;
#2530 = CARTESIAN_POINT ( 'NONE',  ( 5.385498417725778530, 0.000000000000000000, -1.425795032384962635 ) ) ;
#2531 = FACE_OUTER_BOUND ( 'NONE', #2262, .T. ) ;
#2532 = CARTESIAN_POINT ( 'NONE',  ( -14.83341885603122989, 5.182334609283191007, 16.65887833520440253 ) ) ;
#2533 = CARTESIAN_POINT ( 'NONE',  ( 6.123233995736766282E-16, 24.60000000000000142, -5.000000000000000000 ) ) ;
#2534 = CIRCLE ( 'NONE', #1836, 2.500000631318421096 ) ;
#2535 = DIRECTION ( 'NONE',  ( 0.000000000000000000, 0.000000000000000000, 1.000000000000000000 ) ) ;
#2536 = AXIS2_PLACEMENT_3D ( 'NONE', #88, #3467, #3125 ) ;
#2537 = CARTESIAN_POINT ( 'NONE',  ( 8.000000000000000000, 0.4000000000000000222, 0.000000000000000000 ) ) ;
#2538 = CARTESIAN_POINT ( 'NONE',  ( -4.907837071008422924, 7.186931269283353352, 18.35813540796885945 ) ) ;
#2539 = B_SPLINE_CURVE_WITH_KNOTS ( 'NONE', 3,
 ( #3742, #729, #2259, #1367, #393, #1986, #2007, #987, #1961, #473, #2593, #2301, #455, #1618, #2917, #1393, #1678, #2896, #162, #106 ),
 .UNSPECIFIED., .F., .F.,
 ( 4, 2, 2, 2, 2, 2, 2, 2, 2, 4 ),
 ( 0.000000000000000000, 0.002983896888093441006, 0.004475845332140161725, 0.005967793776186882011, 0.007459742220233604899, 0.008951690664280328655, 0.009697664886303693568, 0.01044363910832705675, 0.01118961333035041819, 0.01193558755237378310 ),
 .UNSPECIFIED. ) ;
#2540 = AXIS2_PLACEMENT_3D ( 'NONE', #3766, #732, #2244 ) ;
#2541 = DIRECTION ( 'NONE',  ( 0.000000000000000000, 0.000000000000000000, 1.000000000000000000 ) ) ;
#2542 = LINE ( 'NONE', #111, #3376 ) ;
#2543 = CIRCLE ( 'NONE', #1719, 1.600000000000000755 ) ;
#2544 = LINE ( 'NONE', #1018, #1377 ) ;
#2545 = LINE ( 'NONE', #2605, #2287 ) ;
#2546 = EDGE_LOOP ( 'NONE', ( #590, #645, #2557, #544 ) ) ;
#2547 = CARTESIAN_POINT ( 'NONE',  ( -16.61163889212624412, 13.40000000000000036, 14.50105948008184420 ) ) ;
#2548 = CARTESIAN_POINT ( 'NONE',  ( -14.35481585145821271, 11.07740126337592379, 19.58615453983042087 ) ) ;
#2549 = EDGE_CURVE ( 'NONE', #1894, #2820, #3446, .T. ) ;
#2550 = CARTESIAN_POINT ( 'NONE',  ( -4.546228914269300425, 0.3999999999999975797, -3.941969482909252420 ) ) ;
#2551 = ORIENTED_EDGE ( 'NONE', *, *, #346, .T. ) ;
#2552 = DIRECTION ( 'NONE',  ( 0.000000000000000000, 1.000000000000000000, 0.000000000000000000 ) ) ;
#2553 = CARTESIAN_POINT ( 'NONE',  ( -13.50375009394844739, 12.68735996776483255, 19.58929819773372571 ) ) ;
#2554 = EDGE_CURVE ( 'NONE', #3824, #3460, #1487, .T. ) ;
#2555 = DIRECTION ( 'NONE',  ( -0.000000000000000000, -1.000000000000000000, -0.000000000000000000 ) ) ;
#2556 = ORIENTED_EDGE ( 'NONE', *, *, #2722, .T. ) ;
#2557 = ORIENTED_EDGE ( 'NONE', *, *, #1524, .T. ) ;
#2558 = CARTESIAN_POINT ( 'NONE',  ( -5.590052615769631559E-64, 0.4000000000000000222, 9.500000000000000000 ) ) ;
#2559 = DIRECTION ( 'NONE',  ( 0.000000000000000000, 0.000000000000000000, -1.000000000000000000 ) ) ;
#2560 = CARTESIAN_POINT ( 'NONE',  ( -3.136290499717915292, 10.82766266398911981, 18.74006957101175530 ) ) ;
#2561 = CARTESIAN_POINT ( 'NONE',  ( -18.84360567203011527, 12.85174544760031523, 16.51173338729725870 ) ) ;
#2562 = CARTESIAN_POINT ( 'NONE',  ( -18.85752929814278644, 12.85315094081603959, 16.49780976118459108 ) ) ;
#2563 = ORIENTED_EDGE ( 'NONE', *, *, #3385, .T. ) ;
#2564 = CARTESIAN_POINT ( 'NONE',  ( -19.47943867950062469, 11.41886944698394224, 13.36551555733016983 ) ) ;
#2565 = EDGE_LOOP ( 'NONE', ( #586, #916, #2439, #2847, #1348, #1183, #2574, #3517 ) ) ;
#2566 = CARTESIAN_POINT ( 'NONE',  ( -3.609765226649967573, 0.3999999999999975797, 5.283232333131501868 ) ) ;
#2567 = CARTESIAN_POINT ( 'NONE',  ( -9.085460355761428630, 2.169429050921992008, 16.68696369082423558 ) ) ;
#2568 = CARTESIAN_POINT ( 'NONE',  ( -12.62140610366101612, 9.816745435686955901, 17.41999524776321451 ) ) ;
#2569 = CARTESIAN_POINT ( 'NONE',  ( -15.89784191846239914, 7.521320343560859989, 18.04328357849432862 ) ) ;
#2570 = VERTEX_POINT ( 'NONE', #3207 ) ;
#2571 = EDGE_CURVE ( 'NONE', #2117, #3824, #3066, .T. ) ;
#2572 = CARTESIAN_POINT ( 'NONE',  ( 17.99305421544658046, 24.60000000000000142, -0.5000000000000013323 ) ) ;
#2573 = CARTESIAN_POINT ( 'NONE',  ( -14.97687103976730505, 7.307400142599255410, 10.32137997622913517 ) ) ;
#2574 = ORIENTED_EDGE ( 'NONE', *, *, #660, .F. ) ;
#2575 = ORIENTED_EDGE ( 'NONE', *, *, #577, .F. ) ;
#2576 = CARTESIAN_POINT ( 'NONE',  ( -15.24793843147716998, 6.532999935633585054, 13.69544456324519288 ) ) ;
#2577 = ADVANCED_FACE ( 'NONE', ( #476 ), #3016, .T. ) ;
#2578 = CARTESIAN_POINT ( 'NONE',  ( -7.194440935596150055, 9.099757075036844611, 16.50058779869082315 ) ) ;
#2579 = CARTESIAN_POINT ( 'NONE',  ( 0.000000000000000000, 16.00000000000000000, 0.000000000000000000 ) ) ;
#2580 = CARTESIAN_POINT ( 'NONE',  ( -13.53106681277600032, 6.543031135997367187, 15.43298303851535991 ) ) ;
#2581 = CARTESIAN_POINT ( 'NONE',  ( -18.00248496570797485, 13.97531205631315743, 8.221912498994441876 ) ) ;
#2582 = DIRECTION ( 'NONE',  ( 0.000000000000000000, 0.000000000000000000, 1.000000000000000000 ) ) ;
#2583 = CARTESIAN_POINT ( 'NONE',  ( -18.80159016816253725, 14.20000000000000107, 2.738650607225000311 ) ) ;
#2584 = ORIENTED_EDGE ( 'NONE', *, *, #734, .F. ) ;
#2585 = DIRECTION ( 'NONE',  ( 0.000000000000000000, 1.000000000000000000, 0.000000000000000000 ) ) ;
#2586 = CARTESIAN_POINT ( 'NONE',  ( -5.212916399090524955, 6.787949339916894864, 18.27089244187892803 ) ) ;
#2587 = EDGE_LOOP ( 'NONE', ( #2522, #784, #89, #341 ) ) ;
#2588 = CARTESIAN_POINT ( 'NONE',  ( -11.39899780094047799, 8.151111068536545545, 15.73251869664196079 ) ) ;
#2589 = CARTESIAN_POINT ( 'NONE',  ( -17.91668652425266828, 10.09109694970381099, 15.80475556155235672 ) ) ;
#2590 = CYLINDRICAL_SURFACE ( 'NONE', #2279, 2.500000631318421096 ) ;
#2591 = CARTESIAN_POINT ( 'NONE',  ( -15.08478356421046840, 9.988620153342296248, 10.44534900903147445 ) ) ;
#2592 = AXIS2_PLACEMENT_3D ( 'NONE', #2844, #2885, #3193 ) ;
#2593 = CARTESIAN_POINT ( 'NONE',  ( -15.27346748927863196, 3.354848599781322882, 9.533402067009808079 ) ) ;
#2594 = ORIENTED_EDGE ( 'NONE', *, *, #97, .F. ) ;
#2595 = CARTESIAN_POINT ( 'NONE',  ( 0.8186527332130845158, 0.000000000000000000, 6.939871465264904060 ) ) ;
#2596 = VECTOR ( 'NONE', #3375, 1000.000000000000000 ) ;
#2597 = CARTESIAN_POINT ( 'NONE',  ( -12.20180807190653205, 2.451614041689444967, 14.57062171434101572 ) ) ;
#2598 = ADVANCED_FACE ( 'NONE', ( #461 ), #1992, .F. ) ;
#2599 = CIRCLE ( 'NONE', #3504, 1.600000000000000755 ) ;
#2600 = CARTESIAN_POINT ( 'NONE',  ( -12.59960996787870791, 7.900611965410137216, 16.77192704527782396 ) ) ;
#2601 = CARTESIAN_POINT ( 'NONE',  ( 5.471622153089493068, 0.000000000000000000, 0.8164774565966163022 ) ) ;
#2602 =( BOUNDED_CURVE ( )  B_SPLINE_CURVE ( 2, ( #3609, #574, #1371 ),
 .UNSPECIFIED., .F., .F. ) 
 B_SPLINE_CURVE_WITH_KNOTS ( ( 3, 3 ),
 ( 0.000000000000000000, 1.000000000000000000 ),
 .UNSPECIFIED. ) 
 CURVE ( )  GEOMETRIC_REPRESENTATION_ITEM ( )  RATIONAL_B_SPLINE_CURVE ( ( 1.000000000000000000, 0.9551515037343828451, 1.000000000000000000 ) ) 
 REPRESENTATION_ITEM ( '' )  );
#2603 = AXIS2_PLACEMENT_3D ( 'NONE', #3212, #2289, #98 ) ;
#2604 = CARTESIAN_POINT ( 'NONE',  ( -16.19402072222215949, 1.752161474420113718, 9.939540852090161138 ) ) ;
#2605 = CARTESIAN_POINT ( 'NONE',  ( -15.49991690843946479, 14.20000000000000107, 0.000000000000000000 ) ) ;
#2606 = ADVANCED_FACE ( 'NONE', ( #212 ), #865, .T. ) ;
#2607 = VERTEX_POINT ( 'NONE', #3913 ) ;
#2608 = CARTESIAN_POINT ( 'NONE',  ( -18.54553588410204767, 8.440578548224710431, 4.137708937919921226 ) ) ;
#2609 = CIRCLE ( 'NONE', #2352, 2.500000631318421096 ) ;
#2610 = CARTESIAN_POINT ( 'NONE',  ( -0.1926548192516875091, 0.000000000000000000, -7.000574023972273352 ) ) ;
#2611 = CARTESIAN_POINT ( 'NONE',  ( -6.138336524748062573, 5.319112872924519841, 17.98222080871020268 ) ) ;
#2612 = CARTESIAN_POINT ( 'NONE',  ( -15.52277933363670215, 9.176523197522161723, 17.57605107496960528 ) ) ;
#2613 = CIRCLE ( 'NONE', #689, 18.00000000000000000 ) ;
#2614 = CARTESIAN_POINT ( 'NONE',  ( -18.02585220683205236, 11.08298996658935920, 15.91527329012222580 ) ) ;
#2615 = DIRECTION ( 'NONE',  ( -0.000000000000000000, -1.000000000000000000, -0.000000000000000000 ) ) ;
#2616 = CARTESIAN_POINT ( 'NONE',  ( -15.07147456616072212, 7.944004069159507075, 10.25632499161717348 ) ) ;
#2617 = CARTESIAN_POINT ( 'NONE',  ( -12.59237286997788452, 8.114856846113392308, 16.88410999873593354 ) ) ;
#2618 = ORIENTED_EDGE ( 'NONE', *, *, #3606, .F. ) ;
#2619 = ORIENTED_EDGE ( 'NONE', *, *, #145, .T. ) ;
#2620 = CARTESIAN_POINT ( 'NONE',  ( -18.79990701281833054, 13.61577138521282571, 2.750184367506797400 ) ) ;
#2621 = CARTESIAN_POINT ( 'NONE',  ( -13.03278964747324231, 9.545350245769228081, 19.08766144611550430 ) ) ;
#2622 = CARTESIAN_POINT ( 'NONE',  ( -12.96814841617841374, 11.08365289709020551, 17.89623364151695384 ) ) ;
#2623 = CARTESIAN_POINT ( 'NONE',  ( 5.499735981486713499, 0.3999999999999975797, -0.4141583174628524766 ) ) ;
#2624 = ADVANCED_FACE ( 'NONE', ( #2095 ), #569, .F. ) ;
#2625 = CARTESIAN_POINT ( 'NONE',  ( -13.49991690843946301, 0.000000000000000000, 0.000000000000000000 ) ) ;
#2626 = CARTESIAN_POINT ( 'NONE',  ( -17.68480558950694714, 4.113948475307438457, 6.946053506588661719 ) ) ;
#2627 = CARTESIAN_POINT ( 'NONE',  ( -15.95820886462560928, 3.670058672791329357, 12.60227610741524984 ) ) ;
#2628 = VERTEX_POINT ( 'NONE', #1641 ) ;
#2629 = CARTESIAN_POINT ( 'NONE',  ( -16.79181866047819938, 6.685527572203524116, 9.468794257202768350 ) ) ;
#2630 = CARTESIAN_POINT ( 'NONE',  ( -2.510167712197714618, 0.000000000000000000, -6.221469906961984542 ) ) ;
#2631 = ORIENTED_EDGE ( 'NONE', *, *, #2144, .T. ) ;
#2632 = EDGE_CURVE ( 'NONE', #3686, #2261, #2209, .T. ) ;
#2633 = CARTESIAN_POINT ( 'NONE',  ( -12.86540086867609034, 10.47129164560335290, 17.75677463031709635 ) ) ;
#2634 = CARTESIAN_POINT ( 'NONE',  ( -17.88038504166860321, 11.08364215356711213, 12.95500540340102269 ) ) ;
#2635 = CARTESIAN_POINT ( 'NONE',  ( 0.000000000000000000, 15.60000000000000142, 5.000000000000000000 ) ) ;
#2636 = CARTESIAN_POINT ( 'NONE',  ( 0.8186527332130845158, 0.3999999999999975797, 6.939871465264904060 ) ) ;
#2637 = VERTEX_POINT ( 'NONE', #1608 ) ;
#2638 = CARTESIAN_POINT ( 'NONE',  ( -13.12462712791954189, 6.778781224202742095, 15.89268741706884391 ) ) ;
#2639 = CARTESIAN_POINT ( 'NONE',  ( -17.98082825519256644, 13.99113613095759767, 8.247078537760861749 ) ) ;
#2640 = CARTESIAN_POINT ( 'NONE',  ( -9.723064543465499199, 5.793252131588070952, 16.57241521131203044 ) ) ;
#2641 = CARTESIAN_POINT ( 'NONE',  ( -15.50065542284368014, 3.995732082144870745, 10.63126660147829661 ) ) ;
#2642 = CARTESIAN_POINT ( 'NONE',  ( 2.161655223903852896, 0.000000000000000000, 6.432115343415471642 ) ) ;
#2643 = CARTESIAN_POINT ( 'NONE',  ( -17.41303193955622675, 5.542463510232193080, 12.46079327830124228 ) ) ;
#2644 = ORIENTED_EDGE ( 'NONE', *, *, #2554, .F. ) ;
#2645 = ORIENTED_EDGE ( 'NONE', *, *, #3859, .T. ) ;
#2646 = CARTESIAN_POINT ( 'NONE',  ( -17.89623364242553549, 11.08364215356712279, 12.96814841693972475 ) ) ;
#2647 = CARTESIAN_POINT ( 'NONE',  ( -2.679296832099068659, 0.3999999999999975797, -6.104889903365974035 ) ) ;
#2648 = CARTESIAN_POINT ( 'NONE',  ( -8.352606322614457568, 2.668888001816317246, 17.06692461949640105 ) ) ;
#2649 = CARTESIAN_POINT ( 'NONE',  ( -14.49960013775434930, 7.399834188168082250, 16.28204824100238213 ) ) ;
#2650 = CARTESIAN_POINT ( 'NONE',  ( -16.49948125377947505, 11.87160924203156398, 18.85585780554777813 ) ) ;
#2651 = B_SPLINE_CURVE_WITH_KNOTS ( 'NONE', 3,
 ( #2412, #3300, #540, #3598, #1476, #613, #2700, #3637 ),
 .UNSPECIFIED., .F., .F.,
 ( 4, 2, 2, 4 ),
 ( 0.000000000000000000, 0.2499999999999998890, 0.4999999999999997780, 1.000000000000000000 ),
 .UNSPECIFIED. ) ;
#2652 = ADVANCED_FACE ( 'NONE', ( #2865 ), #2502, .T. ) ;
#2653 = CARTESIAN_POINT ( 'NONE',  ( -0.4157758589054963427, 0.000000000000000000, 6.984494531381684190 ) ) ;
#2654 = CARTESIAN_POINT ( 'NONE',  ( -16.45223487876193502, 8.363334296597725981, 7.303113786270175822 ) ) ;
#2655 = ADVANCED_FACE ( 'NONE', ( #3090 ), #2347, .T. ) ;
#2656 = CARTESIAN_POINT ( 'NONE',  ( -18.00302595084859902, 14.26741272761998403, 8.221283850751735400 ) ) ;
#2657 = CARTESIAN_POINT ( 'NONE',  ( -16.10127257671974377, 6.947641399002931095, 12.94830396155465557 ) ) ;
#2658 = CARTESIAN_POINT ( 'NONE',  ( -8.258143343792568203, 12.57491371262990576, 17.88155740862410426 ) ) ;
#2659 = CARTESIAN_POINT ( 'NONE',  ( -15.65930370873747357, 2.760945128853254715, 11.92238334920005194 ) ) ;
#2660 = AXIS2_PLACEMENT_3D ( 'NONE', #1631, #2277, #552 ) ;
#2661 = CARTESIAN_POINT ( 'NONE',  ( -8.000000000000000000, 0.4000000000000000222, 0.000000000000000000 ) ) ;
#2662 = DIRECTION ( 'NONE',  ( 0.000000000000000000, 0.000000000000000000, -1.000000000000000000 ) ) ;
#2663 =( GEOMETRIC_REPRESENTATION_CONTEXT ( 3 ) GLOBAL_UNCERTAINTY_ASSIGNED_CONTEXT ( ( #2200 ) ) GLOBAL_UNIT_ASSIGNED_CONTEXT ( ( #1186, #1861, #2125 ) ) REPRESENTATION_CONTEXT ( 'NONE', 'WORKASPACE' ) );
#2664 = CARTESIAN_POINT ( 'NONE',  ( -14.83887681211694165, 9.616583763137651175, 19.85028882961051622 ) ) ;
#2665 = CARTESIAN_POINT ( 'NONE',  ( -18.47655590937569769, 8.016326096914122346, 4.429500847491749660 ) ) ;
#2666 = AXIS2_PLACEMENT_3D ( 'NONE', #2090, #277, #1170 ) ;
#2667 = CIRCLE ( 'NONE', #121, 2.500000631318422428 ) ;
#2668 = DIRECTION ( 'NONE',  ( -0.000000000000000000, -1.000000000000000000, -0.000000000000000000 ) ) ;
#2669 = CARTESIAN_POINT ( 'NONE',  ( -12.68717073782620552, 3.468869298181502359, 15.73014169193762513 ) ) ;
#2670 = FACE_OUTER_BOUND ( 'NONE', #182, .T. ) ;
#2671 = AXIS2_PLACEMENT_3D ( 'NONE', #1835, #1491, #2140 ) ;
#2672 = FACE_OUTER_BOUND ( 'NONE', #81, .T. ) ;
#2673 = CARTESIAN_POINT ( 'NONE',  ( -2.679296832099068659, 0.000000000000000000, -6.104889903365974035 ) ) ;
#2674 = EDGE_CURVE ( 'NONE', #1579, #2117, #3590, .T. ) ;
#2675 = DIRECTION ( 'NONE',  ( 0.000000000000000000, 1.000000000000000000, 0.000000000000000000 ) ) ;
#2676 = ORIENTED_EDGE ( 'NONE', *, *, #1477, .T. ) ;
#2677 = CARTESIAN_POINT ( 'NONE',  ( -9.809845814986449142, 3.120809475233655039, 15.09305587939477000 ) ) ;
#2678 = CARTESIAN_POINT ( 'NONE',  ( -17.49308417380795433, 9.442689578332862155, 12.73238254487538335 ) ) ;
#2679 = CARTESIAN_POINT ( 'NONE',  ( -9.955937760151968519, 5.134964741692008339, 16.37751054628689928 ) ) ;
#2680 = ADVANCED_FACE ( 'NONE', ( #1934 ), #3153, .F. ) ;
#2681 = DIRECTION ( 'NONE',  ( 0.000000000000000000, 1.000000000000000000, -0.000000000000000000 ) ) ;
#2682 = CARTESIAN_POINT ( 'NONE',  ( 2.204364238465235033E-15, 14.20000000000000107, 18.00000000000000000 ) ) ;
#2683 = ORIENTED_EDGE ( 'NONE', *, *, #372, .F. ) ;
#2684 = DIRECTION ( 'NONE',  ( 0.000000000000000000, 0.000000000000000000, -1.000000000000000000 ) ) ;
#2685 = CARTESIAN_POINT ( 'NONE',  ( -8.673617379884035472E-16, 0.000000000000000000, 7.000000000000000888 ) ) ;
#2686 = DIRECTION ( 'NONE',  ( 0.000000000000000000, -0.000000000000000000, 1.000000000000000000 ) ) ;
#2687 = CARTESIAN_POINT ( 'NONE',  ( -12.46595795456344469, 4.367017563161801341, 16.59597172283888611 ) ) ;
#2688 = CARTESIAN_POINT ( 'NONE',  ( -19.58585952679516495, 11.06267897344455697, 14.35456689452023049 ) ) ;
#2689 = CARTESIAN_POINT ( 'NONE',  ( -15.91527304245499508, 13.40000000000000036, 18.02585245449928664 ) ) ;
#2690 = EDGE_LOOP ( 'NONE', ( #3822, #1903 ) ) ;
#2691 = CARTESIAN_POINT ( 'NONE',  ( 1.605261422932909854, 0.000000000000000000, 6.694530598271875910 ) ) ;
#2692 = CARTESIAN_POINT ( 'NONE',  ( -5.471516974596377203, 0.000000000000000000, -0.8178999945701421748 ) ) ;
#2693 = CYLINDRICAL_SURFACE ( 'NONE', #1002, 18.00000000000000000 ) ;
#2694 = CARTESIAN_POINT ( 'NONE',  ( -13.52770258598795294, 13.97531301075810717, 19.59556406760295033 ) ) ;
#2695 = ORIENTED_EDGE ( 'NONE', *, *, #3022, .T. ) ;
#2696 = CARTESIAN_POINT ( 'NONE',  ( -13.48255654337255827, 6.566920837737594496, 15.48647763200342808 ) ) ;
#2697 = CARTESIAN_POINT ( 'NONE',  ( -19.59483025627366004, 13.61577138521266583, 13.52526176505163313 ) ) ;
#2698 =( NAMED_UNIT ( * ) PLANE_ANGLE_UNIT ( ) SI_UNIT ( $, .RADIAN. ) );
#2699 = EDGE_CURVE ( 'NONE', #2092, #147, #2542, .T. ) ;
#2700 = CARTESIAN_POINT ( 'NONE',  ( -4.542161616798832569, 14.20000000000000462, 18.53890826601176300 ) ) ;
#2701 = CARTESIAN_POINT ( 'NONE',  ( -1.237604307034019469, 24.60000000000000142, -7.903691262898044911 ) ) ;
#2702 = CARTESIAN_POINT ( 'NONE',  ( -1.237604307034019246, 15.60000000000000142, -9.503691262898042780 ) ) ;
#2703 = CARTESIAN_POINT ( 'NONE',  ( -4.898054960659357526, 0.3999999999999975797, 3.194214678631283277 ) ) ;
#2704 = CARTESIAN_POINT ( 'NONE',  ( -14.68936497198629887, 11.08365289709020196, 18.62185427397371384 ) ) ;
#2705 = CARTESIAN_POINT ( 'NONE',  ( -19.58615381514677267, 11.07736133073484375, 14.35481523273720406 ) ) ;
#2706 = VERTEX_POINT ( 'NONE', #654 ) ;
#2707 = CARTESIAN_POINT ( 'NONE',  ( -12.09002027701891535, 2.206660268064489117, 13.33534437880293844 ) ) ;
#2708 = CARTESIAN_POINT ( 'NONE',  ( 4.923326169898398774, 0.000000000000000000, -3.212488541385532415 ) ) ;
#2709 = CARTESIAN_POINT ( 'NONE',  ( -4.339036774445019340, 0.000000000000000000, -4.303317979936367443 ) ) ;
#2710 = CARTESIAN_POINT ( 'NONE',  ( -2.741742302243702412, 13.88542760570606482, 18.80113974564669377 ) ) ;
#2711 = ORIENTED_EDGE ( 'NONE', *, *, #1375, .T. ) ;
#2712 = CARTESIAN_POINT ( 'NONE',  ( -15.24793843147313943, 6.532999935630764199, 13.69544456324234005 ) ) ;
#2713 = CYLINDRICAL_SURFACE ( 'NONE', #2921, 1.600000000000000755 ) ;
#2714 = EDGE_CURVE ( 'NONE', #1696, #1554, #718, .T. ) ;
#2715 = CIRCLE ( 'NONE', #2032, 1.600000000000000755 ) ;
#2716 = VERTEX_POINT ( 'NONE', #79 ) ;
#2717 = CARTESIAN_POINT ( 'NONE',  ( 0.000000000000000000, 15.60000000000000142, 0.000000000000000000 ) ) ;
#2718 = CARTESIAN_POINT ( 'NONE',  ( -4.224985372232108460, 0.3999999999999975797, 4.465888069864984544 ) ) ;
#2719 = ORIENTED_EDGE ( 'NONE', *, *, #2632, .T. ) ;
#2720 = DIRECTION ( 'NONE',  ( 0.000000000000000000, 1.000000000000000000, 0.000000000000000000 ) ) ;
#2721 = DIRECTION ( 'NONE',  ( 0.000000000000000000, -1.000000000000000000, 0.000000000000000000 ) ) ;
#2722 = EDGE_CURVE ( 'NONE', #1579, #3911, #3786, .T. ) ;
#2723 = CARTESIAN_POINT ( 'NONE',  ( -18.55292334111635100, 8.518846111541549249, 4.097962156367429998 ) ) ;
#2724 = CARTESIAN_POINT ( 'NONE',  ( -18.41670776776060237, 8.118812620607643638, 13.49776529101687395 ) ) ;
#2725 = CARTESIAN_POINT ( 'NONE',  ( 8.000000000000000000, 0.000000000000000000, -1.600000000000001865 ) ) ;
#2726 = ORIENTED_EDGE ( 'NONE', *, *, #3880, .T. ) ;
#2727 = AXIS2_PLACEMENT_3D ( 'NONE', #63, #1529, #1875 ) ;
#2728 = CARTESIAN_POINT ( 'NONE',  ( -13.49991690843946301, -53.74011537017761242, -13.36982585770025089 ) ) ;
#2729 = AXIS2_PLACEMENT_3D ( 'NONE', #364, #3933, #1526 ) ;
#2730 = CARTESIAN_POINT ( 'NONE',  ( -13.52806462754988459, 14.13260318641378710, 19.59567274323691066 ) ) ;
#2731 = AXIS2_PLACEMENT_3D ( 'NONE', #2537, #3486, #3454 ) ;
#2732 = ORIENTED_EDGE ( 'NONE', *, *, #1845, .F. ) ;
#2733 = CARTESIAN_POINT ( 'NONE',  ( -7.240255245803264295, 8.901168932097062836, 16.47969733781851431 ) ) ;
#2734 = AXIS2_PLACEMENT_3D ( 'NONE', #3768, #3108, #1932 ) ;
#2735 = CARTESIAN_POINT ( 'NONE',  ( 5.041396748983368425, 0.000000000000000000, 2.811908068815244910 ) ) ;
#2736 =( NAMED_UNIT ( * ) SI_UNIT ( $, .STERADIAN. ) SOLID_ANGLE_UNIT ( ) );
#2737 = LINE ( 'NONE', #3341, #1905 ) ;
#2738 = FACE_OUTER_BOUND ( 'NONE', #1806, .T. ) ;
#2739 = PRODUCT_RELATED_PRODUCT_CATEGORY ( 'part', '', ( #3363 ) ) ;
#2740 = CARTESIAN_POINT ( 'NONE',  ( -4.546228914269300425, 0.000000000000000000, -3.941969482909252420 ) ) ;
#2741 = CARTESIAN_POINT ( 'NONE',  ( -18.58801688581121780, 14.20000000000000284, 4.548213831992796052 ) ) ;
#2742 = CARTESIAN_POINT ( 'NONE',  ( -12.52493981042562865, 6.238920334665150058, 17.79829988685922615 ) ) ;
#2743 = CARTESIAN_POINT ( 'NONE',  ( -18.42013677478682965, 7.689787663115374983, 4.658172865444798916 ) ) ;
#2744 = LINE ( 'NONE', #2307, #295 ) ;
#2745 = ORIENTED_EDGE ( 'NONE', *, *, #2954, .F. ) ;
#2746 = FACE_BOUND ( 'NONE', #3421, .T. ) ;
#2747 = EDGE_CURVE ( 'NONE', #2772, #2343, #2539, .T. ) ;
#2748 = PLANE ( 'NONE',  #119 ) ;
#2749 = DIRECTION ( 'NONE',  ( -0.000000000000000000, -1.000000000000000000, -0.000000000000000000 ) ) ;
#2750 = CARTESIAN_POINT ( 'NONE',  ( -2.792558000930217776, 12.94163085265195967, 18.79365939689592579 ) ) ;
#2751 = ORIENTED_EDGE ( 'NONE', *, *, #3360, .F. ) ;
#2752 = CARTESIAN_POINT ( 'NONE',  ( -12.96815310790103482, 10.87834078789085090, 17.89623924016471079 ) ) ;
#2753 = CARTESIAN_POINT ( 'NONE',  ( 3.870238625396473342, 0.000000000000000000, -4.958462514997507675 ) ) ;
#2754 =( BOUNDED_SURFACE ( )  B_SPLINE_SURFACE ( 3, 2, ( 
 ( #2634, #1771, #3011 ),
 ( #2956, #1122, #3276 ),
 ( #831, #2705, #1465 ),
 ( #3858, #1446, #2098 ),
 ( #1427, #2688, #232 ),
 ( #3310, #266, #1484 ),
 ( #791, #2062, #2350 ),
 ( #1752, #3898, #2370 ),
 ( #2080, #3915, #3591 ),
 ( #2938, #2315, #2021 ),
 ( #3235, #1159, #846 ),
 ( #489, #2388, #1714 ),
 ( #200, #513, #1411 ),
 ( #1101, #3557, #1733 ),
 ( #1239, #879, #3048 ),
 ( #3093, #3074, #3644 ),
 ( #3664, #2459, #895 ),
 ( #589, #2402, #3689 ),
 ( #939, #2175, #3391 ),
 ( #1547, #340, #2485 ),
 ( #1505, #18, #605 ),
 ( #1, #2765, #2438 ),
 ( #1871, #2152, #322 ),
 ( #36, #2724, #640 ),
 ( #303, #3368, #1566 ),
 ( #2787, #1853, #58 ),
 ( #1217, #3715, #1592 ),
 ( #1264, #962, #2193 ),
 ( #3626, #911, #1893 ),
 ( #624, #1199, #3414 ) ),
 .UNSPECIFIED., .F., .F., .T. ) 
 B_SPLINE_SURFACE_WITH_KNOTS ( ( 4, 2, 2, 2, 2, 2, 2, 2, 2, 2, 2, 2, 2, 2, 4 ),
 ( 3, 3 ),
 ( -1.280957019829474103E-06, 2.607605759320854025E-06, 6.496168538471182153E-06, 1.427329409677183841E-05, 2.982754521337315092E-05, 6.093604744657577595E-05, 0.0001231530519129810260, 0.0002475870608457915261, 0.0004964550787114125263, 0.0007453230965770334723, 0.0009941911144426545267, 0.001491927150173896419, 0.001989663185905138527, 0.002985135257367622745, 0.003980607328830106963 ),
 ( 0.03912951891794701209, 1.000000000000000000 ),
 .UNSPECIFIED. ) 
 GEOMETRIC_REPRESENTATION_ITEM ( )  RATIONAL_B_SPLINE_SURFACE ( (
 ( 0.9735973272756470731, 0.6626246187728721537, 1.000000000000000000),
 ( 0.9735968113349779962, 0.6626180260433516267, 1.000000000000000000),
 ( 0.9735987598549890043, 0.6626429243818044990, 1.000000000000000000),
 ( 0.9736015904141839261, 0.6626790934847376358, 1.000000000000000000),
 ( 0.9736030051868527213, 0.6626971715586306155, 1.000000000000000000),
 ( 0.9736072477270758529, 0.6627513830636583281, 1.000000000000000000),
 ( 0.9736100737420488871, 0.6627874941001742348, 1.000000000000000000),
 ( 0.9736185429952977088, 0.6628957148690850509, 1.000000000000000000),
 ( 0.9736241774454581499, 0.6629677123062649446, 1.000000000000000000),
 ( 0.9736410337669856307, 0.6631831036782237510, 1.000000000000000000),
 ( 0.9736522080609987251, 0.6633258896659123272, 1.000000000000000000),
 ( 0.9736854725495061036, 0.6637509458565745701, 1.000000000000000000),
 ( 0.9737072984321155644, 0.6640298386619677418, 1.000000000000000000),
 ( 0.9737714763066760426, 0.6648499084754402322, 1.000000000000000000),
 ( 0.9738125078354549213, 0.6653742125036196109, 1.000000000000000000),
 ( 0.9739306042350633907, 0.6668832573740179903, 1.000000000000000000),
 ( 0.9740032612709441651, 0.6678116745624979034, 1.000000000000000000),
 ( 0.9741376074263551343, 0.6695283600613990416, 1.000000000000000000),
 ( 0.9741996302581982237, 0.6703208925734033263, 1.000000000000000000),
 ( 0.9743177528975576207, 0.6718302727373541838, 1.000000000000000000),
 ( 0.9743738010612909006, 0.6725464604810731384, 1.000000000000000000),
 ( 0.9745363999797412857, 0.6746241619574379067, 1.000000000000000000),
 ( 0.9746372404777117193, 0.6759127095905157478, 1.000000000000000000),
 ( 0.9748289213504361950, 0.6783620225136610671, 1.000000000000000000),
 ( 0.9749202938240137950, 0.6795295870033920549, 1.000000000000000000),
 ( 0.9751872559378651495, 0.6829408494113353711, 1.000000000000000000),
 ( 0.9753568565903748544, 0.6851080195836192210, 1.000000000000000000),
 ( 0.9756825542814155927, 0.6892698097109618560, 1.000000000000000000),
 ( 0.9758380983067247438, 0.6912573632205681884, 1.000000000000000000),
 ( 0.9759881832146082292, 0.6931751597081539096, 1.000000000000000000) ) ) 
 REPRESENTATION_ITEM ( '' )  SURFACE ( )  );
#2755 = SURFACE_STYLE_USAGE ( .BOTH. , #947 ) ;
#2756 = CARTESIAN_POINT ( 'NONE',  ( -16.03378882815697892, 3.743222998011288105, 12.57920678598127040 ) ) ;
#2757 = VERTEX_POINT ( 'NONE', #2533 ) ;
#2758 = CARTESIAN_POINT ( 'NONE',  ( -16.00470365678961571, 6.869016790560381835, 13.03113595981785267 ) ) ;
#2759 = CARTESIAN_POINT ( 'NONE',  ( -2.800466942032490358, 12.85174544759920501, 18.79248213798760148 ) ) ;
#2760 = ORIENTED_EDGE ( 'NONE', *, *, #660, .T. ) ;
#2761 = CARTESIAN_POINT ( 'NONE',  ( -17.80183300565569837, 11.89819837877568887, 8.319412753338941258 ) ) ;
#2762 = CARTESIAN_POINT ( 'NONE',  ( -5.499913291335847276, 0.3999999999999975797, -0.4105076079380310383 ) ) ;
#2763 = VERTEX_POINT ( 'NONE', #3764 ) ;
#2764 = DIRECTION ( 'NONE',  ( 0.000000000000000000, 0.000000000000000000, -1.000000000000000000 ) ) ;
#2765 = CARTESIAN_POINT ( 'NONE',  ( -18.82136124831720636, 8.681364888404855762, 13.79320846249373211 ) ) ;
#2766 = VERTEX_POINT ( 'NONE', #1011 ) ;
#2767 = FACE_BOUND ( 'NONE', #2783, .T. ) ;
#2768 = CARTESIAN_POINT ( 'NONE',  ( 1.959434878635764984E-16, 2.000000000000000000, 11.09999999999999964 ) ) ;
#2769 = DIRECTION ( 'NONE',  ( 0.000000000000000000, 0.000000000000000000, 1.000000000000000000 ) ) ;
#2770 = CARTESIAN_POINT ( 'NONE',  ( -12.95252630032811503, 10.98897736141994486, 17.87697910339605301 ) ) ;
#2771 = ADVANCED_FACE ( 'NONE', ( #2241 ), #3862, .T. ) ;
#2772 = VERTEX_POINT ( 'NONE', #2160 ) ;
#2773 = CARTESIAN_POINT ( 'NONE',  ( 0.01223531239254442397, 0.3999999999999975797, -6.999982333181954175 ) ) ;
#2774 = CARTESIAN_POINT ( 'NONE',  ( 0.000000000000000000, 9.071069597503624848, -11.09999999999999964 ) ) ;
#2775 = EDGE_CURVE ( 'NONE', #1846, #3935, #434, .T. ) ;
#2776 = CARTESIAN_POINT ( 'NONE',  ( -10.33737854712257764, 5.400000000004877343, 14.80960945681240126 ) ) ;
#2777 = CARTESIAN_POINT ( 'NONE',  ( -17.28760098319387595, 12.79230484541325730, 18.06773807613349092 ) ) ;
#2778 = ORIENTED_EDGE ( 'NONE', *, *, #1851, .T. ) ;
#2779 = CARTESIAN_POINT ( 'NONE',  ( -15.78865060603826898, 4.463302104122321090, 8.648138840966167251 ) ) ;
#2780 = LINE ( 'NONE', #2822, #3618 ) ;
#2781 = CARTESIAN_POINT ( 'NONE',  ( -18.76838920706356362, 10.89540385313585880, 16.41718937316257154 ) ) ;
#2782 = CARTESIAN_POINT ( 'NONE',  ( -15.91527329017342751, 11.08299533836159334, 18.02585220678085420 ) ) ;
#2783 = EDGE_LOOP ( 'NONE', ( #1729, #1344 ) ) ;
#2784 = CARTESIAN_POINT ( 'NONE',  ( 18.99341991322257783, 25.60000000000000142, -0.5000000000000014433 ) ) ;
#2785 = CIRCLE ( 'NONE', #668, 19.00000000000000000 ) ;
#2786 = CARTESIAN_POINT ( 'NONE',  ( -18.62389854082673324, 9.180531697980580219, 3.762140739957242630 ) ) ;
#2787 = CARTESIAN_POINT ( 'NONE',  ( -16.84864797539700021, 9.093145836864666265, 12.20750938359929982 ) ) ;
#2788 = ORIENTED_EDGE ( 'NONE', *, *, #3202, .T. ) ;
#2789 = DIRECTION ( 'NONE',  ( -0.000000000000000000, -1.000000000000000000, -0.000000000000000000 ) ) ;
#2790 = DIRECTION ( 'NONE',  ( 0.000000000000000000, -1.000000000000000000, 0.000000000000000000 ) ) ;
#2791 = AXIS2_PLACEMENT_3D ( 'NONE', #1166, #3336, #2977 ) ;
#2792 = CARTESIAN_POINT ( 'NONE',  ( -12.95111271463197156, 10.96580262133517003, 17.87503159342758252 ) ) ;
#2793 = AXIS2_PLACEMENT_3D ( 'NONE', #1906, #2994, #1144 ) ;
#2794 = ORIENTED_EDGE ( 'NONE', *, *, #2894, .T. ) ;
#2795 = ADVANCED_FACE ( 'NONE', ( #3354 ), #1921, .T. ) ;
#2796 = CARTESIAN_POINT ( 'NONE',  ( 3.018231912797951111, 0.000000000000000000, -5.841188869266970229 ) ) ;
#2797 = CIRCLE ( 'NONE', #560, 19.00000000000000000 ) ;
#2798 = CARTESIAN_POINT ( 'NONE',  ( -3.605869825397647332, 0.3999999999999975797, -5.287272842732679834 ) ) ;
#2799 = DIRECTION ( 'NONE',  ( 0.000000000000000000, 1.000000000000000000, 0.000000000000000000 ) ) ;
#2800 = CIRCLE ( 'NONE', #1323, 18.00000000000000000 ) ;
#2801 = ORIENTED_EDGE ( 'NONE', *, *, #616, .T. ) ;
#2802 = DIRECTION ( 'NONE',  ( 0.000000000000000000, 1.000000000000000000, 0.000000000000000000 ) ) ;
#2803 = DIRECTION ( 'NONE',  ( 0.7071067811865462405, 0.000000000000000000, 0.7071067811865489050 ) ) ;
#2804 = EDGE_CURVE ( 'NONE', #482, #3682, #573, .T. ) ;
#2805 = DIRECTION ( 'NONE',  ( 0.000000000000000000, 1.000000000000000000, -0.000000000000000000 ) ) ;
#2806 = CARTESIAN_POINT ( 'NONE',  ( -13.36773933806482439, 11.08365289709020374, 18.28256985880199892 ) ) ;
#2807 = CIRCLE ( 'NONE', #2937, 2.500000631318421096 ) ;
#2808 = CARTESIAN_POINT ( 'NONE',  ( -18.37012985142049359, 9.007246185344447653, 16.09966927911565548 ) ) ;
#2809 = DIRECTION ( 'NONE',  ( -0.000000000000000000, -1.000000000000000000, -0.000000000000000000 ) ) ;
#2810 = ORIENTED_EDGE ( 'NONE', *, *, #1326, .T. ) ;
#2811 = DIRECTION ( 'NONE',  ( -0.000000000000000000, 1.000000000000000000, -0.000000000000000000 ) ) ;
#2812 = CARTESIAN_POINT ( 'NONE',  ( -18.44120000933880732, 7.817336986983783653, 4.574717294300004511 ) ) ;
#2813 = EDGE_LOOP ( 'NONE', ( #896, #2015, #1697, #496, #3094 ) ) ;
#2814 = DIRECTION ( 'NONE',  ( -0.000000000000000000, -1.000000000000000000, -0.000000000000000000 ) ) ;
#2815 = CARTESIAN_POINT ( 'NONE',  ( 5.499999975256551821, 0.3999999999999975797, -1.704671759241649717E-05 ) ) ;
#2816 = EDGE_LOOP ( 'NONE', ( #3844, #600, #1987, #1563, #3690, #128 ) ) ;
#2817 = CARTESIAN_POINT ( 'NONE',  ( 5.263350216612317389, 0.3999999999999975797, -2.028213969412615558 ) ) ;
#2818 = CARTESIAN_POINT ( 'NONE',  ( -12.94883281993585555, 9.162039758187505711, 18.96605924909609087 ) ) ;
#2819 = CARTESIAN_POINT ( 'NONE',  ( -14.48402125235644355, 7.957113007044713804, 19.35781757129026204 ) ) ;
#2820 = VERTEX_POINT ( 'NONE', #3013 ) ;
#2821 = CARTESIAN_POINT ( 'NONE',  ( -15.28915516855714429, 3.407765513487319708, 9.501323322891293444 ) ) ;
#2822 = CARTESIAN_POINT ( 'NONE',  ( -4.065758146820641628E-16, 32.29252453721352367, 7.000000000000000000 ) ) ;
#2823 = CARTESIAN_POINT ( 'NONE',  ( -9.214203205201192404, 3.698844653088873446, 15.46616111019986128 ) ) ;
#2824 = CARTESIAN_POINT ( 'NONE',  ( -13.49991690843946301, 0.4000000000000000222, 0.000000000000000000 ) ) ;
#2825 = B_SPLINE_CURVE_WITH_KNOTS ( 'NONE', 3,
 ( #1598, #1247, #919, #44, #3699, #85, #2835, #310, #3721, #946, #3422, #2510, #1900, #3120, #3739, #690, #3795, #3525, #2022, #410, #2332, #122, #1984, #1389 ),
 .UNSPECIFIED., .F., .F.,
 ( 4, 2, 2, 2, 2, 2, 2, 2, 2, 2, 2, 4 ),
 ( 0.2498567275948674893, 0.2499999999999993894, 0.2812499999999994449, 0.2968749999999994449, 0.3124999999999995004, 0.3749999999999996669, 0.3906249999999997224, 0.4062499999999997780, 0.4218749999999997780, 0.4374999999999998335, 0.4687500000000000000, 0.5000000000000000000 ),
 .UNSPECIFIED. ) ;
#2826 = EDGE_CURVE ( 'NONE', #3835, #3041, #1717, .T. ) ;
#2827 = CARTESIAN_POINT ( 'NONE',  ( -18.25650434988255100, 7.418893615779723838, 12.45471077560646123 ) ) ;
#2828 = CARTESIAN_POINT ( 'NONE',  ( -14.57034824495064029, 2.905605669541655445, 13.43241765280621358 ) ) ;
#2829 = DIRECTION ( 'NONE',  ( 0.000000000000000000, 1.000000000000000000, 0.000000000000000000 ) ) ;
#2830 = CARTESIAN_POINT ( 'NONE',  ( 0.000000000000000000, 9.071069597503624848, -9.500000000000000000 ) ) ;
#2831 = EDGE_LOOP ( 'NONE', ( #1937, #1878, #328, #1635 ) ) ;
#2832 = CARTESIAN_POINT ( 'NONE',  ( -4.065758146820641628E-16, 0.3999999999999975797, 7.000000000000000000 ) ) ;
#2833 = DIRECTION ( 'NONE',  ( 1.000000000000000000, 1.445602896647339666E-14, 0.000000000000000000 ) ) ;
#2834 = ORIENTED_EDGE ( 'NONE', *, *, #1971, .F. ) ;
#2835 = CARTESIAN_POINT ( 'NONE',  ( 5.349759145252581227, 0.3999999999999975797, -1.627024985997544748 ) ) ;
#2836 = DIRECTION ( 'NONE',  ( 0.000000000000000000, 1.000000000000000000, 0.000000000000000000 ) ) ;
#2837 = CARTESIAN_POINT ( 'NONE',  ( -12.79538915960509193, 8.576638158412368540, 18.76303886308056690 ) ) ;
#2838 = ORIENTED_EDGE ( 'NONE', *, *, #3581, .F. ) ;
#2839 = DIRECTION ( 'NONE',  ( -0.000000000000000000, -1.000000000000000000, -0.000000000000000000 ) ) ;
#2840 = CARTESIAN_POINT ( 'NONE',  ( -7.149811898413637401, 11.08365289709020196, 16.51908562291819749 ) ) ;
#2841 = CARTESIAN_POINT ( 'NONE',  ( -7.149811898413637401, 11.08365289709020196, 16.51908562291819749 ) ) ;
#2842 = FACE_OUTER_BOUND ( 'NONE', #3929, .T. ) ;
#2843 = CARTESIAN_POINT ( 'NONE',  ( -14.93844274278597339, 8.006499646545533366, 16.84223373062546969 ) ) ;
#2844 = CARTESIAN_POINT ( 'NONE',  ( -21.10772051817327721, 13.40000000000000036, 9.135870759084031789 ) ) ;
#2845 = ADVANCED_FACE ( 'NONE', ( #3666, #1241, #2746, #2767, #1795, #3371 ), #1550, .T. ) ;
#2846 = CARTESIAN_POINT ( 'NONE',  ( -19.22485800179871873, 10.10478680825407061, 13.13072950355478419 ) ) ;
#2847 = ORIENTED_EDGE ( 'NONE', *, *, #3703, .T. ) ;
#2848 = CARTESIAN_POINT ( 'NONE',  ( -16.30694456989035146, 11.08364215356573368, 7.639947340981096957 ) ) ;
#2849 = EDGE_CURVE ( 'NONE', #1846, #1940, #3630, .T. ) ;
#2850 = CARTESIAN_POINT ( 'NONE',  ( -14.34309073123032441, 10.79042044435883874, 19.57095728523885114 ) ) ;
#2851 = ORIENTED_EDGE ( 'NONE', *, *, #3417, .T. ) ;
#2852 = AXIS2_PLACEMENT_3D ( 'NONE', #792, #1026, #178 ) ;
#2853 = LINE ( 'NONE', #1067, #3816 ) ;
#2854 = CARTESIAN_POINT ( 'NONE',  ( -13.22791202766419438, 10.55273050068308116, 19.33239198431351724 ) ) ;
#2855 = DIRECTION ( 'NONE',  ( 0.000000000000000000, 1.000000000000000000, 0.000000000000000000 ) ) ;
#2856 = ORIENTED_EDGE ( 'NONE', *, *, #3221, .T. ) ;
#2857 = VERTEX_POINT ( 'NONE', #306 ) ;
#2858 = CARTESIAN_POINT ( 'NONE',  ( 0.000000000000000000, 0.000000000000000000, 0.000000000000000000 ) ) ;
#2859 = AXIS2_PLACEMENT_3D ( 'NONE', #3627, #3260, #1793 ) ;
#2860 = DIRECTION ( 'NONE',  ( 0.000000000000000000, 0.000000000000000000, 1.000000000000000000 ) ) ;
#2861 = FACE_OUTER_BOUND ( 'NONE', #3285, .T. ) ;
#2862 = AXIS2_PLACEMENT_3D ( 'NONE', #225, #1436, #2662 ) ;
#2863 = DIRECTION ( 'NONE',  ( -0.7071067811865479058, 0.000000000000000000, -0.7071067811865472397 ) ) ;
#2864 = DIRECTION ( 'NONE',  ( 0.000000000000000000, 0.000000000000000000, -1.000000000000000000 ) ) ;
#2865 = FACE_OUTER_BOUND ( 'NONE', #1472, .T. ) ;
#2866 = DIRECTION ( 'NONE',  ( 0.000000000000000000, 0.000000000000000000, 1.000000000000000000 ) ) ;
#2867 = CARTESIAN_POINT ( 'NONE',  ( -18.79835237089920597, 13.28869969493403680, 2.761074684687857772 ) ) ;
#2868 = VERTEX_POINT ( 'NONE', #342 ) ;
#2869 = EDGE_CURVE ( 'NONE', #3119, #1554, #1844, .T. ) ;
#2870 = CARTESIAN_POINT ( 'NONE',  ( -4.635325236812398053, 0.3999999999999975797, 3.753140858476881281 ) ) ;
#2871 = CARTESIAN_POINT ( 'NONE',  ( -5.572512258077918723, 6.255843482114910259, 18.16878832367848062 ) ) ;
#2872 = CARTESIAN_POINT ( 'NONE',  ( -14.70216723999332764, 7.664550754951867440, 16.54107567674118329 ) ) ;
#2873 = CARTESIAN_POINT ( 'NONE',  ( -5.471516974596377203, 0.3999999999999975797, -0.8178999945701421748 ) ) ;
#2874 = ORIENTED_EDGE ( 'NONE', *, *, #20, .F. ) ;
#2875 = ADVANCED_FACE ( 'NONE', ( #3393 ), #3646, .F. ) ;
#2876 = CARTESIAN_POINT ( 'NONE',  ( 18.99341991322257783, 16.00000000000000000, 0.5000000000000002220 ) ) ;
#2877 = CARTESIAN_POINT ( 'NONE',  ( 4.343020583504177523, 0.3999999999999975797, 4.297004004421830281 ) ) ;
#2878 = EDGE_LOOP ( 'NONE', ( #25, #1627, #1924, #3156, #2897, #300 ) ) ;
#2879 = LINE ( 'NONE', #165, #813 ) ;
#2880 = CARTESIAN_POINT ( 'NONE',  ( -9.533385197138148470, 3.354844146203292965, 15.27348247840181195 ) ) ;
#2881 = CARTESIAN_POINT ( 'NONE',  ( -1.237604307034019469, 24.60000000000000142, -6.303691262898045267 ) ) ;
#2882 = B_SPLINE_CURVE_WITH_KNOTS ( 'NONE', 3,
 ( #3751, #2867, #782, #2583 ),
 .UNSPECIFIED., .F., .F.,
 ( 4, 4 ),
 ( 0.000000000000000000, 1.000000000000000000 ),
 .UNSPECIFIED. ) ;
#2883 = CARTESIAN_POINT ( 'NONE',  ( -18.07960906753051589, 5.410695476468759146, 13.58547435397103875 ) ) ;
#2884 = CARTESIAN_POINT ( 'NONE',  ( -19.59507359814391236, 13.70565678963797929, 13.52607054006775655 ) ) ;
#2885 = DIRECTION ( 'NONE',  ( -0.000000000000000000, -1.000000000000000000, -0.000000000000000000 ) ) ;
#2886 = CARTESIAN_POINT ( 'NONE',  ( -18.96870238346882687, 9.167008379879716173, 12.95244611887308395 ) ) ;
#2887 = ORIENTED_EDGE ( 'NONE', *, *, #2238, .F. ) ;
#2888 = PLANE ( 'NONE',  #371 ) ;
#2889 = VERTEX_POINT ( 'NONE', #913 ) ;
#2890 = CARTESIAN_POINT ( 'NONE',  ( -12.42202360501486602, 9.440217947631889928, 17.14476904501266219 ) ) ;
#2891 = CARTESIAN_POINT ( 'NONE',  ( -15.58935760079930155, 6.781562284456982503, 13.95994988166951956 ) ) ;
#2892 = ADVANCED_BREP_SHAPE_REPRESENTATION ( 'Motor cover', ( #1135, #1085, #557 ), #559 ) ;
#2893 = DIRECTION ( 'NONE',  ( 0.000000000000000000, 0.000000000000000000, 1.000000000000000000 ) ) ;
#2894 = EDGE_CURVE ( 'NONE', #847, #286, #2996, .T. ) ;
#2895 = CARTESIAN_POINT ( 'NONE',  ( -15.00512784438910074, 7.460674127653566856, 10.29834562429149969 ) ) ;
#2896 = CARTESIAN_POINT ( 'NONE',  ( -13.66969855104860621, 2.214344257659774939, 11.71323974723652483 ) ) ;
#2897 = ORIENTED_EDGE ( 'NONE', *, *, #2078, .T. ) ;
#2898 = ORIENTED_EDGE ( 'NONE', *, *, #2632, .F. ) ;
#2899 = CARTESIAN_POINT ( 'NONE',  ( 0.8275180089444803544, 0.000000000000000000, -6.938502046920373090 ) ) ;
#2900 = CARTESIAN_POINT ( 'NONE',  ( -17.89623364242553549, 11.08364215356712279, 12.96814841693972475 ) ) ;
#2901 = CARTESIAN_POINT ( 'NONE',  ( -7.066663088963546002, 3.953874375126663843, 17.63978788084466487 ) ) ;
#2902 = ADVANCED_FACE ( 'NONE', ( #2440 ), #3717, .F. ) ;
#2903 = CARTESIAN_POINT ( 'NONE',  ( -15.44835924285750295, 2.206660268064492669, 17.03960670624821461 ) ) ;
#2904 = DIRECTION ( 'NONE',  ( 0.000000000000000000, 1.000000000000000000, -0.000000000000000000 ) ) ;
#2905 = B_SPLINE_CURVE_WITH_KNOTS ( 'NONE', 3,
 ( #3767, #1015, #1990, #1033 ),
 .UNSPECIFIED., .F., .F.,
 ( 4, 4 ),
 ( 0.000000000000000000, 0.001684862207305789584 ),
 .UNSPECIFIED. ) ;
#2906 = CARTESIAN_POINT ( 'NONE',  ( -18.74437677796823820, 10.78561996573283288, 3.128771923508480324 ) ) ;
#2907 = EDGE_LOOP ( 'NONE', ( #3660, #2952, #3049, #2915 ) ) ;
#2908 = CARTESIAN_POINT ( 'NONE',  ( -1.009838838191978505, 0.000000000000000000, -6.883573938702106432 ) ) ;
#2909 = CARTESIAN_POINT ( 'NONE',  ( -5.185773037846752587, 6.823630369563518983, 18.27862084896246131 ) ) ;
#2910 = CARTESIAN_POINT ( 'NONE',  ( -15.28783550198473229, 8.643653844258061270, 17.28324389987695398 ) ) ;
#2911 = CARTESIAN_POINT ( 'NONE',  ( -14.98073335095143044, 11.13195815763430296, 18.96039214600285305 ) ) ;
#2912 = VECTOR ( 'NONE', #1913, 1000.000000000000000 ) ;
#2913 = CARTESIAN_POINT ( 'NONE',  ( 0.000000000000000000, 24.60000000000000142, 0.000000000000000000 ) ) ;
#2914 = FACE_OUTER_BOUND ( 'NONE', #3113, .T. ) ;
#2915 = ORIENTED_EDGE ( 'NONE', *, *, #1742, .F. ) ;
#2916 = VECTOR ( 'NONE', #2179, 1000.000000000000000 ) ;
#2917 = CARTESIAN_POINT ( 'NONE',  ( -14.42505463783813369, 2.489907323566213915, 10.76913216161811881 ) ) ;
#2918 = VERTEX_POINT ( 'NONE', #2101 ) ;
#2919 = VERTEX_POINT ( 'NONE', #1201 ) ;
#2920 = CIRCLE ( 'NONE', #3242, 2.500000631318422428 ) ;
#2921 = AXIS2_PLACEMENT_3D ( 'NONE', #3657, #293, #2395 ) ;
#2922 = VECTOR ( 'NONE', #3784, 1000.000000000000000 ) ;
#2923 = EDGE_CURVE ( 'NONE', #2343, #315, #1242, .T. ) ;
#2924 = CARTESIAN_POINT ( 'NONE',  ( -12.91906339444375895, 10.47156991538800952, 17.82099659963607152 ) ) ;
#2925 = CARTESIAN_POINT ( 'NONE',  ( 3.871803458559933020, 0.000000000000000000, 4.971425316501708380 ) ) ;
#2926 = DIRECTION ( 'NONE',  ( 0.000000000000000000, 0.000000000000000000, 1.000000000000000000 ) ) ;
#2927 = AXIS2_PLACEMENT_3D ( 'NONE', #2057, #3675, #854 ) ;
#2928 = CARTESIAN_POINT ( 'NONE',  ( -16.51063608481496914, 1.996353160643998370, 9.402861280633894481 ) ) ;
#2929 = CARTESIAN_POINT ( 'NONE',  ( -16.59498325204182478, 4.358674459405456503, 12.45984893282201611 ) ) ;
#2930 = ORIENTED_EDGE ( 'NONE', *, *, #1570, .F. ) ;
#2931 = VERTEX_POINT ( 'NONE', #591 ) ;
#2932 = CARTESIAN_POINT ( 'NONE',  ( -14.38890136911311046, 1.299422697575342456, 12.42023359404523575 ) ) ;
#2933 = AXIS2_PLACEMENT_3D ( 'NONE', #1706, #3550, #2926 ) ;
#2934 = CARTESIAN_POINT ( 'NONE',  ( -3.162118205461780907, 0.3999999999999975797, -5.715654696622435971 ) ) ;
#2935 = CARTESIAN_POINT ( 'NONE',  ( -6.557929505163309969, 4.669871429669293583, 17.83258394263426894 ) ) ;
#2936 = CARTESIAN_POINT ( 'NONE',  ( -12.91095875290138117, 3.147803070610742271, 15.27816306071920138 ) ) ;
#2937 = AXIS2_PLACEMENT_3D ( 'NONE', #2072, #2339, #3567 ) ;
#2938 = CARTESIAN_POINT ( 'NONE',  ( -17.87950184885615101, 11.03599839216311551, 12.95435965652017885 ) ) ;
#2939 = DIRECTION ( 'NONE',  ( 1.000000000000000000, 0.000000000000000000, 0.000000000000000000 ) ) ;
#2940 = CARTESIAN_POINT ( 'NONE',  ( -16.51016474530118927, 9.987692607955406032, 7.170393413303312258 ) ) ;
#2941 = CARTESIAN_POINT ( 'NONE',  ( -12.95570107008340166, 5.090707742588797657, 12.51185061820176792 ) ) ;
#2942 = ORIENTED_EDGE ( 'NONE', *, *, #2215, .T. ) ;
#2943 = CARTESIAN_POINT ( 'NONE',  ( -9.349252617682001443, 3.566684164272093227, 15.38246090579516689 ) ) ;
#2944 = ORIENTED_EDGE ( 'NONE', *, *, #2498, .T. ) ;
#2945 = CARTESIAN_POINT ( 'NONE',  ( -13.69544456324381088, 6.532999935631144339, 15.24793843147353023 ) ) ;
#2946 = CARTESIAN_POINT ( 'NONE',  ( -12.90630187433438714, 8.959174334710750642, 18.90159005283183546 ) ) ;
#2947 = DIRECTION ( 'NONE',  ( -0.000000000000000000, -1.000000000000000000, -0.000000000000000000 ) ) ;
#2948 = CARTESIAN_POINT ( 'NONE',  ( 5.357042513691267160, 0.3999999999999975797, 1.627558495578288023 ) ) ;
#2949 = ADVANCED_FACE ( 'NONE', ( #39 ), #537, .F. ) ;
#2950 = CARTESIAN_POINT ( 'NONE',  ( -16.28753218580881068, 4.005472119879927462, 12.51398264470355848 ) ) ;
#2951 = ORIENTED_EDGE ( 'NONE', *, *, #3448, .T. ) ;
#2952 = ORIENTED_EDGE ( 'NONE', *, *, #1821, .F. ) ;
#2953 = CARTESIAN_POINT ( 'NONE',  ( -18.46223493835262985, 7.937297654729278840, 4.488884148182445522 ) ) ;
#2954 = EDGE_CURVE ( 'NONE', #1422, #195, #3698, .T. ) ;
#2955 = CARTESIAN_POINT ( 'NONE',  ( -15.09516875472347941, 8.284647722260004343, 17.04031795982835362 ) ) ;
#2956 = CARTESIAN_POINT ( 'NONE',  ( -17.88038478577164625, 11.08238912451373004, 12.95500527376331057 ) ) ;
#2957 = CARTESIAN_POINT ( 'NONE',  ( -1.981032612738087062, 0.000000000000000000, 6.527128929508222654 ) ) ;
#2958 = CARTESIAN_POINT ( 'NONE',  ( -16.88410866585162751, 8.114854312258371394, 12.59237295668138934 ) ) ;
#2959 = CARTESIAN_POINT ( 'NONE',  ( -8.292802809148637877, 5.107627359000201039, 15.97646299749123600 ) ) ;
#2960 = CARTESIAN_POINT ( 'NONE',  ( -12.82612763325416338, 1.301551040084738986, 14.01750512521660674 ) ) ;
#2961 = CARTESIAN_POINT ( 'NONE',  ( -15.86409398294141937, 4.093911357178869004, 14.26125065998109598 ) ) ;
#2962 = CARTESIAN_POINT ( 'NONE',  ( 0.000000000000000000, -53.74011537017761242, 0.000000000000000000 ) ) ;
#2963 = CYLINDRICAL_SURFACE ( 'NONE', #2862, 1.600000000000001865 ) ;
#2964 = CARTESIAN_POINT ( 'NONE',  ( -15.36772516058891469, 1.413633273772714416, 11.17287052183672991 ) ) ;
#2965 = CARTESIAN_POINT ( 'NONE',  ( -13.31431657007014202, 12.85174544759873250, 19.52264537306475134 ) ) ;
#2966 = VERTEX_POINT ( 'NONE', #1340 ) ;
#2967 = ORIENTED_EDGE ( 'NONE', *, *, #3731, .T. ) ;
#2968 = DIRECTION ( 'NONE',  ( 0.000000000000000000, -1.000000000000000000, 0.000000000000000000 ) ) ;
#2969 = ADVANCED_FACE ( 'NONE', ( #3495 ), #3773, .T. ) ;
#2970 = CARTESIAN_POINT ( 'NONE',  ( -3.869037163426433779, 0.000000000000000000, -4.974763449339322463 ) ) ;
#2971 = FACE_OUTER_BOUND ( 'NONE', #19, .T. ) ;
#2972 = ORIENTED_EDGE ( 'NONE', *, *, #2894, .F. ) ;
#2973 = CARTESIAN_POINT ( 'NONE',  ( -15.03296526553573997, 5.612190666147171214, 16.93441635029133607 ) ) ;
#2974 = EDGE_CURVE ( 'NONE', #3222, #347, #1295, .T. ) ;
#2975 = CARTESIAN_POINT ( 'NONE',  ( 0.01223531239253568791, 0.000000000000000000, -6.999982333181954175 ) ) ;
#2976 = CARTESIAN_POINT ( 'NONE',  ( -12.96814841693966791, 13.40000000000000036, 17.89623364242535786 ) ) ;
#2977 = DIRECTION ( 'NONE',  ( 0.000000000000000000, 0.000000000000000000, 1.000000000000000000 ) ) ;
#2978 = CARTESIAN_POINT ( 'NONE',  ( -11.76899824457520793, 2.194470898575521467, 13.62638769732298272 ) ) ;
#2979 = CARTESIAN_POINT ( 'NONE',  ( -19.59567288232265980, 14.26741272761998935, 13.52806510620465552 ) ) ;
#2980 = CARTESIAN_POINT ( 'NONE',  ( -11.29787170275605312, 1.389297215268349817, 15.27890556134960498 ) ) ;
#2981 = CIRCLE ( 'NONE', #3431, 18.00000000000000000 ) ;
#2982 = DIRECTION ( 'NONE',  ( 0.000000000000000000, 1.000000000000000000, 0.000000000000000000 ) ) ;
#2983 = AXIS2_PLACEMENT_3D ( 'NONE', #1876, #2423, #2441 ) ;
#2984 = CARTESIAN_POINT ( 'NONE',  ( -16.87845457648530001, 2.377276335254767670, 8.735788496571926132 ) ) ;
#2985 = CARTESIAN_POINT ( 'NONE',  ( 8.000000000000000000, 0.4000000000000000222, -2.500000631318421096 ) ) ;
#2986 = ORIENTED_EDGE ( 'NONE', *, *, #1346, .F. ) ;
#2987 = CARTESIAN_POINT ( 'NONE',  ( -17.63787833127619820, 3.942378329400785031, 7.071273654461122327 ) ) ;
#2988 = CARTESIAN_POINT ( 'NONE',  ( -0.8213959819313687571, 0.000000000000000000, 6.924930299119502308 ) ) ;
#2989 = AXIS2_PLACEMENT_3D ( 'NONE', #3329, #3605, #1501 ) ;
#2990 = DIRECTION ( 'NONE',  ( 0.000000000000000000, 1.000000000000000000, 0.000000000000000000 ) ) ;
#2991 = CARTESIAN_POINT ( 'NONE',  ( -15.35947835977311371, 6.410679353706831840, 17.38204576950011315 ) ) ;
#2992 = EDGE_LOOP ( 'NONE', ( #1597, #3273 ) ) ;
#2993 = AXIS2_PLACEMENT_3D ( 'NONE', #1850, #1282, #3434 ) ;
#2994 = DIRECTION ( 'NONE',  ( -0.000000000000000000, -1.000000000000000000, -0.000000000000000000 ) ) ;
#2995 = CARTESIAN_POINT ( 'NONE',  ( -2.165157792152014427, 0.000000000000000000, 6.430201023991125808 ) ) ;
#2996 = CIRCLE ( 'NONE', #1004, 19.00000000000000000 ) ;
#2997 = DIRECTION ( 'NONE',  ( 0.7408524654891394112, 0.000000000000000000, -0.6716677931676219293 ) ) ;
#2998 = CARTESIAN_POINT ( 'NONE',  ( -8.245377177506988176, 14.03585071687851737, 17.98229236588803204 ) ) ;
#2999 = EDGE_CURVE ( 'NONE', #1572, #304, #3157, .T. ) ;
#3000 = CARTESIAN_POINT ( 'NONE',  ( -10.38023770183558092, 7.012814931976302013, 14.91122616617756158 ) ) ;
#3001 = CARTESIAN_POINT ( 'NONE',  ( -19.59114986045943141, 12.85174544760047155, 13.51313526726326941 ) ) ;
#3002 = DIRECTION ( 'NONE',  ( 0.000000000000000000, 0.000000000000000000, -1.000000000000000000 ) ) ;
#3003 = CARTESIAN_POINT ( 'NONE',  ( -14.49991690843946479, 0.000000000000000000, 5.751406069778051133 ) ) ;
#3004 = CARTESIAN_POINT ( 'NONE',  ( -12.63203990304004165, 3.576995117445714190, 15.86287950493577981 ) ) ;
#3005 = CARTESIAN_POINT ( 'NONE',  ( -14.97972572607303476, 2.957673046179679854, 13.07929905409503490 ) ) ;
#3006 = EDGE_LOOP ( 'NONE', ( #3638, #880, #617, #3205, #924 ) ) ;
#3007 = CARTESIAN_POINT ( 'NONE',  ( -18.89046885158625599, 8.905962996752702310, 12.90675891236480588 ) ) ;
#3008 = CARTESIAN_POINT ( 'NONE',  ( -4.539551615494857195, 0.000000000000000000, 3.937106244215027750 ) ) ;
#3009 = CARTESIAN_POINT ( 'NONE',  ( -13.86350364873923624, 11.08365289709020018, 18.52734957007803018 ) ) ;
#3010 = CARTESIAN_POINT ( 'NONE',  ( -12.46262687999396768, 5.541099646290917669, 17.41293046789062871 ) ) ;
#3011 = CARTESIAN_POINT ( 'NONE',  ( -18.02585245449935769, 11.08364215356650462, 15.91527304245492580 ) ) ;
#3012 = ORIENTED_EDGE ( 'NONE', *, *, #2288, .F. ) ;
#3013 = CARTESIAN_POINT ( 'NONE',  ( 8.309156053706418757E-05, 0.4000000000000000222, -6.999999370062417903 ) ) ;
#3014 = CARTESIAN_POINT ( 'NONE',  ( 5.500260400896212154, 0.000000000000000000, 0.4028858385959740440 ) ) ;
#3015 = CARTESIAN_POINT ( 'NONE',  ( -8.231697474785764967, 14.01723720628715242, 17.99406447529701936 ) ) ;
#3016 =( BOUNDED_SURFACE ( )  B_SPLINE_SURFACE ( 2, 3, ( 
 ( #778, #518, #1129, #2010, #3224, #2336, #184, #2620, #3845, #2028, #498, #204, #1109, #1416 ),
 ( #2639, #3865, #3563, #2050, #3264, #153, #3322, #1663, #1356, #2360, #2581, #1802, #1759, #2656 ),
 ( #3001, #3884, #3020, #2088, #3490, #3924, #737, #2697, #2884, #3906, #3805, #3579, #1054, #2979 ) ),
 .UNSPECIFIED., .F., .F., .T. ) 
 B_SPLINE_SURFACE_WITH_KNOTS ( ( 3, 3 ),
 ( 4, 2, 2, 2, 2, 2, 4 ),
 ( 0.000000000000000000, 1.000000000000000000 ),
 ( 0.8510506244916367091, 0.8604399428713939146, 0.8792185796309081036, 0.8979972163904222926, 0.9167758531499364816, 0.9355544899094506706, 0.9496365287471115746 ),
 .UNSPECIFIED. ) 
 GEOMETRIC_REPRESENTATION_ITEM ( )  RATIONAL_B_SPLINE_SURFACE ( (
 ( 1.000000000000000000, 1.000000000000000000, 1.000000000000000000, 1.000000000000000000, 1.000000000000000000, 1.000000000000000000, 1.000000000000000000, 1.000000000000000000, 1.000000000000000000, 1.000000000000000000, 1.000000000000000000, 1.000000000000000000, 1.000000000000000000, 1.000000000000000000),
 ( 0.9551515037343828451, 0.9552400045887196045, 0.9554144270048392507, 0.9575571670102774879, 0.9615370840504188221, 0.9691476563119715282, 0.9722451185443550248, 0.9755381890715943971, 0.9759784208850064147, 0.9763193274410273403, 0.9762880972283397574, 0.9763104029625490066, 0.9763104315798624144, 0.9763104315798624144),
 ( 1.000000000000000000, 1.000000000000000000, 1.000000000000000000, 1.000000000000000000, 1.000000000000000000, 1.000000000000000000, 1.000000000000000000, 1.000000000000000000, 1.000000000000000000, 1.000000000000000000, 1.000000000000000000, 1.000000000000000000, 1.000000000000000000, 1.000000000000000000) ) ) 
 REPRESENTATION_ITEM ( '' )  SURFACE ( )  );
#3017 = ORIENTED_EDGE ( 'NONE', *, *, #2246, .T. ) ;
#3018 = CARTESIAN_POINT ( 'NONE',  ( -10.41630046160963907, 6.870719146093128060, 14.87359292665201416 ) ) ;
#3019 = ADVANCED_FACE ( 'NONE', ( #2233, #1976 ), #2888, .T. ) ;
#3020 = CARTESIAN_POINT ( 'NONE',  ( -19.59173412832848271, 12.94163085202538177, 13.51504772526286935 ) ) ;
#3021 = CARTESIAN_POINT ( 'NONE',  ( -2.740464334129725454, 13.73811812670271948, 18.80132597963962127 ) ) ;
#3022 = EDGE_CURVE ( 'NONE', #1265, #309, #3059, .T. ) ;
#3023 = ORIENTED_EDGE ( 'NONE', *, *, #253, .F. ) ;
#3024 = DIRECTION ( 'NONE',  ( -0.000000000000000000, -1.000000000000000000, -0.000000000000000000 ) ) ;
#3025 = CARTESIAN_POINT ( 'NONE',  ( -4.334574510547136050, 0.3999999999999975797, 4.293034366861077977 ) ) ;
#3026 = ORIENTED_EDGE ( 'NONE', *, *, #1375, .F. ) ;
#3027 = CARTESIAN_POINT ( 'NONE',  ( 0.000000000000000000, 9.071069597503624848, -12.00000063131842154 ) ) ;
#3028 = CARTESIAN_POINT ( 'NONE',  ( 8.000000000000000000, 0.000000000000000000, 0.000000000000000000 ) ) ;
#3029 = ORIENTED_EDGE ( 'NONE', *, *, #1750, .F. ) ;
#3030 = CARTESIAN_POINT ( 'NONE',  ( -13.83650094098322114, 2.944549119734593212, 14.25410077346337268 ) ) ;
#3031 = CARTESIAN_POINT ( 'NONE',  ( -13.52806510620478875, 14.20000795701702856, 19.59567288232264914 ) ) ;
#3032 = ORIENTED_EDGE ( 'NONE', *, *, #790, .F. ) ;
#3033 = CARTESIAN_POINT ( 'NONE',  ( -12.63364427443207028, 8.836120120332717320, 17.23464574165789287 ) ) ;
#3034 = DIRECTION ( 'NONE',  ( 0.000000000000000000, 0.000000000000000000, 1.000000000000000000 ) ) ;
#3035 = CARTESIAN_POINT ( 'NONE',  ( -12.59037955302957101, 6.819422583697978268, 18.08243469037241979 ) ) ;
#3036 = EDGE_CURVE ( 'NONE', #337, #508, #3461, .T. ) ;
#3037 = CYLINDRICAL_SURFACE ( 'NONE', #2466, 2.500000631318421096 ) ;
#3038 = CIRCLE ( 'NONE', #1310, 1.600000000000000755 ) ;
#3039 = EDGE_CURVE ( 'NONE', #1757, #1590, #3256, .T. ) ;
#3040 = AXIS2_PLACEMENT_3D ( 'NONE', #1616, #2836, #2258 ) ;
#3041 = VERTEX_POINT ( 'NONE', #684 ) ;
#3042 = CARTESIAN_POINT ( 'NONE',  ( -18.65686005886754728, 8.218170574227963598, 12.79115725423613270 ) ) ;
#3043 = CARTESIAN_POINT ( 'NONE',  ( -3.873965609264074406, 0.000000000000000000, 4.968433955008288549 ) ) ;
#3044 = VERTEX_POINT ( 'NONE', #366 ) ;
#3045 = DIRECTION ( 'NONE',  ( -0.000000000000000000, -1.000000000000000000, -0.000000000000000000 ) ) ;
#3046 = ORIENTED_EDGE ( 'NONE', *, *, #3709, .F. ) ;
#3047 = CARTESIAN_POINT ( 'NONE',  ( -12.57059542822846687, 6.653340971845003615, 18.00458128141875136 ) ) ;
#3048 = CARTESIAN_POINT ( 'NONE',  ( -17.98669953699202750, 10.47678088597633561, 15.86853441119883534 ) ) ;
#3049 = ORIENTED_EDGE ( 'NONE', *, *, #3859, .F. ) ;
#3050 = AXIS2_PLACEMENT_3D ( 'NONE', #914, #3667, #3373 ) ;
#3051 = CARTESIAN_POINT ( 'NONE',  ( -13.69544456324360482, 6.532999935630959598, 15.24793843147327976 ) ) ;
#3052 = CIRCLE ( 'NONE', #1319, 18.00000000000000000 ) ;
#3053 = SHAPE_DEFINITION_REPRESENTATION ( #2430, #2892 ) ;
#3054 = CARTESIAN_POINT ( 'NONE',  ( 0.000000000000000000, 14.20000000000000107, 0.000000000000000000 ) ) ;
#3055 = CARTESIAN_POINT ( 'NONE',  ( 17.99305421544657690, 16.00000000000000000, -0.5000000000000002220 ) ) ;
#3056 = AXIS2_PLACEMENT_3D ( 'NONE', #2228, #2188, #3387 ) ;
#3057 = ORIENTED_EDGE ( 'NONE', *, *, #1601, .T. ) ;
#3058 = CARTESIAN_POINT ( 'NONE',  ( -12.61798238211562939, 8.704060790617385024, 17.17417104709021203 ) ) ;
#3059 = CIRCLE ( 'NONE', #126, 5.000000000000000000 ) ;
#3060 = FACE_OUTER_BOUND ( 'NONE', #3443, .T. ) ;
#3061 = SURFACE_STYLE_USAGE ( .BOTH. , #3400 ) ;
#3062 = CARTESIAN_POINT ( 'NONE',  ( -15.83599905162095034, 6.738824496212902027, 13.17339433507142132 ) ) ;
#3063 = FACE_OUTER_BOUND ( 'NONE', #2290, .T. ) ;
#3064 = CARTESIAN_POINT ( 'NONE',  ( -17.03960670625020413, 2.206660268064800867, 15.44835924285531092 ) ) ;
#3065 = CARTESIAN_POINT ( 'NONE',  ( -12.69624028298065710, 7.640219938664817967, 18.43547986057825838 ) ) ;
#3066 = B_SPLINE_CURVE_WITH_KNOTS ( 'NONE', 3,
 ( #2945, #1072, #221, #3528 ),
 .UNSPECIFIED., .F., .F.,
 ( 4, 4 ),
 ( 7.359808400080194938E-18, 0.002195557883953126732 ),
 .UNSPECIFIED. ) ;
#3067 = VERTEX_POINT ( 'NONE', #387 ) ;
#3068 = DIRECTION ( 'NONE',  ( 0.000000000000000000, 1.000000000000000000, 0.000000000000000000 ) ) ;
#3069 = CARTESIAN_POINT ( 'NONE',  ( -18.80671363134397112, 8.645452883229651775, 12.86130446743963773 ) ) ;
#3070 = CARTESIAN_POINT ( 'NONE',  ( -4.546228914269300425, 0.3999999999999975797, -3.941969482909252420 ) ) ;
#3071 = ORIENTED_EDGE ( 'NONE', *, *, #2266, .T. ) ;
#3072 = EDGE_CURVE ( 'NONE', #2772, #3460, #3401, .T. ) ;
#3073 = CARTESIAN_POINT ( 'NONE',  ( -17.38204576950034763, 6.410679353707218198, 15.35947835977321319 ) ) ;
#3074 = CARTESIAN_POINT ( 'NONE',  ( -19.44813905035911006, 10.08284752475198864, 14.25211447070297943 ) ) ;
#3075 = ORIENTED_EDGE ( 'NONE', *, *, #819, .T. ) ;
#3076 = CARTESIAN_POINT ( 'NONE',  ( -13.33534437880450518, 2.206660268064801755, 12.09002027701719939 ) ) ;
#3077 = EDGE_CURVE ( 'NONE', #228, #2570, #436, .T. ) ;
#3078 = CARTESIAN_POINT ( 'NONE',  ( -14.49991690843946479, 0.000000000000000000, 6.751406069778052021 ) ) ;
#3079 = CARTESIAN_POINT ( 'NONE',  ( -12.95435999363082935, 11.03601031517083442, 17.87950231225752873 ) ) ;
#3080 = ORIENTED_EDGE ( 'NONE', *, *, #2030, .T. ) ;
#3081 = CARTESIAN_POINT ( 'NONE',  ( -7.149811898413642730, 11.08365289709020018, 16.51908562291819749 ) ) ;
#3082 = CARTESIAN_POINT ( 'NONE',  ( 3.870238625396473342, 0.3999999999999975797, -4.958462514997507675 ) ) ;
#3083 = LINE ( 'NONE', #2774, #744 ) ;
#3084 = CARTESIAN_POINT ( 'NONE',  ( -1.009838838191978505, 0.3999999999999975797, -6.883573938702106432 ) ) ;
#3085 = CARTESIAN_POINT ( 'NONE',  ( -18.84360567203024317, 12.85174544760039694, 16.51173338729713080 ) ) ;
#3086 = CARTESIAN_POINT ( 'NONE',  ( -14.65305710948290496, 6.238041284158702737, 10.64174607899750669 ) ) ;
#3087 = DIRECTION ( 'NONE',  ( 0.000000000000000000, 0.000000000000000000, -1.000000000000000000 ) ) ;
#3088 = CARTESIAN_POINT ( 'NONE',  ( -12.49494437889311627, 5.933732057759195655, 17.63700646421792584 ) ) ;
#3089 = CARTESIAN_POINT ( 'NONE',  ( -19.22802060325353679, 10.11815542878355245, 13.13275211562207190 ) ) ;
#3090 = FACE_OUTER_BOUND ( 'NONE', #3420, .T. ) ;
#3091 = FACE_OUTER_BOUND ( 'NONE', #3922, .T. ) ;
#3092 = CARTESIAN_POINT ( 'NONE',  ( -18.60522738679936694, 8.990969079161462929, 3.853010282021067656 ) ) ;
#3093 = CARTESIAN_POINT ( 'NONE',  ( -17.83492523276724384, 10.72032516978618233, 12.92203316721798423 ) ) ;
#3094 = ORIENTED_EDGE ( 'NONE', *, *, #372, .T. ) ;
#3095 = DIRECTION ( 'NONE',  ( 0.000000000000000000, -1.000000000000000000, 0.000000000000000000 ) ) ;
#3096 = PRODUCT_CONTEXT ( 'NONE', #1463, 'mechanical' ) ;
#3097 = CARTESIAN_POINT ( 'NONE',  ( -14.35491239966360055, 11.08356962602963236, 19.58626688515613523 ) ) ;
#3098 = EDGE_LOOP ( 'NONE', ( #3127, #360, #1405, #2575 ) ) ;
#3099 = EDGE_CURVE ( 'NONE', #1709, #1721, #1710, .T. ) ;
#3100 = CARTESIAN_POINT ( 'NONE',  ( 1.995606210307311112, 0.3999999999999975797, -6.533632375821743388 ) ) ;
#3101 = CARTESIAN_POINT ( 'NONE',  ( -13.35693230114695318, 11.35882039124791376, 19.47116739233061722 ) ) ;
#3102 = CARTESIAN_POINT ( 'NONE',  ( -1.982782616040963175, 0.3999999999999975797, -6.540016690629289364 ) ) ;
#3103 = CARTESIAN_POINT ( 'NONE',  ( -13.83666578592290186, 3.455458243619522030, 15.26874502559420677 ) ) ;
#3104 = CARTESIAN_POINT ( 'NONE',  ( -16.66075523799932512, 7.713741150145209780, 12.63407378889115584 ) ) ;
#3105 = CARTESIAN_POINT ( 'NONE',  ( -16.97056274847717106, 13.40000000000000036, 16.97056274847710711 ) ) ;
#3106 = DIRECTION ( 'NONE',  ( 0.000000000000000000, 1.000000000000000000, 0.000000000000000000 ) ) ;
#3107 = LINE ( 'NONE', #3914, #3623 ) ;
#3108 = DIRECTION ( 'NONE',  ( -0.000000000000000000, 1.000000000000000000, -0.000000000000000000 ) ) ;
#3109 = CARTESIAN_POINT ( 'NONE',  ( -15.91326807805133825, 10.95694779879079839, 18.02785556694508529 ) ) ;
#3110 = AXIS2_PLACEMENT_3D ( 'NONE', #2269, #80, #2206 ) ;
#3111 = CARTESIAN_POINT ( 'NONE',  ( -18.67420259779622782, 9.800137798567954306, 3.503454256824244162 ) ) ;
#3112 = CARTESIAN_POINT ( 'NONE',  ( -8.000000000000000000, 2.000000000000000000, -1.600000000000000089 ) ) ;
#3113 = EDGE_LOOP ( 'NONE', ( #2618, #2514, #2986, #3253 ) ) ;
#3114 = DIRECTION ( 'NONE',  ( 0.000000000000000000, 0.000000000000000000, 1.000000000000000000 ) ) ;
#3115 =( NAMED_UNIT ( * ) SI_UNIT ( $, .STERADIAN. ) SOLID_ANGLE_UNIT ( ) );
#3116 = VECTOR ( 'NONE', #237, 1000.000000000000000 ) ;
#3117 = CARTESIAN_POINT ( 'NONE',  ( -12.95398453358906465, 11.02419496850158787, 17.87898606690352210 ) ) ;
#3118 = AXIS2_PLACEMENT_3D ( 'NONE', #259, #905, #1153 ) ;
#3119 = VERTEX_POINT ( 'NONE', #2292 ) ;
#3120 = CARTESIAN_POINT ( 'NONE',  ( 3.605298225344404361, 0.3999999999999975797, -5.272029189298429230 ) ) ;
#3121 = AXIS2_PLACEMENT_3D ( 'NONE', #208, #1786, #244 ) ;
#3122 = EDGE_CURVE ( 'NONE', #688, #66, #3830, .T. ) ;
#3123 = CARTESIAN_POINT ( 'NONE',  ( -13.01407768591593062, 9.460059371642870474, 19.06059067015485908 ) ) ;
#3124 = UNCERTAINTY_MEASURE_WITH_UNIT (LENGTH_MEASURE( 1.000000000000000082E-05 ), #965, 'distance_accuracy_value', 'NONE');
#3125 = DIRECTION ( 'NONE',  ( 0.000000000000000000, 0.000000000000000000, 1.000000000000000000 ) ) ;
#3126 = VECTOR ( 'NONE', #16, 1000.000000000000000 ) ;
#3127 = ORIENTED_EDGE ( 'NONE', *, *, #3565, .F. ) ;
#3128 = CARTESIAN_POINT ( 'NONE',  ( -13.33534437880490309, 2.206660268064785324, 12.09002027701676418 ) ) ;
#3129 = CARTESIAN_POINT ( 'NONE',  ( 0.000000000000000000, 0.3999999999999993006, 0.000000000000000000 ) ) ;
#3130 = DIRECTION ( 'NONE',  ( 0.000000000000000000, -0.000000000000000000, -1.000000000000000000 ) ) ;
#3131 = DIRECTION ( 'NONE',  ( 0.000000000000000000, 0.000000000000000000, 1.000000000000000000 ) ) ;
#3132 = ADVANCED_FACE ( 'NONE', ( #1080 ), #582, .T. ) ;
#3133 = VECTOR ( 'NONE', #2814, 1000.000000000000000 ) ;
#3134 = CARTESIAN_POINT ( 'NONE',  ( -15.49991690843946479, 0.4000000000000000222, 5.751406069778051133 ) ) ;
#3135 = CARTESIAN_POINT ( 'NONE',  ( -18.60611697543242116, 8.182665610263578415, 12.68770120183648942 ) ) ;
#3136 = CARTESIAN_POINT ( 'NONE',  ( -18.18383831786877991, 6.481967250180168172, 17.17150074145770944 ) ) ;
#3137 = CYLINDRICAL_SURFACE ( 'NONE', #3110, 1.000000000000000888 ) ;
#3138 = CYLINDRICAL_SURFACE ( 'NONE', #685, 1.600000000000000755 ) ;
#3139 = ORIENTED_EDGE ( 'NONE', *, *, #233, .F. ) ;
#3140 = CARTESIAN_POINT ( 'NONE',  ( -3.873965609264074406, 0.3999999999999975797, 4.968433955008288549 ) ) ;
#3141 = DIRECTION ( 'NONE',  ( 0.000000000000000000, 1.000000000000000000, 0.000000000000000000 ) ) ;
#3142 = ORIENTED_EDGE ( 'NONE', *, *, #2078, .F. ) ;
#3143 = CARTESIAN_POINT ( 'NONE',  ( 1.622903583116148685, 0.000000000000000000, -6.703092606365963491 ) ) ;
#3144 = CYLINDRICAL_SURFACE ( 'NONE', #612, 2.000000000000000000 ) ;
#3145 = CARTESIAN_POINT ( 'NONE',  ( -15.88921282334893448, 8.086581864784566420, 18.09533135853325803 ) ) ;
#3146 = ADVANCED_FACE ( 'NONE', ( #2738 ), #618, .T. ) ;
#3147 = VERTEX_POINT ( 'NONE', #1234 ) ;
#3148 = DIRECTION ( 'NONE',  ( 0.000000000000000000, 0.000000000000000000, 1.000000000000000000 ) ) ;
#3149 = DIRECTION ( 'NONE',  ( -0.000000000000000000, -1.000000000000000000, -0.000000000000000000 ) ) ;
#3150 = CARTESIAN_POINT ( 'NONE',  ( -2.895004378156464941, 12.04211233422288352, 18.77832742969139446 ) ) ;
#3151 = ADVANCED_FACE ( 'NONE', ( #933 ), #3603, .T. ) ;
#3152 = FACE_OUTER_BOUND ( 'NONE', #2291, .T. ) ;
#3153 = CYLINDRICAL_SURFACE ( 'NONE', #1648, 1.600000000000000755 ) ;
#3154 = CARTESIAN_POINT ( 'NONE',  ( -18.02585220683205236, 11.08298996658935920, 15.91527329012222580 ) ) ;
#3155 = CARTESIAN_POINT ( 'NONE',  ( -19.35342281547900356, 10.67044968517946835, 13.24493560128897940 ) ) ;
#3156 = ORIENTED_EDGE ( 'NONE', *, *, #858, .T. ) ;
#3157 = LINE ( 'NONE', #1001, #3133 ) ;
#3158 = CARTESIAN_POINT ( 'NONE',  ( -12.95474226595087330, 11.05385412438070425, 17.88002687526007151 ) ) ;
#3159 = ORIENTED_EDGE ( 'NONE', *, *, #1971, .T. ) ;
#3160 = B_SPLINE_CURVE_WITH_KNOTS ( 'NONE', 3,
 ( #470, #201, #2317, #3860 ),
 .UNSPECIFIED., .F., .F.,
 ( 4, 4 ),
 ( 0.000000000000000000, 1.000000000000000000 ),
 .UNSPECIFIED. ) ;
#3161 = DIRECTION ( 'NONE',  ( 0.000000000000000000, 0.000000000000000000, -1.000000000000000000 ) ) ;
#3162 = CARTESIAN_POINT ( 'NONE',  ( -12.94161592510565661, 9.128846756203627066, 18.95551639685299605 ) ) ;
#3163 = CARTESIAN_POINT ( 'NONE',  ( 3.061617771010468151E-16, 0.4000000000000000222, -6.999999368681577572 ) ) ;
#3164 = ORIENTED_EDGE ( 'NONE', *, *, #1102, .T. ) ;
#3165 = VERTEX_POINT ( 'NONE', #2093 ) ;
#3166 = CARTESIAN_POINT ( 'NONE',  ( 19.00002500000000083, 25.60000000000000142, 0.5000000000000014433 ) ) ;
#3167 = CYLINDRICAL_SURFACE ( 'NONE', #1780, 2.500000631318422428 ) ;
#3168 = CARTESIAN_POINT ( 'NONE',  ( -13.40191435810572251, 2.944293296568975205, 14.65529223944113824 ) ) ;
#3169 = CARTESIAN_POINT ( 'NONE',  ( 0.000000000000000000, 16.00000000000000000, 0.000000000000000000 ) ) ;
#3170 = B_SPLINE_CURVE_WITH_KNOTS ( 'NONE', 3,
 ( #3515, #2231, #1301, #3834, #1078, #1338, #2308, #1936, #3807, #3533, #763, #1019, #1952, #2564, #3459, #3790, #1610, #1057, #155, #3155, #3492, #403, #2250, #1995, #741, #2846, #114, #1320, #3771, #464, #3475, #1974, #3194, #3174, #1645, #444, #1665, #2886, #1687, #1358, #193, #2014, #826, #1537, #3601, #2091, #525, #1403, #29, #2449, #3851, #2342, #2643, #3910, #3252, #2929, #2950, #1458, #2756, #2627, #1154, #2381, #3893, #2035, #3005, #1228 ),
 .UNSPECIFIED., .F., .F.,
 ( 4, 2, 2, 2, 1, 1, 1, 2, 2, 2, 2, 2, 1, 1, 2, 2, 2, 2, 2, 2, 1, 2, 2, 2, 2, 1, 1, 1, 2, 2, 2, 2, 2, 2, 1, 2, 2, 4 ),
 ( 0.000000000000000000, 0.1249999999999959199, 0.1874999999999943101, 0.2187499999999931999, 0.2343749999999923395, 0.2421874999999917288, 0.2460937499999917843, 0.2480468749999917566, 0.2499999999999917566, 0.3124999999999960032, 0.3437499999999985012, 0.3515624999999987232, 0.3593749999999990008, 0.3749999999999991118, 0.4062499999999987232, 0.4218749999999984457, 0.4374999999999981681, 0.4687499999999970579, 0.4843749999999963918, 0.4921874999999958367, 0.4960937499999957812, 0.4980468749999958922, 0.4999999999999960032, 0.5624999999999972244, 0.5937499999999977796, 0.6093749999999982236, 0.6171874999999984457, 0.6210937499999984457, 0.6230468749999985567, 0.6249999999999985567, 0.6874999999999981126, 0.7499999999999975575, 0.8124999999999971134, 0.8437499999999967804, 0.8593749999999965583, 0.8671874999999964473, 0.8749999999999963363, 1.000000000000000000 ),
 .UNSPECIFIED. ) ;
#3171 = CARTESIAN_POINT ( 'NONE',  ( -15.86617235489978484, 10.45681358867670419, 17.98432600803543835 ) ) ;
#3172 = LINE ( 'NONE', #1317, #1053 ) ;
#3173 = EDGE_CURVE ( 'NONE', #746, #2489, #1212, .T. ) ;
#3174 = CARTESIAN_POINT ( 'NONE',  ( -19.00844763086438505, 9.302192967575839688, 12.97606408320696225 ) ) ;
#3175 = ORIENTED_EDGE ( 'NONE', *, *, #1898, .F. ) ;
#3176 = DIRECTION ( 'NONE',  ( 0.000000000000000000, 1.000000000000000000, 0.000000000000000000 ) ) ;
#3177 = AXIS2_PLACEMENT_3D ( 'NONE', #402, #702, #2520 ) ;
#3178 = CARTESIAN_POINT ( 'NONE',  ( -12.08352013825978943, 6.389741593940430953, 16.47677464601291675 ) ) ;
#3179 = CARTESIAN_POINT ( 'NONE',  ( -5.499999934145172631, 0.3999999999999975797, -0.001240578466439742292 ) ) ;
#3180 = ORIENTED_EDGE ( 'NONE', *, *, #931, .T. ) ;
#3181 = CIRCLE ( 'NONE', #3561, 1.599999999999999867 ) ;
#3182 = CARTESIAN_POINT ( 'NONE',  ( 0.000000000000000000, 0.000000000000000000, -9.500000000000000000 ) ) ;
#3183 = CARTESIAN_POINT ( 'NONE',  ( -12.94801541811163048, 9.158302015579950606, 18.96487339395675420 ) ) ;
#3184 = CIRCLE ( 'NONE', #3688, 18.00000000000000000 ) ;
#3185 = EDGE_LOOP ( 'NONE', ( #256, #376, #3716, #1818 ) ) ;
#3186 = CIRCLE ( 'NONE', #2100, 19.00000000000000000 ) ;
#3187 = DIRECTION ( 'NONE',  ( 0.000000000000000000, 0.000000000000000000, 1.000000000000000000 ) ) ;
#3188 = VECTOR ( 'NONE', #1634, 1000.000000000000000 ) ;
#3189 = DIRECTION ( 'NONE',  ( -0.000000000000000000, 1.000000000000000000, -0.000000000000000000 ) ) ;
#3190 = DIRECTION ( 'NONE',  ( 0.000000000000000000, 0.000000000000000000, -1.000000000000000000 ) ) ;
#3191 = CYLINDRICAL_SURFACE ( 'NONE', #67, 1.000000000000000888 ) ;
#3192 = VECTOR ( 'NONE', #3024, 1000.000000000000000 ) ;
#3193 = DIRECTION ( 'NONE',  ( 0.000000000000000000, 0.000000000000000000, -1.000000000000000000 ) ) ;
#3194 = CARTESIAN_POINT ( 'NONE',  ( -19.01917378265159897, 9.339473418613080113, 12.98257706566633907 ) ) ;
#3195 = ORIENTED_EDGE ( 'NONE', *, *, #837, .F. ) ;
#3196 = CARTESIAN_POINT ( 'NONE',  ( -2.165157792152014427, 0.3999999999999975797, 6.430201023991125808 ) ) ;
#3197 = EDGE_CURVE ( 'NONE', #1038, #1809, #2434, .T. ) ;
#3198 = CARTESIAN_POINT ( 'NONE',  ( -9.447713251851494576, 1.959489801498896400, 16.48857071455118017 ) ) ;
#3199 = ORIENTED_EDGE ( 'NONE', *, *, #3631, .T. ) ;
#3200 = CARTESIAN_POINT ( 'NONE',  ( -12.84293188152784637, 10.39296628242668064, 17.72576435975760489 ) ) ;
#3201 = CARTESIAN_POINT ( 'NONE',  ( -19.14512212560446258, 7.336800520424099581, 14.79600337134741750 ) ) ;
#3202 = EDGE_CURVE ( 'NONE', #3460, #195, #3930, .T. ) ;
#3203 = DIRECTION ( 'NONE',  ( 0.000000000000000000, 1.000000000000000000, 0.000000000000000000 ) ) ;
#3204 = CARTESIAN_POINT ( 'NONE',  ( 0.4146637740648429493, 0.3999999999999975797, 6.999999999999998224 ) ) ;
#3205 = ORIENTED_EDGE ( 'NONE', *, *, #3335, .T. ) ;
#3206 = CARTESIAN_POINT ( 'NONE',  ( 1.995606210307311112, 0.000000000000000000, -6.533632375821743388 ) ) ;
#3207 = CARTESIAN_POINT ( 'NONE',  ( 3.061617771010468151E-16, 2.000000000000000000, -6.999999368681577572 ) ) ;
#3208 = FACE_OUTER_BOUND ( 'NONE', #2816, .T. ) ;
#3209 = LINE ( 'NONE', #1133, #1594 ) ;
#3210 = DIRECTION ( 'NONE',  ( 0.000000000000000000, 0.000000000000000000, 1.000000000000000000 ) ) ;
#3211 = CARTESIAN_POINT ( 'NONE',  ( -17.56925743692576347, 3.760536938172299948, 7.234386504251189010 ) ) ;
#3212 = CARTESIAN_POINT ( 'NONE',  ( 1.237604307034021245, 15.60000000000000142, 7.903691262898044911 ) ) ;
#3213 = ORIENTED_EDGE ( 'NONE', *, *, #790, .T. ) ;
#3214 = CARTESIAN_POINT ( 'NONE',  ( -14.01997676692184314, 2.347625906457547096, 12.82342640874879791 ) ) ;
#3215 = CARTESIAN_POINT ( 'NONE',  ( -3.005071060919619619, 0.000000000000000000, -5.852256862770428114 ) ) ;
#3216 = DIRECTION ( 'NONE',  ( 0.000000000000000000, 1.000000000000000000, 0.000000000000000000 ) ) ;
#3217 = ADVANCED_FACE ( 'NONE', ( #3620 ), #875, .F. ) ;
#3218 = CARTESIAN_POINT ( 'NONE',  ( -15.97557531137091402, 11.05685424949238005, 17.96555018558337125 ) ) ;
#3219 = DIRECTION ( 'NONE',  ( 0.000000000000000000, 1.000000000000000000, 0.000000000000000000 ) ) ;
#3220 = CARTESIAN_POINT ( 'NONE',  ( 5.499997202129692120, 0.3999999999999975797, 0.4066780703794793395 ) ) ;
#3221 = EDGE_CURVE ( 'NONE', #3935, #1846, #1266, .T. ) ;
#3222 = VERTEX_POINT ( 'NONE', #110 ) ;
#3223 = EDGE_LOOP ( 'NONE', ( #296, #1058, #2556, #1431 ) ) ;
#3224 = CARTESIAN_POINT ( 'NONE',  ( -18.79625870375963359, 13.16634436308444656, 2.775012186929194158 ) ) ;
#3225 = CARTESIAN_POINT ( 'NONE',  ( -13.10300855181071888, 9.887788996839846689, 19.17947286909393512 ) ) ;
#3226 = LINE ( 'NONE', #1398, #55 ) ;
#3227 = DIRECTION ( 'NONE',  ( -0.000000000000000000, -1.000000000000000000, -0.000000000000000000 ) ) ;
#3228 = CARTESIAN_POINT ( 'NONE',  ( -14.30650299916604240, 1.299894897504312086, 12.51028568194779211 ) ) ;
#3229 = FACE_OUTER_BOUND ( 'NONE', #2408, .T. ) ;
#3230 = ORIENTED_EDGE ( 'NONE', *, *, #2215, .F. ) ;
#3231 = DIRECTION ( 'NONE',  ( 0.000000000000000000, 0.000000000000000000, 1.000000000000000000 ) ) ;
#3232 = ORIENTED_EDGE ( 'NONE', *, *, #1005, .T. ) ;
#3233 = CARTESIAN_POINT ( 'NONE',  ( -2.800466942032490358, 12.85174544759920501, 18.79248213798760148 ) ) ;
#3234 = CARTESIAN_POINT ( 'NONE',  ( -12.20751137795915220, 9.093148655719767604, 16.84865072862765700 ) ) ;
#3235 = CARTESIAN_POINT ( 'NONE',  ( -17.87898549807454884, 11.02418312952319468, 12.95398412012964506 ) ) ;
#3236 = CARTESIAN_POINT ( 'NONE',  ( -15.05243563215378444, 7.778846566260376960, 10.26579520967797876 ) ) ;
#3237 = EDGE_LOOP ( 'NONE', ( #3534, #3046 ) ) ;
#3238 = CIRCLE ( 'NONE', #1250, 19.00000000000000000 ) ;
#3239 = ORIENTED_EDGE ( 'NONE', *, *, #1474, .F. ) ;
#3240 = B_SPLINE_CURVE_WITH_KNOTS ( 'NONE', 3,
 ( #1947, #3487, #2245, #3168 ),
 .UNSPECIFIED., .F., .F.,
 ( 4, 4 ),
 ( 0.000000000000000000, 0.001772543998568390858 ),
 .UNSPECIFIED. ) ;
#3241 = ADVANCED_FACE ( 'NONE', ( #2481 ), #3191, .F. ) ;
#3242 = AXIS2_PLACEMENT_3D ( 'NONE', #274, #1518, #2429 ) ;
#3243 = CARTESIAN_POINT ( 'NONE',  ( -17.89623364242537562, 10.95936045359968425, 12.96814841693959508 ) ) ;
#3244 = CARTESIAN_POINT ( 'NONE',  ( -12.82342640882513507, 2.347625906431225928, 14.01997676685207139 ) ) ;
#3245 = VECTOR ( 'NONE', #396, 1000.000000000000000 ) ;
#3246 = CIRCLE ( 'NONE', #2536, 19.00000000000000000 ) ;
#3247 = CARTESIAN_POINT ( 'NONE',  ( -12.93554992445007557, 10.59006276021308679, 17.84648362028941548 ) ) ;
#3248 = ADVANCED_FACE ( 'NONE', ( #1315 ), #1016, .F. ) ;
#3249 = CARTESIAN_POINT ( 'NONE',  ( 2.687524410044964451, 0.3999999999999975797, 6.114061669759728090 ) ) ;
#3250 = CYLINDRICAL_SURFACE ( 'NONE', #1390, 19.00000000000000000 ) ;
#3251 = AXIS2_PLACEMENT_3D ( 'NONE', #1763, #1478, #1113 ) ;
#3252 = CARTESIAN_POINT ( 'NONE',  ( -16.80198698330243090, 4.625730217007048672, 12.44355256277069444 ) ) ;
#3253 = ORIENTED_EDGE ( 'NONE', *, *, #3469, .F. ) ;
#3254 = ORIENTED_EDGE ( 'NONE', *, *, #1978, .F. ) ;
#3255 = CARTESIAN_POINT ( 'NONE',  ( -14.01750512541951288, 1.301551040083580357, 12.82612763303241010 ) ) ;
#3256 = CIRCLE ( 'NONE', #2354, 1.600000000000000755 ) ;
#3257 = CARTESIAN_POINT ( 'NONE',  ( -2.900848039885500107, 11.73815906519108232, 18.77752328667257586 ) ) ;
#3258 = CARTESIAN_POINT ( 'NONE',  ( -12.76765118755866268, 10.16750842060000615, 17.62186028199962706 ) ) ;
#3259 = CARTESIAN_POINT ( 'NONE',  ( -15.50831524399384520, 6.824090727727658567, 17.58441296971511392 ) ) ;
#3260 = DIRECTION ( 'NONE',  ( 0.7071067811865489050, 0.000000000000000000, -0.7071067811865462405 ) ) ;
#3261 = CARTESIAN_POINT ( 'NONE',  ( -3.873965609264074406, 0.000000000000000000, 4.968433955008288549 ) ) ;
#3262 = CARTESIAN_POINT ( 'NONE',  ( 1.409910056873257655, 0.3999999999999975797, 6.766730178533169493 ) ) ;
#3263 = CARTESIAN_POINT ( 'NONE',  ( -11.28644926695646511, 5.394547260620508489, 14.05951292616277115 ) ) ;
#3264 = CARTESIAN_POINT ( 'NONE',  ( -17.98993750235012001, 14.13045219469999658, 8.236493196698795316 ) ) ;
#3265 = CARTESIAN_POINT ( 'NONE',  ( -8.836048961833910198, 2.273055107553247023, 16.83324290125046119 ) ) ;
#3266 = ADVANCED_FACE ( 'NONE', ( #132 ), #400, .F. ) ;
#3267 = CARTESIAN_POINT ( 'NONE',  ( -16.51908562291821880, 13.40000000000000036, 7.149811898413590328 ) ) ;
#3268 = CARTESIAN_POINT ( 'NONE',  ( 1.237604307034021245, 15.60000000000000142, 9.503691262898044556 ) ) ;
#3269 = DIRECTION ( 'NONE',  ( 0.000000000000000000, 0.000000000000000000, -1.000000000000000000 ) ) ;
#3270 = CARTESIAN_POINT ( 'NONE',  ( -15.00099574867189922, 1.348520854301625604, 11.66172568127161213 ) ) ;
#3271 = CARTESIAN_POINT ( 'NONE',  ( -16.23191722149878302, 9.711273779624294278, 18.53867322998282319 ) ) ;
#3272 = ADVANCED_FACE ( 'NONE', ( #2842 ), #675, .T. ) ;
#3273 = ORIENTED_EDGE ( 'NONE', *, *, #2442, .F. ) ;
#3274 = ORIENTED_EDGE ( 'NONE', *, *, #3599, .T. ) ;
#3275 = CARTESIAN_POINT ( 'NONE',  ( -15.45915016283930044, 1.416868553368013428, 11.06190739953451363 ) ) ;
#3276 = CARTESIAN_POINT ( 'NONE',  ( -18.02583279077389022, 11.08343440950618408, 15.91529270618039327 ) ) ;
#3277 = DIRECTION ( 'NONE',  ( -0.000000000000000000, -1.000000000000000000, -0.000000000000000000 ) ) ;
#3278 = CARTESIAN_POINT ( 'NONE',  ( -7.149811898413638289, 14.20000000000000107, 16.51908562291819749 ) ) ;
#3279 = CARTESIAN_POINT ( 'NONE',  ( 1.605261422932909854, 0.3999999999999975797, 6.694530598271875910 ) ) ;
#3280 = CARTESIAN_POINT ( 'NONE',  ( -7.649311906953014883, 3.291101039513853355, 17.39505306241578708 ) ) ;
#3281 = DIRECTION ( 'NONE',  ( 0.000000000000000000, 0.000000000000000000, -1.000000000000000000 ) ) ;
#3282 = EDGE_CURVE ( 'NONE', #1854, #510, #3472, .T. ) ;
#3283 = CARTESIAN_POINT ( 'NONE',  ( -16.64681666127802728, 2.130426183383058891, 9.158805408803333492 ) ) ;
#3284 = CARTESIAN_POINT ( 'NONE',  ( -13.05142323493876688, 9.818468623225541592, 19.14407380197380348 ) ) ;
#3285 = EDGE_LOOP ( 'NONE', ( #3757, #1116, #475, #278 ) ) ;
#3286 = CARTESIAN_POINT ( 'NONE',  ( -17.26338456568914026, 3.012910273849767506, 7.942496612840392878 ) ) ;
#3287 = B_SPLINE_CURVE_WITH_KNOTS ( 'NONE', 3,
 ( #2314, #3538, #1713, #2936, #1955, #199, #3857, #1444, #2669, #3330, #2079, #1464, #588, #2687, #2387, #1176, #1828, #3010, #265, #2742, #1483, #3047, #3035, #1781, #1272, #69, #86, #349, #1308, #1008, #3423, #3447, #2491, #647, #1942, #3162, #1959, #3483, #3183, #2818, #3123, #374, #1288, #2854, #411, #1656, #1880, #123, #2182, #3101, #2511, #3740, #2553, #2218, #986 ),
 .UNSPECIFIED., .F., .F.,
 ( 4, 2, 2, 1, 2, 2, 2, 2, 2, 2, 2, 1, 1, 2, 2, 2, 2, 2, 1, 1, 1, 1, 2, 2, 2, 2, 2, 2, 2, 2, 4 ),
 ( 0.000000000000000000, 0.06250000000002541023, 0.09375000000003783085, 0.1093750000000440203, 0.1171875000000471151, 0.1250000000000502098, 0.1875000000000777989, 0.2187500000000913714, 0.2500000000001049716, 0.3125000000001318390, 0.3437500000001453837, 0.3593750000001521006, 0.3671875000001554312, 0.3710937500001569300, 0.3750000000001584288, 0.4375000000001794120, 0.4687500000001897926, 0.4843750000001949552, 0.4921875000001975087, 0.4960937500001985634, 0.4980468750001992295, 0.4990234375001994516, 0.4995117187501994516, 0.5000000000001995071, 0.6250000000001475486, 0.6875000000001212364, 0.7187500000001082467, 0.7343750000001020295, 0.7500000000000958122, 0.8750000000000479616, 1.000000000000000000 ),
 .UNSPECIFIED. ) ;
#3288 = EDGE_CURVE ( 'NONE', #1261, #2766, #717, .T. ) ;
#3289 = CARTESIAN_POINT ( 'NONE',  ( 0.000000000000000000, 0.4000000000000000222, 0.000000000000000000 ) ) ;
#3290 = EDGE_LOOP ( 'NONE', ( #507, #1290 ) ) ;
#3291 = CARTESIAN_POINT ( 'NONE',  ( -14.85414934478495752, 5.225336421563480549, 16.68755806031917999 ) ) ;
#3292 = ORIENTED_EDGE ( 'NONE', *, *, #3122, .F. ) ;
#3293 = CARTESIAN_POINT ( 'NONE',  ( -4.065758146820641628E-16, 0.000000000000000000, 7.000000000000000000 ) ) ;
#3294 = CARTESIAN_POINT ( 'NONE',  ( -0.4007047150011426306, 0.000000000000000000, -6.986021196211629203 ) ) ;
#3295 = FACE_OUTER_BOUND ( 'NONE', #583, .T. ) ;
#3296 = CARTESIAN_POINT ( 'NONE',  ( 0.000000000000000000, 16.00000000000000000, -19.00000000000000000 ) ) ;
#3297 = CARTESIAN_POINT ( 'NONE',  ( -11.15511681318736414, 3.172780642187962297, 15.41717427574162791 ) ) ;
#3298 = CIRCLE ( 'NONE', #3680, 19.00000000000000000 ) ;
#3299 = CARTESIAN_POINT ( 'NONE',  ( -8.000000000000000000, 2.000000000000000000, 2.500000631318421096 ) ) ;
#3300 = CARTESIAN_POINT ( 'NONE',  ( -12.65314761749177919, 14.19999999999999929, 19.33309572288990807 ) ) ;
#3301 = AXIS2_PLACEMENT_3D ( 'NONE', #288, #593, #1512 ) ;
#3302 = CARTESIAN_POINT ( 'NONE',  ( 0.000000000000000000, 24.60000000000000142, 0.000000000000000000 ) ) ;
#3303 = CARTESIAN_POINT ( 'NONE',  ( -12.43230486235191457, 4.671537432965887859, 16.84692534271240660 ) ) ;
#3304 = CARTESIAN_POINT ( 'NONE',  ( 0.01223531239253568791, 0.3999999999999975797, -6.999982333181954175 ) ) ;
#3305 = ORIENTED_EDGE ( 'NONE', *, *, #1223, .T. ) ;
#3306 = CARTESIAN_POINT ( 'NONE',  ( -18.42366681228730485, 7.604005890748063656, 12.69776844922096259 ) ) ;
#3307 = CARTESIAN_POINT ( 'NONE',  ( -5.270170156554707219, 0.3999999999999975797, 2.031761385979870660 ) ) ;
#3308 = CIRCLE ( 'NONE', #1838, 19.00000000000000000 ) ;
#3309 = FACE_OUTER_BOUND ( 'NONE', #2565, .T. ) ;
#3310 = CARTESIAN_POINT ( 'NONE',  ( -17.88032839568078103, 11.07179268303045383, 12.95496299975396504 ) ) ;
#3311 = DIRECTION ( 'NONE',  ( 0.000000000000000000, -1.000000000000000000, 0.000000000000000000 ) ) ;
#3312 = ORIENTED_EDGE ( 'NONE', *, *, #1227, .T. ) ;
#3313 = EDGE_CURVE ( 'NONE', #1680, #847, #2229, .T. ) ;
#3314 = CARTESIAN_POINT ( 'NONE',  ( -12.52546013495444832, 2.223194143317360538, 12.94056816888137185 ) ) ;
#3315 = DIRECTION ( 'NONE',  ( 0.000000000000000000, 1.000000000000000000, 0.000000000000000000 ) ) ;
#3316 = CARTESIAN_POINT ( 'NONE',  ( -3.162118205461780907, 0.000000000000000000, -5.715654696622435971 ) ) ;
#3317 = AXIS2_PLACEMENT_3D ( 'NONE', #3889, #223, #3583 ) ;
#3318 = CARTESIAN_POINT ( 'NONE',  ( -8.221912618560324404, 13.97531206396336323, 18.00248486281514815 ) ) ;
#3319 = ORIENTED_EDGE ( 'NONE', *, *, #596, .F. ) ;
#3320 = ADVANCED_FACE ( 'NONE', ( #3152 ), #406, .T. ) ;
#3321 = CARTESIAN_POINT ( 'NONE',  ( -13.32631677186439312, 6.639305822383275490, 15.66186860479425214 ) ) ;
#3322 = CARTESIAN_POINT ( 'NONE',  ( -17.99585375064670956, 13.94152764492588048, 8.229618259074547026 ) ) ;
#3323 = LINE ( 'NONE', #887, #425 ) ;
#3324 = FACE_OUTER_BOUND ( 'NONE', #1270, .T. ) ;
#3325 = CARTESIAN_POINT ( 'NONE',  ( -12.83769424254446889, 8.575625879914422711, 18.77613742070048275 ) ) ;
#3326 = CARTESIAN_POINT ( 'NONE',  ( -17.42768511354612215, 9.792770493786544961, 8.743322623939921101 ) ) ;
#3327 = CARTESIAN_POINT ( 'NONE',  ( -0.2073318870324256658, 0.000000000000000000, 7.000000000000001776 ) ) ;
#3328 = EDGE_LOOP ( 'NONE', ( #1000, #2644, #1236, #2139 ) ) ;
#3329 = CARTESIAN_POINT ( 'NONE',  ( 0.000000000000000000, 25.60000000000000142, 0.000000000000000000 ) ) ;
#3330 = CARTESIAN_POINT ( 'NONE',  ( -12.67635545387643958, 3.491464081001472763, 15.75717147585757161 ) ) ;
#3331 = CARTESIAN_POINT ( 'NONE',  ( -18.84360567203024317, 12.85174544760039694, 16.51173338729713080 ) ) ;
#3332 = EDGE_LOOP ( 'NONE', ( #3292, #526, #983, #1787 ) ) ;
#3333 = DIRECTION ( 'NONE',  ( -0.000000000000000000, -1.000000000000000000, -0.000000000000000000 ) ) ;
#3334 = CARTESIAN_POINT ( 'NONE',  ( -5.356036206186737481, 0.000000000000000000, 1.633174338866867359 ) ) ;
#3335 = EDGE_CURVE ( 'NONE', #3222, #2489, #2807, .T. ) ;
#3336 = DIRECTION ( 'NONE',  ( 0.000000000000000000, 1.000000000000000000, 0.000000000000000000 ) ) ;
#3337 = ORIENTED_EDGE ( 'NONE', *, *, #2869, .F. ) ;
#3338 = CARTESIAN_POINT ( 'NONE',  ( -10.25632480255854340, 7.944008425587379740, 15.07147502482973955 ) ) ;
#3339 = CARTESIAN_POINT ( 'NONE',  ( 4.895465762364035633, 0.000000000000000000, 3.200321336784469395 ) ) ;
#3340 = EDGE_CURVE ( 'NONE', #1394, #3119, #2054, .T. ) ;
#3341 = CARTESIAN_POINT ( 'NONE',  ( 0.000000000000000000, 14.20000000000000107, -18.00000000000000000 ) ) ;
#3342 = CARTESIAN_POINT ( 'NONE',  ( -12.76644569856155620, 8.128020663611454921, 18.62005028659985584 ) ) ;
#3343 = ORIENTED_EDGE ( 'NONE', *, *, #734, .T. ) ;
#3344 = CARTESIAN_POINT ( 'NONE',  ( -19.58207733323189714, 12.51658973232704675, 13.49169106357896730 ) ) ;
#3345 = CARTESIAN_POINT ( 'NONE',  ( -1.981032612738087062, 0.000000000000000000, 6.527128929508222654 ) ) ;
#3346 = CARTESIAN_POINT ( 'NONE',  ( 4.974937185533099715, 24.60000000000000142, 0.5000000000000002220 ) ) ;
#3347 = CARTESIAN_POINT ( 'NONE',  ( -18.61132808705523800, 9.052426354749037785, 3.823411210409838557 ) ) ;
#3348 = DIRECTION ( 'NONE',  ( 0.000000000000000000, 0.000000000000000000, 1.000000000000000000 ) ) ;
#3349 = VERTEX_POINT ( 'NONE', #3267 ) ;
#3350 = CARTESIAN_POINT ( 'NONE',  ( -14.01750512537853410, 1.301551040083814170, 12.82612763307719916 ) ) ;
#3351 = LINE ( 'NONE', #2156, #3435 ) ;
#3352 = CARTESIAN_POINT ( 'NONE',  ( -13.52205782571037496, 13.34611517538698600, 19.59386352182960422 ) ) ;
#3353 = EDGE_LOOP ( 'NONE', ( #2676, #2711, #281, #2874 ) ) ;
#3354 = FACE_OUTER_BOUND ( 'NONE', #3571, .T. ) ;
#3355 = CARTESIAN_POINT ( 'NONE',  ( 5.357042513691267160, 0.000000000000000000, 1.627558495578288023 ) ) ;
#3356 = ADVANCED_FACE ( 'NONE', ( #520 ), #1740, .F. ) ;
#3357 = CARTESIAN_POINT ( 'NONE',  ( -9.135870759084093962, 13.40000000000000036, 21.10772051817325590 ) ) ;
#3358 = VECTOR ( 'NONE', #443, 1000.000000000000000 ) ;
#3359 = CIRCLE ( 'NONE', #2660, 1.600000000000000755 ) ;
#3360 = EDGE_CURVE ( 'NONE', #2919, #337, #3209, .T. ) ;
#3361 = ORIENTED_EDGE ( 'NONE', *, *, #3606, .T. ) ;
#3362 = DIRECTION ( 'NONE',  ( 0.000000000000000000, 0.000000000000000000, -1.000000000000000000 ) ) ;
#3363 = PRODUCT ( 'Motor cover', 'Motor cover', '', ( #3096 ) ) ;
#3364 = CARTESIAN_POINT ( 'NONE',  ( -19.32836337382659408, 10.53269206682028170, 13.22146191236557122 ) ) ;
#3365 = CARTESIAN_POINT ( 'NONE',  ( -4.334574510547136050, 0.000000000000000000, 4.293034366861077977 ) ) ;
#3366 = ORIENTED_EDGE ( 'NONE', *, *, #41, .F. ) ;
#3367 =( GEOMETRIC_REPRESENTATION_CONTEXT ( 3 ) GLOBAL_UNCERTAINTY_ASSIGNED_CONTEXT ( ( #46 ) ) GLOBAL_UNIT_ASSIGNED_CONTEXT ( ( #3399, #2698, #2736 ) ) REPRESENTATION_CONTEXT ( 'NONE', 'WORKASPACE' ) );
#3368 = CARTESIAN_POINT ( 'NONE',  ( -18.28115114154869403, 7.955898287316003348, 13.39885040779744330 ) ) ;
#3369 = ORIENTED_EDGE ( 'NONE', *, *, #2126, .F. ) ;
#3370 = AXIS2_PLACEMENT_3D ( 'NONE', #1456, #926, #3281 ) ;
#3371 = FACE_BOUND ( 'NONE', #1339, .T. ) ;
#3372 = AXIS2_PLACEMENT_3D ( 'NONE', #2349, #830, #3625 ) ;
#3373 = DIRECTION ( 'NONE',  ( 0.000000000000000000, 0.000000000000000000, -1.000000000000000000 ) ) ;
#3374 = DIRECTION ( 'NONE',  ( 0.000000000000000000, 1.000000000000000000, -0.000000000000000000 ) ) ;
#3375 = DIRECTION ( 'NONE',  ( -0.000000000000000000, 1.000000000000000000, -0.000000000000000000 ) ) ;
#3376 = VECTOR ( 'NONE', #2248, 1000.000000000000000 ) ;
#3377 = ORIENTED_EDGE ( 'NONE', *, *, #325, .F. ) ;
#3378 = CARTESIAN_POINT ( 'NONE',  ( -12.75420781497015099, 9.552883176661694620, 17.54088395694010316 ) ) ;
#3379 = CARTESIAN_POINT ( 'NONE',  ( 3.018231912797951111, 0.3999999999999975797, -5.841188869266970229 ) ) ;
#3380 = CARTESIAN_POINT ( 'NONE',  ( 8.309156053706418757E-05, 0.4000000000000000222, -6.999999370062417903 ) ) ;
#3381 = CARTESIAN_POINT ( 'NONE',  ( -12.04609970996214052, 6.338631297650072050, 17.63712203321726335 ) ) ;
#3382 = VERTEX_POINT ( 'NONE', #838 ) ;
#3383 = CARTESIAN_POINT ( 'NONE',  ( -14.98970290292850116, 2.991556464425108697, 9.967264180690708741 ) ) ;
#3384 = FACE_OUTER_BOUND ( 'NONE', #3353, .T. ) ;
#3385 = EDGE_CURVE ( 'NONE', #394, #2117, #1160, .T. ) ;
#3386 = CARTESIAN_POINT ( 'NONE',  ( -19.38049801242979342, 10.79311568004400357, 13.26954643929752820 ) ) ;
#3387 = DIRECTION ( 'NONE',  ( 0.000000000000000000, 0.000000000000000000, -1.000000000000000000 ) ) ;
#3388 = EDGE_LOOP ( 'NONE', ( #3481, #874, #712, #1944, #3305, #15, #1548, #912, #641, #12 ) ) ;
#3389 = CARTESIAN_POINT ( 'NONE',  ( -19.07177370522487081, 14.19999999999999929, 11.78241231238608755 ) ) ;
#3390 = EDGE_CURVE ( 'NONE', #1261, #855, #2613, .T. ) ;
#3391 = CARTESIAN_POINT ( 'NONE',  ( -17.74018244585347404, 9.552523916393196757, 15.65671315871544600 ) ) ;
#3392 = ORIENTED_EDGE ( 'NONE', *, *, #2400, .T. ) ;
#3393 = FACE_OUTER_BOUND ( 'NONE', #1218, .T. ) ;
#3394 = CYLINDRICAL_SURFACE ( 'NONE', #3050, 2.500000631318421096 ) ;
#3395 = DIRECTION ( 'NONE',  ( -0.000000000000000000, 1.000000000000000000, -0.000000000000000000 ) ) ;
#3396 = CARTESIAN_POINT ( 'NONE',  ( -12.95496308954146158, 11.07180486608271863, 17.88032851757311192 ) ) ;
#3397 = EDGE_LOOP ( 'NONE', ( #181, #629, #1646, #3641 ) ) ;
#3398 = CARTESIAN_POINT ( 'NONE',  ( 2.693794607804870456, 0.000000000000000000, -6.094438625795506326 ) ) ;
#3399 =( LENGTH_UNIT ( ) NAMED_UNIT ( * ) SI_UNIT ( .MILLI., .METRE. ) );
#3400 = SURFACE_SIDE_STYLE ('',( #948 ) ) ;
#3401 = B_SPLINE_CURVE_WITH_KNOTS ( 'NONE', 3,
 ( #1628, #2848, #1612, #1303, #116, #1322, #424, #137, #1647, #2646 ),
 .UNSPECIFIED., .F., .F.,
 ( 4, 2, 2, 2, 4 ),
 ( 0.000000000000000000, 0.2500000000000000000, 0.5000000000000000000, 0.7500000000000000000, 1.000000000000000000 ),
 .UNSPECIFIED. ) ;
#3402 = CARTESIAN_POINT ( 'NONE',  ( -17.96555018558342098, 11.05685424949238005, 15.97557531137085896 ) ) ;
#3403 = CARTESIAN_POINT ( 'NONE',  ( -14.35848921026559744, 7.506238365206917784, 19.18066738865742948 ) ) ;
#3404 = ORIENTED_EDGE ( 'NONE', *, *, #2804, .T. ) ;
#3405 = CARTESIAN_POINT ( 'NONE',  ( -15.97646179249834830, 5.107622837410027650, 8.292805130707307626 ) ) ;
#3406 = FACE_BOUND ( 'NONE', #1698, .T. ) ;
#3407 = CARTESIAN_POINT ( 'NONE',  ( -9.779171789054915465, 1.806190440109336492, 16.29511137040717728 ) ) ;
#3408 = CARTESIAN_POINT ( 'NONE',  ( -14.49991690843946479, 0.000000000000000000, 5.751406069778051133 ) ) ;
#3409 = B_SPLINE_CURVE_WITH_KNOTS ( 'NONE', 3,
 ( #532, #2043, #3607, #3291, #2973, #2991, #3259, #1143, #2331, #548, #3574, #249, #2650, #860 ),
 .UNSPECIFIED., .F., .F.,
 ( 4, 2, 2, 2, 2, 2, 4 ),
 ( 0.001024338943726922201, 0.003963599053946796624, 0.005433229109056730149, 0.006902859164166663675, 0.008372489219276597200, 0.009842119274386532460, 0.01278137938460639951 ),
 .UNSPECIFIED. ) ;
#3410 = CARTESIAN_POINT ( 'NONE',  ( -15.53907665885716227, 9.170553415315177759, 17.59807829267043289 ) ) ;
#3411 = EDGE_LOOP ( 'NONE', ( #3071, #1070 ) ) ;
#3412 = CARTESIAN_POINT ( 'NONE',  ( -18.54134910617941756, 14.19999999999999929, 7.274421822729198794 ) ) ;
#3413 = CARTESIAN_POINT ( 'NONE',  ( -18.51476522483909193, 8.267724842346831693, 4.266627898231924121 ) ) ;
#3414 = CARTESIAN_POINT ( 'NONE',  ( -15.22887048080658978, 6.519153460811326184, 13.68067321361303712 ) ) ;
#3415 = ORIENTED_EDGE ( 'NONE', *, *, #1031, .T. ) ;
#3416 = CARTESIAN_POINT ( 'NONE',  ( -1.981032612738087062, 0.3999999999999975797, 6.527128929508222654 ) ) ;
#3417 = EDGE_CURVE ( 'NONE', #315, #2117, #305, .T. ) ;
#3418 = CARTESIAN_POINT ( 'NONE',  ( 0.000000000000000000, 16.00000000000000000, 0.000000000000000000 ) ) ;
#3419 = CARTESIAN_POINT ( 'NONE',  ( -15.91504696945263575, 11.06921698540146792, 18.02604070134466596 ) ) ;
#3420 = EDGE_LOOP ( 'NONE', ( #1096, #2018, #979, #3254 ) ) ;
#3421 = EDGE_LOOP ( 'NONE', ( #2390, #3855 ) ) ;
#3422 = CARTESIAN_POINT ( 'NONE',  ( 4.584313342547322812, 0.3999999999999975797, -3.949230373506586567 ) ) ;
#3423 = CARTESIAN_POINT ( 'NONE',  ( -12.86776564827596836, 8.759537104397990603, 18.83596475602954712 ) ) ;
#3424 = CARTESIAN_POINT ( 'NONE',  ( -12.32927416411292931, 7.048614356246572399, 18.06370173116393119 ) ) ;
#3425 = CARTESIAN_POINT ( 'NONE',  ( -14.25021895171469666, 5.591495113884011658, 11.07740067044213994 ) ) ;
#3426 = CARTESIAN_POINT ( 'NONE',  ( -7.903691262898045800, 15.60000000000000142, 1.237604307034015250 ) ) ;
#3427 = DIRECTION ( 'NONE',  ( 0.000000000000000000, 0.000000000000000000, 1.000000000000000000 ) ) ;
#3428 = DIRECTION ( 'NONE',  ( 0.000000000000000000, 0.000000000000000000, 1.000000000000000000 ) ) ;
#3429 =( BOUNDED_SURFACE ( )  B_SPLINE_SURFACE ( 3, 2, ( 
 ( #481, #3551, #2965 ),
 ( #804, #226, #1745 ),
 ( #3871, #1114, #3570 ),
 ( #3271, #2664, #1138 ),
 ( #3586, #841, #3284 ),
 ( #543, #1765, #392 ),
 ( #667, #375, #649 ),
 ( #3145, #2819, #2837 ),
 ( #2219, #3403, #1617 ),
 ( #105, #2492, #710 ),
 ( #1882, #922, #3424 ),
 ( #2512, #1558, #3381 ),
 ( #2532, #693, #1923 ),
 ( #1309, #3741, #3762 ),
 ( #3103, #2472, #969 ),
 ( #1289, #1010, #1943 ) ),
 .UNSPECIFIED., .F., .F., .T. ) 
 B_SPLINE_SURFACE_WITH_KNOTS ( ( 4, 2, 2, 2, 2, 2, 2, 4 ),
 ( 3, 3 ),
 ( 0.000000000000000000, 0.002195599221845680182, 0.002744499027307100228, 0.003293398832768520273, 0.004391198443691360365, 0.005488998054614200456, 0.006586797665537040547, 0.008782396887382720729 ),
 ( 0.000000000000000000, 0.6375663518369272253 ),
 .UNSPECIFIED. ) 
 GEOMETRIC_REPRESENTATION_ITEM ( )  RATIONAL_B_SPLINE_SURFACE ( (
 ( 1.000000000000000000, 0.7632273353508105540, 0.8283712387318049597),
 ( 1.000000000000000000, 0.7646757676468295406, 0.8294211599341316798),
 ( 1.000000000000000000, 0.7664758048199107332, 0.8307259480130696483),
 ( 1.000000000000000000, 0.7690442061227794612, 0.8325876981213606864),
 ( 1.000000000000000000, 0.7695741337579767860, 0.8329718253335345324),
 ( 1.000000000000000000, 0.7706651885717299422, 0.8337626952865233587),
 ( 1.000000000000000000, 0.7712277254584865016, 0.8341704598787105240),
 ( 1.000000000000000000, 0.7729378384663776469, 0.8354100648711526578),
 ( 1.000000000000000000, 0.7741137200097565341, 0.8362624229463015979),
 ( 1.000000000000000000, 0.7765284135663719223, 0.8380127553361413906),
 ( 1.000000000000000000, 0.7777672789678055087, 0.8389107683501906276),
 ( 1.000000000000000000, 0.7803080275789204823, 0.8407524739265740399),
 ( 1.000000000000000000, 0.7816161289593448469, 0.8417006738375227837),
 ( 1.000000000000000000, 0.7855414312649546815, 0.8445459971070528038),
 ( 1.000000000000000000, 0.7881872230951469938, 0.8464638450776462708),
 ( 1.000000000000000000, 0.7908972270560976625, 0.8484282383218535450) ) ) 
 REPRESENTATION_ITEM ( '' )  SURFACE ( )  );
#3430 = CARTESIAN_POINT ( 'NONE',  ( -18.09533135853357066, 8.086581864785308937, 15.88921282334909435 ) ) ;
#3431 = AXIS2_PLACEMENT_3D ( 'NONE', #2913, #143, #3161 ) ;
#3432 = CARTESIAN_POINT ( 'NONE',  ( -19.59114986045943141, 12.85174544760033832, 13.51313526726326941 ) ) ;
#3433 = DIRECTION ( 'NONE',  ( 0.000000000000000000, 0.000000000000000000, -1.000000000000000000 ) ) ;
#3434 = DIRECTION ( 'NONE',  ( 0.000000000000000000, 0.000000000000000000, -1.000000000000000000 ) ) ;
#3435 = VECTOR ( 'NONE', #2749, 1000.000000000000000 ) ;
#3436 = CARTESIAN_POINT ( 'NONE',  ( -18.52759671336895053, 8.347038225001742973, 4.210482844678120173 ) ) ;
#3437 = ORIENTED_EDGE ( 'NONE', *, *, #550, .F. ) ;
#3438 = DIRECTION ( 'NONE',  ( 1.000000000000000000, 0.000000000000000000, 0.000000000000000000 ) ) ;
#3439 = STYLED_ITEM ( 'NONE', ( #3940 ), #1135 ) ;
#3440 = CARTESIAN_POINT ( 'NONE',  ( -12.95483952580946330, 11.05982223376476625, 17.88016007987817702 ) ) ;
#3441 = EDGE_CURVE ( 'NONE', #1533, #2918, #3226, .T. ) ;
#3442 = AXIS2_PLACEMENT_3D ( 'NONE', #3453, #3765, #1926 ) ;
#3443 = EDGE_LOOP ( 'NONE', ( #1240, #3017, #2551, #2942, #655, #2309, #3075, #2320 ) ) ;
#3444 = CIRCLE ( 'NONE', #2927, 5.000000000000000888 ) ;
#3445 = CARTESIAN_POINT ( 'NONE',  ( 5.349759145252581227, 0.000000000000000000, -1.627024985997544748 ) ) ;
#3446 = CIRCLE ( 'NONE', #620, 2.500000631318422428 ) ;
#3447 = CARTESIAN_POINT ( 'NONE',  ( -12.88329303131721382, 8.842380802524825611, 18.86320080101679864 ) ) ;
#3448 = EDGE_CURVE ( 'NONE', #1167, #945, #2543, .T. ) ;
#3449 = CARTESIAN_POINT ( 'NONE',  ( 8.000000000000000000, 2.000000000000000000, -1.600000000000001865 ) ) ;
#3450 = CIRCLE ( 'NONE', #2933, 1.600000000000000755 ) ;
#3451 = ORIENTED_EDGE ( 'NONE', *, *, #739, .F. ) ;
#3452 = CARTESIAN_POINT ( 'NONE',  ( -13.65608255502837309, 5.137056388912024651, 11.73236265141207113 ) ) ;
#3453 = CARTESIAN_POINT ( 'NONE',  ( 0.000000000000000000, -53.74011537017761242, 0.000000000000000000 ) ) ;
#3454 = DIRECTION ( 'NONE',  ( 0.000000000000000000, 0.000000000000000000, 1.000000000000000000 ) ) ;
#3455 = CARTESIAN_POINT ( 'NONE',  ( -5.590052615769631559E-64, 0.4000000000000000222, 9.500000000000000000 ) ) ;
#3456 = DIRECTION ( 'NONE',  ( 0.000000000000000000, -1.000000000000000000, 0.000000000000000000 ) ) ;
#3457 = CARTESIAN_POINT ( 'NONE',  ( -14.21610372914367204, 7.054738406184499766, 15.91876124972361950 ) ) ;
#3458 = ORIENTED_EDGE ( 'NONE', *, *, #2480, .F. ) ;
#3459 = CARTESIAN_POINT ( 'NONE',  ( -19.45761974378620351, 11.26029120158936614, 13.34292115782858446 ) ) ;
#3460 = VERTEX_POINT ( 'NONE', #1494 ) ;
#3461 = LINE ( 'NONE', #980, #3 ) ;
#3462 = CARTESIAN_POINT ( 'NONE',  ( -15.91328257475836061, 11.00051569357750125, 18.02626365516293205 ) ) ;
#3463 = ORIENTED_EDGE ( 'NONE', *, *, #1005, .F. ) ;
#3464 = EDGE_CURVE ( 'NONE', #3349, #2772, #1762, .T. ) ;
#3465 = DIRECTION ( 'NONE',  ( 0.000000000000000000, -0.000000000000000000, 1.000000000000000000 ) ) ;
#3466 = CARTESIAN_POINT ( 'NONE',  ( -1.237604307034019246, 24.60000000000000142, -9.503691262898042780 ) ) ;
#3467 = DIRECTION ( 'NONE',  ( 0.000000000000000000, 1.000000000000000000, 0.000000000000000000 ) ) ;
#3468 = CARTESIAN_POINT ( 'NONE',  ( 0.000000000000000000, 0.3999999999999993006, -18.00000000000000000 ) ) ;
#3469 = EDGE_CURVE ( 'NONE', #2889, #3772, #2087, .T. ) ;
#3470 = FACE_OUTER_BOUND ( 'NONE', #2413, .T. ) ;
#3471 = CARTESIAN_POINT ( 'NONE',  ( -8.455076338567121041, 11.08365289709020196, 16.10772051817325234 ) ) ;
#3472 = LINE ( 'NONE', #94, #2046 ) ;
#3473 = CARTESIAN_POINT ( 'NONE',  ( -19.59566338558997955, 14.20000000000000107, 13.52803346323716838 ) ) ;
#3474 = CARTESIAN_POINT ( 'NONE',  ( -18.57592548701452273, 11.08364215356714411, 14.96796740760641420 ) ) ;
#3475 = CARTESIAN_POINT ( 'NONE',  ( -19.06928456757265167, 9.517446075884329559, 13.01383619289731719 ) ) ;
#3476 = EDGE_LOOP ( 'NONE', ( #783, #638, #386, #827 ) ) ;
#3477 = DIRECTION ( 'NONE',  ( 0.000000000000000000, 0.000000000000000000, -1.000000000000000000 ) ) ;
#3478 = CARTESIAN_POINT ( 'NONE',  ( -6.313853440698784070, 5.039711185961915696, 17.92108290791971470 ) ) ;
#3479 = CARTESIAN_POINT ( 'NONE',  ( -12.49141008993179724, 6.778873664246015451, 17.03662838718195260 ) ) ;
#3480 = CARTESIAN_POINT ( 'NONE',  ( -0.2008773173395807521, 0.3999999999999975797, -6.999992992145953608 ) ) ;
#3481 = ORIENTED_EDGE ( 'NONE', *, *, #2529, .T. ) ;
#3482 = CARTESIAN_POINT ( 'NONE',  ( -13.49991690843946301, 14.20000000000000107, -13.36982585770025089 ) ) ;
#3483 = CARTESIAN_POINT ( 'NONE',  ( -12.94694587276702435, 9.153400309158454817, 18.96331758092486908 ) ) ;
#3484 = EDGE_LOOP ( 'NONE', ( #2465, #1302, #2416, #457, #1006, #3274, #59 ) ) ;
#3485 = B_SPLINE_CURVE_WITH_KNOTS ( 'NONE', 3,
 ( #3233, #3257, #768, #3856, #138, #427, #2041, #1731, #1691, #214, #1040, #2909, #3812, #2586, #2329, #1063, #1385, #2871, #2611, #3478, #2935, #2273, #1082, #808, #1650, #3521, #3555, #2313, #3496, #511, #1425, #2648, #723, #1341, #3537, #2019, #2567, #486, #745, #1979, #3198, #3407, #1175, #1158, #1196, #2186, #845, #1442, #2386, #953, #264, #652, #3897, #1887, #587, #2096 ),
 .UNSPECIFIED., .F., .F.,
 ( 4, 2, 2, 2, 1, 1, 1, 1, 1, 2, 2, 2, 2, 1, 1, 1, 1, 2, 2, 2, 2, 1, 1, 1, 1, 2, 2, 2, 2, 1, 1, 1, 1, 1, 2, 2, 4 ),
 ( 0.000000000000000000, 0.2499999999999996669, 0.3749999999999992784, 0.4374999999999992228, 0.4687499999999991118, 0.4843749999999991118, 0.4921874999999991673, 0.4960937499999992228, 0.4980468749999992784, 0.4990234374999993339, 0.4999999999999993339, 0.5625000000000169864, 0.5937500000000258682, 0.6093750000000303091, 0.6171875000000325295, 0.6210937500000336398, 0.6230468750000341949, 0.6240234375000344169, 0.6250000000000345279, 0.6875000000000491829, 0.7187500000000563993, 0.7343750000000601741, 0.7421875000000619504, 0.7460937500000629496, 0.7480468750000632827, 0.7490234375000633937, 0.7500000000000635048, 0.8125000000000665024, 0.8437500000000678346, 0.8593750000000685008, 0.8671875000000688338, 0.8710937500000689448, 0.8730468750000689448, 0.8740234375000689448, 0.8745117187500688338, 0.8750000000000686118, 1.000000000000000000 ),
 .UNSPECIFIED. ) ;
#3486 = DIRECTION ( 'NONE',  ( 0.000000000000000000, 1.000000000000000000, -0.000000000000000000 ) ) ;
#3487 = CARTESIAN_POINT ( 'NONE',  ( -14.25419331906986287, 2.944549060749587888, 13.83640069195297606 ) ) ;
#3488 = ADVANCED_FACE ( 'NONE', ( #3324 ), #2713, .F. ) ;
#3489 = CARTESIAN_POINT ( 'NONE',  ( -18.85596489206123394, 11.86304235517194172, 16.49937416726613293 ) ) ;
#3490 = CARTESIAN_POINT ( 'NONE',  ( -19.59302272106247500, 13.16634436308453182, 13.51928221129377405 ) ) ;
#3491 = CYLINDRICAL_SURFACE ( 'NONE', #2212, 1.600000000000000755 ) ;
#3492 = CARTESIAN_POINT ( 'NONE',  ( -19.34379756914925963, 10.62286216221307100, 13.23627694145421430 ) ) ;
#3493 = ADVANCED_FACE ( 'NONE', ( #3615 ), #1843, .F. ) ;
#3494 = VERTEX_POINT ( 'NONE', #1784 ) ;
#3495 = FACE_OUTER_BOUND ( 'NONE', #3388, .T. ) ;
#3496 = CARTESIAN_POINT ( 'NONE',  ( -7.260717648158952819, 3.712234324795135265, 17.56162599163452853 ) ) ;
#3497 = CARTESIAN_POINT ( 'NONE',  ( -14.09192573317322683, 6.923268655992825593, 15.75902456615522595 ) ) ;
#3498 = CARTESIAN_POINT ( 'NONE',  ( -3.005071060919619619, 0.3999999999999975797, -5.852256862770428114 ) ) ;
#3499 = EDGE_LOOP ( 'NONE', ( #1141, #3232, #2433, #156 ) ) ;
#3500 = CIRCLE ( 'NONE', #2791, 5.000000000000000000 ) ;
#3501 = LINE ( 'NONE', #1694, #1829 ) ;
#3502 = CARTESIAN_POINT ( 'NONE',  ( 5.471359495481241453, 0.3999999999999975797, 0.8183367450960048473 ) ) ;
#3503 = ORIENTED_EDGE ( 'NONE', *, *, #2923, .T. ) ;
#3504 = AXIS2_PLACEMENT_3D ( 'NONE', #2263, #3315, #3187 ) ;
#3505 = CARTESIAN_POINT ( 'NONE',  ( -14.49991690843946479, 0.4000000000000000222, 6.751406069778052021 ) ) ;
#3506 = AXIS2_PLACEMENT_3D ( 'NONE', #733, #1967, #3190 ) ;
#3507 = CARTESIAN_POINT ( 'NONE',  ( 8.000000000000000000, 0.000000000000000000, 0.000000000000000000 ) ) ;
#3508 = CARTESIAN_POINT ( 'NONE',  ( 2.326828918379970970E-15, -53.74011537017761242, -19.00000000000000000 ) ) ;
#3509 = CIRCLE ( 'NONE', #1841, 2.999999999999999112 ) ;
#3510 = CARTESIAN_POINT ( 'NONE',  ( -12.68020636039188176, 7.485384673007120959, 16.52282717377545396 ) ) ;
#3511 = VECTOR ( 'NONE', #1622, 1000.000000000000000 ) ;
#3512 = CARTESIAN_POINT ( 'NONE',  ( 0.000000000000000000, 14.20000000000000107, 0.000000000000000000 ) ) ;
#3513 = ADVANCED_FACE ( 'NONE', ( #11 ), #888, .F. ) ;
#3514 = CARTESIAN_POINT ( 'NONE',  ( -15.36060378793816916, 1.411981828959990359, 11.18266006886951480 ) ) ;
#3515 = CARTESIAN_POINT ( 'NONE',  ( -19.59114986045943141, 12.85174544760033832, 13.51313526726326941 ) ) ;
#3516 = ORIENTED_EDGE ( 'NONE', *, *, #3441, .T. ) ;
#3517 = ORIENTED_EDGE ( 'NONE', *, *, #923, .F. ) ;
#3518 = CARTESIAN_POINT ( 'NONE',  ( -18.15806450358119406, 6.129979036238853318, 5.597827195017347712 ) ) ;
#3519 = CARTESIAN_POINT ( 'NONE',  ( -0.4007047148927931346, 0.000000000000000000, -6.986021196227187424 ) ) ;
#3520 = ADVANCED_FACE ( 'NONE', ( #3063 ), #3908, .T. ) ;
#3521 = CARTESIAN_POINT ( 'NONE',  ( -6.909384194097805576, 4.174767262076261254, 17.69916471349451825 ) ) ;
#3522 = EDGE_LOOP ( 'NONE', ( #1325, #621, #1024, #1679 ) ) ;
#3523 = DIRECTION ( 'NONE',  ( 0.000000000000000000, 0.000000000000000000, 1.000000000000000000 ) ) ;
#3524 = CARTESIAN_POINT ( 'NONE',  ( 8.000000000000000000, 9.071069597503624848, 0.000000000000000000 ) ) ;
#3525 = CARTESIAN_POINT ( 'NONE',  ( 2.693794607804870456, 0.3999999999999975797, -6.094438625795506326 ) ) ;
#3526 = CARTESIAN_POINT ( 'NONE',  ( -16.82800195934435550, 8.009504745729595143, 12.59765243510478072 ) ) ;
#3527 = CARTESIAN_POINT ( 'NONE',  ( 5.271493858025267265, 0.000000000000000000, 2.026756045459324973 ) ) ;
#3528 = CARTESIAN_POINT ( 'NONE',  ( -15.24793843147716998, 6.532999935633585054, 13.69544456324519288 ) ) ;
#3529 = CARTESIAN_POINT ( 'NONE',  ( -13.26953871095911808, 10.79331117406706220, 19.38051930422834701 ) ) ;
#3530 = CARTESIAN_POINT ( 'NONE',  ( -12.74792301137716422, 7.291617515650359316, 16.39227623039408144 ) ) ;
#3531 = CARTESIAN_POINT ( 'NONE',  ( 3.015824843776317543, 0.000000000000000000, 5.856945636244857312 ) ) ;
#3532 = CARTESIAN_POINT ( 'NONE',  ( -14.01750512541951466, 1.301551040083580357, 12.82612763303241188 ) ) ;
#3533 = CARTESIAN_POINT ( 'NONE',  ( -19.49160302705287151, 11.50968177426885397, 13.37823860194179915 ) ) ;
#3534 = ORIENTED_EDGE ( 'NONE', *, *, #1149, .F. ) ;
#3535 = CARTESIAN_POINT ( 'NONE',  ( -16.27807995567764010, 4.846901069994337341, 10.07680809338736339 ) ) ;
#3536 = ORIENTED_EDGE ( 'NONE', *, *, #3905, .T. ) ;
#3537 = CARTESIAN_POINT ( 'NONE',  ( -8.956039597105668548, 2.247435345445211397, 16.75693314933985789 ) ) ;
#3538 = CARTESIAN_POINT ( 'NONE',  ( -13.24012683449593553, 2.951003082278580436, 14.81799157704086056 ) ) ;
#3539 = EDGE_CURVE ( 'NONE', #3686, #1709, #179, .T. ) ;
#3540 = CARTESIAN_POINT ( 'NONE',  ( 0.000000000000000000, 25.60000000000000142, 0.000000000000000000 ) ) ;
#3541 = CARTESIAN_POINT ( 'NONE',  ( -17.17416938652803182, 8.704057207527609918, 12.61798200209311283 ) ) ;
#3542 = ORIENTED_EDGE ( 'NONE', *, *, #716, .F. ) ;
#3543 = EDGE_CURVE ( 'NONE', #2214, #3780, #2038, .T. ) ;
#3544 = CARTESIAN_POINT ( 'NONE',  ( -10.94844699890370876, 2.413574186683344003, 14.28899755364479596 ) ) ;
#3545 = VERTEX_POINT ( 'NONE', #1519 ) ;
#3546 = CARTESIAN_POINT ( 'NONE',  ( -15.94746340511732363, 6.806273146135979779, 13.07600573603657601 ) ) ;
#3547 = CARTESIAN_POINT ( 'NONE',  ( -13.49168687555733648, 12.51662374476040007, 19.58207653344006616 ) ) ;
#3548 = CARTESIAN_POINT ( 'NONE',  ( -8.000000000000000000, 9.071069597503624848, 1.600000000000000089 ) ) ;
#3549 = CARTESIAN_POINT ( 'NONE',  ( -4.065758146820641628E-16, 0.3999999999999975797, 7.000000000000000000 ) ) ;
#3550 = DIRECTION ( 'NONE',  ( 0.000000000000000000, 1.000000000000000000, -0.000000000000000000 ) ) ;
#3551 = CARTESIAN_POINT ( 'NONE',  ( -15.13359730240457779, 12.85174544759848914, 20.22174175692275711 ) ) ;
#3552 = ORIENTED_EDGE ( 'NONE', *, *, #1246, .F. ) ;
#3553 = CARTESIAN_POINT ( 'NONE',  ( -18.77832987538416987, 12.04202641160502907, 2.894988522634087236 ) ) ;
#3554 = CARTESIAN_POINT ( 'NONE',  ( -4.339036774445019340, 0.3999999999999975797, -4.303317979936367443 ) ) ;
#3555 = CARTESIAN_POINT ( 'NONE',  ( -6.918021479653268635, 4.163334214935656696, 17.69579046847339399 ) ) ;
#3556 = CARTESIAN_POINT ( 'NONE',  ( -14.30407559092422964, 10.41014304295856086, 19.51853840199822798 ) ) ;
#3557 = CARTESIAN_POINT ( 'NONE',  ( -19.53953351847836828, 10.52781734066080332, 14.31962040944615389 ) ) ;
#3558 = CIRCLE ( 'NONE', #609, 19.00000000000000000 ) ;
#3559 = ADVANCED_FACE ( 'NONE', ( #2143 ), #2380, .T. ) ;
#3560 = CARTESIAN_POINT ( 'NONE',  ( -15.04780084112910110, 10.63463036710403031, 10.54681246066475886 ) ) ;
#3561 = AXIS2_PLACEMENT_3D ( 'NONE', #3719, #3141, #2508 ) ;
#3562 = CARTESIAN_POINT ( 'NONE',  ( -10.29834512928178469, 7.460677792929659269, 15.00512847867536514 ) ) ;
#3563 = CARTESIAN_POINT ( 'NONE',  ( -17.98366069488805508, 14.07780919403703734, 8.243787119743460678 ) ) ;
#3564 = CARTESIAN_POINT ( 'NONE',  ( -12.42140286863328846, 1.299428828707304584, 14.38783147366414106 ) ) ;
#3565 = EDGE_CURVE ( 'NONE', #1654, #1485, #749, .T. ) ;
#3566 = VECTOR ( 'NONE', #2555, 1000.000000000000000 ) ;
#3567 = DIRECTION ( 'NONE',  ( 0.000000000000000000, 0.000000000000000000, 1.000000000000000000 ) ) ;
#3568 = CARTESIAN_POINT ( 'NONE',  ( -18.52734957031774954, 11.08364215356714588, 13.86350364950217440 ) ) ;
#3569 = VECTOR ( 'NONE', #3045, 1000.000000000000000 ) ;
#3570 = CARTESIAN_POINT ( 'NONE',  ( -13.24225066606530099, 11.09241102065279527, 19.42546107118490184 ) ) ;
#3571 = EDGE_LOOP ( 'NONE', ( #2506, #2081, #1918, #164 ) ) ;
#3572 = CARTESIAN_POINT ( 'NONE',  ( -16.83650336645820289, 2.283411598042521806, 8.829663120564577028 ) ) ;
#3573 = CARTESIAN_POINT ( 'NONE',  ( 2.204364238465235033E-15, 16.00000000000000000, -18.00000000000000000 ) ) ;
#3574 = CARTESIAN_POINT ( 'NONE',  ( -16.19945991151231368, 9.500359003460086882, 18.49854140315398610 ) ) ;
#3575 = LINE ( 'NONE', #2063, #930 ) ;
#3576 = CARTESIAN_POINT ( 'NONE',  ( -5.471391346705773984, 0.000000000000000000, 0.8196027277597502936 ) ) ;
#3577 = CARTESIAN_POINT ( 'NONE',  ( -15.07165033338164406, 10.19785885531737080, 10.48260339714831701 ) ) ;
#3578 = ORIENTED_EDGE ( 'NONE', *, *, #3631, .F. ) ;
#3579 = CARTESIAN_POINT ( 'NONE',  ( -19.59567274327466890, 14.13260318076518374, 13.52806462768131190 ) ) ;
#3580 = CARTESIAN_POINT ( 'NONE',  ( -9.429625436336328548, 1.947550482209239098, 16.50796441424325423 ) ) ;
#3581 = EDGE_CURVE ( 'NONE', #2607, #3780, #2737, .T. ) ;
#3582 = CARTESIAN_POINT ( 'NONE',  ( 18.99341991322257783, 25.60000000000000142, 0.5000000000000014433 ) ) ;
#3583 = DIRECTION ( 'NONE',  ( 0.000000000000000000, 0.000000000000000000, 1.000000000000000000 ) ) ;
#3584 = CARTESIAN_POINT ( 'NONE',  ( 3.605218217991488672, 0.3999999999999975797, 5.287837184611945851 ) ) ;
#3585 = CARTESIAN_POINT ( 'NONE',  ( -16.29574730024393148, 1.821141347952723422, 9.771640761900631134 ) ) ;
#3586 = CARTESIAN_POINT ( 'NONE',  ( -16.19067246981376940, 9.475729711495079144, 18.48663248830074224 ) ) ;
#3587 = CARTESIAN_POINT ( 'NONE',  ( -18.01703048910830418, 5.431977395345573889, 6.033458120945866199 ) ) ;
#3588 = ORIENTED_EDGE ( 'NONE', *, *, #3282, .T. ) ;
#3589 = DIRECTION ( 'NONE',  ( 0.000000000000000000, 1.000000000000000000, 0.000000000000000000 ) ) ;
#3590 = B_SPLINE_CURVE_WITH_KNOTS ( 'NONE', 3,
 ( #2782, #3109, #3711, #677, #3171, #3748, #54, #3410, #957, #2843, #995, #3457, #701, #359 ),
 .UNSPECIFIED., .F., .F.,
 ( 4, 2, 2, 2, 2, 2, 4 ),
 ( -5.999999999052709579E-08, 0.0003762061151371237622, 0.0007524722302742380608, 0.001505004460548466658, 0.003010068921096918648, 0.004515133381645370855, 0.006020197842193823062 ),
 .UNSPECIFIED. ) ;
#3591 = CARTESIAN_POINT ( 'NONE',  ( -18.02626341968739254, 11.00048152314292693, 15.91328143363576686 ) ) ;
#3592 = CARTESIAN_POINT ( 'NONE',  ( 3.605218217991488672, 0.000000000000000000, 5.287837184611945851 ) ) ;
#3593 = CARTESIAN_POINT ( 'NONE',  ( 0.000000000000000000, 16.00000000000000000, 0.000000000000000000 ) ) ;
#3594 = CARTESIAN_POINT ( 'NONE',  ( -13.58847326313152770, 6.539527887686930718, 15.36835899326431232 ) ) ;
#3595 = B_SPLINE_CURVE_WITH_KNOTS ( 'NONE', 3,
 ( #3532, #3228, #3833, #3870, #3270, #2034, #2056, #1077, #524, #803, #3514, #1744, #505, #2964, #1137, #2366, #2604, #3585, #840, #2928, #2074, #192, #3283, #542, #1707, #1764, #2984, #243, #1457, #762, #1994, #3211, #463, #1686, #1402, #1379, #2626, #3850, #1094, #2005, #794, #412, #894, #1263, #2505, #284, #321, #3733, #1892, #363, #1238, #2418, #2208, #682, #2134, #623, #1852, #2192, #2743, #1198, #1216, #1870, #2812, #3643, #1546, #3413, #2174, #302, #3436, #1914, #1504, #657, #2723, #2458, #938, #3953, #3092, #339, #1565, #3347, #2484, #2786, #57, #17, #3663, #3714, #961, #3111, #2906, #2270, #170 ),
 .UNSPECIFIED., .F., .F.,
 ( 4, 2, 2, 1, 1, 1, 1, 1, 2, 2, 2, 2, 1, 1, 1, 1, 2, 2, 2, 2, 1, 1, 1, 1, 1, 2, 2, 2, 2, 1, 1, 1, 1, 2, 2, 2, 2, 1, 1, 1, 2, 2, 1, 1, 1, 1, 1, 2, 2, 2, 1, 1, 1, 1, 2, 2, 1, 1, 1, 2, 2, 4 ),
 ( 0.000000000000000000, 0.06249999999997003786, 0.09374999999995496658, 0.1093749999999473893, 0.1171874999999436007, 0.1210937499999415606, 0.1230468749999405337, 0.1240234374999399231, 0.1245117187499396177, 0.1249999999999393124, 0.1874999999999050482, 0.2187499999998878952, 0.2343749999998793188, 0.2421874999998749334, 0.2460937499998727407, 0.2480468749998716582, 0.2490234374998712419, 0.2499999999998708256, 0.3124999999998488986, 0.3437499999998379629, 0.3593749999998324673, 0.3671874999998296918, 0.3710937499998283595, 0.3730468749998277489, 0.3740234374998275269, 0.3745117187498274713, 0.3749999999998273603, 0.4374999999998354649, 0.4687499999998394062, 0.4843749999998413491, 0.4921874999998422928, 0.4960937499998427924, 0.4980468749998430145, 0.4990234374998431255, 0.4999999999998432365, 0.5312499999998467892, 0.5468749999998486766, 0.5546874999998496758, 0.5585937499998503419, 0.5605468749998506750, 0.5615234374998506750, 0.5624999999998507860, 0.5937499999998530065, 0.6093749999998540057, 0.6171874999998545608, 0.6210937499998547828, 0.6230468749998551159, 0.6240234374998551159, 0.6249999999998552269, 0.6562499999998626654, 0.6718749999998663291, 0.6796874999998678835, 0.6835937499998686606, 0.6855468749998691047, 0.6865234374998694378, 0.6874999999998696598, 0.7187499999998827604, 0.7343749999998890887, 0.7421874999998921973, 0.7460937499998937517, 0.7499999999998953060, 1.000000000000000000 ),
 .UNSPECIFIED. ) ;
#3596 = CARTESIAN_POINT ( 'NONE',  ( -10.73051684650810955, 3.650388372971999029, 15.75277241857902411 ) ) ;
#3597 = CARTESIAN_POINT ( 'NONE',  ( -11.90988196517042041, 11.08365289709020018, 16.88463074408121756 ) ) ;
#3598 = CARTESIAN_POINT ( 'NONE',  ( -9.983359580777831255, 14.19999999999999396, 18.79008803962527097 ) ) ;
#3599 = EDGE_CURVE ( 'NONE', #2092, #688, #2346, .T. ) ;
#3600 = CARTESIAN_POINT ( 'NONE',  ( -12.43752144906444101, 5.135879186916682215, 17.16981475549196290 ) ) ;
#3601 = CARTESIAN_POINT ( 'NONE',  ( -18.28965452608456843, 7.281061972250189029, 12.65297886124542970 ) ) ;
#3602 = ORIENTED_EDGE ( 'NONE', *, *, #2238, .T. ) ;
#3603 = CYLINDRICAL_SURFACE ( 'NONE', #1652, 5.000000000000000888 ) ;
#3604 = CARTESIAN_POINT ( 'NONE',  ( -0.4157758589054963427, 0.000000000000000000, 6.984494531381684190 ) ) ;
#3605 = DIRECTION ( 'NONE',  ( 0.000000000000000000, 1.000000000000000000, 0.000000000000000000 ) ) ;
#3606 = EDGE_CURVE ( 'NONE', #608, #2889, #2651, .T. ) ;
#3607 = CARTESIAN_POINT ( 'NONE',  ( -14.28720271125546049, 4.136745092868108209, 15.90035670955947822 ) ) ;
#3608 = ORIENTED_EDGE ( 'NONE', *, *, #2141, .T. ) ;
#3609 = CARTESIAN_POINT ( 'NONE',  ( -18.79248386773252122, 12.85174544760031523, 2.800455334586303469 ) ) ;
#3610 = LINE ( 'NONE', #553, #3828 ) ;
#3611 = DIRECTION ( 'NONE',  ( 0.000000000000000000, -1.000000000000000000, 0.000000000000000000 ) ) ;
#3612 = ORIENTED_EDGE ( 'NONE', *, *, #1927, .F. ) ;
#3613 = AXIS2_PLACEMENT_3D ( 'NONE', #2661, #2904, #1075 ) ;
#3614 = CIRCLE ( 'NONE', #3681, 2.500000631318421096 ) ;
#3615 = FACE_OUTER_BOUND ( 'NONE', #1370, .T. ) ;
#3616 = CIRCLE ( 'NONE', #1901, 1.599999999999998979 ) ;
#3617 = DIRECTION ( 'NONE',  ( 0.000000000000000000, 0.000000000000000000, 1.000000000000000000 ) ) ;
#3618 = VECTOR ( 'NONE', #354, 1000.000000000000000 ) ;
#3619 = ORIENTED_EDGE ( 'NONE', *, *, #824, .T. ) ;
#3620 = FACE_OUTER_BOUND ( 'NONE', #2546, .T. ) ;
#3621 = ADVANCED_FACE ( 'NONE', ( #2128 ), #3037, .T. ) ;
#3622 = CARTESIAN_POINT ( 'NONE',  ( -2.691796311744655945, 0.000000000000000000, 6.111063159519178001 ) ) ;
#3623 = VECTOR ( 'NONE', #356, 1000.000000000000000 ) ;
#3624 = ORIENTED_EDGE ( 'NONE', *, *, #3335, .F. ) ;
#3625 = DIRECTION ( 'NONE',  ( 0.000000000000000000, 0.000000000000000000, 1.000000000000000000 ) ) ;
#3626 = CARTESIAN_POINT ( 'NONE',  ( -15.96573648999890160, 8.314961181334188822, 11.56793582275612664 ) ) ;
#3627 = CARTESIAN_POINT ( 'NONE',  ( -16.97056274847717106, 13.40000000000000036, 16.97056274847710711 ) ) ;
#3628 = ORIENTED_EDGE ( 'NONE', *, *, #2030, .F. ) ;
#3629 = AXIS2_PLACEMENT_3D ( 'NONE', #1604, #440, #130 ) ;
#3630 = LINE ( 'NONE', #2177, #941 ) ;
#3631 = EDGE_CURVE ( 'NONE', #2493, #1533, #3888, .T. ) ;
#3632 = CYLINDRICAL_SURFACE ( 'NONE', #2727, 5.000000000000000000 ) ;
#3633 = CARTESIAN_POINT ( 'NONE',  ( -4.894788254288685359, 0.000000000000000000, -3.201867658351858381 ) ) ;
#3634 = CARTESIAN_POINT ( 'NONE',  ( -2.781568171288761437, 13.07645896023116805, 18.79529019113163457 ) ) ;
#3635 = EDGE_LOOP ( 'NONE', ( #2149, #3029, #2645, #2898 ) ) ;
#3636 = CARTESIAN_POINT ( 'NONE',  ( -7.183236702361215364, 9.715167200527490721, 16.50459149965463013 ) ) ;
#3637 = CARTESIAN_POINT ( 'NONE',  ( -2.738650632048899691, 14.20000000000000107, 18.80159016454667054 ) ) ;
#3638 = ORIENTED_EDGE ( 'NONE', *, *, #2498, .F. ) ;
#3639 = CARTESIAN_POINT ( 'NONE',  ( -14.65529223946945336, 2.944293296592862319, 13.40191435812576870 ) ) ;
#3640 = CARTESIAN_POINT ( 'NONE',  ( -5.356586527893155925, 0.000000000000000000, -1.630104980113234125 ) ) ;
#3641 = ORIENTED_EDGE ( 'NONE', *, *, #233, .T. ) ;
#3642 = CARTESIAN_POINT ( 'NONE',  ( -18.49854140315419571, 9.500359003460793872, 16.19945991151238474 ) ) ;
#3643 = CARTESIAN_POINT ( 'NONE',  ( -18.46870695806767415, 7.984696645865513531, 4.462867047369796225 ) ) ;
#3644 = CARTESIAN_POINT ( 'NONE',  ( -17.93440903238772677, 10.17638811981113989, 15.82054225429595284 ) ) ;
#3645 = EDGE_LOOP ( 'NONE', ( #3392, #142 ) ) ;
#3646 = CYLINDRICAL_SURFACE ( 'NONE', #822, 1.600000000000000089 ) ;
#3647 = APPLICATION_PROTOCOL_DEFINITION ( 'draft international standard', 'automotive_design', 1998, #1463 ) ;
#3648 = B_SPLINE_SURFACE_WITH_KNOTS ( 'NONE', 3, 1, ( 
 ( #3549, #1378 ),
 ( #902, #2306 ),
 ( #10, #1419 ),
 ( #3890, #1209 ),
 ( #1726, #3654 ),
 ( #291, #1705 ),
 ( #1516, #2642 ),
 ( #3249, #801 ),
 ( #190, #3531 ),
 ( #3584, #2142 ),
 ( #224, #2925 ),
 ( #1399, #1134 ),
 ( #169, #839 ),
 ( #2124, #3339 ),
 ( #1820, #2735 ),
 ( #2033, #1112 ),
 ( #2948, #3355 ),
 ( #611, #2601 ),
 ( #781, #2013 ),
 ( #2623, #3848 ),
 ( #207, #1093 ),
 ( #2340, #2530 ),
 ( #3673, #3445 ),
 ( #2817, #103 ),
 ( #646, #1307 ),
 ( #1920, #2161 ),
 ( #390, #348 ),
 ( #2181, #2467 ),
 ( #3082, #2753 ),
 ( #1287, #3760 ),
 ( #985, #1535 ),
 ( #330, #1860 ),
 ( #3379, #2796 ),
 ( #968, #3398 ),
 ( #2217, #28 ),
 ( #3100, #1007 ),
 ( #1879, #3143 ),
 ( #1556, #631 ),
 ( #1615, #2199 ),
 ( #2773, #2237 ) ),
 .UNSPECIFIED., .F., .F., .F.,
 ( 4, 2, 2, 2, 2, 2, 2, 2, 2, 2, 2, 2, 2, 2, 2, 2, 2, 2, 2, 4 ),
 ( 2, 2 ),
 ( -1.670876104142848817E-09, 0.03124999999999990286, 0.04687499999999986122, 0.06249999999999981959, 0.09374999999999970857, 0.1249999999999995975, 0.1562499999999995004, 0.1874999999999994726, 0.2187499999999994171, 0.2499999999999993894, 0.2812499999999993339, 0.2968749999999993339, 0.3124999999999993339, 0.3749999999999993339, 0.3906249999999993339, 0.4062499999999993339, 0.4218749999999993339, 0.4374999999999993339, 0.4687499999999993894, 0.4999999999999993339 ),
 ( 0.000000000000000000, 1.000000000000000000 ),
 .UNSPECIFIED. ) ;
#3649 = DIRECTION ( 'NONE',  ( -0.000000000000000000, 1.000000000000000000, -0.000000000000000000 ) ) ;
#3650 = CARTESIAN_POINT ( 'NONE',  ( -8.221284694669737547, 14.13260235610828630, 18.00302522461290522 ) ) ;
#3651 = EDGE_CURVE ( 'NONE', #1422, #1283, #129, .T. ) ;
#3652 = ORIENTED_EDGE ( 'NONE', *, *, #325, .T. ) ;
#3653 = CARTESIAN_POINT ( 'NONE',  ( -10.57261252096071757, 10.86299148359693945, 15.03762488631808480 ) ) ;
#3654 = CARTESIAN_POINT ( 'NONE',  ( 1.605261422932909854, 0.000000000000000000, 6.694530598271875910 ) ) ;
#3655 = DIRECTION ( 'NONE',  ( -0.000000000000000000, 1.000000000000000000, -0.000000000000000000 ) ) ;
#3656 = ADVANCED_FACE ( 'NONE', ( #3384 ), #635, .T. ) ;
#3657 = CARTESIAN_POINT ( 'NONE',  ( 1.237604307034021245, 15.60000000000000142, 7.903691262898044911 ) ) ;
#3658 = CARTESIAN_POINT ( 'NONE',  ( -19.59114986045943141, 12.85174544760032056, 13.51313526726326586 ) ) ;
#3659 = CARTESIAN_POINT ( 'NONE',  ( -5.269262392170986686, 0.3999999999999975797, -2.035969662655130463 ) ) ;
#3660 = ORIENTED_EDGE ( 'NONE', *, *, #3832, .T. ) ;
#3661 = CARTESIAN_POINT ( 'NONE',  ( -17.94678982671294776, 7.678889766364716429, 15.77751944386969818 ) ) ;
#3662 = VERTEX_POINT ( 'NONE', #990 ) ;
#3663 = CARTESIAN_POINT ( 'NONE',  ( -18.66688076159381282, 9.699641412186970513, 3.542295946130484374 ) ) ;
#3664 = CARTESIAN_POINT ( 'NONE',  ( -17.81133214623843131, 10.63484063813179326, 12.90493488660487742 ) ) ;
#3665 = VERTEX_POINT ( 'NONE', #1275 ) ;
#3666 = FACE_OUTER_BOUND ( 'NONE', #3484, .T. ) ;
#3667 = DIRECTION ( 'NONE',  ( -0.000000000000000000, -1.000000000000000000, -0.000000000000000000 ) ) ;
#3668 = CARTESIAN_POINT ( 'NONE',  ( -8.000000000000000000, 0.000000000000000000, 0.000000000000000000 ) ) ;
#3669 = CARTESIAN_POINT ( 'NONE',  ( -8.243791338763847065, 14.07802062292351231, 17.98365706419728838 ) ) ;
#3670 = ORIENTED_EDGE ( 'NONE', *, *, #404, .T. ) ;
#3671 = CARTESIAN_POINT ( 'NONE',  ( -10.57260743482389387, 11.08365289709000301, 15.03762685391038190 ) ) ;
#3672 = EDGE_CURVE ( 'NONE', #304, #3222, #60, .T. ) ;
#3673 = CARTESIAN_POINT ( 'NONE',  ( 5.349759145252581227, 0.3999999999999975797, -1.627024985997544748 ) ) ;
#3674 = CARTESIAN_POINT ( 'NONE',  ( -7.903691262898045800, 25.60000000000000142, 1.237604307034015250 ) ) ;
#3675 = DIRECTION ( 'NONE',  ( 0.000000000000000000, 1.000000000000000000, -0.000000000000000000 ) ) ;
#3676 = ORIENTED_EDGE ( 'NONE', *, *, #258, .F. ) ;
#3677 = CARTESIAN_POINT ( 'NONE',  ( -14.48863620447760248, 5.932181172819157133, 10.81824111978917458 ) ) ;
#3678 = DIRECTION ( 'NONE',  ( -0.000000000000000000, 1.000000000000000000, -0.000000000000000000 ) ) ;
#3679 = ADVANCED_FACE ( 'NONE', ( #671 ), #2223, .F. ) ;
#3680 = AXIS2_PLACEMENT_3D ( 'NONE', #3749, #1281, #2503 ) ;
#3681 = AXIS2_PLACEMENT_3D ( 'NONE', #2431, #2802, #904 ) ;
#3682 = VERTEX_POINT ( 'NONE', #74 ) ;
#3683 = CARTESIAN_POINT ( 'NONE',  ( -1.237604307034019469, 25.60000000000000142, -6.303691262898045267 ) ) ;
#3684 = CARTESIAN_POINT ( 'NONE',  ( -19.09467553746926072, 9.605683919844972607, 13.03024730112609220 ) ) ;
#3685 = CARTESIAN_POINT ( 'NONE',  ( -1.411667136193661243, 0.000000000000000000, 6.766053347799921625 ) ) ;
#3686 = VERTEX_POINT ( 'NONE', #1619 ) ;
#3687 = CARTESIAN_POINT ( 'NONE',  ( -18.66993693218672945, 14.19999999999999929, 3.642550190880299521 ) ) ;
#3688 = AXIS2_PLACEMENT_3D ( 'NONE', #2469, #1492, #1803 ) ;
#3689 = CARTESIAN_POINT ( 'NONE',  ( -17.79227059859035975, 9.691119528363923763, 15.69978937721320733 ) ) ;
#3690 = ORIENTED_EDGE ( 'NONE', *, *, #1278, .F. ) ;
#3691 = CIRCLE ( 'NONE', #614, 18.00000000000000000 ) ;
#3692 = CARTESIAN_POINT ( 'NONE',  ( -13.23987812585833090, 2.347651869380062539, 13.63906693826336358 ) ) ;
#3693 = AXIS2_PLACEMENT_3D ( 'NONE', #174, #788, #1669 ) ;
#3694 = CYLINDRICAL_SURFACE ( 'NONE', #1965, 18.00000000000000000 ) ;
#3695 = CARTESIAN_POINT ( 'NONE',  ( -14.33787030050007338, 10.72246508952727595, 19.56399875463920424 ) ) ;
#3696 = AXIS2_PLACEMENT_3D ( 'NONE', #2701, #2341, #3617 ) ;
#3697 = ORIENTED_EDGE ( 'NONE', *, *, #1149, .T. ) ;
#3698 = CIRCLE ( 'NONE', #1982, 2.000000000000000000 ) ;
#3699 = CARTESIAN_POINT ( 'NONE',  ( 5.471179013169685135, 0.3999999999999975797, -0.8202718517362281858 ) ) ;
#3700 = FILL_AREA_STYLE_COLOUR ( '', #1184 ) ;
#3701 = CARTESIAN_POINT ( 'NONE',  ( -18.04328357849193054, 7.521320343558419275, 15.89784191845990513 ) ) ;
#3702 = DIRECTION ( 'NONE',  ( 0.000000000000000000, 0.000000000000000000, 1.000000000000000000 ) ) ;
#3703 = EDGE_CURVE ( 'NONE', #2436, #309, #713, .T. ) ;
#3704 = EDGE_LOOP ( 'NONE', ( #1321, #1657, #2887, #1089 ) ) ;
#3705 = CARTESIAN_POINT ( 'NONE',  ( -14.12419543065804639, 5.454862276804342436, 11.21540637086622283 ) ) ;
#3706 = DIRECTION ( 'NONE',  ( 0.000000000000000000, 0.000000000000000000, -1.000000000000000000 ) ) ;
#3707 = LINE ( 'NONE', #3027, #1066 ) ;
#3708 =( BOUNDED_CURVE ( )  B_SPLINE_CURVE ( 2, ( #1030, #2372, #2082 ),
 .UNSPECIFIED., .F., .T. ) 
 B_SPLINE_CURVE_WITH_KNOTS ( ( 3, 3 ),
 ( 0.000000000000000000, 1.000000000000000000 ),
 .UNSPECIFIED. ) 
 CURVE ( )  GEOMETRIC_REPRESENTATION_ITEM ( )  RATIONAL_B_SPLINE_CURVE ( ( 1.000000000000000000, 0.8861114180450485600, 1.000000000000000000 ) ) 
 REPRESENTATION_ITEM ( '' )  );
#3709 = EDGE_CURVE ( 'NONE', #3067, #2716, #361, .T. ) ;
#3710 = DIRECTION ( 'NONE',  ( 0.000000000000000000, 0.000000000000000000, 1.000000000000000000 ) ) ;
#3711 = CARTESIAN_POINT ( 'NONE',  ( -15.90604073071571634, 10.82908822510145974, 18.02309369600196121 ) ) ;
#3712 = ORIENTED_EDGE ( 'NONE', *, *, #452, .T. ) ;
#3713 = LINE ( 'NONE', #1197, #3569 ) ;
#3714 = CARTESIAN_POINT ( 'NONE',  ( -18.67050402031056677, 9.749027494077299849, 3.523112498083476041 ) ) ;
#3715 = CARTESIAN_POINT ( 'NONE',  ( -17.59409034652603765, 7.242547286424270148, 12.89774341282246084 ) ) ;
#3716 = ORIENTED_EDGE ( 'NONE', *, *, #3759, .T. ) ;
#3717 = CYLINDRICAL_SURFACE ( 'NONE', #1783, 1.599999999999998979 ) ;
#3718 = CARTESIAN_POINT ( 'NONE',  ( -18.02585220683205236, 11.08298996658935920, 15.91527329012222580 ) ) ;
#3719 = CARTESIAN_POINT ( 'NONE',  ( -7.903691262898045800, 24.60000000000000142, 1.237604307034015250 ) ) ;
#3720 = EDGE_LOOP ( 'NONE', ( #1421, #664, #1179, #750 ) ) ;
#3721 = CARTESIAN_POINT ( 'NONE',  ( 5.212435780217543169, 0.3999999999999975797, -2.228843264896993137 ) ) ;
#3722 = DIRECTION ( 'NONE',  ( 0.000000000000000000, -0.000000000000000000, 1.000000000000000000 ) ) ;
#3723 = ORIENTED_EDGE ( 'NONE', *, *, #346, .F. ) ;
#3724 = DIRECTION ( 'NONE',  ( 0.000000000000000000, -0.000000000000000000, 1.000000000000000000 ) ) ;
#3725 = FACE_OUTER_BOUND ( 'NONE', #171, .T. ) ;
#3726 = DIRECTION ( 'NONE',  ( 0.000000000000000000, 0.000000000000000000, -1.000000000000000000 ) ) ;
#3727 = CARTESIAN_POINT ( 'NONE',  ( -9.135870759084095738, 11.08365289708958912, 16.10772051817324879 ) ) ;
#3728 = DIRECTION ( 'NONE',  ( 0.000000000000000000, 0.000000000000000000, 1.000000000000000000 ) ) ;
#3729 = CARTESIAN_POINT ( 'NONE',  ( -19.35975147237525817, 7.956914684115721670, 14.48186875241180083 ) ) ;
#3730 = CARTESIAN_POINT ( 'NONE',  ( -14.49991690843946479, 0.4000000000000000222, 5.751406069778051133 ) ) ;
#3731 = EDGE_CURVE ( 'NONE', #516, #594, #1384, .T. ) ;
#3732 = CARTESIAN_POINT ( 'NONE',  ( 1.237604307034021245, 25.60000000000000142, 7.903691262898044911 ) ) ;
#3733 = CARTESIAN_POINT ( 'NONE',  ( -18.25523991266636870, 6.680240709059796167, 5.267488715653209752 ) ) ;
#3734 = EDGE_LOOP ( 'NONE', ( #907, #572 ) ) ;
#3735 = CARTESIAN_POINT ( 'NONE',  ( 0.000000000000000000, -53.74011537017761242, 0.000000000000000000 ) ) ;
#3736 = EDGE_CURVE ( 'NONE', #3545, #3682, #3186, .T. ) ;
#3737 = CARTESIAN_POINT ( 'NONE',  ( -12.95493810961161962, 11.06880533303028535, 17.88029456968115483 ) ) ;
#3738 = ORIENTED_EDGE ( 'NONE', *, *, #3539, .T. ) ;
#3739 = CARTESIAN_POINT ( 'NONE',  ( 3.465891816929385083, 0.3999999999999975797, -5.421780720147950206 ) ) ;
#3740 = CARTESIAN_POINT ( 'NONE',  ( -13.46196329019670301, 12.20406001954151876, 19.56389922721553276 ) ) ;
#3741 = CARTESIAN_POINT ( 'NONE',  ( -12.82429634700658738, 3.936324419290261112, 16.97242803799285582 ) ) ;
#3742 = CARTESIAN_POINT ( 'NONE',  ( -16.51908562291821525, 11.08364215356698423, 7.149811898413590328 ) ) ;
#3743 = DIRECTION ( 'NONE',  ( 0.000000000000000000, 1.000000000000000000, 0.000000000000000000 ) ) ;
#3744 = DIRECTION ( 'NONE',  ( -0.000000000000000000, -1.000000000000000000, -0.000000000000000000 ) ) ;
#3745 = CARTESIAN_POINT ( 'NONE',  ( 0.000000000000000000, 16.00000000000000000, -0.5000000000000002220 ) ) ;
#3746 = DIRECTION ( 'NONE',  ( 0.000000000000000000, 0.000000000000000000, 1.000000000000000000 ) ) ;
#3747 = CIRCLE ( 'NONE', #806, 19.00000000000000000 ) ;
#3748 = CARTESIAN_POINT ( 'NONE',  ( -15.80470938783600587, 10.09087070518654983, 17.91663378887879432 ) ) ;
#3749 = CARTESIAN_POINT ( 'NONE',  ( 0.000000000000000000, 25.60000000000000142, 0.000000000000000000 ) ) ;
#3750 = AXIS2_PLACEMENT_3D ( 'NONE', #644, #1629, #2833 ) ;
#3751 = CARTESIAN_POINT ( 'NONE',  ( -18.79248386773252122, 12.85174544760031523, 2.800455334586303469 ) ) ;
#3752 = ORIENTED_EDGE ( 'NONE', *, *, #3340, .T. ) ;
#3753 = EDGE_CURVE ( 'NONE', #2918, #347, #1643, .T. ) ;
#3754 = CARTESIAN_POINT ( 'NONE',  ( -1.603745922614672192, 0.3999999999999975797, 6.695181370814618838 ) ) ;
#3755 = CARTESIAN_POINT ( 'NONE',  ( -15.91520276301456782, 11.07794282469987124, 18.02592266023285106 ) ) ;
#3756 = AXIS2_PLACEMENT_3D ( 'NONE', #1822, #314, #32 ) ;
#3757 = ORIENTED_EDGE ( 'NONE', *, *, #1346, .T. ) ;
#3758 = AXIS2_PLACEMENT_3D ( 'NONE', #3455, #973, #3428 ) ;
#3759 = EDGE_CURVE ( 'NONE', #2637, #730, #3691, .T. ) ;
#3760 = CARTESIAN_POINT ( 'NONE',  ( 3.605298225344404361, 0.000000000000000000, -5.272029189298429230 ) ) ;
#3761 = CARTESIAN_POINT ( 'NONE',  ( 19.00002500000000083, 25.60000000000000142, -0.5000000000000014433 ) ) ;
#3762 = CARTESIAN_POINT ( 'NONE',  ( -11.40063194421763981, 5.036073704865909662, 16.66231977094580685 ) ) ;
#3763 = VECTOR ( 'NONE', #2147, 1000.000000000000000 ) ;
#3764 = CARTESIAN_POINT ( 'NONE',  ( 17.99305421544657690, 16.00000000000000000, 0.5000000000000002220 ) ) ;
#3765 = DIRECTION ( 'NONE',  ( 0.000000000000000000, 1.000000000000000000, 0.000000000000000000 ) ) ;
#3766 = CARTESIAN_POINT ( 'NONE',  ( 0.000000000000000000, 16.00000000000000000, 0.000000000000000000 ) ) ;
#3767 = CARTESIAN_POINT ( 'NONE',  ( -12.82612763325416516, 1.301551040084746091, 14.01750512521660852 ) ) ;
#3768 = CARTESIAN_POINT ( 'NONE',  ( 0.000000000000000000, 15.60000000000000142, 0.000000000000000000 ) ) ;
#3769 = CARTESIAN_POINT ( 'NONE',  ( -13.49991690843946301, 0.000000000000000000, 0.000000000000000000 ) ) ;
#3770 = CARTESIAN_POINT ( 'NONE',  ( -18.37561560875754907, 11.08364215356714766, 15.48330740338112399 ) ) ;
#3771 = CARTESIAN_POINT ( 'NONE',  ( -19.15287972604662059, 9.828938709934432083, 13.07081005521806460 ) ) ;
#3772 = VERTEX_POINT ( 'NONE', #1865 ) ;
#3773 = CYLINDRICAL_SURFACE ( 'NONE', #3896, 19.00000000000000000 ) ;
#3774 = CARTESIAN_POINT ( 'NONE',  ( -12.95500371546078178, 11.08082563444229152, 17.88038298336987708 ) ) ;
#3775 = CARTESIAN_POINT ( 'NONE',  ( -4.894788254288685359, 0.3999999999999975797, -3.201867658351858381 ) ) ;
#3776 = ORIENTED_EDGE ( 'NONE', *, *, #2504, .T. ) ;
#3777 = CYLINDRICAL_SURFACE ( 'NONE', #2852, 2.000000000000000000 ) ;
#3778 = ADVANCED_FACE ( 'NONE', ( #3406, #1013 ), #334, .T. ) ;
#3779 = CARTESIAN_POINT ( 'NONE',  ( -16.61163889212624412, 13.40000000000000036, 14.50105948008184420 ) ) ;
#3780 = VERTEX_POINT ( 'NONE', #3468 ) ;
#3781 = ORIENTED_EDGE ( 'NONE', *, *, #550, .T. ) ;
#3782 = FACE_BOUND ( 'NONE', #3290, .T. ) ;
#3783 = CARTESIAN_POINT ( 'NONE',  ( -5.590052615769631559E-64, 9.071069597503624848, 9.500000000000000000 ) ) ;
#3784 = DIRECTION ( 'NONE',  ( -1.000000000000000000, 0.000000000000000000, 0.000000000000000000 ) ) ;
#3785 = EDGE_CURVE ( 'NONE', #347, #3873, #2780, .T. ) ;
#3786 = B_SPLINE_CURVE_WITH_KNOTS ( 'NONE', 3,
 ( #1280, #1911, #976, #352, #1600, #2127 ),
 .UNSPECIFIED., .F., .F.,
 ( 4, 2, 4 ),
 ( 0.2818045956297650090, 0.5000250753130706105, 0.7182455549963761010 ),
 .UNSPECIFIED. ) ;
#3787 = DIRECTION ( 'NONE',  ( 0.000000000000000000, 1.000000000000000000, 0.000000000000000000 ) ) ;
#3788 = CARTESIAN_POINT ( 'NONE',  ( -16.88959974650372686, 12.81338211819651463, 18.46573931282364001 ) ) ;
#3789 = FACE_OUTER_BOUND ( 'NONE', #3720, .T. ) ;
#3790 = CARTESIAN_POINT ( 'NONE',  ( -19.43327011657008896, 11.10451522477147002, 13.31896876220099912 ) ) ;
#3791 = ORIENTED_EDGE ( 'NONE', *, *, #2094, .F. ) ;
#3792 = CARTESIAN_POINT ( 'NONE',  ( -1.020491551207380221, 0.3999999999999975797, 6.880925458489033808 ) ) ;
#3793 = CARTESIAN_POINT ( 'NONE',  ( -15.86853798080310796, 10.47680616478873361, 17.98670331317944360 ) ) ;
#3794 = CARTESIAN_POINT ( 'NONE',  ( -16.84269324693422121, 8.007075812169041740, 14.93880455053362155 ) ) ;
#3795 = CARTESIAN_POINT ( 'NONE',  ( 3.018231912797951111, 0.3999999999999975797, -5.841188869266970229 ) ) ;
#3796 = CARTESIAN_POINT ( 'NONE',  ( 5.041396748983368425, 0.3999999999999975797, 2.811908068815244910 ) ) ;
#3797 = ADVANCED_FACE ( 'NONE', ( #3782, #2477 ), #952, .T. ) ;
#3798 = EDGE_LOOP ( 'NONE', ( #2683, #3032, #1666, #2280, #2460, #2300, #3139, #3624, #1059, #2509, #1214, #1147, #1997, #3377, #3366, #389 ) ) ;
#3799 = EDGE_LOOP ( 'NONE', ( #1090, #3946 ) ) ;
#3800 = CARTESIAN_POINT ( 'NONE',  ( 5.499735981486713499, 0.000000000000000000, -0.4141583174628524766 ) ) ;
#3801 = DIRECTION ( 'NONE',  ( 0.000000000000000000, 0.000000000000000000, -1.000000000000000000 ) ) ;
#3802 = DIRECTION ( 'NONE',  ( 0.000000000000000000, -1.000000000000000000, 0.000000000000000000 ) ) ;
#3803 = ADVANCED_FACE ( 'NONE', ( #1885 ), #2202, .F. ) ;
#3804 = DIRECTION ( 'NONE',  ( 0.000000000000000000, -1.000000000000000000, 0.000000000000000000 ) ) ;
#3805 = CARTESIAN_POINT ( 'NONE',  ( -19.59556408829944374, 13.97531300291248080, 13.52770265492825352 ) ) ;
#3806 = CARTESIAN_POINT ( 'NONE',  ( 0.000000000000000000, 25.60000000000000142, 0.000000000000000000 ) ) ;
#3807 = CARTESIAN_POINT ( 'NONE',  ( -19.50343698299595374, 11.60266227220909308, 13.39085962991587486 ) ) ;
#3808 = ORIENTED_EDGE ( 'NONE', *, *, #2448, .F. ) ;
#3809 = ORIENTED_EDGE ( 'NONE', *, *, #699, .F. ) ;
#3810 = CARTESIAN_POINT ( 'NONE',  ( -18.78704633035049198, 12.44687984597653951, 2.836943984224858717 ) ) ;
#3811 = CARTESIAN_POINT ( 'NONE',  ( 0.01223531260983170936, 0.000000000000000000, -6.999982333181327121 ) ) ;
#3812 = CARTESIAN_POINT ( 'NONE',  ( -5.204760053951006604, 6.798648814561976117, 18.27321889173963143 ) ) ;
#3813 = ORIENTED_EDGE ( 'NONE', *, *, #2141, .F. ) ;
#3814 = CARTESIAN_POINT ( 'NONE',  ( -14.25211910559889184, 10.08287024320223146, 19.44814535358305818 ) ) ;
#3815 = LINE ( 'NONE', #1881, #751 ) ;
#3816 = VECTOR ( 'NONE', #2615, 1000.000000000000000 ) ;
#3817 = CARTESIAN_POINT ( 'NONE',  ( 4.974937185533099715, 24.59999999999999787, -0.5000000000000002220 ) ) ;
#3818 = DIRECTION ( 'NONE',  ( -0.000000000000000000, 1.000000000000000000, -0.000000000000000000 ) ) ;
#3819 = AXIS2_PLACEMENT_3D ( 'NONE', #2558, #2167, #971 ) ;
#3820 = CARTESIAN_POINT ( 'NONE',  ( 1.980455856127634862, 0.3999999999999975797, 6.527361502543531202 ) ) ;
#3821 = MECHANICAL_DESIGN_GEOMETRIC_PRESENTATION_REPRESENTATION (  '', ( #56 ), #3367 ) ;
#3822 = ORIENTED_EDGE ( 'NONE', *, *, #523, .T. ) ;
#3823 = ORIENTED_EDGE ( 'NONE', *, *, #1549, .F. ) ;
#3824 = VERTEX_POINT ( 'NONE', #2576 ) ;
#3825 = CARTESIAN_POINT ( 'NONE',  ( 4.584313342547322812, 0.000000000000000000, -3.949230373506586567 ) ) ;
#3826 = VECTOR ( 'NONE', #2720, 1000.000000000000000 ) ;
#3827 = CARTESIAN_POINT ( 'NONE',  ( -13.44087011293284384, 11.97058124251611133, 19.54837447112345927 ) ) ;
#3828 = VECTOR ( 'NONE', #2392, 1000.000000000000000 ) ;
#3829 = CARTESIAN_POINT ( 'NONE',  ( -12.59997447835118045, 8.553765271058574982, 17.10529755824456188 ) ) ;
#3830 = CIRCLE ( 'NONE', #755, 1.000000000000000888 ) ;
#3831 = CARTESIAN_POINT ( 'NONE',  ( -18.28256985934954670, 11.08364215356714944, 13.36773933889609545 ) ) ;
#3832 = EDGE_CURVE ( 'NONE', #963, #2706, #3708, .T. ) ;
#3833 = CARTESIAN_POINT ( 'NONE',  ( -14.56069375316016057, 1.308447209122212351, 12.21119620477302448 ) ) ;
#3834 = CARTESIAN_POINT ( 'NONE',  ( -19.57024991490728638, 12.32484108803923561, 13.47241717540322625 ) ) ;
#3835 = VERTEX_POINT ( 'NONE', #3505 ) ;
#3836 = CARTESIAN_POINT ( 'NONE',  ( -18.79248386773252832, 12.85174544760046800, 2.800455334586321232 ) ) ;
#3837 = EDGE_CURVE ( 'NONE', #3949, #936, #2599, .T. ) ;
#3838 = B_SPLINE_CURVE_WITH_KNOTS ( 'NONE', 3,
 ( #3952, #2133, #2417, #3642, #910, #2437, #3661, #1525, #3073, #320, #2150, #622, #338, #1545 ),
 .UNSPECIFIED., .F., .F.,
 ( 4, 2, 2, 2, 2, 2, 4 ),
 ( 0.000000000000000000, 0.002898957141700666141, 0.004348435712551000296, 0.005797914283401334017, 0.007247392854251667738, 0.008696871425102002326, 0.01159582856680266283 ),
 .UNSPECIFIED. ) ;
#3839 = CARTESIAN_POINT ( 'NONE',  ( 17.99305421544658046, 24.60000000000000142, 0.5000000000000013323 ) ) ;
#3840 = CARTESIAN_POINT ( 'NONE',  ( -15.24793843147716998, 6.532999935633585054, 13.69544456324519288 ) ) ;
#3841 = DIRECTION ( 'NONE',  ( 0.000000000000000000, 0.000000000000000000, 1.000000000000000000 ) ) ;
#3842 = CARTESIAN_POINT ( 'NONE',  ( -16.26254925193125089, 6.532166641863823564, 7.716099047951277434 ) ) ;
#3843 = CARTESIAN_POINT ( 'NONE',  ( -7.884148613573209730, 6.040033677035709481, 16.18174568183733442 ) ) ;
#3844 = ORIENTED_EDGE ( 'NONE', *, *, #1171, .F. ) ;
#3845 = CARTESIAN_POINT ( 'NONE',  ( -18.80039856721150215, 13.70565678963813561, 2.746820033921934634 ) ) ;
#3846 = CARTESIAN_POINT ( 'NONE',  ( -13.22129329803854247, 10.51237113079394092, 19.32604834528982707 ) ) ;
#3847 = CARTESIAN_POINT ( 'NONE',  ( -12.73242160268470968, 9.442893681251229410, 17.49316025732546720 ) ) ;
#3848 = CARTESIAN_POINT ( 'NONE',  ( 5.499735981486713499, 0.000000000000000000, -0.4141583174628524766 ) ) ;
#3849 = FACE_OUTER_BOUND ( 'NONE', #1812, .T. ) ;
#3850 = CARTESIAN_POINT ( 'NONE',  ( -17.68687994601202718, 4.120688209125838775, 6.940769829810415459 ) ) ;
#3851 = CARTESIAN_POINT ( 'NONE',  ( -17.98112214569498235, 6.592056440896264746, 12.56262044672178391 ) ) ;
#3852 = ORIENTED_EDGE ( 'NONE', *, *, #665, .F. ) ;
#3853 = CARTESIAN_POINT ( 'NONE',  ( -16.83327729224278713, 6.872305597235833119, 9.421581742304873330 ) ) ;
#3854 = EDGE_CURVE ( 'NONE', #8, #3494, #2534, .T. ) ;
#3855 = ORIENTED_EDGE ( 'NONE', *, *, #2869, .T. ) ;
#3856 = CARTESIAN_POINT ( 'NONE',  ( -3.765157298313389855, 9.155346973156055057, 18.62434817351851279 ) ) ;
#3857 = CARTESIAN_POINT ( 'NONE',  ( -12.74188751377584872, 3.365421788517412249, 15.60128859661304901 ) ) ;
#3858 = CARTESIAN_POINT ( 'NONE',  ( -17.88037130181913525, 11.07780343188588823, 12.95499486064084671 ) ) ;
#3859 = EDGE_CURVE ( 'NONE', #2232, #2261, #2602, .T. ) ;
#3860 = CARTESIAN_POINT ( 'NONE',  ( -13.52803345729733486, 14.20000000000000107, 19.59566338380722073 ) ) ;
#3861 = CARTESIAN_POINT ( 'NONE',  ( -16.35968985651267360, 7.301852048129520156, 7.507725149048201096 ) ) ;
#3862 =( BOUNDED_SURFACE ( )  B_SPLINE_SURFACE ( 3, 2, ( 
 ( #2376, #2107, #257 ),
 ( #3594, #1473, #2978 ),
 ( #2696, #220, #536 ),
 ( #3321, #3864, #3544 ),
 ( #2086, #579, #494 ),
 ( #2319, #3263, #1108 ),
 ( #2638, #1432, #3883 ),
 ( #2049, #1758, #2358 ),
 ( #1779, #796, #2677 ),
 ( #870, #3904, #834 ),
 ( #1801, #2335, #2943 ),
 ( #556, #239, #1148 ),
 ( #2025, #1720, #203 ),
 ( #1168, #3018, #2959 ),
 ( #2067, #3000, #3923 ),
 ( #273, #1415, #1737 ),
 ( #2617, #3562, #3843 ),
 ( #1088, #816, #517 ),
 ( #2445, #3338, #595 ),
 ( #3058, #1534, #1819 ),
 ( #3033, #2409, #27 ),
 ( #9, #290, #610 ),
 ( #3378, #1514, #2733 ),
 ( #1225, #329, #3636 ),
 ( #1185, #886, #1208 ),
 ( #918, #901, #2427 ),
 ( #2752, #3653, #630 ),
 ( #1859, #3671, #3081 ) ),
 .UNSPECIFIED., .F., .F., .T. ) 
 B_SPLINE_SURFACE_WITH_KNOTS ( ( 4, 2, 2, 2, 2, 2, 2, 2, 2, 2, 2, 2, 2, 4 ),
 ( 3, 3 ),
 ( -4.770489558936219510E-18, 0.001637914898489007667, 0.002456872347733513994, 0.003275829796978020104, 0.004094787246222525781, 0.004913744695467032325, 0.006551659593956045413, 0.007370617043200551957, 0.008189574492445058501, 0.009008531941689565045, 0.009827489390934071589, 0.01146540428942308468, 0.01228436173866758949, 0.01310331918791209603 ),
 ( 0.000000000000000000, 1.000000000000000000 ),
 .UNSPECIFIED. ) 
 GEOMETRIC_REPRESENTATION_ITEM ( )  RATIONAL_B_SPLINE_SURFACE ( (
 ( 1.000000000000000000, 0.8662989203025179830, 1.000000000000000000),
 ( 1.000000000000000000, 0.8651603012935261683, 1.000000000000000000),
 ( 1.000000000000000000, 0.8644474866391936851, 1.000000000000000000),
 ( 1.000000000000000000, 0.8638456871389287306, 1.000000000000000000),
 ( 1.000000000000000000, 0.8637218294861536139, 1.000000000000000000),
 ( 1.000000000000000000, 0.8635764140753278140, 1.000000000000000000),
 ( 1.000000000000000000, 0.8635544130506315197, 1.000000000000000000),
 ( 1.000000000000000000, 0.8635297946246597300, 1.000000000000000000),
 ( 1.000000000000000000, 0.8635274063777383935, 1.000000000000000000),
 ( 1.000000000000000000, 0.8634448622724620881, 1.000000000000000000),
 ( 1.000000000000000000, 0.8633634085829257065, 1.000000000000000000),
 ( 1.000000000000000000, 0.8628344394836138243, 1.000000000000000000),
 ( 1.000000000000000000, 0.8621112438672062783, 1.000000000000000000),
 ( 1.000000000000000000, 0.8597612275593041753, 1.000000000000000000),
 ( 1.000000000000000000, 0.8587574838668660115, 1.000000000000000000),
 ( 1.000000000000000000, 0.8562541547414964649, 1.000000000000000000),
 ( 1.000000000000000000, 0.8547526414308401765, 1.000000000000000000),
 ( 1.000000000000000000, 0.8511699386076028162, 1.000000000000000000),
 ( 1.000000000000000000, 0.8490882634023737552, 1.000000000000000000),
 ( 1.000000000000000000, 0.8442805299887627957, 1.000000000000000000),
 ( 1.000000000000000000, 0.8415457480263350831, 1.000000000000000000),
 ( 1.000000000000000000, 0.8325432420465319616, 1.000000000000000000),
 ( 1.000000000000000000, 0.8252855481415999339, 1.000000000000000000),
 ( 1.000000000000000000, 0.8140602407782155936, 1.000000000000000000),
 ( 1.000000000000000000, 0.8102571726203472435, 1.000000000000000000),
 ( 1.000000000000000000, 0.8039693852070312063, 1.000000000000000000),
 ( 1.000000000000000000, 0.8015289987377888226, 1.000000000000000000),
 ( 1.000000000000000000, 0.8015636187449749483, 1.000000000000000000) ) ) 
 REPRESENTATION_ITEM ( '' )  SURFACE ( )  );
#3863 = VERTEX_POINT ( 'NONE', #1468 ) ;
#3864 = CARTESIAN_POINT ( 'NONE',  ( -11.50738849291621158, 5.244981247931590929, 13.85913400125020623 ) ) ;
#3865 = CARTESIAN_POINT ( 'NONE',  ( -17.98229624514243241, 14.03563833717721465, 8.245372669642298646 ) ) ;
#3866 = CARTESIAN_POINT ( 'NONE',  ( -9.282572340226572294, 7.500448010960498735, 16.95765389578098947 ) ) ;
#3867 = CARTESIAN_POINT ( 'NONE',  ( -16.65887833520453754, 5.182334609283773652, 14.83341885603180721 ) ) ;
#3868 = FACE_OUTER_BOUND ( 'NONE', #3894, .T. ) ;
#3869 = CARTESIAN_POINT ( 'NONE',  ( -18.79248386773252122, 12.85174544760031523, 2.800455334586303469 ) ) ;
#3870 = CARTESIAN_POINT ( 'NONE',  ( -14.89659690894810140, 1.336588357844804342, 11.79504893434159918 ) ) ;
#3871 = CARTESIAN_POINT ( 'NONE',  ( -16.41718937316235838, 10.89540385313372894, 18.76838920706320124 ) ) ;
#3872 = ORIENTED_EDGE ( 'NONE', *, *, #3099, .T. ) ;
#3873 = VERTEX_POINT ( 'NONE', #3293 ) ;
#3874 = CARTESIAN_POINT ( 'NONE',  ( -17.11828516983488413, 8.240966102164950513, 9.099853483175005309 ) ) ;
#3875 = DIRECTION ( 'NONE',  ( 0.000000000000000000, 0.000000000000000000, 1.000000000000000000 ) ) ;
#3876 = CARTESIAN_POINT ( 'NONE',  ( -12.89774554331540557, 7.242549870457160921, 17.59409327098621034 ) ) ;
#3877 = DIRECTION ( 'NONE',  ( 0.000000000000000000, 1.000000000000000000, -0.000000000000000000 ) ) ;
#3878 = CARTESIAN_POINT ( 'NONE',  ( -5.499913291335847276, 0.000000000000000000, -0.4105076079380310383 ) ) ;
#3879 = CARTESIAN_POINT ( 'NONE',  ( -17.41632930158450066, 9.250609386630905817, 12.69420467758483539 ) ) ;
#3880 = EDGE_CURVE ( 'NONE', #3662, #1680, #2879, .T. ) ;
#3881 = ORIENTED_EDGE ( 'NONE', *, *, #2260, .T. ) ;
#3882 = AXIS2_PLACEMENT_3D ( 'NONE', #3761, #2239, #1249 ) ;
#3883 = CARTESIAN_POINT ( 'NONE',  ( -10.28765036062119265, 2.760966730343124009, 14.77165523801078528 ) ) ;
#3884 = CARTESIAN_POINT ( 'NONE',  ( -19.59144953472443618, 12.89668814974475985, 13.51411525888402387 ) ) ;
#3885 = CIRCLE ( 'NONE', #2159, 5.000000000000000000 ) ;
#3886 = CARTESIAN_POINT ( 'NONE',  ( -8.793627665210214772, 9.469651354500731699, 17.38074840927844633 ) ) ;
#3887 = B_SPLINE_CURVE_WITH_KNOTS ( 'NONE', 3,
 ( #1215, #3687, #2741, #893, #3412, #1591, #3389, #959 ),
 .UNSPECIFIED., .F., .F.,
 ( 4, 2, 2, 4 ),
 ( 0.000000000000000000, 0.2500000000000000000, 0.5000000000000000000, 1.000000000000000000 ),
 .UNSPECIFIED. ) ;
#3888 = CIRCLE ( 'NONE', #679, 2.500000631318421540 ) ;
#3889 = CARTESIAN_POINT ( 'NONE',  ( -7.903691262898045800, 15.60000000000000142, 1.237604307034015250 ) ) ;
#3890 = CARTESIAN_POINT ( 'NONE',  ( 1.409910056873257655, 0.3999999999999975797, 6.766730178533169493 ) ) ;
#3891 = DIRECTION ( 'NONE',  ( -0.000000000000000000, -1.000000000000000000, -0.000000000000000000 ) ) ;
#3892 = AXIS2_PLACEMENT_3D ( 'NONE', #3732, #1891, #680 ) ;
#3893 = CARTESIAN_POINT ( 'NONE',  ( -15.80974262532972041, 3.536378243302417790, 12.65513722170336663 ) ) ;
#3894 = EDGE_LOOP ( 'NONE', ( #3026, #2394, #2420, #37 ) ) ;
#3895 = CARTESIAN_POINT ( 'NONE',  ( -16.91164661089712595, 7.234300445673762070, 9.332751786496290336 ) ) ;
#3896 = AXIS2_PLACEMENT_3D ( 'NONE', #3735, #964, #407 ) ;
#3897 = CARTESIAN_POINT ( 'NONE',  ( -11.17071521868181883, 1.412789411553218910, 15.36929167543093122 ) ) ;
#3898 = CARTESIAN_POINT ( 'NONE',  ( -19.58437029512463923, 11.00953009296329022, 14.35335950764895685 ) ) ;
#3899 = DIRECTION ( 'NONE',  ( 0.000000000000000000, 0.000000000000000000, -1.000000000000000000 ) ) ;
#3900 = CARTESIAN_POINT ( 'NONE',  ( 2.161655223903852896, 0.000000000000000000, 6.432115343415471642 ) ) ;
#3901 = CARTESIAN_POINT ( 'NONE',  ( -2.691796311744655945, 0.000000000000000000, 6.111063159519178001 ) ) ;
#3902 = CARTESIAN_POINT ( 'NONE',  ( 0.000000000000000000, 16.00000000000000000, 18.00000000000000000 ) ) ;
#3903 = ORIENTED_EDGE ( 'NONE', *, *, #3448, .F. ) ;
#3904 = CARTESIAN_POINT ( 'NONE',  ( -10.88105755370568772, 5.837785288280432638, 14.43058063451497475 ) ) ;
#3905 = EDGE_CURVE ( 'NONE', #3873, #510, #38, .T. ) ;
#3906 = CARTESIAN_POINT ( 'NONE',  ( -19.59544051150795951, 13.88542759848731833, 13.52729097808965086 ) ) ;
#3907 = CARTESIAN_POINT ( 'NONE',  ( -8.234106583276831870, 13.45019735450382115, 17.95487999262152812 ) ) ;
#3908 = CYLINDRICAL_SURFACE ( 'NONE', #3756, 2.500000631318422428 ) ;
#3909 = ADVANCED_FACE ( 'NONE', ( #2672 ), #3632, .F. ) ;
#3910 = CARTESIAN_POINT ( 'NONE',  ( -17.21478615572978654, 5.223192830389986163, 12.44419212772652195 ) ) ;
#3911 = VERTEX_POINT ( 'NONE', #3718 ) ;
#3912 = CARTESIAN_POINT ( 'NONE',  ( -15.86090343366918631, 3.554140768068203116, 12.61579527273659806 ) ) ;
#3913 = CARTESIAN_POINT ( 'NONE',  ( 0.000000000000000000, 14.20000000000000107, -18.00000000000000000 ) ) ;
#3914 = CARTESIAN_POINT ( 'NONE',  ( 1.959434878635765477E-16, 9.071069597503624848, 11.09999999999999964 ) ) ;
#3915 = CARTESIAN_POINT ( 'NONE',  ( -19.58364124417784069, 10.99052369060984624, 14.35278478803100199 ) ) ;
#3916 = LINE ( 'NONE', #1506, #615 ) ;
#3917 = ORIENTED_EDGE ( 'NONE', *, *, #981, .T. ) ;
#3918 = CARTESIAN_POINT ( 'NONE',  ( 3.172355075874639052, 0.000000000000000000, -5.706356925943670610 ) ) ;
#3919 = CARTESIAN_POINT ( 'NONE',  ( -4.539551615494857195, 0.000000000000000000, 3.937106244215027750 ) ) ;
#3920 = DIRECTION ( 'NONE',  ( 0.000000000000000000, 0.000000000000000000, -1.000000000000000000 ) ) ;
#3921 = CARTESIAN_POINT ( 'NONE',  ( -13.51313245890026948, 12.85174544759926007, 19.59114900168102125 ) ) ;
#3922 = EDGE_LOOP ( 'NONE', ( #2242, #2719, #1800, #2099 ) ) ;
#3923 = CARTESIAN_POINT ( 'NONE',  ( -8.181017032484131590, 5.334647600246993804, 16.03383890392171196 ) ) ;
#3924 = CARTESIAN_POINT ( 'NONE',  ( -19.59386386394698576, 13.34611517194088393, 13.52205895752001474 ) ) ;
#3925 = ADVANCED_FACE ( 'NONE', ( #1509 ), #3394, .T. ) ;
#3926 = DIRECTION ( 'NONE',  ( 0.000000000000000000, 0.000000000000000000, 1.000000000000000000 ) ) ;
#3927 = CARTESIAN_POINT ( 'NONE',  ( -12.71932756505955275, 7.807301260752012695, 18.50036011012486270 ) ) ;
#3928 = EDGE_CURVE ( 'NONE', #3949, #516, #1856, .T. ) ;
#3929 = EDGE_LOOP ( 'NONE', ( #219, #3670, #3808, #1106 ) ) ;
#3930 = LINE ( 'NONE', #1172, #1455 ) ;
#3931 = CARTESIAN_POINT ( 'NONE',  ( -5.356586527893155925, 0.3999999999999975797, -1.630104980113234125 ) ) ;
#3932 = CARTESIAN_POINT ( 'NONE',  ( -15.91527329017342751, 11.08299533836159334, 18.02585220678085420 ) ) ;
#3933 = DIRECTION ( 'NONE',  ( 0.000000000000000000, 1.000000000000000000, -0.000000000000000000 ) ) ;
#3934 = FACE_OUTER_BOUND ( 'NONE', #3223, .T. ) ;
#3935 = VERTEX_POINT ( 'NONE', #2768 ) ;
#3936 = CARTESIAN_POINT ( 'NONE',  ( -1.237604307034019469, 15.60000000000000142, -7.903691262898044911 ) ) ;
#3937 = CARTESIAN_POINT ( 'NONE',  ( -8.226147050818003237, 13.85175833252469779, 17.99884090937376158 ) ) ;
#3938 = ORIENTED_EDGE ( 'NONE', *, *, #2196, .F. ) ;
#3939 = CARTESIAN_POINT ( 'NONE',  ( -13.37796624607966933, 5.089065727259232119, 12.04300817404640256 ) ) ;
#3940 = PRESENTATION_STYLE_ASSIGNMENT (( #2755 ) ) ;
#3941 = CARTESIAN_POINT ( 'NONE',  ( -15.55376703607868194, 5.400000000000000355, 9.059819589119426197 ) ) ;
#3942 = DIRECTION ( 'NONE',  ( 0.000000000000000000, 0.000000000000000000, -1.000000000000000000 ) ) ;
#3943 = MECHANICAL_DESIGN_GEOMETRIC_PRESENTATION_REPRESENTATION (  '', ( #3439 ), #2663 ) ;
#3944 = AXIS2_PLACEMENT_3D ( 'NONE', #1805, #3678, #853 ) ;
#3945 = CIRCLE ( 'NONE', #3372, 2.500000631318421096 ) ;
#3946 = ORIENTED_EDGE ( 'NONE', *, *, #3731, .F. ) ;
#3947 = CARTESIAN_POINT ( 'NONE',  ( -17.98082825519255934, 13.99113613095752129, 8.247078537760872408 ) ) ;
#3948 = CARTESIAN_POINT ( 'NONE',  ( -4.339036774445019340, 0.000000000000000000, -4.303317979936367443 ) ) ;
#3949 = VERTEX_POINT ( 'NONE', #1569 ) ;
#3950 = ADVANCED_FACE ( 'NONE', ( #1815 ), #2748, .T. ) ;
#3951 = CARTESIAN_POINT ( 'NONE',  ( -15.71979306944277432, 11.08365289709020374, 18.22133242751151627 ) ) ;
#3952 = CARTESIAN_POINT ( 'NONE',  ( -18.84360567203024317, 12.85174544760039694, 16.51173338729713080 ) ) ;
#3953 = CARTESIAN_POINT ( 'NONE',  ( -18.59822929858374607, 8.921823230035647256, 3.886712107277054518 ) ) ;
ENDSEC;
END-ISO-10303-21;
