ISO-10303-21;
HEADER;
FILE_DESCRIPTION (( 'STEP AP214' ),
    '1' );
FILE_NAME ('Motor cover upper.STEP',
    '2025-12-15T17:05:54',
    ( '' ),
    ( '' ),
    'SwSTEP 2.0',
    'SolidWorks 2025',
    '' );
FILE_SCHEMA (( 'AUTOMOTIVE_DESIGN' ));
ENDSEC;

DATA;
#1 = CARTESIAN_POINT ( 'NONE',  ( -14.25021895171462205, 5.591495113883216739, 11.07740067044175092 ) ) ;
#2 = ORIENTED_EDGE ( 'NONE', *, *, #2405, .F. ) ;
#3 = LINE ( 'NONE', #1296, #224 ) ;
#4 = CARTESIAN_POINT ( 'NONE',  ( -18.48647184606459248, 7.763259568364366814, 12.72076228642682239 ) ) ;
#5 = SURFACE_STYLE_USAGE ( .BOTH. , #2507 ) ;
#6 = ORIENTED_EDGE ( 'NONE', *, *, #1427, .T. ) ;
#7 = CARTESIAN_POINT ( 'NONE',  ( -13.53106681277600032, 6.543031135997367187, 15.43298303851535991 ) ) ;
#8 = CARTESIAN_POINT ( 'NONE',  ( -10.26579490888977375, 7.778850684689916584, 15.05243615481730224 ) ) ;
#9 = CARTESIAN_POINT ( 'NONE',  ( -15.86409398294141937, 4.093911357178869004, 14.26125065998109598 ) ) ;
#10 = DIRECTION ( 'NONE',  ( -0.7071067811865479058, 0.000000000000000000, -0.7071067811865472397 ) ) ;
#11 = EDGE_CURVE ( 'NONE', #94, #1804, #1969, .T. ) ;
#12 = CARTESIAN_POINT ( 'NONE',  ( -19.12262875992865574, 9.713240718906281046, 13.04903881504354501 ) ) ;
#13 = CARTESIAN_POINT ( 'NONE',  ( -17.86063744661641906, 10.85229171830639672, 12.94067260760585469 ) ) ;
#14 = ORIENTED_EDGE ( 'NONE', *, *, #28, .T. ) ;
#15 = CARTESIAN_POINT ( 'NONE',  ( -17.05593431805492699, 8.454900085061021642, 12.59730724243790512 ) ) ;
#16 = ORIENTED_EDGE ( 'NONE', *, *, #534, .T. ) ;
#17 = FACE_OUTER_BOUND ( 'NONE', #2331, .T. ) ;
#18 = CARTESIAN_POINT ( 'NONE',  ( -19.32836337382659408, 10.53269206682028170, 13.22146191236557122 ) ) ;
#19 = DIRECTION ( 'NONE',  ( 0.000000000000000000, -1.000000000000000000, 0.000000000000000000 ) ) ;
#20 = EDGE_LOOP ( 'NONE', ( #643, #165, #2479, #48 ) ) ;
#21 = CARTESIAN_POINT ( 'NONE',  ( -12.85335401700507063, 10.07552034170873334, 17.71560098069027589 ) ) ;
#22 = DIRECTION ( 'NONE',  ( 0.000000000000000000, 0.000000000000000000, 1.000000000000000000 ) ) ;
#23 = DIRECTION ( 'NONE',  ( 0.7071067811865472397, 0.000000000000000000, -0.7071067811865479058 ) ) ;
#24 = CARTESIAN_POINT ( 'NONE',  ( -19.48254191158737214, 11.44164148403140224, 13.36874054839914372 ) ) ;
#25 = ADVANCED_FACE ( 'NONE', ( #2116 ), #2229, .F. ) ;
#26 = CARTESIAN_POINT ( 'NONE',  ( -14.65305710948470086, 6.238041284159200117, 10.64174607899763814 ) ) ;
#27 = CARTESIAN_POINT ( 'NONE',  ( -12.52543807786116936, 2.223193305524891361, 12.94058816616807306 ) ) ;
#28 = EDGE_CURVE ( 'NONE', #474, #2562, #1759, .T. ) ;
#29 = CARTESIAN_POINT ( 'NONE',  ( -16.57085440706735469, 5.784718746996466265, 9.724952446689517416 ) ) ;
#30 = EDGE_LOOP ( 'NONE', ( #727, #2401, #945, #1663 ) ) ;
#31 = CARTESIAN_POINT ( 'NONE',  ( -7.183236702361215364, 9.715167200527490721, 16.50459149965463013 ) ) ;
#32 = CARTESIAN_POINT ( 'NONE',  ( -17.81414300970745046, 5.022088653858733487, 13.40167060251843978 ) ) ;
#33 = CIRCLE ( 'NONE', #1928, 2.999999999999999112 ) ;
#34 = B_SPLINE_CURVE_WITH_KNOTS ( 'NONE', 3,
 ( #1519, #1100, #1114, #222, #1076, #2382, #1290, #2581, #274, #261, #2638, #24, #703, #1945, #690, #880, #677, #1132, #2607, #1534, #1088, #1557, #868, #462, #2623, #1957, #1546, #1983, #37, #12, #1318, #1742, #489, #1729, #1770, #1349, #2187, #2213, #2413, #473, #66, #449, #1715, #2156, #1996, #1306, #1967, #53, #2593, #661, #2173, #236, #648, #1504, #908, #2365, #245, #432, #895, #1333, #1756, #2197, #1194, #1362, #302, #106 ),
 .UNSPECIFIED., .F., .F.,
 ( 4, 2, 2, 2, 1, 1, 1, 2, 2, 2, 2, 2, 1, 1, 2, 2, 2, 2, 2, 2, 1, 2, 2, 2, 2, 1, 1, 1, 2, 2, 2, 2, 2, 2, 1, 2, 2, 4 ),
 ( 0.000000000000000000, 0.1249999999999959199, 0.1874999999999943101, 0.2187499999999931999, 0.2343749999999923395, 0.2421874999999917288, 0.2460937499999917843, 0.2480468749999917566, 0.2499999999999917566, 0.3124999999999960032, 0.3437499999999985012, 0.3515624999999987232, 0.3593749999999990008, 0.3749999999999991118, 0.4062499999999987232, 0.4218749999999984457, 0.4374999999999981681, 0.4687499999999970579, 0.4843749999999963918, 0.4921874999999958367, 0.4960937499999957812, 0.4980468749999958922, 0.4999999999999960032, 0.5624999999999972244, 0.5937499999999977796, 0.6093749999999982236, 0.6171874999999984457, 0.6210937499999984457, 0.6230468749999985567, 0.6249999999999985567, 0.6874999999999981126, 0.7499999999999975575, 0.8124999999999971134, 0.8437499999999967804, 0.8593749999999965583, 0.8671874999999964473, 0.8749999999999963363, 1.000000000000000000 ),
 .UNSPECIFIED. ) ;
#35 = CARTESIAN_POINT ( 'NONE',  ( -18.25523991266636870, 6.680240709059796167, 5.267488715653209752 ) ) ;
#36 = AXIS2_PLACEMENT_3D ( 'NONE', #1769, #23, #10 ) ;
#37 = CARTESIAN_POINT ( 'NONE',  ( -19.15287972604662059, 9.828938709934432083, 13.07081005521806460 ) ) ;
#38 =( GEOMETRIC_REPRESENTATION_CONTEXT ( 3 ) GLOBAL_UNCERTAINTY_ASSIGNED_CONTEXT ( ( #2114 ) ) GLOBAL_UNIT_ASSIGNED_CONTEXT ( ( #684, #2392, #901 ) ) REPRESENTATION_CONTEXT ( 'NONE', 'WORKASPACE' ) );
#39 = ORIENTED_EDGE ( 'NONE', *, *, #840, .F. ) ;
#40 = CARTESIAN_POINT ( 'NONE',  ( -17.23464402080832159, 8.836116311266620116, 12.63364378720360115 ) ) ;
#41 = CIRCLE ( 'NONE', #1617, 18.00000000000000000 ) ;
#42 = CARTESIAN_POINT ( 'NONE',  ( 4.974937185533099715, 15.60000000000000142, -0.5000000000000002220 ) ) ;
#43 = AXIS2_PLACEMENT_3D ( 'NONE', #464, #1081, #2557 ) ;
#44 = CARTESIAN_POINT ( 'NONE',  ( -9.123792797676186339, 2.147030800064469336, 16.66602643921595117 ) ) ;
#45 = CARTESIAN_POINT ( 'NONE',  ( -12.95500371546078178, 11.08082563444229152, 17.88038298336987708 ) ) ;
#46 = EDGE_CURVE ( 'NONE', #720, #411, #84, .T. ) ;
#47 = CIRCLE ( 'NONE', #1710, 18.00000000000000000 ) ;
#48 = ORIENTED_EDGE ( 'NONE', *, *, #667, .F. ) ;
#49 = CARTESIAN_POINT ( 'NONE',  ( -12.59037955302957101, 6.819422583697978268, 18.08243469037241979 ) ) ;
#50 = CARTESIAN_POINT ( 'NONE',  ( -16.65887833520453754, 5.182334609283773652, 14.83341885603180721 ) ) ;
#51 = CARTESIAN_POINT ( 'NONE',  ( -15.33278211072451214, 1.405685087450386339, 11.22080051085981189 ) ) ;
#52 = DIRECTION ( 'NONE',  ( 0.000000000000000000, 0.000000000000000000, -1.000000000000000000 ) ) ;
#53 = CARTESIAN_POINT ( 'NONE',  ( -18.17400368340857142, 7.018280677262866085, 12.61786366376442814 ) ) ;
#54 = EDGE_LOOP ( 'NONE', ( #1283, #604, #1649, #740 ) ) ;
#55 = CARTESIAN_POINT ( 'NONE',  ( -15.97646179249800547, 5.107622837410111138, 8.292805130707963102 ) ) ;
#56 = EDGE_CURVE ( 'NONE', #720, #2193, #913, .T. ) ;
#57 = DIRECTION ( 'NONE',  ( 0.000000000000000000, 0.000000000000000000, 1.000000000000000000 ) ) ;
#58 = CARTESIAN_POINT ( 'NONE',  ( -9.863624434123424933, 11.08365289709020374, 16.10772051817325234 ) ) ;
#59 = CARTESIAN_POINT ( 'NONE',  ( -19.50846199454242935, 11.55992212455724300, 13.39063742025067327 ) ) ;
#60 = DIRECTION ( 'NONE',  ( 0.000000000000000000, 0.000000000000000000, -1.000000000000000000 ) ) ;
#61 = ORIENTED_EDGE ( 'NONE', *, *, #2042, .T. ) ;
#62 = CARTESIAN_POINT ( 'NONE',  ( -12.81885821740075393, 9.893348205830628572, 17.65804320619250944 ) ) ;
#63 = CARTESIAN_POINT ( 'NONE',  ( -20.14621131393819908, 6.984747290658870789, 13.79491418301606664 ) ) ;
#64 = CARTESIAN_POINT ( 'NONE',  ( -17.81133214623843131, 10.63484063813179326, 12.90493488660487742 ) ) ;
#65 = DIRECTION ( 'NONE',  ( 0.000000000000000000, -1.000000000000000000, 0.000000000000000000 ) ) ;
#66 = CARTESIAN_POINT ( 'NONE',  ( -18.72521382069121643, 8.399107740417711909, 12.82082961624765360 ) ) ;
#67 = ORIENTED_EDGE ( 'NONE', *, *, #2024, .T. ) ;
#68 = CARTESIAN_POINT ( 'NONE',  ( -18.79868564954561094, 13.43600057636255229, 2.758520544687435905 ) ) ;
#69 = CARTESIAN_POINT ( 'NONE',  ( -12.82529803143790303, 1.622822246027746607, 14.01826421741492190 ) ) ;
#70 = CARTESIAN_POINT ( 'NONE',  ( -11.33991348241873887, 2.263224853285546789, 13.98701036818182430 ) ) ;
#71 = DIRECTION ( 'NONE',  ( 0.000000000000000000, 0.000000000000000000, -1.000000000000000000 ) ) ;
#72 = ORIENTED_EDGE ( 'NONE', *, *, #935, .F. ) ;
#73 = FACE_OUTER_BOUND ( 'NONE', #2632, .T. ) ;
#74 = CARTESIAN_POINT ( 'NONE',  ( -10.53820382404440359, 1.544774820948407568, 15.81278225524232539 ) ) ;
#75 = CARTESIAN_POINT ( 'NONE',  ( -14.64986595924149171, 8.657565580578701514, 19.58958571425862161 ) ) ;
#76 = CARTESIAN_POINT ( 'NONE',  ( -18.55292334111635100, 8.518846111541549249, 4.097962156367429998 ) ) ;
#77 = CARTESIAN_POINT ( 'NONE',  ( -11.09417820128106591, 1.425873036200762778, 15.42467310116312973 ) ) ;
#78 = CARTESIAN_POINT ( 'NONE',  ( -13.52770258598795294, 13.97531301075810717, 19.59556406760295033 ) ) ;
#79 = EDGE_CURVE ( 'NONE', #1116, #1053, #2288, .T. ) ;
#80 = EDGE_LOOP ( 'NONE', ( #2053, #2174, #241, #2136, #2265, #507, #296, #2519 ) ) ;
#81 = CIRCLE ( 'NONE', #806, 1.599999999999998979 ) ;
#82 = CARTESIAN_POINT ( 'NONE',  ( -17.98993750235012001, 14.13045219469999658, 8.236493196698795316 ) ) ;
#83 = CARTESIAN_POINT ( 'NONE',  ( -18.79248386773252122, 12.85174544760031523, 2.800455334586303469 ) ) ;
#84 = B_SPLINE_CURVE_WITH_KNOTS ( 'NONE', 3,
 ( #723, #509, #1807, #693, #2674, #2176, #453, #1764, #269, #1528 ),
 .UNSPECIFIED., .F., .F.,
 ( 4, 2, 2, 2, 4 ),
 ( 0.04085456683765042313, 0.2806409251282377948, 0.5204272834188251595, 0.7602136417094126353, 1.000000000000000000 ),
 .UNSPECIFIED. ) ;
#85 = CARTESIAN_POINT ( 'NONE',  ( -1.237604307034019469, 24.60000000000000142, -6.303691262898045267 ) ) ;
#86 = CARTESIAN_POINT ( 'NONE',  ( -14.35456761934211833, 11.06271862610278234, 19.58586039821046754 ) ) ;
#87 = FACE_OUTER_BOUND ( 'NONE', #679, .T. ) ;
#88 = ORIENTED_EDGE ( 'NONE', *, *, #530, .F. ) ;
#89 = CARTESIAN_POINT ( 'NONE',  ( -14.80960945682348573, 5.400000000005487522, 10.33737854712901161 ) ) ;
#90 = FACE_OUTER_BOUND ( 'NONE', #639, .T. ) ;
#91 = CARTESIAN_POINT ( 'NONE',  ( -15.22887048080658978, 6.519153460811326184, 13.68067321361303712 ) ) ;
#92 = DIRECTION ( 'NONE',  ( 0.000000000000000000, -0.000000000000000000, -1.000000000000000000 ) ) ;
#93 = CARTESIAN_POINT ( 'NONE',  ( -15.91527329017342751, 11.08299533836159334, 18.02585220678085420 ) ) ;
#94 = VERTEX_POINT ( 'NONE', #1978 ) ;
#95 = EDGE_CURVE ( 'NONE', #2336, #2639, #2299, .T. ) ;
#96 = CARTESIAN_POINT ( 'NONE',  ( -16.51735414388872059, 10.53453510789600855, 7.153816722833472141 ) ) ;
#97 = LINE ( 'NONE', #42, #813 ) ;
#98 = CARTESIAN_POINT ( 'NONE',  ( -17.88446629336046811, 10.83524521437539256, 12.96035121959199188 ) ) ;
#99 = CARTESIAN_POINT ( 'NONE',  ( -19.59266724984272301, 13.30116363173365102, 13.51809741802062703 ) ) ;
#100 = CARTESIAN_POINT ( 'NONE',  ( -15.91951763011138432, 7.055407708820820467, 14.21669284462574723 ) ) ;
#101 = ORIENTED_EDGE ( 'NONE', *, *, #337, .F. ) ;
#102 = CARTESIAN_POINT ( 'NONE',  ( -19.95552505979701863, 11.22153460401408331, 13.98560043715724888 ) ) ;
#103 = CARTESIAN_POINT ( 'NONE',  ( -9.429625436336328548, 1.947550482209239098, 16.50796441424325423 ) ) ;
#104 = CARTESIAN_POINT ( 'NONE',  ( -14.07873966829549062, 6.636273012547337480, 18.78288150042264348 ) ) ;
#105 = CARTESIAN_POINT ( 'NONE',  ( -18.44120000933880732, 7.817336986983783653, 4.574717294300004511 ) ) ;
#106 = CARTESIAN_POINT ( 'NONE',  ( -14.65529223944120041, 2.944293296568997853, 13.40191435810570475 ) ) ;
#107 = ORIENTED_EDGE ( 'NONE', *, *, #2497, .F. ) ;
#108 = CARTESIAN_POINT ( 'NONE',  ( -9.079234532135815883, 14.19999999999999929, 18.67417908028705398 ) ) ;
#109 = CARTESIAN_POINT ( 'NONE',  ( -6.921401868137031954, 4.158868681953253876, 17.69446884219872018 ) ) ;
#110 = CARTESIAN_POINT ( 'NONE',  ( -18.80159016816253725, 14.20000000000000107, 2.738650607225000311 ) ) ;
#111 = ADVANCED_FACE ( 'NONE', ( #1568 ), #500, .T. ) ;
#112 = CARTESIAN_POINT ( 'NONE',  ( 0.000000000000000000, 15.60000000000000142, 5.000000000000000000 ) ) ;
#113 = DIRECTION ( 'NONE',  ( 0.000000000000000000, 0.000000000000000000, 1.000000000000000000 ) ) ;
#114 = EDGE_CURVE ( 'NONE', #2543, #613, #2466, .T. ) ;
#115 = ORIENTED_EDGE ( 'NONE', *, *, #1073, .F. ) ;
#116 = CARTESIAN_POINT ( 'NONE',  ( -13.33170475308422098, 11.18867456499810054, 19.44585975976987058 ) ) ;
#117 = DIRECTION ( 'NONE',  ( -0.000000000000000000, -1.000000000000000000, -0.000000000000000000 ) ) ;
#118 = CARTESIAN_POINT ( 'NONE',  ( -16.84864797539700021, 9.093145836864666265, 12.20750938359929982 ) ) ;
#119 = CARTESIAN_POINT ( 'NONE',  ( -13.23987812585833090, 2.347651869380062539, 13.63906693826336358 ) ) ;
#120 = CARTESIAN_POINT ( 'NONE',  ( -8.229619829855600699, 13.94159554874554452, 17.99585239890366850 ) ) ;
#121 = ORIENTED_EDGE ( 'NONE', *, *, #215, .T. ) ;
#122 = DIRECTION ( 'NONE',  ( 0.000000000000000000, 1.000000000000000000, 0.000000000000000000 ) ) ;
#123 = CARTESIAN_POINT ( 'NONE',  ( 1.237604307034021245, 25.60000000000000142, 7.903691262898044911 ) ) ;
#124 = VECTOR ( 'NONE', #1701, 1000.000000000000000 ) ;
#125 = CARTESIAN_POINT ( 'NONE',  ( -8.455076338567121041, 11.08365289709020196, 16.10772051817325234 ) ) ;
#126 = CARTESIAN_POINT ( 'NONE',  ( -1.237604307034019246, 15.60000000000000142, -9.503691262898042780 ) ) ;
#127 = ORIENTED_EDGE ( 'NONE', *, *, #2305, .T. ) ;
#128 = EDGE_CURVE ( 'NONE', #2199, #2473, #1064, .T. ) ;
#129 = CARTESIAN_POINT ( 'NONE',  ( -18.05445403177929720, 5.611644680882925229, 5.920256208116430052 ) ) ;
#130 = DIRECTION ( 'NONE',  ( -0.000000000000000000, 1.000000000000000000, -0.000000000000000000 ) ) ;
#131 = CARTESIAN_POINT ( 'NONE',  ( -14.83887681211694165, 9.616583763137651175, 19.85028882961051622 ) ) ;
#132 = CARTESIAN_POINT ( 'NONE',  ( -13.52306256408010476, 13.75058181586640771, 19.59417148237470840 ) ) ;
#133 = CARTESIAN_POINT ( 'NONE',  ( -19.59566338558997955, 14.20000000000000107, 13.52803346323716838 ) ) ;
#134 = VERTEX_POINT ( 'NONE', #505 ) ;
#135 = CARTESIAN_POINT ( 'NONE',  ( -9.135870759084093962, 14.20000000000000107, 16.10772051817325234 ) ) ;
#136 = CARTESIAN_POINT ( 'NONE',  ( -19.38049801242979342, 10.79311568004400357, 13.26954643929752820 ) ) ;
#137 = CARTESIAN_POINT ( 'NONE',  ( -1.237604307034019469, 24.60000000000000142, -7.903691262898044911 ) ) ;
#138 = EDGE_CURVE ( 'NONE', #2465, #1116, #2153, .T. ) ;
#139 = CARTESIAN_POINT ( 'NONE',  ( -7.774595305309462745, 11.08365289709020196, 16.24866606468565067 ) ) ;
#140 = DIRECTION ( 'NONE',  ( 0.000000000000000000, 1.000000000000000000, 0.000000000000000000 ) ) ;
#141 = ORIENTED_EDGE ( 'NONE', *, *, #634, .T. ) ;
#142 = CARTESIAN_POINT ( 'NONE',  ( -12.79408110529089981, 8.331493916224653518, 18.69115209373899233 ) ) ;
#143 = CARTESIAN_POINT ( 'NONE',  ( -10.07832936353224440, 4.841819768229310483, 16.27687665981290266 ) ) ;
#144 = CARTESIAN_POINT ( 'NONE',  ( -15.01408090978029719, 5.569647579903246992, 16.90840380949662247 ) ) ;
#145 = EDGE_CURVE ( 'NONE', #201, #214, #415, .T. ) ;
#146 = CARTESIAN_POINT ( 'NONE',  ( -12.04300817404734225, 5.089065727259632688, 13.37796624607883977 ) ) ;
#147 = CYLINDRICAL_SURFACE ( 'NONE', #2709, 1.599999999999999867 ) ;
#148 = ORIENTED_EDGE ( 'NONE', *, *, #2148, .F. ) ;
#149 = CARTESIAN_POINT ( 'NONE',  ( -15.65671775569715507, 9.552538254000145557, 17.74018802261680250 ) ) ;
#150 = CARTESIAN_POINT ( 'NONE',  ( -16.93441635029155634, 5.612190666147464313, 15.03296526553583412 ) ) ;
#151 = CARTESIAN_POINT ( 'NONE',  ( 0.000000000000000000, 25.60000000000000142, 0.000000000000000000 ) ) ;
#152 = FACE_BOUND ( 'NONE', #691, .T. ) ;
#153 = ORIENTED_EDGE ( 'NONE', *, *, #2321, .F. ) ;
#154 = CARTESIAN_POINT ( 'NONE',  ( -17.63787833127619820, 3.942378329400785031, 7.071273654461122327 ) ) ;
#155 = CARTESIAN_POINT ( 'NONE',  ( -9.955937760151968519, 5.134964741692008339, 16.37751054628689928 ) ) ;
#156 = CARTESIAN_POINT ( 'NONE',  ( -13.36847869000127353, 2.904721646578143357, 14.60812002681128163 ) ) ;
#157 = CARTESIAN_POINT ( 'NONE',  ( -13.69544456324361548, 6.532999935630964039, 15.24793843147328332 ) ) ;
#158 = FACE_OUTER_BOUND ( 'NONE', #1236, .T. ) ;
#159 = VERTEX_POINT ( 'NONE', #85 ) ;
#160 = CARTESIAN_POINT ( 'NONE',  ( -18.37561560875754907, 11.08364215356714766, 15.48330740338112399 ) ) ;
#161 = EDGE_CURVE ( 'NONE', #499, #872, #2246, .T. ) ;
#162 = CARTESIAN_POINT ( 'NONE',  ( -12.49082492804151556, 9.561107393872296356, 17.23974310924078068 ) ) ;
#163 = CARTESIAN_POINT ( 'NONE',  ( -18.10680226254460834, 8.120275428318944222, 15.89788913916817137 ) ) ;
#164 = CARTESIAN_POINT ( 'NONE',  ( -13.33534437880450518, 2.206660268064801755, 12.09002027701719939 ) ) ;
#165 = ORIENTED_EDGE ( 'NONE', *, *, #1105, .F. ) ;
#166 = CARTESIAN_POINT ( 'NONE',  ( 0.000000000000000000, 14.20000000000000107, 0.000000000000000000 ) ) ;
#167 = CIRCLE ( 'NONE', #2103, 1.599999999999999867 ) ;
#168 = CARTESIAN_POINT ( 'NONE',  ( -12.91958276652374948, 9.024810817426828891, 18.92229648938819153 ) ) ;
#169 = CARTESIAN_POINT ( 'NONE',  ( -12.20180807190653205, 2.451614041689444967, 14.57062171434101572 ) ) ;
#170 = ORIENTED_EDGE ( 'NONE', *, *, #989, .F. ) ;
#171 = CARTESIAN_POINT ( 'NONE',  ( -6.313853440698784070, 5.039711185961915696, 17.92108290791971470 ) ) ;
#172 = CARTESIAN_POINT ( 'NONE',  ( -11.73236240199924652, 5.137056453132911926, 13.65608277885486110 ) ) ;
#173 = AXIS2_PLACEMENT_3D ( 'NONE', #339, #778, #557 ) ;
#174 = DIRECTION ( 'NONE',  ( 0.000000000000000000, 1.000000000000000000, 0.000000000000000000 ) ) ;
#175 = ORIENTED_EDGE ( 'NONE', *, *, #56, .T. ) ;
#176 = CARTESIAN_POINT ( 'NONE',  ( -13.69457135154712013, 8.481023896283005570, 18.68630119208013340 ) ) ;
#177 = CIRCLE ( 'NONE', #2118, 19.00000000000000000 ) ;
#178 = CARTESIAN_POINT ( 'NONE',  ( -17.88037130181913525, 11.07780343188588823, 12.95499486064084671 ) ) ;
#179 = EDGE_CURVE ( 'NONE', #1264, #1691, #2367, .T. ) ;
#180 = FACE_BOUND ( 'NONE', #1141, .T. ) ;
#181 = EDGE_LOOP ( 'NONE', ( #2161, #1462, #1997, #1030 ) ) ;
#182 = CARTESIAN_POINT ( 'NONE',  ( -12.09002027701891357, 2.206660268064489117, 13.33534437880293844 ) ) ;
#183 = CARTESIAN_POINT ( 'NONE',  ( -18.79248386773252832, 12.85174544760046800, 2.800455334586321232 ) ) ;
#184 = CARTESIAN_POINT ( 'NONE',  ( -12.63203990304004165, 3.576995117445714190, 15.86287950493577981 ) ) ;
#185 = VERTEX_POINT ( 'NONE', #2477 ) ;
#186 = CARTESIAN_POINT ( 'NONE',  ( -6.675168052436248445, 4.497267245060789342, 17.78913255269831240 ) ) ;
#187 = CARTESIAN_POINT ( 'NONE',  ( -13.83650094098322114, 2.944549119734593212, 14.25410077346337268 ) ) ;
#188 = DIRECTION ( 'NONE',  ( -0.000000000000000000, -1.000000000000000000, -0.000000000000000000 ) ) ;
#189 = ORIENTED_EDGE ( 'NONE', *, *, #1909, .F. ) ;
#190 = SURFACE_STYLE_USAGE ( .BOTH. , #2126 ) ;
#191 = CARTESIAN_POINT ( 'NONE',  ( -9.135870759084093962, 13.40000000000000036, 16.10772051817325234 ) ) ;
#192 = CARTESIAN_POINT ( 'NONE',  ( -19.21030617126474382, 9.418865772841179762, 14.07765208894083209 ) ) ;
#193 =( BOUNDED_SURFACE ( )  B_SPLINE_SURFACE ( 3, 2, ( 
 ( #2776, #1768, #906 ),
 ( #2788, #2582, #1555 ),
 ( #1493, #1505, #919 ),
 ( #178, #1906, #1291 ),
 ( #433, #700, #1267 ),
 ( #2802, #223, #1466 ),
 ( #1687, #206, #2554 ),
 ( #833, #2635, #484 ),
 ( #845, #649, #1344 ),
 ( #2353, #2366, #1781 ),
 ( #1038, #620, #2157 ),
 ( #2211, #2128, #1077 ),
 ( #1946, #2325, #1702 ),
 ( #636, #1478, #607 ),
 ( #13, #1129, #1994 ),
 ( #1062, #1932, #420 ),
 ( #64, #391, #1251 ),
 ( #2111, #1919, #2340 ),
 ( #859, #192, #1716 ),
 ( #407, #1050, #1280 ),
 ( #2143, #2482, #1613 ),
 ( #1161, #518, #549 ),
 ( #743, #988, #730 ),
 ( #1420, #1206, #2239 ),
 ( #2222, #2048, #1359 ),
 ( #118, #2268, #1628 ),
 ( #2022, #343, #2470 ),
 ( #2648, #715, #533 ),
 ( #1843, #2440, #1600 ),
 ( #2456, #970, #91 ) ),
 .UNSPECIFIED., .F., .F., .T. ) 
 B_SPLINE_SURFACE_WITH_KNOTS ( ( 4, 2, 2, 2, 2, 2, 2, 2, 2, 2, 2, 2, 2, 2, 4 ),
 ( 3, 3 ),
 ( -1.280957019829474103E-06, 2.607605759320854025E-06, 6.496168538471182153E-06, 1.427329409677183841E-05, 2.982754521337315092E-05, 6.093604744657577595E-05, 0.0001231530519129810260, 0.0002475870608457915261, 0.0004964550787114125263, 0.0007453230965770334723, 0.0009941911144426545267, 0.001491927150173896419, 0.001989663185905138527, 0.002985135257367622745, 0.003980607328830106963 ),
 ( 0.03912951891794701209, 1.000000000000000000 ),
 .UNSPECIFIED. ) 
 GEOMETRIC_REPRESENTATION_ITEM ( )  RATIONAL_B_SPLINE_SURFACE ( (
 ( 0.9735973272756470731, 0.6626246187728721537, 1.000000000000000000),
 ( 0.9735968113349779962, 0.6626180260433516267, 1.000000000000000000),
 ( 0.9735987598549890043, 0.6626429243818044990, 1.000000000000000000),
 ( 0.9736015904141839261, 0.6626790934847376358, 1.000000000000000000),
 ( 0.9736030051868527213, 0.6626971715586306155, 1.000000000000000000),
 ( 0.9736072477270758529, 0.6627513830636583281, 1.000000000000000000),
 ( 0.9736100737420488871, 0.6627874941001742348, 1.000000000000000000),
 ( 0.9736185429952977088, 0.6628957148690850509, 1.000000000000000000),
 ( 0.9736241774454581499, 0.6629677123062649446, 1.000000000000000000),
 ( 0.9736410337669856307, 0.6631831036782237510, 1.000000000000000000),
 ( 0.9736522080609987251, 0.6633258896659123272, 1.000000000000000000),
 ( 0.9736854725495061036, 0.6637509458565745701, 1.000000000000000000),
 ( 0.9737072984321155644, 0.6640298386619677418, 1.000000000000000000),
 ( 0.9737714763066760426, 0.6648499084754402322, 1.000000000000000000),
 ( 0.9738125078354549213, 0.6653742125036196109, 1.000000000000000000),
 ( 0.9739306042350633907, 0.6668832573740179903, 1.000000000000000000),
 ( 0.9740032612709441651, 0.6678116745624979034, 1.000000000000000000),
 ( 0.9741376074263551343, 0.6695283600613990416, 1.000000000000000000),
 ( 0.9741996302581982237, 0.6703208925734033263, 1.000000000000000000),
 ( 0.9743177528975576207, 0.6718302727373541838, 1.000000000000000000),
 ( 0.9743738010612909006, 0.6725464604810731384, 1.000000000000000000),
 ( 0.9745363999797412857, 0.6746241619574379067, 1.000000000000000000),
 ( 0.9746372404777117193, 0.6759127095905157478, 1.000000000000000000),
 ( 0.9748289213504361950, 0.6783620225136610671, 1.000000000000000000),
 ( 0.9749202938240137950, 0.6795295870033920549, 1.000000000000000000),
 ( 0.9751872559378651495, 0.6829408494113353711, 1.000000000000000000),
 ( 0.9753568565903748544, 0.6851080195836192210, 1.000000000000000000),
 ( 0.9756825542814155927, 0.6892698097109618560, 1.000000000000000000),
 ( 0.9758380983067247438, 0.6912573632205681884, 1.000000000000000000),
 ( 0.9759881832146082292, 0.6931751597081539096, 1.000000000000000000) ) ) 
 REPRESENTATION_ITEM ( '' )  SURFACE ( )  );
#194 = CARTESIAN_POINT ( 'NONE',  ( 1.237604307034021245, 24.60000000000000142, 7.903691262898044911 ) ) ;
#195 = EDGE_CURVE ( 'NONE', #2782, #938, #2518, .T. ) ;
#196 = CARTESIAN_POINT ( 'NONE',  ( -12.09002027701891535, 2.206660268064493557, 13.33534437880294909 ) ) ;
#197 = ORIENTED_EDGE ( 'NONE', *, *, #1427, .F. ) ;
#198 = CARTESIAN_POINT ( 'NONE',  ( -14.30413164094736622, 2.359627067799061617, 12.51271918385401349 ) ) ;
#199 = EDGE_CURVE ( 'NONE', #362, #553, #2793, .T. ) ;
#200 = FACE_OUTER_BOUND ( 'NONE', #835, .T. ) ;
#201 = VERTEX_POINT ( 'NONE', #1809 ) ;
#202 = CARTESIAN_POINT ( 'NONE',  ( -10.28765036062119265, 2.760966730343124009, 14.77165523801078528 ) ) ;
#203 = DIRECTION ( 'NONE',  ( 0.000000000000000000, -1.000000000000000000, 0.000000000000000000 ) ) ;
#204 = CARTESIAN_POINT ( 'NONE',  ( -17.68169094049571299, 4.103848271626278965, 6.953981733747636618 ) ) ;
#205 = CARTESIAN_POINT ( 'NONE',  ( -12.86540086867609034, 10.47129164560335290, 17.75677463031709635 ) ) ;
#206 = CARTESIAN_POINT ( 'NONE',  ( -19.58525844938450788, 11.03839125263139209, 14.35407296079856820 ) ) ;
#207 = EDGE_LOOP ( 'NONE', ( #1424, #1968, #1430, #1567, #2289, #976 ) ) ;
#208 = CARTESIAN_POINT ( 'NONE',  ( -16.21490725056113291, 6.201474146586479996, 7.816694720415522823 ) ) ;
#209 = ORIENTED_EDGE ( 'NONE', *, *, #2411, .F. ) ;
#210 = CARTESIAN_POINT ( 'NONE',  ( -13.37796624607967289, 5.089065727259233007, 12.04300817404640433 ) ) ;
#211 = B_SPLINE_CURVE_WITH_KNOTS ( 'NONE', 3,
 ( #543, #1606, #309, #338, #2285, #1200, #2014, #2056, #980, #2263 ),
 .UNSPECIFIED., .F., .F.,
 ( 4, 2, 2, 2, 4 ),
 ( 0.000000000000000000, 0.2500000000000000000, 0.5000000000000000000, 0.7500000000000000000, 1.000000000000000000 ),
 .UNSPECIFIED. ) ;
#212 = CARTESIAN_POINT ( 'NONE',  ( -16.84713143912925304, 4.672013281643414118, 12.43221156584337628 ) ) ;
#213 = LINE ( 'NONE', #2165, #2657 ) ;
#214 = VERTEX_POINT ( 'NONE', #956 ) ;
#215 = EDGE_CURVE ( 'NONE', #2505, #938, #275, .T. ) ;
#216 = AXIS2_PLACEMENT_3D ( 'NONE', #1589, #520, #1574 ) ;
#217 = CARTESIAN_POINT ( 'NONE',  ( -12.94825287287775240, 6.947703854724140982, 16.10133659006217854 ) ) ;
#218 = CARTESIAN_POINT ( 'NONE',  ( -12.69449327840076158, 7.447433664940617426, 16.49650279329655334 ) ) ;
#219 = CARTESIAN_POINT ( 'NONE',  ( -18.78473659398166262, 6.636046131273314330, 14.07658043818260651 ) ) ;
#220 = AXIS2_PLACEMENT_3D ( 'NONE', #739, #1596, #113 ) ;
#221 = CARTESIAN_POINT ( 'NONE',  ( -16.62777382021775097, 2.110647672631493332, 9.193368812710282612 ) ) ;
#222 = CARTESIAN_POINT ( 'NONE',  ( -19.57024991490728638, 12.32484108803923561, 13.47241717540322625 ) ) ;
#223 = CARTESIAN_POINT ( 'NONE',  ( -19.58552029836924646, 11.04807100715221679, 14.35428603405837755 ) ) ;
#224 = VECTOR ( 'NONE', #664, 1000.000000000000000 ) ;
#225 = ORIENTED_EDGE ( 'NONE', *, *, #1816, .F. ) ;
#226 = CARTESIAN_POINT ( 'NONE',  ( -16.82800195934364496, 8.009504745729076447, 12.59765243510409682 ) ) ;
#227 = AXIS2_PLACEMENT_3D ( 'NONE', #292, #1153, #749 ) ;
#228 = ORIENTED_EDGE ( 'NONE', *, *, #2236, .F. ) ;
#229 = LINE ( 'NONE', #2245, #1620 ) ;
#230 = PRODUCT_RELATED_PRODUCT_CATEGORY ( 'part', '', ( #2608 ) ) ;
#231 = CARTESIAN_POINT ( 'NONE',  ( -18.89046885158625599, 8.905962996752702310, 12.90675891236480588 ) ) ;
#232 = CARTESIAN_POINT ( 'NONE',  ( 0.000000000000000000, 25.60000000000000142, 0.000000000000000000 ) ) ;
#233 = CARTESIAN_POINT ( 'NONE',  ( -11.28644926695646511, 5.394547260620508489, 14.05951292616277115 ) ) ;
#234 = CARTESIAN_POINT ( 'NONE',  ( -16.97409852495453819, 3.936086903422070460, 12.82213056185308453 ) ) ;
#235 = CARTESIAN_POINT ( 'NONE',  ( -16.19402072222215949, 1.752161474420113718, 9.939540852090161138 ) ) ;
#236 = CARTESIAN_POINT ( 'NONE',  ( -17.79797632980275779, 6.229446966577410372, 12.52103440472335905 ) ) ;
#237 = CARTESIAN_POINT ( 'NONE',  ( -13.85913361649959974, 5.244981016038391175, 11.50738891849633205 ) ) ;
#238 = CARTESIAN_POINT ( 'NONE',  ( 1.237604307034021245, 15.60000000000000142, 9.503691262898044556 ) ) ;
#239 = CARTESIAN_POINT ( 'NONE',  ( -16.27807995567764010, 4.846901069994337341, 10.07680809338736339 ) ) ;
#240 = DIRECTION ( 'NONE',  ( 0.000000000000000000, 0.000000000000000000, 1.000000000000000000 ) ) ;
#241 = ORIENTED_EDGE ( 'NONE', *, *, #2429, .T. ) ;
#242 = CARTESIAN_POINT ( 'NONE',  ( -12.61843444242510870, 7.809135708664776132, 16.71645692542056594 ) ) ;
#243 = CARTESIAN_POINT ( 'NONE',  ( -19.19414355069783440, 10.03036137250254889, 13.08241354479412699 ) ) ;
#244 = CARTESIAN_POINT ( 'NONE',  ( -15.36060378793816916, 1.411981828959990359, 11.18266006886951480 ) ) ;
#245 = CARTESIAN_POINT ( 'NONE',  ( -16.28753218580881068, 4.005472119879927462, 12.51398264470355848 ) ) ;
#246 = ORIENTED_EDGE ( 'NONE', *, *, #1261, .T. ) ;
#247 = EDGE_CURVE ( 'NONE', #134, #1793, #2247, .T. ) ;
#248 = CARTESIAN_POINT ( 'NONE',  ( -16.38973445370129767, 7.294043508683309973, 12.75264778193909621 ) ) ;
#249 = CARTESIAN_POINT ( 'NONE',  ( -15.24793843147716998, 6.532999935633585054, 13.69544456324519288 ) ) ;
#250 = CARTESIAN_POINT ( 'NONE',  ( -17.89623364242553549, 11.08364215356712279, 12.96814841693972475 ) ) ;
#251 = CARTESIAN_POINT ( 'NONE',  ( -10.29147718866551742, 1.623275984591360244, 15.97267075784862911 ) ) ;
#252 = CARTESIAN_POINT ( 'NONE',  ( -15.91328257475836061, 11.00051569357750125, 18.02626365516293205 ) ) ;
#253 = DIRECTION ( 'NONE',  ( 0.000000000000000000, 0.000000000000000000, -1.000000000000000000 ) ) ;
#254 = ORIENTED_EDGE ( 'NONE', *, *, #2006, .F. ) ;
#255 = CARTESIAN_POINT ( 'NONE',  ( -12.96814841617841374, 11.08365289709020551, 17.89623364151695384 ) ) ;
#256 = CARTESIAN_POINT ( 'NONE',  ( -10.81824026611360878, 5.932182512488684445, 14.48863699518730463 ) ) ;
#257 = CARTESIAN_POINT ( 'NONE',  ( -19.51903103895230984, 11.96234782905636429, 13.30492770470407216 ) ) ;
#258 = EDGE_CURVE ( 'NONE', #362, #2092, #2724, .T. ) ;
#259 = CARTESIAN_POINT ( 'NONE',  ( -16.87845457648530001, 2.377276335254767670, 8.735788496571926132 ) ) ;
#260 = AXIS2_PLACEMENT_3D ( 'NONE', #2079, #798, #829 ) ;
#261 = CARTESIAN_POINT ( 'NONE',  ( -19.49160302705287151, 11.50968177426885397, 13.37823860194179915 ) ) ;
#262 = ORIENTED_EDGE ( 'NONE', *, *, #2691, .F. ) ;
#263 = CARTESIAN_POINT ( 'NONE',  ( -15.08478356420956956, 9.988620153341953412, 10.44534900903228092 ) ) ;
#264 = AXIS2_PLACEMENT_3D ( 'NONE', #1309, #1734, #2779 ) ;
#265 = DIRECTION ( 'NONE',  ( 0.000000000000000000, -1.000000000000000000, 0.000000000000000000 ) ) ;
#266 = CARTESIAN_POINT ( 'NONE',  ( 18.99341991322257783, 25.60000000000000142, -0.5000000000000014433 ) ) ;
#267 = CARTESIAN_POINT ( 'NONE',  ( -2.738650632048899691, 14.20000000000000107, 18.80159016454667054 ) ) ;
#268 = ORIENTED_EDGE ( 'NONE', *, *, #1183, .F. ) ;
#269 = CARTESIAN_POINT ( 'NONE',  ( -15.71979306944277432, 11.08365289709020374, 18.22133242751151627 ) ) ;
#270 = CARTESIAN_POINT ( 'NONE',  ( -7.149810632689938217, 10.80894386398872875, 16.51908617075035934 ) ) ;
#271 = CARTESIAN_POINT ( 'NONE',  ( -12.42140286863328846, 1.299428828707304584, 14.38783147366414106 ) ) ;
#272 = FACE_OUTER_BOUND ( 'NONE', #1175, .T. ) ;
#273 = CARTESIAN_POINT ( 'NONE',  ( 0.000000000000000000, 14.20000000000000107, 0.000000000000000000 ) ) ;
#274 = CARTESIAN_POINT ( 'NONE',  ( -19.50343698299595374, 11.60266227220909308, 13.39085962991587486 ) ) ;
#275 = B_SPLINE_CURVE_WITH_KNOTS ( 'NONE', 3,
 ( #556, #2737, #1824, #2490, #1415, #1866 ),
 .UNSPECIFIED., .F., .F.,
 ( 4, 2, 4 ),
 ( 0.003741439226718140838, 0.005387887266863670976, 0.007034335307009201115 ),
 .UNSPECIFIED. ) ;
#276 = EDGE_LOOP ( 'NONE', ( #327, #262 ) ) ;
#277 = CARTESIAN_POINT ( 'NONE',  ( -15.78865060603853010, 4.463302104120678848, 8.648138840965668095 ) ) ;
#278 = CARTESIAN_POINT ( 'NONE',  ( -15.49991690843946479, -53.74011537017761242, -10.98874769168317833 ) ) ;
#279 = UNCERTAINTY_MEASURE_WITH_UNIT (LENGTH_MEASURE( 1.000000000000000082E-05 ), #1381, 'distance_accuracy_value', 'NONE');
#280 = CARTESIAN_POINT ( 'NONE',  ( -7.149811898413637401, 11.08365289709020196, 16.51908562291819749 ) ) ;
#281 = CARTESIAN_POINT ( 'NONE',  ( -2.740464334129725454, 13.73811812670271948, 18.80132597963962127 ) ) ;
#282 = VERTEX_POINT ( 'NONE', #1580 ) ;
#283 = EDGE_CURVE ( 'NONE', #2526, #2193, #2703, .T. ) ;
#284 = CARTESIAN_POINT ( 'NONE',  ( -12.88796470680999029, 10.26197947428372714, 17.77189560031166593 ) ) ;
#285 = CARTESIAN_POINT ( 'NONE',  ( -8.247083370836367777, 13.99134868878731730, 17.98082409607506094 ) ) ;
#286 = CARTESIAN_POINT ( 'NONE',  ( -16.41718937316235838, 10.89540385313372894, 18.76838920706320124 ) ) ;
#287 = CARTESIAN_POINT ( 'NONE',  ( -18.67050402031056677, 9.749027494077299849, 3.523112498083476041 ) ) ;
#288 = CARTESIAN_POINT ( 'NONE',  ( -2.796415709162229923, 12.89668814930422336, 18.79308585513599894 ) ) ;
#289 = ORIENTED_EDGE ( 'NONE', *, *, #583, .F. ) ;
#290 = DIRECTION ( 'NONE',  ( 0.000000000000000000, 1.000000000000000000, 0.000000000000000000 ) ) ;
#291 = CARTESIAN_POINT ( 'NONE',  ( 0.000000000000000000, 24.60000000000000142, 18.00000000000000000 ) ) ;
#292 = CARTESIAN_POINT ( 'NONE',  ( 0.000000000000000000, 0.000000000000000000, 0.000000000000000000 ) ) ;
#293 = DIRECTION ( 'NONE',  ( 0.6716677931677174085, 0.000000000000000000, -0.7408524654890527028 ) ) ;
#294 = CARTESIAN_POINT ( 'NONE',  ( -7.988533068012891647, 5.745034823516587785, 16.13193780458698257 ) ) ;
#295 = CARTESIAN_POINT ( 'NONE',  ( -17.17231547883734777, 6.481977403798013349, 18.18302358049090373 ) ) ;
#296 = ORIENTED_EDGE ( 'NONE', *, *, #1595, .F. ) ;
#297 = CARTESIAN_POINT ( 'NONE',  ( -15.97557531137091402, 11.05685424949238005, 17.96555018558337125 ) ) ;
#298 = CARTESIAN_POINT ( 'NONE',  ( -6.005488208566556629, 5.537778061641263072, 18.02638983537728024 ) ) ;
#299 = CARTESIAN_POINT ( 'NONE',  ( -15.49488287852577173, 6.785074371850510211, 17.56620795865221041 ) ) ;
#300 = ADVANCED_FACE ( 'NONE', ( #1154 ), #2274, .F. ) ;
#301 = CARTESIAN_POINT ( 'NONE',  ( -18.67420259779622782, 9.800137798567954306, 3.503454256824244162 ) ) ;
#302 = CARTESIAN_POINT ( 'NONE',  ( -14.97972572607303476, 2.957673046179679854, 13.07929905409503490 ) ) ;
#303 = AXIS2_PLACEMENT_3D ( 'NONE', #670, #2396, #1095 ) ;
#304 = ORIENTED_EDGE ( 'NONE', *, *, #11, .T. ) ;
#305 = AXIS2_PLACEMENT_3D ( 'NONE', #830, #1886, #2773 ) ;
#306 = CARTESIAN_POINT ( 'NONE',  ( -18.80160941191045509, 14.26741272761998580, 2.738518490344757694 ) ) ;
#307 = CARTESIAN_POINT ( 'NONE',  ( -9.135870759084093962, 13.40000000000000036, 21.10772051817325590 ) ) ;
#308 = AXIS2_PLACEMENT_3D ( 'NONE', #1927, #891, #2798 ) ;
#309 = CARTESIAN_POINT ( 'NONE',  ( -16.17403652338678555, 11.08364215356574611, 8.164274743227581510 ) ) ;
#310 = AXIS2_PLACEMENT_3D ( 'NONE', #1939, #1500, #240 ) ;
#311 = CARTESIAN_POINT ( 'NONE',  ( -9.533385197138148470, 3.354844146203292965, 15.27348247840181195 ) ) ;
#312 = CARTESIAN_POINT ( 'NONE',  ( -12.21954741792983690, 2.899281912853491683, 15.58966895806784514 ) ) ;
#313 = ORIENTED_EDGE ( 'NONE', *, *, #409, .F. ) ;
#314 = AXIS2_PLACEMENT_3D ( 'NONE', #873, #412, #2177 ) ;
#315 = CARTESIAN_POINT ( 'NONE',  ( -12.58925996841457007, 3.684369976480305731, 15.98274046638722190 ) ) ;
#316 = CARTESIAN_POINT ( 'NONE',  ( -6.249542458287518976, 5.141202071935626172, 17.94323934473056781 ) ) ;
#317 = CARTESIAN_POINT ( 'NONE',  ( -15.88921282334893448, 8.086581864784566420, 18.09533135853325803 ) ) ;
#318 = DIRECTION ( 'NONE',  ( 0.000000000000000000, 0.000000000000000000, -1.000000000000000000 ) ) ;
#319 = EDGE_CURVE ( 'NONE', #613, #881, #211, .T. ) ;
#320 = CARTESIAN_POINT ( 'NONE',  ( -2.758524312804050638, 13.43600058044108181, 18.79868509678870936 ) ) ;
#321 = VERTEX_POINT ( 'NONE', #1186 ) ;
#322 = DIRECTION ( 'NONE',  ( 0.000000000000000000, 1.000000000000000000, 0.000000000000000000 ) ) ;
#323 = EDGE_CURVE ( 'NONE', #2386, #2234, #2560, .T. ) ;
#324 = DIRECTION ( 'NONE',  ( -0.000000000000000000, -1.000000000000000000, 0.000000000000000000 ) ) ;
#325 = DIRECTION ( 'NONE',  ( -0.000000000000000000, 1.000000000000000000, -0.000000000000000000 ) ) ;
#326 = FACE_OUTER_BOUND ( 'NONE', #1849, .T. ) ;
#327 = ORIENTED_EDGE ( 'NONE', *, *, #560, .F. ) ;
#328 = CARTESIAN_POINT ( 'NONE',  ( -12.57059542822846687, 6.653340971845003615, 18.00458128141875136 ) ) ;
#329 = CARTESIAN_POINT ( 'NONE',  ( -10.26707496925084051, 1.625176117242769447, 15.99046130725013271 ) ) ;
#330 = CARTESIAN_POINT ( 'NONE',  ( -16.51173338729727647, 12.85174544759855308, 18.84360567203009396 ) ) ;
#331 = CARTESIAN_POINT ( 'NONE',  ( -13.40191435810574738, 2.944293296568997409, 14.65529223944116488 ) ) ;
#332 = CARTESIAN_POINT ( 'NONE',  ( -11.16693818996485277, 1.413415117394507536, 15.37203641183625713 ) ) ;
#333 = FACE_OUTER_BOUND ( 'NONE', #1632, .T. ) ;
#334 = ORIENTED_EDGE ( 'NONE', *, *, #1662, .T. ) ;
#335 = CARTESIAN_POINT ( 'NONE',  ( -18.00248496570797485, 13.97531205631315743, 8.221912498994441876 ) ) ;
#336 = LINE ( 'NONE', #1892, #1940 ) ;
#337 = EDGE_CURVE ( 'NONE', #1116, #185, #2043, .T. ) ;
#338 = CARTESIAN_POINT ( 'NONE',  ( -16.08012712168837055, 11.08364215356576388, 9.228289469645947207 ) ) ;
#339 = CARTESIAN_POINT ( 'NONE',  ( 1.237604307034021245, 15.60000000000000142, 7.903691262898044911 ) ) ;
#340 = ORIENTED_EDGE ( 'NONE', *, *, #195, .T. ) ;
#341 = CARTESIAN_POINT ( 'NONE',  ( -15.81999380947316958, 1.520723893395103055, 10.54307365645065353 ) ) ;
#342 = CARTESIAN_POINT ( 'NONE',  ( -12.43230486235191457, 4.671537432965887859, 16.84692534271240660 ) ) ;
#343 = CARTESIAN_POINT ( 'NONE',  ( -17.59409034652603765, 7.242547286424270148, 12.89774341282246084 ) ) ;
#344 = CARTESIAN_POINT ( 'NONE',  ( 0.000000000000000000, 14.20000000000000107, 0.000000000000000000 ) ) ;
#345 = CARTESIAN_POINT ( 'NONE',  ( -2.775019041256051366, 13.16634436528546992, 18.79625769214758080 ) ) ;
#346 = ORIENTED_EDGE ( 'NONE', *, *, #1413, .F. ) ;
#347 = CARTESIAN_POINT ( 'NONE',  ( -17.86267109448124657, 10.66226706433560523, 12.94575945969463504 ) ) ;
#348 = AXIS2_PLACEMENT_3D ( 'NONE', #151, #1010, #596 ) ;
#349 = CARTESIAN_POINT ( 'NONE',  ( -15.31037536041053215, 3.497258137397900590, 13.86630115680213571 ) ) ;
#350 = CIRCLE ( 'NONE', #1930, 5.000000000000000000 ) ;
#351 = CARTESIAN_POINT ( 'NONE',  ( -16.65229951976699141, 11.05685901026036255, 17.28882597718728320 ) ) ;
#352 = CIRCLE ( 'NONE', #1525, 1.599999999999998979 ) ;
#353 = CARTESIAN_POINT ( 'NONE',  ( -19.59566338558997955, 14.20000000000000107, 13.52803346323716838 ) ) ;
#354 = ORIENTED_EDGE ( 'NONE', *, *, #896, .F. ) ;
#355 = CARTESIAN_POINT ( 'NONE',  ( -12.88329303131721382, 8.842380802524825611, 18.86320080101679864 ) ) ;
#356 = CARTESIAN_POINT ( 'NONE',  ( -12.62992278300759352, 7.145032907961778257, 18.23320485898887711 ) ) ;
#357 = CARTESIAN_POINT ( 'NONE',  ( -15.24793843147716998, 6.532999935633585054, 13.69544456324519288 ) ) ;
#358 = AXIS2_PLACEMENT_3D ( 'NONE', #494, #1119, #1353 ) ;
#359 = CARTESIAN_POINT ( 'NONE',  ( -16.49948125377947505, 11.87160924203156398, 18.85585780554777813 ) ) ;
#360 = DIRECTION ( 'NONE',  ( 0.000000000000000000, 0.000000000000000000, -1.000000000000000000 ) ) ;
#361 =( BOUNDED_CURVE ( )  B_SPLINE_CURVE ( 2, ( #1961, #681, #454 ),
 .UNSPECIFIED., .F., .T. ) 
 B_SPLINE_CURVE_WITH_KNOTS ( ( 3, 3 ),
 ( 0.000000000000000000, 1.000000000000000000 ),
 .UNSPECIFIED. ) 
 CURVE ( )  GEOMETRIC_REPRESENTATION_ITEM ( )  RATIONAL_B_SPLINE_CURVE ( ( 1.000000000000000000, 0.8861114180450485600, 1.000000000000000000 ) ) 
 REPRESENTATION_ITEM ( '' )  );
#362 = VERTEX_POINT ( 'NONE', #1382 ) ;
#363 = CARTESIAN_POINT ( 'NONE',  ( -19.59567274327466890, 14.13260318076518374, 13.52806462768131190 ) ) ;
#364 = CARTESIAN_POINT ( 'NONE',  ( -15.82054655534595788, 10.17640917016659508, 17.93441394486445617 ) ) ;
#365 = CARTESIAN_POINT ( 'NONE',  ( -14.50105948008189571, 13.40000000000000036, 16.61163889212619793 ) ) ;
#366 = CARTESIAN_POINT ( 'NONE',  ( -13.33534437880490309, 2.206660268064785324, 12.09002027701676418 ) ) ;
#367 = CARTESIAN_POINT ( 'NONE',  ( 2.204364238465235033E-15, 14.20000000000000107, 18.00000000000000000 ) ) ;
#368 = EDGE_LOOP ( 'NONE', ( #1363, #657, #1268, #2039, #1443, #1676 ) ) ;
#369 = CARTESIAN_POINT ( 'NONE',  ( -18.31661568591172085, 7.042365789603138637, 5.053238688081999719 ) ) ;
#370 = CARTESIAN_POINT ( 'NONE',  ( -1.237604307034019469, 25.60000000000000142, -7.903691262898044911 ) ) ;
#371 = CARTESIAN_POINT ( 'NONE',  ( -11.03638789268022613, 4.475053365130372107, 16.11089296621819145 ) ) ;
#372 = EDGE_CURVE ( 'NONE', #411, #480, #2235, .T. ) ;
#373 = CARTESIAN_POINT ( 'NONE',  ( -5.212916399090524955, 6.787949339916894864, 18.27089244187892803 ) ) ;
#374 = FACE_OUTER_BOUND ( 'NONE', #860, .T. ) ;
#375 = LINE ( 'NONE', #1654, #485 ) ;
#376 = ORIENTED_EDGE ( 'NONE', *, *, #598, .F. ) ;
#377 = B_SPLINE_CURVE_WITH_KNOTS ( 'NONE', 3,
 ( #958, #2682, #1828, #1342, #741, #1189, #1598, #2468, #1388, #2266, #315, #2209, #1779, #2694, #1570, #754, #482, #2437, #1611, #2480, #1404, #328, #49, #713, #904, #1766, #2633, #611, #142, #2099, #2768, #355, #968, #168, #1028, #2545, #1455, #1665, #1013, #1217, #780, #1882, #1899, #2727, #810, #1444, #2531, #116, #2291, #2329, #1242, #2277, #1638, #586, #1841 ),
 .UNSPECIFIED., .F., .F.,
 ( 4, 2, 2, 1, 2, 2, 2, 2, 2, 2, 2, 1, 1, 2, 2, 2, 2, 2, 1, 1, 1, 1, 2, 2, 2, 2, 2, 2, 2, 2, 4 ),
 ( 0.000000000000000000, 0.06250000000002541023, 0.09375000000003783085, 0.1093750000000440203, 0.1171875000000471151, 0.1250000000000502098, 0.1875000000000777989, 0.2187500000000913714, 0.2500000000001049716, 0.3125000000001318390, 0.3437500000001453837, 0.3593750000001521006, 0.3671875000001554312, 0.3710937500001569300, 0.3750000000001584288, 0.4375000000001794120, 0.4687500000001897926, 0.4843750000001949552, 0.4921875000001975087, 0.4960937500001985634, 0.4980468750001992295, 0.4990234375001994516, 0.4995117187501994516, 0.5000000000001995071, 0.6250000000001475486, 0.6875000000001212364, 0.7187500000001082467, 0.7343750000001020295, 0.7500000000000958122, 0.8750000000000479616, 1.000000000000000000 ),
 .UNSPECIFIED. ) ;
#378 = CARTESIAN_POINT ( 'NONE',  ( -12.95398453358906465, 11.02419496850158787, 17.87898606690352210 ) ) ;
#379 = LINE ( 'NONE', #2763, #2486 ) ;
#380 = CARTESIAN_POINT ( 'NONE',  ( -2.800466942032490358, 12.85174544759920501, 18.79248213798760148 ) ) ;
#381 = CARTESIAN_POINT ( 'NONE',  ( -16.39541598633821096, 7.632611496302597054, 7.429515071732084586 ) ) ;
#382 = DIRECTION ( 'NONE',  ( -0.000000000000000000, -1.000000000000000000, -0.000000000000000000 ) ) ;
#383 = DIRECTION ( 'NONE',  ( 0.000000000000000000, 0.000000000000000000, -1.000000000000000000 ) ) ;
#384 = CARTESIAN_POINT ( 'NONE',  ( -13.51313245890031034, 12.85174544759870585, 19.59114900168103190 ) ) ;
#385 = CARTESIAN_POINT ( 'NONE',  ( -11.76899824457520793, 2.194470898575521467, 13.62638769732298272 ) ) ;
#386 = DIRECTION ( 'NONE',  ( -0.000000000000000000, 1.000000000000000000, -0.000000000000000000 ) ) ;
#387 = ADVANCED_FACE ( 'NONE', ( #2084 ), #2342, .F. ) ;
#388 = VERTEX_POINT ( 'NONE', #2146 ) ;
#389 = CARTESIAN_POINT ( 'NONE',  ( -2.800466942032490358, 12.85174544759920501, 18.79248213798760148 ) ) ;
#390 = CARTESIAN_POINT ( 'NONE',  ( -13.49776893924459742, 8.118818817300384794, 18.41671276895363363 ) ) ;
#391 = CARTESIAN_POINT ( 'NONE',  ( -19.39111528750576596, 9.896456350568499261, 14.21021633217712932 ) ) ;
#392 = FACE_OUTER_BOUND ( 'NONE', #983, .T. ) ;
#393 = DIRECTION ( 'NONE',  ( 0.000000000000000000, 1.000000000000000000, 0.000000000000000000 ) ) ;
#394 = DIRECTION ( 'NONE',  ( 0.000000000000000000, 1.000000000000000000, 0.000000000000000000 ) ) ;
#395 = VECTOR ( 'NONE', #1845, 1000.000000000000000 ) ;
#396 = ADVANCED_FACE ( 'NONE', ( #392 ), #1453, .F. ) ;
#397 = DIRECTION ( 'NONE',  ( 0.000000000000000000, 0.000000000000000000, 1.000000000000000000 ) ) ;
#398 = CARTESIAN_POINT ( 'NONE',  ( -5.222155224670312457, 6.775848229603800732, 18.26825382346485327 ) ) ;
#399 = CARTESIAN_POINT ( 'NONE',  ( -1.237604307034019469, 24.60000000000000142, -7.903691262898044911 ) ) ;
#400 = CIRCLE ( 'NONE', #1848, 19.00000000000000000 ) ;
#401 = LINE ( 'NONE', #2536, #1746 ) ;
#402 = CIRCLE ( 'NONE', #1803, 19.00000000000000000 ) ;
#403 = ORIENTED_EDGE ( 'NONE', *, *, #2467, .T. ) ;
#404 = EDGE_CURVE ( 'NONE', #1888, #1920, #2476, .T. ) ;
#405 = CARTESIAN_POINT ( 'NONE',  ( -19.59302272106247500, 13.16634436308453182, 13.51928221129377405 ) ) ;
#406 = CARTESIAN_POINT ( 'NONE',  ( -13.88717149856225674, 6.712240738350225833, 15.49545236126400738 ) ) ;
#407 = CARTESIAN_POINT ( 'NONE',  ( -17.65831798391447549, 10.24105213658570612, 12.79406485789199799 ) ) ;
#408 = VERTEX_POINT ( 'NONE', #410 ) ;
#409 = EDGE_CURVE ( 'NONE', #613, #1637, #1320, .T. ) ;
#410 = CARTESIAN_POINT ( 'NONE',  ( 18.99341991322257783, 16.00000000000000000, 0.5000000000000002220 ) ) ;
#411 = VERTEX_POINT ( 'NONE', #1440 ) ;
#412 = DIRECTION ( 'NONE',  ( -0.000000000000000000, 1.000000000000000000, -0.000000000000000000 ) ) ;
#413 = CARTESIAN_POINT ( 'NONE',  ( -19.03505534984922321, 9.388347304040417285, 12.99118520705382096 ) ) ;
#414 = CYLINDRICAL_SURFACE ( 'NONE', #447, 19.00000000000000000 ) ;
#415 = B_SPLINE_CURVE_WITH_KNOTS ( 'NONE', 3,
 ( #2449, #139, #125, #2503 ),
 .UNSPECIFIED., .F., .F.,
 ( 4, 4 ),
 ( 0.000000000000000000, 0.3186789571995531367 ),
 .UNSPECIFIED. ) ;
#416 = CARTESIAN_POINT ( 'NONE',  ( -9.967262501394285934, 2.991557777473814461, 14.98970402113864786 ) ) ;
#417 = CARTESIAN_POINT ( 'NONE',  ( -13.49991690843946301, 0.000000000000000000, 0.000000000000000000 ) ) ;
#418 = CARTESIAN_POINT ( 'NONE',  ( -15.36454458159094116, 1.412894448027895766, 11.17724361262077437 ) ) ;
#419 = CARTESIAN_POINT ( 'NONE',  ( -13.79321287408226304, 8.681374275455073786, 18.82136728966963446 ) ) ;
#420 = CARTESIAN_POINT ( 'NONE',  ( -17.93440903238772677, 10.17638811981113989, 15.82054225429595284 ) ) ;
#421 = CARTESIAN_POINT ( 'NONE',  ( -3.765157298313389855, 9.155346973156055057, 18.62434817351851279 ) ) ;
#422 = EDGE_LOOP ( 'NONE', ( #2571, #2586, #14, #2145 ) ) ;
#423 = CARTESIAN_POINT ( 'NONE',  ( -13.65608255502835178, 5.137056388911303451, 11.73236265141161816 ) ) ;
#424 = VERTEX_POINT ( 'NONE', #807 ) ;
#425 = DIRECTION ( 'NONE',  ( 0.000000000000000000, -0.000000000000000000, -1.000000000000000000 ) ) ;
#426 = ADVANCED_FACE ( 'NONE', ( #822, #180, #2542, #2326 ), #2115, .T. ) ;
#427 = CARTESIAN_POINT ( 'NONE',  ( -14.65529223946945336, 2.944293296592862319, 13.40191435812576870 ) ) ;
#428 = DIRECTION ( 'NONE',  ( 0.000000000000000000, -1.000000000000000000, 0.000000000000000000 ) ) ;
#429 = CARTESIAN_POINT ( 'NONE',  ( -12.59765227295476997, 8.009507108463731484, 16.82800323700283585 ) ) ;
#430 = CARTESIAN_POINT ( 'NONE',  ( -18.48663248830119699, 9.475729711496144958, 16.19067246981375163 ) ) ;
#431 = CARTESIAN_POINT ( 'NONE',  ( -15.00099574867189922, 1.348520854301625604, 11.66172568127161213 ) ) ;
#432 = CARTESIAN_POINT ( 'NONE',  ( -16.18555180378958980, 3.895677276370563824, 12.53695717681311628 ) ) ;
#433 = CARTESIAN_POINT ( 'NONE',  ( -17.88036266079530989, 11.07629976573233677, 12.95498840587135447 ) ) ;
#434 = EDGE_CURVE ( 'NONE', #1757, #2350, #33, .T. ) ;
#435 = VERTEX_POINT ( 'NONE', #2529 ) ;
#436 = CARTESIAN_POINT ( 'NONE',  ( -14.43057987331605574, 5.837784108951668216, 10.88105837873169612 ) ) ;
#437 = CARTESIAN_POINT ( 'NONE',  ( 0.000000000000000000, 24.60000000000000142, 0.000000000000000000 ) ) ;
#438 = EDGE_CURVE ( 'NONE', #823, #1167, #440, .T. ) ;
#439 = CARTESIAN_POINT ( 'NONE',  ( -19.16779310997691255, 9.882849993343317152, 13.08359732601554271 ) ) ;
#440 = CIRCLE ( 'NONE', #2013, 1.600000000000000755 ) ;
#441 = CARTESIAN_POINT ( 'NONE',  ( -19.59114986045943141, 12.85174544760033832, 13.51313526726326941 ) ) ;
#442 = ORIENTED_EDGE ( 'NONE', *, *, #1991, .F. ) ;
#443 = PRESENTATION_LAYER_ASSIGNMENT (  '', '', ( #623 ) ) ;
#444 = CARTESIAN_POINT ( 'NONE',  ( -12.59997447835118045, 8.553765271058574982, 17.10529755824456188 ) ) ;
#445 = CARTESIAN_POINT ( 'NONE',  ( -10.64174519687351683, 6.238043092471356132, 14.65305794039702292 ) ) ;
#446 = CARTESIAN_POINT ( 'NONE',  ( -18.53867322998311806, 9.711273779625473779, 16.23191722149893934 ) ) ;
#447 = AXIS2_PLACEMENT_3D ( 'NONE', #2375, #2589, #253 ) ;
#448 = CARTESIAN_POINT ( 'NONE',  ( -14.56069375316016057, 1.308447209122212351, 12.21119620477302448 ) ) ;
#449 = CARTESIAN_POINT ( 'NONE',  ( -18.52400620324553415, 7.857732307927515869, 12.73642597379268437 ) ) ;
#450 = EDGE_LOOP ( 'NONE', ( #1080, #1881, #1006, #1763, #1108, #1047, #839 ) ) ;
#451 = CARTESIAN_POINT ( 'NONE',  ( -15.89268691047263360, 6.778780853477585744, 13.12462756031177413 ) ) ;
#452 = VECTOR ( 'NONE', #2029, 1000.000000000000000 ) ;
#453 = CARTESIAN_POINT ( 'NONE',  ( -14.96796740722335350, 11.08365289709020374, 18.57592548711944858 ) ) ;
#454 = CARTESIAN_POINT ( 'NONE',  ( -14.65529223944120041, 2.944293296568997853, 13.40191435810570475 ) ) ;
#455 = CARTESIAN_POINT ( 'NONE',  ( -18.69963153400812317, 10.01772882167438361, 3.385485035139033538 ) ) ;
#456 = DIRECTION ( 'NONE',  ( 0.000000000000000000, 0.000000000000000000, -1.000000000000000000 ) ) ;
#457 = ORIENTED_EDGE ( 'NONE', *, *, #721, .F. ) ;
#458 = CARTESIAN_POINT ( 'NONE',  ( -10.25654023193386166, 8.464262889741551277, 15.10984936754763019 ) ) ;
#459 = CARTESIAN_POINT ( 'NONE',  ( -19.02831456003169563, 9.400256289015622713, 12.97056104778942398 ) ) ;
#460 = ADVANCED_FACE ( 'NONE', ( #2302 ), #1622, .T. ) ;
#461 = CARTESIAN_POINT ( 'NONE',  ( -18.31011392632301948, 7.003969675943321427, 5.075948516439402702 ) ) ;
#462 = CARTESIAN_POINT ( 'NONE',  ( -19.26489549644350774, 10.26556425030771535, 13.16603085766399595 ) ) ;
#463 = CARTESIAN_POINT ( 'NONE',  ( -15.00512784438832448, 7.460674127652545451, 10.29834562429107159 ) ) ;
#464 = CARTESIAN_POINT ( 'NONE',  ( -14.39041304373765762, 13.40000000000000036, 16.72228532847043425 ) ) ;
#465 = CARTESIAN_POINT ( 'NONE',  ( -17.73274390218506014, 10.12123460660638941, 12.86372913412112950 ) ) ;
#466 = CARTESIAN_POINT ( 'NONE',  ( -19.58845024206626562, 12.68688285823489714, 13.50430700366677073 ) ) ;
#467 = DIRECTION ( 'NONE',  ( 0.000000000000000000, 0.000000000000000000, -1.000000000000000000 ) ) ;
#468 = EDGE_LOOP ( 'NONE', ( #6, #1481, #334, #1535, #1558, #1313, #88, #2068 ) ) ;
#469 = CARTESIAN_POINT ( 'NONE',  ( -12.73242160268470968, 9.442893681251229410, 17.49316025732546720 ) ) ;
#470 = CARTESIAN_POINT ( 'NONE',  ( -12.59237286997788452, 8.114856846113392308, 16.88410999873593354 ) ) ;
#471 = CARTESIAN_POINT ( 'NONE',  ( -19.79364188488979082, 9.375145264373458076, 14.79384230536676625 ) ) ;
#472 = CARTESIAN_POINT ( 'NONE',  ( -15.14703112618142278, 1.370247769310795283, 11.47056571803312508 ) ) ;
#473 = CARTESIAN_POINT ( 'NONE',  ( -18.84888946786544395, 8.767252787871653297, 12.88247405669294032 ) ) ;
#474 = VERTEX_POINT ( 'NONE', #1806 ) ;
#475 = CARTESIAN_POINT ( 'NONE',  ( -15.12481625318983092, 9.008484947971657775, 10.29198338377495681 ) ) ;
#476 = DIRECTION ( 'NONE',  ( -0.000000000000000000, 1.000000000000000000, -0.000000000000000000 ) ) ;
#477 = APPLICATION_PROTOCOL_DEFINITION ( 'draft international standard', 'automotive_design', 1998, #2418 ) ;
#478 = CARTESIAN_POINT ( 'NONE',  ( -10.21786181455313347, 2.806340266575273912, 14.82041436973598358 ) ) ;
#479 = CARTESIAN_POINT ( 'NONE',  ( 0.000000000000000000, 0.000000000000000000, 0.000000000000000000 ) ) ;
#480 = VERTEX_POINT ( 'NONE', #1364 ) ;
#481 = VECTOR ( 'NONE', #525, 1000.000000000000000 ) ;
#482 = CARTESIAN_POINT ( 'NONE',  ( -12.44599405919345614, 5.219410151327370073, 17.21285036968072291 ) ) ;
#483 = CARTESIAN_POINT ( 'NONE',  ( -15.26874502559030944, 3.455458243620188608, 13.83666578592854179 ) ) ;
#484 = CARTESIAN_POINT ( 'NONE',  ( -18.02634172110616717, 11.01744744633552031, 15.91381864877766006 ) ) ;
#485 = VECTOR ( 'NONE', #386, 1000.000000000000000 ) ;
#486 = CARTESIAN_POINT ( 'NONE',  ( -18.42178297196212000, 7.699813624976428628, 4.651657112675259498 ) ) ;
#487 = AXIS2_PLACEMENT_3D ( 'NONE', #1857, #2561, #1722 ) ;
#488 = B_SPLINE_CURVE_WITH_KNOTS ( 'NONE', 3,
 ( #954, #69, #925, #1787, #510, #2230 ),
 .UNSPECIFIED., .F., .F.,
 ( 4, 2, 4 ),
 ( 0.000000000000000000, 0.5000000000000002220, 1.000000000000000000 ),
 .UNSPECIFIED. ) ;
#489 = CARTESIAN_POINT ( 'NONE',  ( -19.01917378265159897, 9.339473418613080113, 12.98257706566633907 ) ) ;
#490 = AXIS2_PLACEMENT_3D ( 'NONE', #1340, #944, #60 ) ;
#491 = VERTEX_POINT ( 'NONE', #2672 ) ;
#492 = CARTESIAN_POINT ( 'NONE',  ( -14.05951239338061320, 5.394546793943486129, 11.28644985280569024 ) ) ;
#493 = DIRECTION ( 'NONE',  ( 0.000000000000000000, 0.000000000000000000, -1.000000000000000000 ) ) ;
#494 = CARTESIAN_POINT ( 'NONE',  ( 0.000000000000000000, 0.000000000000000000, 0.000000000000000000 ) ) ;
#495 = EDGE_CURVE ( 'NONE', #1214, #474, #2445, .T. ) ;
#496 = CIRCLE ( 'NONE', #2166, 5.000000000000000888 ) ;
#497 = CARTESIAN_POINT ( 'NONE',  ( -10.76912665219794896, 2.489780537586260944, 14.42509741235779686 ) ) ;
#498 = CARTESIAN_POINT ( 'NONE',  ( -13.43336810914080992, 2.905607941221660884, 14.56946846657397998 ) ) ;
#499 = VERTEX_POINT ( 'NONE', #2244 ) ;
#500 = PLANE ( 'NONE',  #847 ) ;
#501 = CARTESIAN_POINT ( 'NONE',  ( -7.149811898413642730, 11.08365289709020018, 16.51908562291819749 ) ) ;
#502 = CARTESIAN_POINT ( 'NONE',  ( -5.890453945404922287, 5.729588585063791761, 18.06420190255558467 ) ) ;
#503 = CARTESIAN_POINT ( 'NONE',  ( -14.79598806253724597, 9.375299778359810432, 19.79163410695375802 ) ) ;
#504 = CARTESIAN_POINT ( 'NONE',  ( -18.62389854082673324, 9.180531697980580219, 3.762140739957242630 ) ) ;
#505 = CARTESIAN_POINT ( 'NONE',  ( -18.02585245449933993, 13.40000000000000036, 15.91527304245493646 ) ) ;
#506 = CARTESIAN_POINT ( 'NONE',  ( -13.52205782571037496, 13.34611517538698600, 19.59386352182960422 ) ) ;
#507 = ORIENTED_EDGE ( 'NONE', *, *, #323, .F. ) ;
#508 = CARTESIAN_POINT ( 'NONE',  ( -17.98759515763899586, 14.15513137597045024, 8.239215103046195310 ) ) ;
#509 = CARTESIAN_POINT ( 'NONE',  ( -13.14571180096251091, 11.08365289709020374, 18.10812060213919139 ) ) ;
#510 = CARTESIAN_POINT ( 'NONE',  ( -13.22424875589578797, 2.761044412437195561, 14.46017373062145239 ) ) ;
#511 = DIRECTION ( 'NONE',  ( 0.7406729964009923783, -0.02200987912065941604, 0.6715050838403754385 ) ) ;
#512 = CARTESIAN_POINT ( 'NONE',  ( -14.35491239966360055, 11.08356962602963236, 19.58626688515613523 ) ) ;
#513 = EDGE_CURVE ( 'NONE', #2199, #499, #978, .T. ) ;
#514 = CARTESIAN_POINT ( 'NONE',  ( -18.02309592523319637, 10.82914707580568781, 15.90604408559887339 ) ) ;
#515 = EDGE_LOOP ( 'NONE', ( #1508, #564, #340 ) ) ;
#516 = CARTESIAN_POINT ( 'NONE',  ( -14.79600337135672383, 7.336800520407122050, 19.14512212560829241 ) ) ;
#517 = CARTESIAN_POINT ( 'NONE',  ( -9.324575988471922372, 7.314638755079187149, 16.92008150463913196 ) ) ;
#518 = CARTESIAN_POINT ( 'NONE',  ( -18.82136124831720636, 8.681364888404855762, 13.79320846249373211 ) ) ;
#519 = LINE ( 'NONE', #1782, #395 ) ;
#520 = DIRECTION ( 'NONE',  ( 0.000000000000000000, 1.000000000000000000, 0.000000000000000000 ) ) ;
#521 = ORIENTED_EDGE ( 'NONE', *, *, #283, .F. ) ;
#522 = CARTESIAN_POINT ( 'NONE',  ( -17.89623940957615389, 10.87833469613848969, 12.96815324986943629 ) ) ;
#523 = EDGE_CURVE ( 'NONE', #1063, #2556, #1158, .T. ) ;
#524 = CARTESIAN_POINT ( 'NONE',  ( -2.800466942032490358, 12.85174544759920501, 18.79248213798760148 ) ) ;
#525 = DIRECTION ( 'NONE',  ( -0.000000000000000000, 1.000000000000000000, -0.000000000000000000 ) ) ;
#526 = CARTESIAN_POINT ( 'NONE',  ( -10.04239735635635711, 2.932675810470490863, 14.93959271268168720 ) ) ;
#527 = CARTESIAN_POINT ( 'NONE',  ( -15.10283464665763198, 2.903497132454069707, 12.83327218715763252 ) ) ;
#528 = ORIENTED_EDGE ( 'NONE', *, *, #896, .T. ) ;
#529 = CARTESIAN_POINT ( 'NONE',  ( -16.51908562291821880, 14.20000000000000107, 7.149811898413590328 ) ) ;
#530 = EDGE_CURVE ( 'NONE', #2027, #2511, #2604, .T. ) ;
#531 = CARTESIAN_POINT ( 'NONE',  ( -12.94576038369590520, 10.66227488345268171, 17.86267250226496728 ) ) ;
#532 = CARTESIAN_POINT ( 'NONE',  ( -5.574034741385914593, 6.255273708090709484, 18.16423913585345318 ) ) ;
#533 = CARTESIAN_POINT ( 'NONE',  ( -15.75902321080076263, 6.923267576460968797, 14.09192468042721735 ) ) ;
#534 = EDGE_CURVE ( 'NONE', #2350, #435, #2717, .T. ) ;
#535 = CARTESIAN_POINT ( 'NONE',  ( 0.03284041553399224406, 0.000000000000000000, -11.99994161989750907 ) ) ;
#536 = CARTESIAN_POINT ( 'NONE',  ( -8.231697474785764967, 14.01723720628715242, 17.99406447529701936 ) ) ;
#537 = VECTOR ( 'NONE', #1386, 1000.000000000000000 ) ;
#538 = ORIENTED_EDGE ( 'NONE', *, *, #114, .F. ) ;
#539 = AXIS2_PLACEMENT_3D ( 'NONE', #2090, #2105, #1916 ) ;
#540 = CARTESIAN_POINT ( 'NONE',  ( -18.79366090203450668, 12.94163085202531072, 2.792547870549217937 ) ) ;
#541 = CARTESIAN_POINT ( 'NONE',  ( -18.02585245449933993, 13.40000000000000036, 15.91527304245493646 ) ) ;
#542 = AXIS2_PLACEMENT_3D ( 'NONE', #877, #672, #2004 ) ;
#543 = CARTESIAN_POINT ( 'NONE',  ( -16.51908562291821525, 11.08364215356698423, 7.149811898413590328 ) ) ;
#544 = VECTOR ( 'NONE', #2073, 1000.000000000000000 ) ;
#545 = CARTESIAN_POINT ( 'NONE',  ( -13.40191435810572251, 2.944293296568975205, 14.65529223944113824 ) ) ;
#546 = EDGE_LOOP ( 'NONE', ( #928, #760, #170, #1771 ) ) ;
#547 = DIRECTION ( 'NONE',  ( 0.000000000000000000, 0.000000000000000000, -1.000000000000000000 ) ) ;
#548 = CARTESIAN_POINT ( 'NONE',  ( -2.895004378156464941, 12.04211233422288352, 18.77832742969139446 ) ) ;
#549 = CARTESIAN_POINT ( 'NONE',  ( -17.40357367014189194, 8.840661414076432578, 15.38376030707032527 ) ) ;
#550 = CARTESIAN_POINT ( 'NONE',  ( -12.96814841617841374, 11.08365289709020551, 17.89623364151695384 ) ) ;
#551 = CARTESIAN_POINT ( 'NONE',  ( -13.52607016259333506, 13.70565679559972061, 19.59507348459891318 ) ) ;
#552 = ADVANCED_FACE ( 'NONE', ( #762 ), #2804, .T. ) ;
#553 = VERTEX_POINT ( 'NONE', #1917 ) ;
#554 = CARTESIAN_POINT ( 'NONE',  ( -15.04780084112818628, 10.63463036710474441, 10.54681246066727063 ) ) ;
#555 = CARTESIAN_POINT ( 'NONE',  ( 6.123233995736766282E-16, 25.60000000000000142, -5.000000000000000000 ) ) ;
#556 = CARTESIAN_POINT ( 'NONE',  ( -18.84360567203024317, 12.85174544760039694, 16.51173338729713080 ) ) ;
#557 = DIRECTION ( 'NONE',  ( 0.000000000000000000, 0.000000000000000000, 1.000000000000000000 ) ) ;
#558 = ORIENTED_EDGE ( 'NONE', *, *, #1101, .F. ) ;
#559 = CARTESIAN_POINT ( 'NONE',  ( -17.74621203641607892, 4.298681016021985712, 6.793387299106523614 ) ) ;
#560 = EDGE_CURVE ( 'NONE', #2214, #1532, #167, .T. ) ;
#561 = CARTESIAN_POINT ( 'NONE',  ( -11.30073821761655495, 3.034271726884703924, 15.30210013674716407 ) ) ;
#562 = CARTESIAN_POINT ( 'NONE',  ( -15.89788913916806479, 8.120275428318374011, 18.10680226254436676 ) ) ;
#563 = CARTESIAN_POINT ( 'NONE',  ( -13.52806462754988459, 14.13260318641378710, 19.59567274323691066 ) ) ;
#564 = ORIENTED_EDGE ( 'NONE', *, *, #935, .T. ) ;
#565 = CARTESIAN_POINT ( 'NONE',  ( -16.51908562291822236, 11.08364215356571947, 7.149811898413585887 ) ) ;
#566 = CARTESIAN_POINT ( 'NONE',  ( -12.82612763325416516, 1.301551040084746091, 14.01750512521660852 ) ) ;
#567 = CARTESIAN_POINT ( 'NONE',  ( -15.49991690843946479, 14.20000000000000107, -9.151643340486575795 ) ) ;
#568 = DIRECTION ( 'NONE',  ( -0.000000000000000000, 1.000000000000000000, -0.000000000000000000 ) ) ;
#569 = ORIENTED_EDGE ( 'NONE', *, *, #247, .T. ) ;
#570 = DIRECTION ( 'NONE',  ( 0.000000000000000000, 1.000000000000000000, 0.000000000000000000 ) ) ;
#571 = CARTESIAN_POINT ( 'NONE',  ( -11.59514650694686289, 2.797208582353404083, 15.06711414495650914 ) ) ;
#572 = CARTESIAN_POINT ( 'NONE',  ( -12.32927416411292931, 7.048614356246572399, 18.06370173116393119 ) ) ;
#573 = CARTESIAN_POINT ( 'NONE',  ( -15.77751944386958094, 7.678889766364184410, 17.94678982671270973 ) ) ;
#574 = CARTESIAN_POINT ( 'NONE',  ( -13.63800458337429511, 1.303725828040289914, 13.24087875242078738 ) ) ;
#575 = ORIENTED_EDGE ( 'NONE', *, *, #1678, .T. ) ;
#576 = CARTESIAN_POINT ( 'NONE',  ( -19.59254310303760960, 13.07645895866285279, 13.51770247847742112 ) ) ;
#577 =( BOUNDED_SURFACE ( )  B_SPLINE_SURFACE ( 3, 2, ( 
 ( #1601, #2269, #331 ),
 ( #2049, #119, #187 ),
 ( #2333, #2758, #1859 ),
 ( #1448, #1872, #1629 ) ),
 .UNSPECIFIED., .F., .F., .T. ) 
 B_SPLINE_SURFACE_WITH_KNOTS ( ( 4, 4 ),
 ( 3, 3 ),
 ( 0.000000000000000000, 0.001862216123797260725 ),
 ( 0.000000000000000000, 1.000000000000000000 ),
 .UNSPECIFIED. ) 
 GEOMETRIC_REPRESENTATION_ITEM ( )  RATIONAL_B_SPLINE_SURFACE ( (
 ( 1.000000000000000000, 0.8861114180499135573, 1.000000000000000000),
 ( 1.000000000000000000, 0.8865033167683649129, 1.000000000000000000),
 ( 1.000000000000000000, 0.8865033167683024073, 1.000000000000000000),
 ( 1.000000000000000000, 0.8861114180497220438, 1.000000000000000000) ) ) 
 REPRESENTATION_ITEM ( '' )  SURFACE ( )  );
#578 = AXIS2_PLACEMENT_3D ( 'NONE', #2678, #2030, #750 ) ;
#579 = CARTESIAN_POINT ( 'NONE',  ( -12.79406745126314071, 10.24105960552443584, 17.65832156351513049 ) ) ;
#580 = LINE ( 'NONE', #2273, #1032 ) ;
#581 = DIRECTION ( 'NONE',  ( -0.000000000000000000, 1.000000000000000000, -0.000000000000000000 ) ) ;
#582 = DIRECTION ( 'NONE',  ( -0.000000000000000000, -1.000000000000000000, -0.000000000000000000 ) ) ;
#583 = EDGE_CURVE ( 'NONE', #480, #881, #783, .T. ) ;
#584 = ORIENTED_EDGE ( 'NONE', *, *, #11, .F. ) ;
#585 = AXIS2_PLACEMENT_3D ( 'NONE', #1709, #2577, #1540 ) ;
#586 = CARTESIAN_POINT ( 'NONE',  ( -13.51163881900066244, 12.82385776005872025, 19.59069225593290398 ) ) ;
#587 = CARTESIAN_POINT ( 'NONE',  ( -12.76644569856155620, 8.128020663611454921, 18.62005028659985584 ) ) ;
#588 = CARTESIAN_POINT ( 'NONE',  ( -16.77182932278665461, 7.900436793208979402, 12.59962936245144860 ) ) ;
#589 = AXIS2_PLACEMENT_3D ( 'NONE', #2749, #2723, #1621 ) ;
#590 = DIRECTION ( 'NONE',  ( 0.000000000000000000, 1.000000000000000000, 0.000000000000000000 ) ) ;
#591 = CARTESIAN_POINT ( 'NONE',  ( 2.326828918379970970E-15, 25.60000000000000142, 19.00000000000000000 ) ) ;
#592 = ORIENTED_EDGE ( 'NONE', *, *, #2051, .T. ) ;
#593 = B_SPLINE_CURVE_WITH_KNOTS ( 'NONE', 3,
 ( #357, #2729, #1871, #2742, #2308, #1641, #2522, #588, #812, #1884, #2508, #1446, #1232, #1015, #465, #1561, #2676, #98, #1137, #250 ),
 .UNSPECIFIED., .F., .F.,
 ( 4, 2, 2, 2, 2, 2, 2, 2, 2, 4 ),
 ( 0.000000000000000000, 0.0007304553827205304776, 0.001460910765441064641, 0.002191366148161598588, 0.002921821530882134921, 0.003652276913602670819, 0.004382732296323207585, 0.005113187679043743918, 0.005478415370404014252, 0.005843643061764282852 ),
 .UNSPECIFIED. ) ;
#594 = CARTESIAN_POINT ( 'NONE',  ( -12.95111271463197156, 10.96580262133517003, 17.87503159342758252 ) ) ;
#595 = DIRECTION ( 'NONE',  ( 1.000000000000000000, 0.000000000000000000, 0.000000000000000000 ) ) ;
#596 = DIRECTION ( 'NONE',  ( 0.000000000000000000, 0.000000000000000000, 1.000000000000000000 ) ) ;
#597 = CARTESIAN_POINT ( 'NONE',  ( -7.149811898413637401, 13.40000000000000036, 16.51908562291819749 ) ) ;
#598 = EDGE_CURVE ( 'NONE', #491, #2562, #886, .T. ) ;
#599 = CARTESIAN_POINT ( 'NONE',  ( -17.89035055826520448, 4.867271902959597440, 6.399601164264517195 ) ) ;
#600 = DIRECTION ( 'NONE',  ( 0.000000000000000000, 1.000000000000000000, 0.000000000000000000 ) ) ;
#601 = CARTESIAN_POINT ( 'NONE',  ( 1.237604307034021467, 24.60000000000000142, 6.303691262898044378 ) ) ;
#602 = LINE ( 'NONE', #1873, #2106 ) ;
#603 = MANIFOLD_SOLID_BREP ( 'Cut-Extrude12', #1840 ) ;
#604 = ORIENTED_EDGE ( 'NONE', *, *, #2170, .F. ) ;
#605 = CARTESIAN_POINT ( 'NONE',  ( -19.59507359814391236, 13.70565678963797929, 13.52607054006775655 ) ) ;
#606 = CARTESIAN_POINT ( 'NONE',  ( -15.89955420363089722, 10.76003887205332354, 18.01710475571280412 ) ) ;
#607 = CARTESIAN_POINT ( 'NONE',  ( -18.00156485243889648, 10.58403143324992790, 15.88281278485043480 ) ) ;
#608 = CARTESIAN_POINT ( 'NONE',  ( -14.42505463783813369, 2.489907323566213915, 10.76913216161811881 ) ) ;
#609 = VERTEX_POINT ( 'NONE', #1237 ) ;
#610 = CARTESIAN_POINT ( 'NONE',  ( 2.204364238465235033E-15, 16.00000000000000000, -18.00000000000000000 ) ) ;
#611 = CARTESIAN_POINT ( 'NONE',  ( -12.71220142809607090, 7.787926108157205540, 18.49516450555364599 ) ) ;
#612 = CARTESIAN_POINT ( 'NONE',  ( -13.50430347057359270, 12.68689977907675193, 19.58844915221970595 ) ) ;
#613 = VERTEX_POINT ( 'NONE', #2323 ) ;
#614 = EDGE_CURVE ( 'NONE', #1094, #214, #1048, .T. ) ;
#615 = CARTESIAN_POINT ( 'NONE',  ( -6.909384194097805576, 4.174767262076261254, 17.69916471349451825 ) ) ;
#616 = CARTESIAN_POINT ( 'NONE',  ( 19.00002500000000083, 25.60000000000000142, 0.5000000000000014433 ) ) ;
#617 = CARTESIAN_POINT ( 'NONE',  ( -15.74663920374717563, 9.850919062827745876, 17.84855905778329799 ) ) ;
#618 = EDGE_CURVE ( 'NONE', #2199, #1053, #1007, .T. ) ;
#619 = CARTESIAN_POINT ( 'NONE',  ( -13.68067317423873064, 6.519153423993062191, 15.22887042997394680 ) ) ;
#620 = CARTESIAN_POINT ( 'NONE',  ( -19.57886379488094875, 10.89758331545331949, 14.34909243606753826 ) ) ;
#621 = DIRECTION ( 'NONE',  ( 0.000000000000000000, -0.000000000000000000, 1.000000000000000000 ) ) ;
#622 = CYLINDRICAL_SURFACE ( 'NONE', #264, 19.00000000000000000 ) ;
#623 = STYLED_ITEM ( 'NONE', ( #2734 ), #603 ) ;
#624 = B_SPLINE_CURVE_WITH_KNOTS ( 'NONE', 3,
 ( #1239, #995, #2489, #2083, #763, #163, #1659, #1835, #776, #150, #1022, #1414, #349, #1009 ),
 .UNSPECIFIED., .F., .F.,
 ( 4, 2, 2, 2, 2, 2, 4 ),
 ( 0.000000000000000000, 0.002898957141700666141, 0.004348435712551000296, 0.005797914283401334017, 0.007247392854251667738, 0.008696871425102002326, 0.01159582856680266283 ),
 .UNSPECIFIED. ) ;
#625 = CARTESIAN_POINT ( 'NONE',  ( -18.22681440067798775, 7.127881036931287717, 12.63143364226912269 ) ) ;
#626 = DIRECTION ( 'NONE',  ( 0.000000000000000000, 1.000000000000000000, 0.000000000000000000 ) ) ;
#627 = CARTESIAN_POINT ( 'NONE',  ( -6.896391602664726506, 4.192013049142937930, 17.70423493767389544 ) ) ;
#628 = CARTESIAN_POINT ( 'NONE',  ( -12.61798238211562939, 8.704060790617385024, 17.17417104709021203 ) ) ;
#629 = VECTOR ( 'NONE', #394, 1000.000000000000000 ) ;
#630 = CARTESIAN_POINT ( 'NONE',  ( -15.49991690843946479, 0.000000000000000000, 0.000000000000000000 ) ) ;
#631 = CIRCLE ( 'NONE', #589, 1.599999999999999867 ) ;
#632 = VECTOR ( 'NONE', #2085, 1000.000000000000000 ) ;
#633 = CARTESIAN_POINT ( 'NONE',  ( -18.00302595084859902, 14.26741272761998403, 8.221283850751735400 ) ) ;
#634 = EDGE_CURVE ( 'NONE', #2336, #2782, #775, .T. ) ;
#635 = CARTESIAN_POINT ( 'NONE',  ( -14.07765693353912972, 9.418880829218707618, 19.21031278938193054 ) ) ;
#636 = CARTESIAN_POINT ( 'NONE',  ( -17.86763093707703121, 10.89706200434812722, 12.94574360306213201 ) ) ;
#637 = ORIENTED_EDGE ( 'NONE', *, *, #989, .T. ) ;
#638 = CARTESIAN_POINT ( 'NONE',  ( -13.90072393815776586, 2.245533093240831057, 11.44314837887554681 ) ) ;
#639 = EDGE_LOOP ( 'NONE', ( #141, #72, #1656, #697 ) ) ;
#640 = DIRECTION ( 'NONE',  ( 0.000000000000000000, 0.000000000000000000, 1.000000000000000000 ) ) ;
#641 = CARTESIAN_POINT ( 'NONE',  ( -16.37810849697950033, 5.138385822952035831, 9.955231846662233153 ) ) ;
#642 = LINE ( 'NONE', #2192, #852 ) ;
#643 = ORIENTED_EDGE ( 'NONE', *, *, #2148, .T. ) ;
#644 = ADVANCED_FACE ( 'NONE', ( #1248 ), #1556, .F. ) ;
#645 = CARTESIAN_POINT ( 'NONE',  ( -11.07739995273936451, 5.591495890170338434, 14.25021960838422430 ) ) ;
#646 = CARTESIAN_POINT ( 'NONE',  ( -16.66163495739772316, 5.038496029100424600, 11.39749888117052556 ) ) ;
#647 = CARTESIAN_POINT ( 'NONE',  ( -17.40198169455806010, 3.327298152335703474, 7.629397088720816456 ) ) ;
#648 = CARTESIAN_POINT ( 'NONE',  ( -17.41303193955622675, 5.542463510232193080, 12.46079327830124228 ) ) ;
#649 = CARTESIAN_POINT ( 'NONE',  ( -19.58364124417784069, 10.99052369060984624, 14.35278478803100199 ) ) ;
#650 = EDGE_CURVE ( 'NONE', #1757, #1541, #1982, .T. ) ;
#651 = VERTEX_POINT ( 'NONE', #1060 ) ;
#652 = CARTESIAN_POINT ( 'NONE',  ( -15.72035606868514535, 6.668913372087794222, 13.27444293231825867 ) ) ;
#653 = LINE ( 'NONE', #238, #1530 ) ;
#654 =( BOUNDED_SURFACE ( )  B_SPLINE_SURFACE ( 2, 3, ( 
 ( #2481, #768, #548, #947, #2439, #2253, #714, #1405, #1612, #1780, #729, #532, #2267, #502, #298, #316, #1627, #1177, #1571, #2221, #2035, #1160, #103, #329, #74, #2695, #1389, #755, #271, #2455 ),
 ( #285, #931, #2683, #1128, #1373, #969, #1190, #1796, #1842, #2712, #1814, #1343, #1993, #2665, #517, #2120, #1870, #1693, #1913, #155, #143, #1014, #1432, #1900, #561, #571, #2292, #169, #2318, #2521 ),
 ( #384, #612, #1218, #2100, #2755, #1029, #1419, #796, #838, #2546, #781, #2076, #1883, #2278, #587, #1258, #2769, #356, #811, #828, #1445, #1680, #342, #2330, #2741, #184, #1651, #1205, #2781, #1666 ) ),
 .UNSPECIFIED., .F., .F., .F. ) 
 B_SPLINE_SURFACE_WITH_KNOTS ( ( 3, 3 ),
 ( 4, 2, 2, 2, 2, 2, 2, 2, 2, 2, 2, 2, 2, 2, 4 ),
 ( 0.000000000000000000, 1.000000000000000000 ),
 ( 0.1489634189780079110, 0.2335446683518883626, 0.4027071670996492103, 0.4872884164735296064, 0.5718696658474100580, 0.5930149781908802264, 0.6141602905343502838, 0.6353056028778203412, 0.6564509152212905096, 0.6987415399082307355, 0.7410321645951709613, 0.8256134139690514129, 0.8679040386559915277, 0.9101946633429317535, 0.9947759127168122051 ),
 .UNSPECIFIED. ) 
 GEOMETRIC_REPRESENTATION_ITEM ( )  RATIONAL_B_SPLINE_SURFACE ( (
 ( 1.000000000000000000, 1.000000000000000000, 1.000000000000000000, 1.000000000000000000, 1.000000000000000000, 1.000000000000000000, 1.000000000000000000, 1.000000000000000000, 1.000000000000000000, 1.000000000000000000, 1.000000000000000000, 1.000000000000000000, 1.000000000000000000, 1.000000000000000000, 1.000000000000000000, 1.000000000000000000, 1.000000000000000000, 1.000000000000000000, 1.000000000000000000, 1.000000000000000000, 1.000000000000000000, 1.000000000000000000, 1.000000000000000000, 1.000000000000000000, 1.000000000000000000, 1.000000000000000000, 1.000000000000000000, 1.000000000000000000, 1.000000000000000000, 1.000000000000000000),
 ( 0.9551439704255346719, 0.9541533425449726380, 0.9527678777601640281, 0.9490584642381864056, 0.9477814298773326041, 0.9450104652625952451, 0.9438111874086355657, 0.9399345154775023969, 0.9372404043769929638, 0.9326411637627664009, 0.9316814677250183641, 0.9297224487241871893, 0.9287208909572413074, 0.9266882789313328761, 0.9256554764072066899, 0.9235651425193764918, 0.9225129385874512034, 0.9192735415490406181, 0.9169990560979679461, 0.9122203637155790190, 0.9097115044902253089, 0.9020981058432213651, 0.8968928455599122218, 0.8905831355741510302, 0.8887391629822413153, 0.8858063431170194457, 0.8847249036515463239, 0.8829032633145996734, 0.8836053306534645824, 0.8861114180499229942),
 ( 1.000000000000000000, 1.000000000000000000, 1.000000000000000000, 1.000000000000000000, 1.000000000000000000, 1.000000000000000000, 1.000000000000000000, 1.000000000000000000, 1.000000000000000000, 1.000000000000000000, 1.000000000000000000, 1.000000000000000000, 1.000000000000000000, 1.000000000000000000, 1.000000000000000000, 1.000000000000000000, 1.000000000000000000, 1.000000000000000000, 1.000000000000000000, 1.000000000000000000, 1.000000000000000000, 1.000000000000000000, 1.000000000000000000, 1.000000000000000000, 1.000000000000000000, 1.000000000000000000, 1.000000000000000000, 1.000000000000000000, 1.000000000000000000, 1.000000000000000000) ) ) 
 REPRESENTATION_ITEM ( '' )  SURFACE ( )  );
#655 = CARTESIAN_POINT ( 'NONE',  ( -18.43118398684651282, 7.757981089841827327, 4.614721731344669564 ) ) ;
#656 = FACE_OUTER_BOUND ( 'NONE', #1671, .T. ) ;
#657 = ORIENTED_EDGE ( 'NONE', *, *, #1943, .F. ) ;
#658 = CARTESIAN_POINT ( 'NONE',  ( -13.12462712791954189, 6.778781224202742095, 15.89268741706884391 ) ) ;
#659 = CARTESIAN_POINT ( 'NONE',  ( -19.35975147237525817, 7.956914684115721670, 14.48186875241180083 ) ) ;
#660 = CARTESIAN_POINT ( 'NONE',  ( -15.36716857248601187, 1.413504106889029499, 11.17363571271077127 ) ) ;
#661 = CARTESIAN_POINT ( 'NONE',  ( -18.15973588713790576, 6.986595580356769197, 12.61373417940170505 ) ) ;
#662 = CARTESIAN_POINT ( 'NONE',  ( -16.00470365678971163, 6.869016790560483976, 13.03113595981697692 ) ) ;
#663 = ORIENTED_EDGE ( 'NONE', *, *, #1409, .T. ) ;
#664 = DIRECTION ( 'NONE',  ( -1.000000000000000000, 0.000000000000000000, 0.000000000000000000 ) ) ;
#665 = CARTESIAN_POINT ( 'NONE',  ( -9.447713251851494576, 1.959489801498896400, 16.48857071455118017 ) ) ;
#666 = CARTESIAN_POINT ( 'NONE',  ( -15.75292857003207736, 3.651023889794905664, 10.73030208616632208 ) ) ;
#667 = EDGE_CURVE ( 'NONE', #282, #1644, #2125, .T. ) ;
#668 = AXIS2_PLACEMENT_3D ( 'NONE', #1361, #2224, #1147 ) ;
#669 = FACE_OUTER_BOUND ( 'NONE', #2370, .T. ) ;
#670 = CARTESIAN_POINT ( 'NONE',  ( 0.000000000000000000, 24.60000000000000142, 0.000000000000000000 ) ) ;
#671 = CARTESIAN_POINT ( 'NONE',  ( -10.78170189076463714, 2.485482221824627747, 14.41516300528085814 ) ) ;
#672 = DIRECTION ( 'NONE',  ( 0.000000000000000000, 1.000000000000000000, 0.000000000000000000 ) ) ;
#673 = AXIS2_PLACEMENT_3D ( 'NONE', #1144, #918, #2210 ) ;
#674 = ORIENTED_EDGE ( 'NONE', *, *, #2305, .F. ) ;
#675 = AXIS2_PLACEMENT_3D ( 'NONE', #2017, #751, #726 ) ;
#676 = CARTESIAN_POINT ( 'NONE',  ( -15.63380020804732951, 1.475857868732819211, 10.80675546924874553 ) ) ;
#677 = CARTESIAN_POINT ( 'NONE',  ( -19.39151597029017182, 10.86798999338876648, 13.27969387697402581 ) ) ;
#678 = CIRCLE ( 'NONE', #2255, 1.600000000000000755 ) ;
#679 = EDGE_LOOP ( 'NONE', ( #746, #902, #2322, #538 ) ) ;
#680 = CARTESIAN_POINT ( 'NONE',  ( -16.17034432935827937, 7.031088811017636608, 12.90182004592828413 ) ) ;
#681 = CARTESIAN_POINT ( 'NONE',  ( -14.01997676692184136, 2.347625906457547096, 12.82342640874879791 ) ) ;
#682 = CARTESIAN_POINT ( 'NONE',  ( -8.639795489918473237, 2.457326930908799500, 16.92233497421151966 ) ) ;
#683 = CARTESIAN_POINT ( 'NONE',  ( -17.44821620182559130, 9.883864908259738513, 8.718499210308710445 ) ) ;
#684 =( LENGTH_UNIT ( ) NAMED_UNIT ( * ) SI_UNIT ( .MILLI., .METRE. ) );
#685 = ORIENTED_EDGE ( 'NONE', *, *, #560, .T. ) ;
#686 = ADVANCED_FACE ( 'NONE', ( #2425 ), #2719, .T. ) ;
#687 = CARTESIAN_POINT ( 'NONE',  ( -12.90181951425224760, 7.031089586045646378, 16.17034504739848444 ) ) ;
#688 = CARTESIAN_POINT ( 'NONE',  ( -18.76173377221138239, 8.577995561403071179, 12.79169225052991266 ) ) ;
#689 = CARTESIAN_POINT ( 'NONE',  ( -18.38240212622018177, 7.453565783166127723, 4.805184803936163540 ) ) ;
#690 = CARTESIAN_POINT ( 'NONE',  ( -19.45761974378620351, 11.26029120158936614, 13.34292115782858446 ) ) ;
#691 = EDGE_LOOP ( 'NONE', ( #1934, #2341 ) ) ;
#692 = CARTESIAN_POINT ( 'NONE',  ( -15.10022627690670483, 8.286422603742781945, 10.25160089423687282 ) ) ;
#693 = CARTESIAN_POINT ( 'NONE',  ( -13.86350364873923624, 11.08365289709020018, 18.52734957007803018 ) ) ;
#694 = DIRECTION ( 'NONE',  ( 0.000000000000000000, 1.000000000000000000, 0.000000000000000000 ) ) ;
#695 = CARTESIAN_POINT ( 'NONE',  ( -14.35407385758520071, 11.03843044062698198, 19.58525955865669843 ) ) ;
#696 = DIRECTION ( 'NONE',  ( 0.000000000000000000, 1.000000000000000000, -0.000000000000000000 ) ) ;
#697 = ORIENTED_EDGE ( 'NONE', *, *, #95, .F. ) ;
#698 = CYLINDRICAL_SURFACE ( 'NONE', #1523, 5.000000000000000888 ) ;
#699 = CARTESIAN_POINT ( 'NONE',  ( -18.06260496231564616, 7.050439823217395485, 12.32577441056420042 ) ) ;
#700 = CARTESIAN_POINT ( 'NONE',  ( -19.58585952679516495, 11.06267897344455697, 14.35456689452023049 ) ) ;
#701 = ADVANCED_FACE ( 'NONE', ( #2212 ), #2023, .F. ) ;
#702 = CARTESIAN_POINT ( 'NONE',  ( -16.66033629201709587, 2.144680224043820083, 9.134179009046372144 ) ) ;
#703 = CARTESIAN_POINT ( 'NONE',  ( -19.48067348754848993, 11.42788790521977660, 13.36679656499596014 ) ) ;
#704 = ADVANCED_FACE ( 'NONE', ( #2007 ), #2457, .T. ) ;
#705 = ORIENTED_EDGE ( 'NONE', *, *, #1216, .T. ) ;
#706 = CARTESIAN_POINT ( 'NONE',  ( -14.97687103976841172, 7.307400142598840631, 10.32137997622945491 ) ) ;
#707 = DIRECTION ( 'NONE',  ( 0.000000000000000000, 1.000000000000000000, 0.000000000000000000 ) ) ;
#708 =( NAMED_UNIT ( * ) PLANE_ANGLE_UNIT ( ) SI_UNIT ( $, .RADIAN. ) );
#709 = CARTESIAN_POINT ( 'NONE',  ( -7.536406737533773104, 7.146554947715760164, 16.34706400448418862 ) ) ;
#710 = CARTESIAN_POINT ( 'NONE',  ( -16.88959974650372686, 12.81338211819651463, 18.46573931282364001 ) ) ;
#711 = ORIENTED_EDGE ( 'NONE', *, *, #434, .F. ) ;
#712 = CARTESIAN_POINT ( 'NONE',  ( -12.86364729736567369, 10.12087338939440251, 17.73260486866811902 ) ) ;
#713 = CARTESIAN_POINT ( 'NONE',  ( -12.59913576507597455, 6.891347898605171274, 18.11544422483705929 ) ) ;
#714 = CARTESIAN_POINT ( 'NONE',  ( -4.142143264788145984, 8.398763323823292382, 18.54469412077020252 ) ) ;
#715 = CARTESIAN_POINT ( 'NONE',  ( -17.03662694911387376, 6.778872620217446965, 12.49140904352607429 ) ) ;
#716 = B_SPLINE_CURVE_WITH_KNOTS ( 'NONE', 3,
 ( #1581, #1550, #70, #497, #1173, #478, #526, #311, #926, #2031, #2232, #294, #1325, #709, #2659, #2450, #2735, #280 ),
 .UNSPECIFIED., .F., .F.,
 ( 4, 2, 2, 2, 2, 2, 2, 2, 4 ),
 ( 0.000000000000000000, 0.001487292227058827770, 0.002230938340588239921, 0.002974584454117651638, 0.004461876681176475505, 0.005949168908235300673, 0.007436461135294125842, 0.008923753362352951010, 0.01189833781647060135 ),
 .UNSPECIFIED. ) ;
#717 = VECTOR ( 'NONE', #2400, 1000.000000000000000 ) ;
#718 = CARTESIAN_POINT ( 'NONE',  ( -18.52759671336895053, 8.347038225001742973, 4.210482844678120173 ) ) ;
#719 = DIRECTION ( 'NONE',  ( 0.000000000000000000, 0.000000000000000000, -1.000000000000000000 ) ) ;
#720 = VERTEX_POINT ( 'NONE', #550 ) ;
#721 = EDGE_CURVE ( 'NONE', #424, #1472, #519, .T. ) ;
#722 = CARTESIAN_POINT ( 'NONE',  ( -17.98229624514243241, 14.03563833717721465, 8.245372669642298646 ) ) ;
#723 = CARTESIAN_POINT ( 'NONE',  ( -12.96814841617841374, 11.08365289709020551, 17.89623364151695384 ) ) ;
#724 = CARTESIAN_POINT ( 'NONE',  ( -14.74345946767120630, 6.539030898019159821, 14.22596151159531530 ) ) ;
#725 = CARTESIAN_POINT ( 'NONE',  ( -19.54837245100696208, 11.97049358103326533, 13.44087609503939795 ) ) ;
#726 = DIRECTION ( 'NONE',  ( 0.000000000000000000, 0.000000000000000000, 1.000000000000000000 ) ) ;
#727 = ORIENTED_EDGE ( 'NONE', *, *, #614, .F. ) ;
#728 = CARTESIAN_POINT ( 'NONE',  ( -11.60856119679968401, 5.399999999999998579, 13.84728292591602639 ) ) ;
#729 = CARTESIAN_POINT ( 'NONE',  ( -5.387910424929172493, 6.547247731554719508, 18.22031470462535196 ) ) ;
#730 = CARTESIAN_POINT ( 'NONE',  ( -17.28323882045173576, 8.643645806670789966, 15.28783145964405676 ) ) ;
#731 = CARTESIAN_POINT ( 'NONE',  ( -18.49961070782605432, 8.174320320335143109, 4.332087654193766291 ) ) ;
#732 = DIRECTION ( 'NONE',  ( 0.000000000000000000, -1.000000000000000000, 0.000000000000000000 ) ) ;
#733 = EDGE_LOOP ( 'NONE', ( #967, #2681, #2661, #1450 ) ) ;
#734 = CARTESIAN_POINT ( 'NONE',  ( -12.65314761749177919, 14.19999999999999929, 19.33309572288990807 ) ) ;
#735 = CARTESIAN_POINT ( 'NONE',  ( -12.96814841617841374, 11.08365289709020551, 17.89623364151695384 ) ) ;
#736 = EDGE_CURVE ( 'NONE', #888, #1855, #1109, .T. ) ;
#737 = CARTESIAN_POINT ( 'NONE',  ( -19.59114986045943141, 12.85174544760033832, 13.51313526726326941 ) ) ;
#738 = CARTESIAN_POINT ( 'NONE',  ( -15.49991690843946479, 14.20000000000000107, -10.98874769168317833 ) ) ;
#739 = CARTESIAN_POINT ( 'NONE',  ( 1.237604307034021245, 15.60000000000000142, 7.903691262898044911 ) ) ;
#740 = ORIENTED_EDGE ( 'NONE', *, *, #530, .T. ) ;
#741 = CARTESIAN_POINT ( 'NONE',  ( -12.85460461250875852, 3.206418338859913675, 15.37554856916970714 ) ) ;
#742 = FACE_BOUND ( 'NONE', #207, .T. ) ;
#743 = CARTESIAN_POINT ( 'NONE',  ( -17.41999156864131848, 9.816739846343756071, 12.62140343842179746 ) ) ;
#744 = CARTESIAN_POINT ( 'NONE',  ( -18.52226809001887275, 8.314075274546915750, 4.233880730564517414 ) ) ;
#745 = CARTESIAN_POINT ( 'NONE',  ( -2.781568171288761437, 13.07645896023116805, 18.79529019113163457 ) ) ;
#746 = ORIENTED_EDGE ( 'NONE', *, *, #1784, .F. ) ;
#747 = CARTESIAN_POINT ( 'NONE',  ( -18.00005000746916650, 13.83512389534065612, 8.224742026284848961 ) ) ;
#748 = CARTESIAN_POINT ( 'NONE',  ( 0.000000000000000000, 16.00000000000000000, 0.000000000000000000 ) ) ;
#749 = DIRECTION ( 'NONE',  ( 1.000000000000000000, 0.000000000000000000, 0.000000000000000000 ) ) ;
#750 = DIRECTION ( 'NONE',  ( 0.000000000000000000, 0.000000000000000000, -1.000000000000000000 ) ) ;
#751 = DIRECTION ( 'NONE',  ( -0.000000000000000000, 1.000000000000000000, -0.000000000000000000 ) ) ;
#752 = ORIENTED_EDGE ( 'NONE', *, *, #1876, .F. ) ;
#753 = ADVANCED_FACE ( 'NONE', ( #1407 ), #577, .F. ) ;
#754 = CARTESIAN_POINT ( 'NONE',  ( -12.44507006329289567, 4.771762400046979380, 16.90306731084978864 ) ) ;
#755 = CARTESIAN_POINT ( 'NONE',  ( -12.00054851410275170, 1.308902860855740924, 14.74226156391786624 ) ) ;
#756 = CARTESIAN_POINT ( 'NONE',  ( -16.49937416726464434, 11.86304235517066274, 18.85596489206251292 ) ) ;
#757 = CARTESIAN_POINT ( 'NONE',  ( -18.61132808705523800, 9.052426354749037785, 3.823411210409838557 ) ) ;
#758 =( BOUNDED_SURFACE ( )  B_SPLINE_SURFACE ( 3, 2, ( 
 ( #1712, #1543, #856 ),
 ( #257, #1112, #2634 ),
 ( #1753, #1098, #1304 ),
 ( #243, #1740, #446 ),
 ( #1942, #471, #430 ),
 ( #459, #2398, #2621 ),
 ( #2377, #2579, #1330 ),
 ( #688, #659, #2169 ),
 ( #1315, #1517, #2152 ),
 ( #1531, #219, #2591 ),
 ( #699, #2603, #1727 ),
 ( #1980, #1072, #2183 ),
 ( #1965, #32, #50 ),
 ( #646, #234, #9 ),
 ( #905, #1085, #483 ),
 ( #1767, #1554, #2424 ) ),
 .UNSPECIFIED., .F., .F., .T. ) 
 B_SPLINE_SURFACE_WITH_KNOTS ( ( 4, 2, 2, 2, 2, 2, 2, 4 ),
 ( 3, 3 ),
 ( -5.984795992119984476E-17, 0.002195599221845931284, 0.002744499027307428958, 0.003293398832768927066, 0.004391198443691922415, 0.005488998054614917764, 0.006586797665537913113, 0.008782396887383903811 ),
 ( 0.3616790312395120610, 1.000000000000000000 ),
 .UNSPECIFIED. ) 
 GEOMETRIC_REPRESENTATION_ITEM ( )  RATIONAL_B_SPLINE_SURFACE ( (
 ( 0.8285258689792391884, 0.7629470936798561365, 1.000000000000000000),
 ( 0.8295748442470001205, 0.7643972403253030956, 1.000000000000000000),
 ( 0.8308784567671545496, 0.7661994080037648480, 1.000000000000000000),
 ( 0.8327385295173979074, 0.7687708492397534732, 1.000000000000000000),
 ( 0.8331223106472309681, 0.7693014040918245700, 1.000000000000000000),
 ( 0.8339124680598575257, 0.7703937502667169701, 1.000000000000000000),
 ( 0.8343198652734298282, 0.7709569529663262699, 1.000000000000000000),
 ( 0.8355583534342283514, 0.7726690900462036549, 1.000000000000000000),
 ( 0.8364099435708676200, 0.7738463633508250172, 1.000000000000000000),
 ( 0.8381586989853118119, 0.7762639149136721928, 1.000000000000000000),
 ( 0.8390559029276274394, 0.7775042466233109684, 1.000000000000000000),
 ( 0.8408959492053369456, 0.7800480024382436817, 1.000000000000000000),
 ( 0.8418432948282636996, 0.7813576520738336750, 1.000000000000000000),
 ( 0.8446860545820227273, 0.7852876003265933935, 1.000000000000000000),
 ( 0.8466021746527605529, 0.7879365236885187418, 1.000000000000000000),
 ( 0.8485647980618380437, 0.7906497351820790387, 1.000000000000000000) ) ) 
 REPRESENTATION_ITEM ( '' )  SURFACE ( )  );
#759 = AXIS2_PLACEMENT_3D ( 'NONE', #2655, #1090, #57 ) ;
#760 = ORIENTED_EDGE ( 'NONE', *, *, #2441, .T. ) ;
#761 = CIRCLE ( 'NONE', #2706, 18.00000000000000000 ) ;
#762 = FACE_OUTER_BOUND ( 'NONE', #1521, .T. ) ;
#763 = CARTESIAN_POINT ( 'NONE',  ( -18.38315173831132299, 9.031915201209947952, 16.10920662752091204 ) ) ;
#764 = DIRECTION ( 'NONE',  ( 0.000000000000000000, 1.000000000000000000, 0.000000000000000000 ) ) ;
#765 = DIRECTION ( 'NONE',  ( 0.6715050838402887301, 0.02200987912007289216, 0.7406729964010883016 ) ) ;
#766 = ORIENTED_EDGE ( 'NONE', *, *, #2395, .T. ) ;
#767 = CARTESIAN_POINT ( 'NONE',  ( 0.000000000000000000, 14.20000000000000107, 0.000000000000000000 ) ) ;
#768 = CARTESIAN_POINT ( 'NONE',  ( -2.836958535098027756, 12.44692280689002040, 18.78704413893608205 ) ) ;
#769 = CARTESIAN_POINT ( 'NONE',  ( -13.30887684386081382, 11.96206087164014242, 19.52056063360643634 ) ) ;
#770 = CARTESIAN_POINT ( 'NONE',  ( -4.005995737651340427, 8.661414364447932002, 18.57506663225067811 ) ) ;
#771 = CARTESIAN_POINT ( 'NONE',  ( -18.77832846006972289, 11.79776876070685887, 2.895445340982401028 ) ) ;
#772 = CARTESIAN_POINT ( 'NONE',  ( -8.247083370836172378, 13.99134868878675775, 17.98082409607503962 ) ) ;
#773 = EDGE_LOOP ( 'NONE', ( #1689, #1356, #2184, #2327 ) ) ;
#774 = CARTESIAN_POINT ( 'NONE',  ( -15.03762482621593932, 10.86298442511732887, 10.57261267632132551 ) ) ;
#775 =( BOUNDED_CURVE ( )  B_SPLINE_CURVE ( 2, ( #389, #2312, #2093 ),
 .UNSPECIFIED., .F., .F. ) 
 B_SPLINE_CURVE_WITH_KNOTS ( ( 3, 3 ),
 ( 0.000000000000000000, 1.000000000000000000 ),
 .UNSPECIFIED. ) 
 CURVE ( )  GEOMETRIC_REPRESENTATION_ITEM ( )  RATIONAL_B_SPLINE_CURVE ( ( 1.000000000000000000, 0.9551439704255346719, 1.000000000000000000 ) ) 
 REPRESENTATION_ITEM ( '' )  );
#776 = CARTESIAN_POINT ( 'NONE',  ( -17.38204576950034763, 6.410679353707218198, 15.35947835977321319 ) ) ;
#777 = DIRECTION ( 'NONE',  ( 0.000000000000000000, 1.000000000000000000, 0.000000000000000000 ) ) ;
#778 = DIRECTION ( 'NONE',  ( -0.000000000000000000, 1.000000000000000000, -0.000000000000000000 ) ) ;
#779 = VERTEX_POINT ( 'NONE', #1885 ) ;
#780 = CARTESIAN_POINT ( 'NONE',  ( -13.01407768591593062, 9.460059371642870474, 19.06059067015485908 ) ) ;
#781 = CARTESIAN_POINT ( 'NONE',  ( -12.90630187433438714, 8.959174334710750642, 18.90159005283183546 ) ) ;
#782 = CARTESIAN_POINT ( 'NONE',  ( -10.63411254866878686, 3.993012815029508999, 15.50100309944279964 ) ) ;
#783 = B_SPLINE_CURVE_WITH_KNOTS ( 'NONE', 3,
 ( #2512, #1904, #160, #1036, #1265, #1875, #2774, #1464, #831, #2069 ),
 .UNSPECIFIED., .F., .F.,
 ( 4, 2, 2, 2, 4 ),
 ( 0.000000000000000000, 0.2397863582049065412, 0.4795727164098130824, 0.7193590746147195958, 0.9591454328196261647 ),
 .UNSPECIFIED. ) ;
#784 = PLANE ( 'NONE',  #260 ) ;
#785 = DIRECTION ( 'NONE',  ( 0.000000000000000000, 0.000000000000000000, 1.000000000000000000 ) ) ;
#786 = EDGE_LOOP ( 'NONE', ( #2311, #592, #1750, #809, #2188, #1603 ) ) ;
#787 = DIRECTION ( 'NONE',  ( 0.000000000000000000, 1.000000000000000000, 0.000000000000000000 ) ) ;
#788 = EDGE_CURVE ( 'NONE', #2001, #1094, #2796, .T. ) ;
#789 = CARTESIAN_POINT ( 'NONE',  ( -14.35336060338782538, 11.00956872704551870, 19.58437167964113357 ) ) ;
#790 = CARTESIAN_POINT ( 'NONE',  ( 0.000000000000000000, 15.60000000000000142, 0.000000000000000000 ) ) ;
#791 = B_SPLINE_CURVE_WITH_KNOTS ( 'NONE', 3,
 ( #83, #1808, #2675, #110 ),
 .UNSPECIFIED., .F., .F.,
 ( 4, 4 ),
 ( 0.000000000000000000, 1.000000000000000000 ),
 .UNSPECIFIED. ) ;
#792 = CARTESIAN_POINT ( 'NONE',  ( -15.78564136906309834, 4.451345544507529617, 8.655468884071646940 ) ) ;
#793 = CARTESIAN_POINT ( 'NONE',  ( -18.58801688581121780, 14.20000000000000284, 4.548213831992796052 ) ) ;
#794 = ORIENTED_EDGE ( 'NONE', *, *, #2374, .T. ) ;
#795 = CARTESIAN_POINT ( 'NONE',  ( -17.39578462636033507, 3.295680832186768328, 7.647505499080315516 ) ) ;
#796 = CARTESIAN_POINT ( 'NONE',  ( -13.10300855181071888, 9.887788996839846689, 19.17947286909393512 ) ) ;
#797 = CARTESIAN_POINT ( 'NONE',  ( -13.40383611443984080, 5.022331025047093611, 17.81239567778752431 ) ) ;
#798 = DIRECTION ( 'NONE',  ( 0.000000000000000000, 1.000000000000000000, 0.000000000000000000 ) ) ;
#799 = CARTESIAN_POINT ( 'NONE',  ( -14.70833174855005865, 7.671039246779155718, 16.54899605794249240 ) ) ;
#800 = ORIENTED_EDGE ( 'NONE', *, *, #1202, .T. ) ;
#801 = FILL_AREA_STYLE ('',( #2761 ) ) ;
#802 = VECTOR ( 'NONE', #122, 1000.000000000000000 ) ;
#803 = CARTESIAN_POINT ( 'NONE',  ( -12.20751137795915220, 9.093148655719767604, 16.84865072862765700 ) ) ;
#804 = DIRECTION ( 'NONE',  ( 0.000000000000000000, 1.000000000000000000, 0.000000000000000000 ) ) ;
#805 = EDGE_CURVE ( 'NONE', #2733, #159, #81, .T. ) ;
#806 = AXIS2_PLACEMENT_3D ( 'NONE', #399, #814, #2730 ) ;
#807 = CARTESIAN_POINT ( 'NONE',  ( 0.000000000000000000, 14.20000000000000107, -18.00000000000000000 ) ) ;
#808 = LINE ( 'NONE', #1661, #544 ) ;
#809 = ORIENTED_EDGE ( 'NONE', *, *, #2548, .T. ) ;
#810 = CARTESIAN_POINT ( 'NONE',  ( -13.28041235426323219, 10.86371247399230455, 19.39141136382387742 ) ) ;
#811 = CARTESIAN_POINT ( 'NONE',  ( -12.58966597042814151, 6.822905340391490547, 18.08831352955790805 ) ) ;
#812 = CARTESIAN_POINT ( 'NONE',  ( -16.88729737974211886, 8.117123017614831681, 12.58765631519649020 ) ) ;
#813 = VECTOR ( 'NONE', #265, 1000.000000000000000 ) ;
#814 = DIRECTION ( 'NONE',  ( 0.000000000000000000, 1.000000000000000000, 0.000000000000000000 ) ) ;
#815 = CARTESIAN_POINT ( 'NONE',  ( -14.01750512541951466, 1.301551040083580357, 12.82612763303241188 ) ) ;
#816 = PRODUCT_DEFINITION ( 'UNKNOWN', '', #2345, #2541 ) ;
#817 = ORIENTED_EDGE ( 'NONE', *, *, #1302, .T. ) ;
#818 = CARTESIAN_POINT ( 'NONE',  ( -19.59114986045943141, 12.85174544760047155, 13.51313526726326941 ) ) ;
#819 = CARTESIAN_POINT ( 'NONE',  ( -14.12316911755140403, 9.564755775214720757, 19.27245058939139000 ) ) ;
#820 = DIRECTION ( 'NONE',  ( 0.000000000000000000, 0.000000000000000000, 1.000000000000000000 ) ) ;
#821 = UNCERTAINTY_MEASURE_WITH_UNIT (LENGTH_MEASURE( 1.000000000000000082E-05 ), #2552, 'distance_accuracy_value', 'NONE');
#822 = FACE_BOUND ( 'NONE', #1402, .T. ) ;
#823 = VERTEX_POINT ( 'NONE', #601 ) ;
#824 = ADVANCED_FACE ( 'NONE', ( #2783 ), #2549, .T. ) ;
#825 = LINE ( 'NONE', #1442, #2208 ) ;
#826 = CYLINDRICAL_SURFACE ( 'NONE', #2335, 2.000000000000000000 ) ;
#827 = ADVANCED_FACE ( 'NONE', ( #1434 ), #784, .T. ) ;
#828 = CARTESIAN_POINT ( 'NONE',  ( -12.52236336335015565, 6.217100699637797767, 17.79000502049546029 ) ) ;
#829 = DIRECTION ( 'NONE',  ( 0.000000000000000000, -0.000000000000000000, 1.000000000000000000 ) ) ;
#830 = CARTESIAN_POINT ( 'NONE',  ( 0.000000000000000000, 16.00000000000000000, 0.000000000000000000 ) ) ;
#831 = CARTESIAN_POINT ( 'NONE',  ( -18.10812060286681913, 11.08364215356714588, 13.14571180178595888 ) ) ;
#832 = CARTESIAN_POINT ( 'NONE',  ( -15.52277933363670215, 9.176523197522161723, 17.57605107496960528 ) ) ;
#833 = CARTESIAN_POINT ( 'NONE',  ( -17.88015984039156692, 11.05981013849609873, 12.95483935085820626 ) ) ;
#834 = DIRECTION ( 'NONE',  ( 0.000000000000000000, 0.000000000000000000, 1.000000000000000000 ) ) ;
#835 = EDGE_LOOP ( 'NONE', ( #209, #2045, #1417, #2574 ) ) ;
#836 = CARTESIAN_POINT ( 'NONE',  ( -7.903691262898045800, 25.60000000000000142, 2.837604307034014894 ) ) ;
#837 = CARTESIAN_POINT ( 'NONE',  ( -15.86090343366918631, 3.554140768068203116, 12.61579527273659806 ) ) ;
#838 = CARTESIAN_POINT ( 'NONE',  ( -13.03278964747324231, 9.545350245769228081, 19.08766144611550430 ) ) ;
#839 = ORIENTED_EDGE ( 'NONE', *, *, #1784, .T. ) ;
#840 = EDGE_CURVE ( 'NONE', #2782, #2350, #1350, .T. ) ;
#841 = CARTESIAN_POINT ( 'NONE',  ( -10.25632480255854340, 7.944008425587379740, 15.07147502482973955 ) ) ;
#842 = DIRECTION ( 'NONE',  ( 0.000000000000000000, 0.000000000000000000, -1.000000000000000000 ) ) ;
#843 = CARTESIAN_POINT ( 'NONE',  ( -19.59544051150795951, 13.88542759848731833, 13.52729097808965086 ) ) ;
#844 = CARTESIAN_POINT ( 'NONE',  ( -13.49991690843946301, 0.000000000000000000, 0.000000000000000000 ) ) ;
#845 = CARTESIAN_POINT ( 'NONE',  ( -17.88002657870602263, 11.05384207252623163, 12.95474204967092646 ) ) ;
#846 = ORIENTED_EDGE ( 'NONE', *, *, #2024, .F. ) ;
#847 = AXIS2_PLACEMENT_3D ( 'NONE', #1794, #2662, #2453 ) ;
#848 = CARTESIAN_POINT ( 'NONE',  ( -14.56394938530252325, 2.585307620403148654, 10.58020396956753828 ) ) ;
#849 = ORIENTED_EDGE ( 'NONE', *, *, #404, .F. ) ;
#850 = CARTESIAN_POINT ( 'NONE',  ( 0.000000000000000000, 13.40000000000000036, 0.000000000000000000 ) ) ;
#851 = AXIS2_PLACEMENT_3D ( 'NONE', #767, #570, #2740 ) ;
#852 = VECTOR ( 'NONE', #1326, 1000.000000000000000 ) ;
#853 = CARTESIAN_POINT ( 'NONE',  ( -16.94875614711945744, 7.410726193166865094, 9.290901956500704273 ) ) ;
#854 = PRESENTATION_STYLE_ASSIGNMENT (( #5 ) ) ;
#855 = CARTESIAN_POINT ( 'NONE',  ( -13.32631677186439312, 6.639305822383275490, 15.66186860479425214 ) ) ;
#856 = CARTESIAN_POINT ( 'NONE',  ( -18.84360567203011527, 12.85174544760031523, 16.51173338729725870 ) ) ;
#857 = CARTESIAN_POINT ( 'NONE',  ( -17.68827068996954566, 4.125217797124274277, 6.937224479126899546 ) ) ;
#858 = CARTESIAN_POINT ( 'NONE',  ( -14.33787030050007338, 10.72246508952727595, 19.56399875463920424 ) ) ;
#859 = CARTESIAN_POINT ( 'NONE',  ( -17.72576098109357545, 10.39295807399778582, 12.84292943359071337 ) ) ;
#860 = EDGE_LOOP ( 'NONE', ( #2721, #2547, #153, #2304, #115 ) ) ;
#861 = CARTESIAN_POINT ( 'NONE',  ( -15.64200530107230236, 4.077784185140343354, 8.913034399369484717 ) ) ;
#862 = ORIENTED_EDGE ( 'NONE', *, *, #1101, .T. ) ;
#863 = FACE_OUTER_BOUND ( 'NONE', #1496, .T. ) ;
#864 = CARTESIAN_POINT ( 'NONE',  ( -16.91164661089712595, 7.234300445673762070, 9.332751786496290336 ) ) ;
#865 = CARTESIAN_POINT ( 'NONE',  ( -11.44314784761750303, 2.245533174865641968, 13.90072438547895928 ) ) ;
#866 = CARTESIAN_POINT ( 'NONE',  ( 0.000000000000000000, 14.20000000000000107, 0.000000000000000000 ) ) ;
#867 = DIRECTION ( 'NONE',  ( -0.7071067811865479058, 0.000000000000000000, -0.7071067811865472397 ) ) ;
#868 = CARTESIAN_POINT ( 'NONE',  ( -19.29490736994470979, 10.39293037632841354, 13.19257457941593792 ) ) ;
#869 = ORIENTED_EDGE ( 'NONE', *, *, #79, .T. ) ;
#870 = ADVANCED_FACE ( 'NONE', ( #2743 ), #2295, .F. ) ;
#871 = CARTESIAN_POINT ( 'NONE',  ( -17.41632930158502646, 9.250609386632138609, 12.69420467758495974 ) ) ;
#872 = VERTEX_POINT ( 'NONE', #1642 ) ;
#873 = CARTESIAN_POINT ( 'NONE',  ( 0.000000000000000000, 16.00000000000000000, 0.000000000000000000 ) ) ;
#874 = CARTESIAN_POINT ( 'NONE',  ( -18.46223493835262985, 7.937297654729278840, 4.488884148182445522 ) ) ;
#875 = CYLINDRICAL_SURFACE ( 'NONE', #1933, 19.00000000000000000 ) ;
#876 = CARTESIAN_POINT ( 'NONE',  ( -10.44535025297398256, 9.988627395263565134, 15.08478314664832176 ) ) ;
#877 = CARTESIAN_POINT ( 'NONE',  ( 0.000000000000000000, 25.60000000000000142, 0.000000000000000000 ) ) ;
#878 = ORIENTED_EDGE ( 'NONE', *, *, #46, .F. ) ;
#879 = CARTESIAN_POINT ( 'NONE',  ( -14.30650299916604240, 1.299894897504312086, 12.51028568194779211 ) ) ;
#880 = CARTESIAN_POINT ( 'NONE',  ( -19.43327011657008896, 11.10451522477147002, 13.31896876220099912 ) ) ;
#881 = VERTEX_POINT ( 'NONE', #1474 ) ;
#882 = CARTESIAN_POINT ( 'NONE',  ( -16.13630451199271931, 5.800369438151701473, 7.977011119075177348 ) ) ;
#883 = CARTESIAN_POINT ( 'NONE',  ( -13.33534437880489065, 2.206660268064785768, 12.09002027701676774 ) ) ;
#884 = EDGE_CURVE ( 'NONE', #1743, #938, #1860, .T. ) ;
#885 = CARTESIAN_POINT ( 'NONE',  ( -15.22050416184568711, 3.089254485880383871, 12.92801989870794621 ) ) ;
#886 = CIRCLE ( 'NONE', #1844, 19.00000000000000000 ) ;
#887 = CARTESIAN_POINT ( 'NONE',  ( -18.79248386773252122, 12.85174544760031523, 2.800455334586303469 ) ) ;
#888 = VERTEX_POINT ( 'NONE', #2280 ) ;
#889 = AXIS2_PLACEMENT_3D ( 'NONE', #630, #1902, #842 ) ;
#890 = CARTESIAN_POINT ( 'NONE',  ( -11.50738849291621158, 5.244981247931590929, 13.85913400125020623 ) ) ;
#891 = DIRECTION ( 'NONE',  ( 0.000000000000000000, 1.000000000000000000, 0.000000000000000000 ) ) ;
#892 = AXIS2_PLACEMENT_3D ( 'NONE', #959, #2238, #1829 ) ;
#893 = VECTOR ( 'NONE', #1255, 1000.000000000000000 ) ;
#894 = CARTESIAN_POINT ( 'NONE',  ( -18.26476573882177235, 6.736200004726573098, 5.234344030826467709 ) ) ;
#895 = CARTESIAN_POINT ( 'NONE',  ( -16.03378882815697892, 3.743222998011288105, 12.57920678598127040 ) ) ;
#896 = EDGE_CURVE ( 'NONE', #424, #474, #2566, .T. ) ;
#897 = CARTESIAN_POINT ( 'NONE',  ( -16.38608684710344576, 7.566944382228509625, 7.449767359419574575 ) ) ;
#898 = CARTESIAN_POINT ( 'NONE',  ( -12.50071414170644779, 11.08365289709020374, 17.33844281257025699 ) ) ;
#899 = ADVANCED_FACE ( 'NONE', ( #374 ), #2716, .T. ) ;
#900 = CARTESIAN_POINT ( 'NONE',  ( -15.91142608691382954, 10.95018993734220558, 18.02568555700859676 ) ) ;
#901 =( NAMED_UNIT ( * ) SI_UNIT ( $, .STERADIAN. ) SOLID_ANGLE_UNIT ( ) );
#902 = ORIENTED_EDGE ( 'NONE', *, *, #2619, .F. ) ;
#903 = ADVANCED_FACE ( 'NONE', ( #2646 ), #698, .T. ) ;
#904 = CARTESIAN_POINT ( 'NONE',  ( -12.60503320625022106, 6.939465653307872017, 18.13737098529154324 ) ) ;
#905 = CARTESIAN_POINT ( 'NONE',  ( -16.11036839810231669, 4.477637010468480838, 11.03339254879275089 ) ) ;
#906 = CARTESIAN_POINT ( 'NONE',  ( -18.02585245449935769, 11.08364215356650462, 15.91527304245492580 ) ) ;
#907 = CARTESIAN_POINT ( 'NONE',  ( -17.32224253891584453, 3.149716031714405062, 7.809001882433619812 ) ) ;
#908 = CARTESIAN_POINT ( 'NONE',  ( -16.80198698330243090, 4.625730217007048672, 12.44355256277069444 ) ) ;
#909 = ORIENTED_EDGE ( 'NONE', *, *, #2614, .T. ) ;
#910 = CARTESIAN_POINT ( 'NONE',  ( -14.77165422339628797, 2.760965787889043010, 10.28765181516956417 ) ) ;
#911 = DIRECTION ( 'NONE',  ( 0.000000000000000000, 0.000000000000000000, -1.000000000000000000 ) ) ;
#912 = CYLINDRICAL_SURFACE ( 'NONE', #1399, 3.000000000000000888 ) ;
#913 = B_SPLINE_CURVE_WITH_KNOTS ( 'NONE', 3,
 ( #255, #2618, #1126, #1990, #2422, #712, #62, #469, #1515, #1328, #444, #1778, #1569, #1724, #2167, #217, #1953, #1110, #7, #2601 ),
 .UNSPECIFIED., .F., .F.,
 ( 4, 2, 2, 2, 2, 2, 2, 2, 2, 4 ),
 ( 0.000000000000000000, 0.0003764492012433294011, 0.0007528984024866588022, 0.001505796804973316954, 0.002258695207459975214, 0.003011593609946633474, 0.003764492012433291301, 0.004517390414919949561, 0.005270288817406607387, 0.006023187219893265214 ),
 .UNSPECIFIED. ) ;
#914 = CARTESIAN_POINT ( 'NONE',  ( -15.91527304245502350, 11.08365289709163193, 18.02585245449924756 ) ) ;
#915 = CARTESIAN_POINT ( 'NONE',  ( -17.91668652425266828, 10.09109694970381099, 15.80475556155235672 ) ) ;
#916 = ORIENTED_EDGE ( 'NONE', *, *, #2597, .T. ) ;
#917 = CARTESIAN_POINT ( 'NONE',  ( -17.96555018558342098, 11.05685424949238005, 15.97557531137085896 ) ) ;
#918 = DIRECTION ( 'NONE',  ( -0.000000000000000000, -1.000000000000000000, -0.000000000000000000 ) ) ;
#919 = CARTESIAN_POINT ( 'NONE',  ( -18.02592318443026542, 11.07790726830930694, 15.91520216108582453 ) ) ;
#920 = ADVANCED_FACE ( 'NONE', ( #73 ), #2102, .T. ) ;
#921 = DIRECTION ( 'NONE',  ( 0.000000000000000000, -0.000000000000000000, -1.000000000000000000 ) ) ;
#922 = CARTESIAN_POINT ( 'NONE',  ( -2.746821604294053198, 13.70565679559924455, 18.80039833783933290 ) ) ;
#923 = ORIENTED_EDGE ( 'NONE', *, *, #2441, .F. ) ;
#924 = CARTESIAN_POINT ( 'NONE',  ( -18.79990701281833054, 13.61577138521282571, 2.750184367506797400 ) ) ;
#925 = CARTESIAN_POINT ( 'NONE',  ( -12.87771511685170367, 1.943807839412863281, 14.07721442850257887 ) ) ;
#926 = CARTESIAN_POINT ( 'NONE',  ( -9.214203205201192404, 3.698844653088873446, 15.46616111019986128 ) ) ;
#927 = CARTESIAN_POINT ( 'NONE',  ( -17.98434718328606863, 10.45695751367448167, 15.86619243682694069 ) ) ;
#928 = ORIENTED_EDGE ( 'NONE', *, *, #1595, .T. ) ;
#929 = CARTESIAN_POINT ( 'NONE',  ( -12.82612763325416516, 1.301551040084746091, 14.01750512521660852 ) ) ;
#930 = AXIS2_PLACEMENT_3D ( 'NONE', #1733, #393, #1254 ) ;
#931 = CARTESIAN_POINT ( 'NONE',  ( -8.236468060781138689, 13.72131958619631931, 17.97160069585466857 ) ) ;
#932 = CARTESIAN_POINT ( 'NONE',  ( -12.93195679374827378, 9.190371092960415211, 18.96665106517272292 ) ) ;
#933 = AXIS2_PLACEMENT_3D ( 'NONE', #2565, #1449, #2080 ) ;
#934 = CARTESIAN_POINT ( 'NONE',  ( -18.46870695806767415, 7.984696645865513531, 4.462867047369796225 ) ) ;
#935 = EDGE_CURVE ( 'NONE', #1743, #2782, #377, .T. ) ;
#936 = DIRECTION ( 'NONE',  ( 0.000000000000000000, 0.000000000000000000, 1.000000000000000000 ) ) ;
#937 = AXIS2_PLACEMENT_3D ( 'NONE', #1056, #428, #2135 ) ;
#938 = VERTEX_POINT ( 'NONE', #2506 ) ;
#939 = CARTESIAN_POINT ( 'NONE',  ( -15.07165033338262816, 10.19785885531479863, 10.48260339714561340 ) ) ;
#940 = CARTESIAN_POINT ( 'NONE',  ( 2.326828918379970970E-15, -53.74011537017761242, -19.00000000000000000 ) ) ;
#941 = SHAPE_DEFINITION_REPRESENTATION ( #2057, #2372 ) ;
#942 = CARTESIAN_POINT ( 'NONE',  ( 0.000000000000000000, 0.000000000000000000, 0.000000000000000000 ) ) ;
#943 = CARTESIAN_POINT ( 'NONE',  ( -1.237604307034019246, 25.60000000000000142, -9.503691262898042780 ) ) ;
#944 = DIRECTION ( 'NONE',  ( -0.000000000000000000, -1.000000000000000000, -0.000000000000000000 ) ) ;
#945 = ORIENTED_EDGE ( 'NONE', *, *, #1316, .F. ) ;
#946 = CARTESIAN_POINT ( 'NONE',  ( -13.98560043715731105, 11.22153460401408331, 19.95552505979697600 ) ) ;
#947 = CARTESIAN_POINT ( 'NONE',  ( -3.136290499717915292, 10.82766266398911981, 18.74006957101175530 ) ) ;
#948 = CARTESIAN_POINT ( 'NONE',  ( -15.03237011332464945, 10.83364296204933730, 20.11224744074798210 ) ) ;
#949 = CARTESIAN_POINT ( 'NONE',  ( -18.42113320519365871, 7.695861699945781176, 4.654229602897475893 ) ) ;
#950 = CARTESIAN_POINT ( 'NONE',  ( -15.91326807805133825, 10.95694779879079839, 18.02785556694508529 ) ) ;
#951 =( BOUNDED_SURFACE ( )  B_SPLINE_SURFACE ( 3, 2, ( 
 ( #330, #2713, #1390 ),
 ( #756, #2005, #769 ),
 ( #286, #948, #1830 ),
 ( #2279, #131, #1572 ),
 ( #1191, #503, #1815 ),
 ( #1145, #2254, #2684 ),
 ( #1374, #75, #932 ),
 ( #317, #1797, #2666 ),
 ( #1178, #2036, #1586 ),
 ( #299, #104, #960 ),
 ( #2696, #2077, #572 ),
 ( #144, #2756, #1001 ),
 ( #1667, #797, #1219 ),
 ( #2293, #2089, #2533 ),
 ( #1858, #1433, #371 ),
 ( #156, #1652, #782 ) ),
 .UNSPECIFIED., .F., .F., .T. ) 
 B_SPLINE_SURFACE_WITH_KNOTS ( ( 4, 2, 2, 2, 2, 2, 2, 4 ),
 ( 3, 3 ),
 ( 0.000000000000000000, 0.002195599221845680182, 0.002744499027307100228, 0.003293398832768520273, 0.004391198443691360365, 0.005488998054614200456, 0.006586797665537040547, 0.008782396887382720729 ),
 ( 0.000000000000000000, 0.6375663518369272253 ),
 .UNSPECIFIED. ) 
 GEOMETRIC_REPRESENTATION_ITEM ( )  RATIONAL_B_SPLINE_SURFACE ( (
 ( 1.000000000000000000, 0.7632273353508105540, 0.8283712387318049597),
 ( 1.000000000000000000, 0.7646757676468295406, 0.8294211599341316798),
 ( 1.000000000000000000, 0.7664758048199107332, 0.8307259480130696483),
 ( 1.000000000000000000, 0.7690442061227794612, 0.8325876981213606864),
 ( 1.000000000000000000, 0.7695741337579767860, 0.8329718253335345324),
 ( 1.000000000000000000, 0.7706651885717299422, 0.8337626952865233587),
 ( 1.000000000000000000, 0.7712277254584865016, 0.8341704598787105240),
 ( 1.000000000000000000, 0.7729378384663776469, 0.8354100648711526578),
 ( 1.000000000000000000, 0.7741137200097565341, 0.8362624229463015979),
 ( 1.000000000000000000, 0.7765284135663719223, 0.8380127553361413906),
 ( 1.000000000000000000, 0.7777672789678055087, 0.8389107683501906276),
 ( 1.000000000000000000, 0.7803080275789204823, 0.8407524739265740399),
 ( 1.000000000000000000, 0.7816161289593448469, 0.8417006738375227837),
 ( 1.000000000000000000, 0.7855414312649546815, 0.8445459971070528038),
 ( 1.000000000000000000, 0.7881872230951469938, 0.8464638450776462708),
 ( 1.000000000000000000, 0.7908972270560976625, 0.8484282383218535450) ) ) 
 REPRESENTATION_ITEM ( '' )  SURFACE ( )  );
#952 = ORIENTED_EDGE ( 'NONE', *, *, #2584, .F. ) ;
#953 = CARTESIAN_POINT ( 'NONE',  ( -9.983359580777831255, 14.19999999999999396, 18.79008803962527097 ) ) ;
#954 = CARTESIAN_POINT ( 'NONE',  ( -12.82612763325416516, 1.301551040084746091, 14.01750512521660852 ) ) ;
#955 = ADVANCED_FACE ( 'NONE', ( #1856 ), #826, .F. ) ;
#956 = CARTESIAN_POINT ( 'NONE',  ( -9.135870759084095738, 11.08365289708958912, 16.10772051817324879 ) ) ;
#957 = CARTESIAN_POINT ( 'NONE',  ( -18.07303586710626320, 12.79231600520128431, 17.28230319222111433 ) ) ;
#958 = CARTESIAN_POINT ( 'NONE',  ( -13.40191435810572251, 2.944293296568975205, 14.65529223944113824 ) ) ;
#959 = CARTESIAN_POINT ( 'NONE',  ( 19.00002500000000083, 25.60000000000000142, -0.5000000000000014433 ) ) ;
#960 = CARTESIAN_POINT ( 'NONE',  ( -12.45826380338422901, 7.417180023049028570, 18.25765874503460751 ) ) ;
#961 = CARTESIAN_POINT ( 'NONE',  ( -8.222626938046596834, 13.89433177812948728, 18.00187015302809002 ) ) ;
#962 = ORIENTED_EDGE ( 'NONE', *, *, #2710, .F. ) ;
#963 = CARTESIAN_POINT ( 'NONE',  ( -4.542161616798832569, 14.20000000000000462, 18.53890826601176300 ) ) ;
#964 = LINE ( 'NONE', #1198, #2616 ) ;
#965 = CARTESIAN_POINT ( 'NONE',  ( -19.59566338558997955, 14.20000000000000107, 13.52803346323716838 ) ) ;
#966 = CARTESIAN_POINT ( 'NONE',  ( -18.74270892498545749, 14.20000000000000284, 10.00080675850546541 ) ) ;
#967 = ORIENTED_EDGE ( 'NONE', *, *, #79, .F. ) ;
#968 = CARTESIAN_POINT ( 'NONE',  ( -12.90735733367049320, 8.964378704191574343, 18.90280633849316416 ) ) ;
#969 = CARTESIAN_POINT ( 'NONE',  ( -8.515543404518913562, 10.73561903674512941, 17.61919136760687365 ) ) ;
#970 = CARTESIAN_POINT ( 'NONE',  ( -16.47677469874923872, 6.389741629302633896, 12.08352017811374779 ) ) ;
#971 = AXIS2_PLACEMENT_3D ( 'NONE', #942, #764, #1623 ) ;
#972 = CARTESIAN_POINT ( 'NONE',  ( -18.66688076159381282, 9.699641412186970513, 3.542295946130484374 ) ) ;
#973 = CARTESIAN_POINT ( 'NONE',  ( -10.86028413516746838, 1.471173357126432490, 15.59085777295917374 ) ) ;
#974 = CARTESIAN_POINT ( 'NONE',  ( -2.800466942032489470, 12.85174544759926007, 18.79248213798760148 ) ) ;
#975 = CLOSED_SHELL ( 'NONE', ( #1748, #396, #25, #387, #2501, #2186, #1286, #1688, #1609, #2113, #426, #704, #1823, #1903, #1697, #1346, #300, #1894, #1458, #824 ) ) ;
#976 = ORIENTED_EDGE ( 'NONE', *, *, #1073, .T. ) ;
#977 =( GEOMETRIC_REPRESENTATION_CONTEXT ( 3 ) GLOBAL_UNCERTAINTY_ASSIGNED_CONTEXT ( ( #821 ) ) GLOBAL_UNIT_ASSIGNED_CONTEXT ( ( #2552, #1672, #1890 ) ) REPRESENTATION_CONTEXT ( 'NONE', 'WORKASPACE' ) );
#978 = LINE ( 'NONE', #2261, #2379 ) ;
#979 = DIRECTION ( 'NONE',  ( -0.000000000000000000, 1.000000000000000000, -0.000000000000000000 ) ) ;
#980 = CARTESIAN_POINT ( 'NONE',  ( -17.48688856513086165, 11.08364215356582783, 12.62511316199435463 ) ) ;
#981 = AXIS2_PLACEMENT_3D ( 'NONE', #2371, #2387, #2344 ) ;
#982 = CARTESIAN_POINT ( 'NONE',  ( 2.326828918379970970E-15, 25.60000000000000142, 19.00000000000000000 ) ) ;
#983 = EDGE_LOOP ( 'NONE', ( #1681, #2428, #2652, #2596 ) ) ;
#984 = CIRCLE ( 'NONE', #358, 18.00000000000000000 ) ;
#985 = ADVANCED_FACE ( 'NONE', ( #2754 ), #1869, .F. ) ;
#986 = CARTESIAN_POINT ( 'NONE',  ( -18.21566416673192990, 6.446262684772236184, 5.405849645426171080 ) ) ;
#987 = CARTESIAN_POINT ( 'NONE',  ( 0.000000000000000000, -53.74011537017761242, 0.000000000000000000 ) ) ;
#988 = CARTESIAN_POINT ( 'NONE',  ( -18.68629551205337691, 8.481015742769137944, 13.69456720543121264 ) ) ;
#989 = EDGE_CURVE ( 'NONE', #651, #491, #1252, .T. ) ;
#990 = CARTESIAN_POINT ( 'NONE',  ( -13.52803345729733486, 14.20000000000000107, 19.59566338380722073 ) ) ;
#991 = CARTESIAN_POINT ( 'NONE',  ( -7.903691262898045800, 15.60000000000000142, 1.237604307034015250 ) ) ;
#992 = ORIENTED_EDGE ( 'NONE', *, *, #840, .T. ) ;
#993 = CARTESIAN_POINT ( 'NONE',  ( -19.59483025627366004, 13.61577138521266583, 13.52526176505163313 ) ) ;
#994 = CARTESIAN_POINT ( 'NONE',  ( -15.91449247732759353, 11.04322204867426471, 18.02627366910986950 ) ) ;
#995 = CARTESIAN_POINT ( 'NONE',  ( -18.85585780554783497, 11.87160924203252677, 16.49948125377954256 ) ) ;
#996 = DIRECTION ( 'NONE',  ( 0.000000000000000000, -9.772275581336016244E-14, -1.000000000000000000 ) ) ;
#997 = LINE ( 'NONE', #1648, #632 ) ;
#998 = ORIENTED_EDGE ( 'NONE', *, *, #1912, .T. ) ;
#999 = DIRECTION ( 'NONE',  ( -0.000000000000000000, 1.000000000000000000, 0.000000000000000000 ) ) ;
#1000 = LINE ( 'NONE', #2063, #1482 ) ;
#1001 = CARTESIAN_POINT ( 'NONE',  ( -12.04609970996214052, 6.338631297650072050, 17.63712203321726335 ) ) ;
#1002 = CARTESIAN_POINT ( 'NONE',  ( -5.204760053951006604, 6.798648814561976117, 18.27321889173963143 ) ) ;
#1003 = CARTESIAN_POINT ( 'NONE',  ( -12.09002027701891357, 2.206660268064494002, 13.33534437880295265 ) ) ;
#1004 = CARTESIAN_POINT ( 'NONE',  ( -15.80470938783600587, 10.09087070518654983, 17.91663378887879432 ) ) ;
#1005 = ADVANCED_FACE ( 'NONE', ( #1650 ), #1149, .T. ) ;
#1006 = ORIENTED_EDGE ( 'NONE', *, *, #2411, .T. ) ;
#1007 = LINE ( 'NONE', #1019, #1297 ) ;
#1008 = CARTESIAN_POINT ( 'NONE',  ( -14.99772860231123239, 8.121750943209308460, 16.91682154220645273 ) ) ;
#1009 = CARTESIAN_POINT ( 'NONE',  ( -14.65529223944120041, 2.944293296568997853, 13.40191435810570475 ) ) ;
#1010 = DIRECTION ( 'NONE',  ( 0.000000000000000000, 1.000000000000000000, 0.000000000000000000 ) ) ;
#1011 = DIRECTION ( 'NONE',  ( 0.7408524654891394112, 0.000000000000000000, -0.6716677931676219293 ) ) ;
#1012 = ORIENTED_EDGE ( 'NONE', *, *, #1199, .T. ) ;
#1013 = CARTESIAN_POINT ( 'NONE',  ( -12.94801541811163048, 9.158302015579950606, 18.96487339395675420 ) ) ;
#1014 = CARTESIAN_POINT ( 'NONE',  ( -10.45976214448588060, 4.052161102660735814, 15.96718169565472145 ) ) ;
#1015 = CARTESIAN_POINT ( 'NONE',  ( -17.65808359478895184, 9.893454792273173481, 12.81887856303464979 ) ) ;
#1016 = CARTESIAN_POINT ( 'NONE',  ( -16.51173338729736173, 12.85174544760037207, 18.84360567203000869 ) ) ;
#1017 = DIRECTION ( 'NONE',  ( -0.000000000000000000, 1.000000000000000000, -0.000000000000000000 ) ) ;
#1018 = ORIENTED_EDGE ( 'NONE', *, *, #1041, .F. ) ;
#1019 = CARTESIAN_POINT ( 'NONE',  ( 0.000000000000000000, 24.60000000000000142, 0.5000000000000013323 ) ) ;
#1020 = AXIS2_PLACEMENT_3D ( 'NONE', #2722, #322, #2227 ) ;
#1021 = CARTESIAN_POINT ( 'NONE',  ( -15.90433834871104679, 10.82123394177343023, 18.02113622589327235 ) ) ;
#1022 = CARTESIAN_POINT ( 'NONE',  ( -16.68755806031938249, 5.225336421563734568, 14.85414934478504279 ) ) ;
#1023 = AXIS2_PLACEMENT_3D ( 'NONE', #417, #2123, #360 ) ;
#1024 = CARTESIAN_POINT ( 'NONE',  ( -14.13589023684103552, 2.340070259261238128, 11.14598654363961749 ) ) ;
#1025 = ORIENTED_EDGE ( 'NONE', *, *, #721, .T. ) ;
#1026 = PRESENTATION_LAYER_ASSIGNMENT (  '', '', ( #2251 ) ) ;
#1027 = CYLINDRICAL_SURFACE ( 'NONE', #43, 2.999999999999999112 ) ;
#1028 = CARTESIAN_POINT ( 'NONE',  ( -12.93420894041410918, 9.094331331728152890, 18.94452520431122622 ) ) ;
#1029 = CARTESIAN_POINT ( 'NONE',  ( -13.26953871095911808, 10.79331117406706220, 19.38051930422834701 ) ) ;
#1030 = ORIENTED_EDGE ( 'NONE', *, *, #2558, .F. ) ;
#1031 = CARTESIAN_POINT ( 'NONE',  ( -6.803644193254907435, 4.317448160042082428, 17.74015224780226063 ) ) ;
#1032 = VECTOR ( 'NONE', #1851, 1000.000000000000000 ) ;
#1033 = DIRECTION ( 'NONE',  ( 0.000000000000000000, 1.000000000000000000, 1.236370898448382137E-16 ) ) ;
#1034 = CARTESIAN_POINT ( 'NONE',  ( 2.204364238465235033E-15, 24.60000000000000142, -18.00000000000000000 ) ) ;
#1035 = ORIENTED_EDGE ( 'NONE', *, *, #884, .T. ) ;
#1036 = CARTESIAN_POINT ( 'NONE',  ( -18.57592548701452273, 11.08364215356714411, 14.96796740760641420 ) ) ;
#1037 = CARTESIAN_POINT ( 'NONE',  ( -12.49141008993179724, 6.778873664246015451, 17.03662838718195260 ) ) ;
#1038 = CARTESIAN_POINT ( 'NONE',  ( -17.87898549807454884, 11.02418312952319468, 12.95398412012964506 ) ) ;
#1039 = DIRECTION ( 'NONE',  ( 0.000000000000000000, 1.000000000000000000, 0.000000000000000000 ) ) ;
#1040 = CARTESIAN_POINT ( 'NONE',  ( 1.237604307034021467, 25.60000000000000142, 6.303691262898044378 ) ) ;
#1041 = EDGE_CURVE ( 'NONE', #872, #2363, #761, .T. ) ;
#1042 = CARTESIAN_POINT ( 'NONE',  ( -17.28920928112291477, 9.121092588486074959, 8.905883736032318865 ) ) ;
#1043 = FACE_OUTER_BOUND ( 'NONE', #2770, .T. ) ;
#1044 = VERTEX_POINT ( 'NONE', #266 ) ;
#1045 = CARTESIAN_POINT ( 'NONE',  ( -13.51313245890026948, 12.85174544759923343, 19.59114900168102125 ) ) ;
#1046 = FACE_OUTER_BOUND ( 'NONE', #422, .T. ) ;
#1047 = ORIENTED_EDGE ( 'NONE', *, *, #2584, .T. ) ;
#1048 = LINE ( 'NONE', #135, #1973 ) ;
#1049 = LINE ( 'NONE', #844, #124 ) ;
#1050 = CARTESIAN_POINT ( 'NONE',  ( -19.08341452237020519, 9.149890254376694898, 13.98478366694149955 ) ) ;
#1051 = EDGE_LOOP ( 'NONE', ( #569, #61, #2600, #794 ) ) ;
#1052 = CARTESIAN_POINT ( 'NONE',  ( -14.39041304373765762, 14.20000000000000107, 16.72228532847043425 ) ) ;
#1053 = VERTEX_POINT ( 'NONE', #2463 ) ;
#1054 = DIRECTION ( 'NONE',  ( -0.000000000000000000, 1.000000000000000000, -0.000000000000000000 ) ) ;
#1055 = CARTESIAN_POINT ( 'NONE',  ( -17.38443598737537954, 9.592709924441239266, 8.794905902188032698 ) ) ;
#1056 = CARTESIAN_POINT ( 'NONE',  ( 0.000000000000000000, 24.60000000000000142, 0.000000000000000000 ) ) ;
#1057 = CARTESIAN_POINT ( 'NONE',  ( -13.03113547773028635, 6.869017302471323028, 16.00470424587768292 ) ) ;
#1058 = DIRECTION ( 'NONE',  ( 0.000000000000000000, 1.000000000000000000, 0.000000000000000000 ) ) ;
#1059 = ORIENTED_EDGE ( 'NONE', *, *, #1694, .F. ) ;
#1060 = CARTESIAN_POINT ( 'NONE',  ( 0.000000000000000000, 14.20000000000000107, 19.00000000000000000 ) ) ;
#1061 = CARTESIAN_POINT ( 'NONE',  ( -14.34909424000416678, 10.89761979283125015, 19.57886615984039835 ) ) ;
#1062 = CARTESIAN_POINT ( 'NONE',  ( -17.83492523276724384, 10.72032516978618233, 12.92203316721798423 ) ) ;
#1063 = VERTEX_POINT ( 'NONE', #943 ) ;
#1064 = CIRCLE ( 'NONE', #1698, 18.00000000000000000 ) ;
#1065 = CARTESIAN_POINT ( 'NONE',  ( -15.91599076701542437, 4.864071691024480337, 8.410546997581757722 ) ) ;
#1066 = ORIENTED_EDGE ( 'NONE', *, *, #2558, .T. ) ;
#1067 = CARTESIAN_POINT ( 'NONE',  ( -13.33534437880450518, 2.206660268064801755, 12.09002027701719939 ) ) ;
#1068 = CIRCLE ( 'NONE', #2430, 18.00000000000000000 ) ;
#1069 = CARTESIAN_POINT ( 'NONE',  ( -18.42366681228730485, 7.604005890748063656, 12.69776844922096259 ) ) ;
#1070 = CARTESIAN_POINT ( 'NONE',  ( 0.000000000000000000, 25.60000000000000142, 0.000000000000000000 ) ) ;
#1071 = CARTESIAN_POINT ( 'NONE',  ( -13.17339393189130803, 6.738824805718269140, 15.83599951740496259 ) ) ;
#1072 = CARTESIAN_POINT ( 'NONE',  ( -18.07960906753051589, 5.410695476468759146, 13.58547435397103875 ) ) ;
#1073 = EDGE_CURVE ( 'NONE', #2526, #201, #716, .T. ) ;
#1074 = AXIS2_PLACEMENT_3D ( 'NONE', #137, #804, #2569 ) ;
#1075 = CARTESIAN_POINT ( 'NONE',  ( -18.01672975240910546, 5.425881869406306457, 6.034897636491741046 ) ) ;
#1076 = CARTESIAN_POINT ( 'NONE',  ( -19.56081756793360071, 12.17779940022733953, 13.45855741319711463 ) ) ;
#1077 = CARTESIAN_POINT ( 'NONE',  ( -18.02113447013847392, 10.82120298015680504, 15.90433614353733205 ) ) ;
#1078 = VERTEX_POINT ( 'NONE', #738 ) ;
#1079 = CARTESIAN_POINT ( 'NONE',  ( -15.07147456615924774, 7.944004069160407688, 10.25632499161812916 ) ) ;
#1080 = ORIENTED_EDGE ( 'NONE', *, *, #2338, .F. ) ;
#1081 = DIRECTION ( 'NONE',  ( 0.000000000000000000, -1.000000000000000000, 0.000000000000000000 ) ) ;
#1082 = CARTESIAN_POINT ( 'NONE',  ( -17.97160558185494139, 13.72107535621234220, 8.236464049559597100 ) ) ;
#1083 = CARTESIAN_POINT ( 'NONE',  ( 4.974937185533099715, 25.60000000000000142, 0.5000000000000014433 ) ) ;
#1084 = CARTESIAN_POINT ( 'NONE',  ( -10.45062187868007619, 2.659623476556308042, 14.65696157049573678 ) ) ;
#1085 = CARTESIAN_POINT ( 'NONE',  ( -16.34962519921055346, 3.303111127849204021, 12.39386131761161458 ) ) ;
#1086 = CARTESIAN_POINT ( 'NONE',  ( -17.68687994601202718, 4.120688209125838775, 6.940769829810415459 ) ) ;
#1087 = ADVANCED_FACE ( 'NONE', ( #1987 ), #1130, .F. ) ;
#1088 = CARTESIAN_POINT ( 'NONE',  ( -19.34379756914925963, 10.62286216221307100, 13.23627694145421430 ) ) ;
#1089 = CARTESIAN_POINT ( 'NONE',  ( -14.65696061545575368, 2.659622696764054162, 10.45062321539493411 ) ) ;
#1090 = DIRECTION ( 'NONE',  ( -0.000000000000000000, 1.000000000000000000, -0.000000000000000000 ) ) ;
#1091 = CARTESIAN_POINT ( 'NONE',  ( -10.72790426953680765, 1.502203662703940346, 15.68194118939746495 ) ) ;
#1092 = CARTESIAN_POINT ( 'NONE',  ( -18.08589164667024463, 6.816776606959786378, 12.59044214167119513 ) ) ;
#1093 = CARTESIAN_POINT ( 'NONE',  ( 17.99305421544658046, 24.60000000000000142, -0.5000000000000013323 ) ) ;
#1094 = VERTEX_POINT ( 'NONE', #191 ) ;
#1095 = DIRECTION ( 'NONE',  ( 0.000000000000000000, 0.000000000000000000, 1.000000000000000000 ) ) ;
#1096 = EDGE_CURVE ( 'NONE', #1214, #2234, #1049, .T. ) ;
#1097 = CARTESIAN_POINT ( 'NONE',  ( -12.63364427443207028, 8.836120120332717320, 17.23464574165789287 ) ) ;
#1098 = CARTESIAN_POINT ( 'NONE',  ( -20.11432337118538527, 10.83354755666573510, 15.03023090817681151 ) ) ;
#1099 = CARTESIAN_POINT ( 'NONE',  ( -17.51465488828261030, 3.612916484375458648, 7.365190483153648771 ) ) ;
#1100 = CARTESIAN_POINT ( 'NONE',  ( -19.59069323576023791, 12.82385990259161623, 13.51164201798799347 ) ) ;
#1101 = EDGE_CURVE ( 'NONE', #1541, #2505, #2568, .T. ) ;
#1102 = EDGE_LOOP ( 'NONE', ( #752, #67, #1025, #1819 ) ) ;
#1103 = CARTESIAN_POINT ( 'NONE',  ( -17.17416938652782221, 8.704057207526275874, 12.61798200209351961 ) ) ;
#1104 = CARTESIAN_POINT ( 'NONE',  ( 1.237604307034021245, 25.60000000000000142, 7.903691262898044911 ) ) ;
#1105 = EDGE_CURVE ( 'NONE', #1691, #2408, #34, .T. ) ;
#1106 = CARTESIAN_POINT ( 'NONE',  ( -14.35278601031921220, 10.99056195868481112, 19.58364280382104994 ) ) ;
#1107 = VECTOR ( 'NONE', #1367, 1000.000000000000000 ) ;
#1108 = ORIENTED_EDGE ( 'NONE', *, *, #247, .F. ) ;
#1109 = CIRCLE ( 'NONE', #1887, 19.00000000000000000 ) ;
#1110 = CARTESIAN_POINT ( 'NONE',  ( -13.37122613983104635, 6.601875064106266677, 15.60958332495524559 ) ) ;
#1111 = CARTESIAN_POINT ( 'NONE',  ( -10.41630046160963907, 6.870719146093128060, 14.87359292665201416 ) ) ;
#1112 = CARTESIAN_POINT ( 'NONE',  ( -20.22233937103533918, 11.83057786385489329, 15.11694522232656013 ) ) ;
#1113 = CARTESIAN_POINT ( 'NONE',  ( -14.89659690894810140, 1.336588357844804342, 11.79504893434159918 ) ) ;
#1114 = CARTESIAN_POINT ( 'NONE',  ( -19.58929994994545964, 12.68735126478716424, 13.50375494536877241 ) ) ;
#1115 = VECTOR ( 'NONE', #1136, 1000.000000000000000 ) ;
#1116 = VERTEX_POINT ( 'NONE', #1630 ) ;
#1117 = CARTESIAN_POINT ( 'NONE',  ( -17.71559900338412419, 10.07551396570465485, 12.85335283734123735 ) ) ;
#1118 = AXIS2_PLACEMENT_3D ( 'NONE', #1439, #1674, #1211 ) ;
#1119 = DIRECTION ( 'NONE',  ( 0.000000000000000000, 1.000000000000000000, 0.000000000000000000 ) ) ;
#1120 = CARTESIAN_POINT ( 'NONE',  ( -13.51313245890026948, 12.85174544759923343, 19.59114900168102125 ) ) ;
#1121 = B_SPLINE_CURVE_WITH_KNOTS ( 'NONE', 3,
 ( #2303, #1228, #793, #2738, #2316, #966, #1469, #353 ),
 .UNSPECIFIED., .F., .F.,
 ( 4, 2, 2, 4 ),
 ( 0.000000000000000000, 0.2500000000000000000, 0.5000000000000000000, 1.000000000000000000 ),
 .UNSPECIFIED. ) ;
#1122 = CARTESIAN_POINT ( 'NONE',  ( -19.59114986045943141, 12.85174544760032056, 13.51313526726326586 ) ) ;
#1123 = EDGE_CURVE ( 'NONE', #2092, #1984, #2290, .T. ) ;
#1124 = FACE_OUTER_BOUND ( 'NONE', #1287, .T. ) ;
#1125 = ORIENTED_EDGE ( 'NONE', *, *, #2287, .T. ) ;
#1126 = CARTESIAN_POINT ( 'NONE',  ( -12.96014191851478614, 10.83265437326429215, 17.88414851732973432 ) ) ;
#1127 = CARTESIAN_POINT ( 'NONE',  ( -10.57260743482389387, 11.08365289709000301, 15.03762685391038190 ) ) ;
#1128 = CARTESIAN_POINT ( 'NONE',  ( -8.258143343792568203, 12.57491371262990576, 17.88155740862410426 ) ) ;
#1129 = CARTESIAN_POINT ( 'NONE',  ( -19.51853315600421723, 10.41011535948932298, 14.30407171256843313 ) ) ;
#1130 =( BOUNDED_SURFACE ( )  B_SPLINE_SURFACE ( 3, 2, ( 
 ( #914, #1775, #2679 ),
 ( #1761, #512, #1368 ),
 ( #1139, #2434, #45 ),
 ( #2015, #1810, #2642 ),
 ( #1155, #86, #1354 ),
 ( #1999, #1790, #1594 ),
 ( #994, #695, #1864 ),
 ( #2419, #789, #2191 ),
 ( #252, #1106, #1975 ),
 ( #900, #1339, #2630 ),
 ( #2205, #1061, #378 ),
 ( #1021, #1238, #2339 ),
 ( #606, #858, #594 ),
 ( #1279, #1931, #2094 ),
 ( #2082, #1918, #1225 ),
 ( #364, #2313, #2762 ),
 ( #2142, #1492, #1477 ),
 ( #2324, #819, #205 ),
 ( #149, #635, #2801 ),
 ( #2775, #2513, #579 ),
 ( #832, #1877, #1673 ),
 ( #2539, #419, #2527 ),
 ( #2352, #176, #1438 ),
 ( #1891, #390, #162 ),
 ( #1008, #2300, #1465 ),
 ( #2787, #2748, #803 ),
 ( #1658, #1451, #1250 ),
 ( #2110, #1037, #1905 ),
 ( #406, #1686, #2553 ),
 ( #619, #1266, #2127 ) ),
 .UNSPECIFIED., .F., .F., .T. ) 
 B_SPLINE_SURFACE_WITH_KNOTS ( ( 4, 2, 2, 2, 2, 2, 2, 2, 2, 2, 2, 2, 2, 2, 4 ),
 ( 3, 3 ),
 ( -1.291507930224408685E-06, 2.597065214359620018E-06, 6.485638358943648720E-06, 1.426278464811170613E-05, 2.981707722644782093E-05, 6.092566238312005055E-05, 0.0001231428326964645098, 0.0002475771733231534283, 0.0004964458545765312652, 0.0007453145358299090480, 0.0009941832170832869391, 0.001491920579590042505, 0.001989657942096798287, 0.002985132667110309418, 0.003980607392123820983 ),
 ( 0.000000000000000000, 0.9608704814641236824 ),
 .UNSPECIFIED. ) 
 GEOMETRIC_REPRESENTATION_ITEM ( )  RATIONAL_B_SPLINE_SURFACE ( (
 ( 1.000000000000000000, 0.6626246186387078074, 0.9735973275229499180),
 ( 1.000000000000000000, 0.6626179148218553916, 0.9735968028886983205),
 ( 1.000000000000000000, 0.6626427771008621681, 0.9735987485867128033),
 ( 1.000000000000000000, 0.6626789463710702766, 0.9736015791589709423),
 ( 1.000000000000000000, 0.6626970245312654439, 0.9736029939383799015),
 ( 1.000000000000000000, 0.6627512363027632247, 0.9736072364994152739),
 ( 1.000000000000000000, 0.6627873475270569248, 0.9736100625290557975),
 ( 1.000000000000000000, 0.6628955688866701168, 0.9736185318284499290),
 ( 1.000000000000000000, 0.6629675667541785611, 0.9736241663122322532),
 ( 1.000000000000000000, 0.6631829595050136028, 0.9736410227415048801),
 ( 1.000000000000000000, 0.6633257465284605470, 0.9736521971164662226),
 ( 1.000000000000000000, 0.6637508060344641247, 0.9736854618641042070),
 ( 1.000000000000000000, 0.6640297013177268726, 0.9737072879404161663),
 ( 1.000000000000000000, 0.6648497786695813927, 0.9737714664042966817),
 ( 1.000000000000000000, 0.6653740878139888792, 0.9738124983330658235),
 ( 1.000000000000000000, 0.6668831466272053810, 0.9739305958226729398),
 ( 1.000000000000000000, 0.6678115716969588167, 0.9740032534746250192),
 ( 1.000000000000000000, 0.6695282717788964000, 0.9741376007699784623),
 ( 1.000000000000000000, 0.6703208098463168119, 0.9741996240359774850),
 ( 1.000000000000000000, 0.6718301994396380650, 0.9743177474121169634),
 ( 1.000000000000000000, 0.6725463910303287607, 0.9743737958763633022),
 ( 1.000000000000000000, 0.6746241026719759226, 0.9745363955887513807),
 ( 1.000000000000000000, 0.6759126561326554983, 0.9746372365417996786),
 ( 1.000000000000000000, 0.6783619787141671464, 0.9748289181685069194),
 ( 1.000000000000000000, 0.6795295472265426850, 0.9749202909560006347),
 ( 1.000000000000000000, 0.6829408207665970121, 0.9751872539384336402),
 ( 1.000000000000000000, 0.6851079971694263859, 0.9753568550768836332),
 ( 1.000000000000000000, 0.6892697993882955787, 0.9756825537110155322),
 ( 1.000000000000000000, 0.6912573583495634777, 0.9758380981614476202),
 ( 1.000000000000000000, 0.6931751599515709739, 0.9759881834681154444) ) ) 
 REPRESENTATION_ITEM ( '' )  SURFACE ( )  );
#1131 = DIRECTION ( 'NONE',  ( -0.000000000000000000, -1.000000000000000000, -0.000000000000000000 ) ) ;
#1132 = CARTESIAN_POINT ( 'NONE',  ( -19.37672595572640333, 10.78867145225808777, 13.26604430771463861 ) ) ;
#1133 = ORIENTED_EDGE ( 'NONE', *, *, #2042, .F. ) ;
#1134 = CARTESIAN_POINT ( 'NONE',  ( -14.98970290292836616, 2.991556464424311557, 9.967264180690904141 ) ) ;
#1135 = ADVANCED_FACE ( 'NONE', ( #333 ), #2613, .T. ) ;
#1136 = DIRECTION ( 'NONE',  ( -0.000000000000000000, -1.000000000000000000, -0.000000000000000000 ) ) ;
#1137 = CARTESIAN_POINT ( 'NONE',  ( -17.89623364242537562, 10.95936045359968425, 12.96814841693959508 ) ) ;
#1138 = CARTESIAN_POINT ( 'NONE',  ( -9.042231901208733547, 2.195071848503836520, 16.71045847057488842 ) ) ;
#1139 = CARTESIAN_POINT ( 'NONE',  ( -15.91520276301456782, 11.07794282469987124, 18.02592266023285106 ) ) ;
#1140 = CARTESIAN_POINT ( 'NONE',  ( -15.58935760079930155, 6.781562284456982503, 13.95994988166951956 ) ) ;
#1141 = EDGE_LOOP ( 'NONE', ( #2795, #2752 ) ) ;
#1142 = EDGE_CURVE ( 'NONE', #2363, #1583, #1068, .T. ) ;
#1143 = CARTESIAN_POINT ( 'NONE',  ( -7.153816523389227022, 10.53454538162019816, 16.51735423020745586 ) ) ;
#1144 = CARTESIAN_POINT ( 'NONE',  ( 0.000000000000000000, 14.20000000000000107, 0.000000000000000000 ) ) ;
#1145 = CARTESIAN_POINT ( 'NONE',  ( -16.09966927911523271, 9.007246185343044331, 18.37012985142024490 ) ) ;
#1146 = CARTESIAN_POINT ( 'NONE',  ( -18.42013677478682965, 7.689787663115374983, 4.658172865444798916 ) ) ;
#1147 = DIRECTION ( 'NONE',  ( 0.000000000000000000, 0.000000000000000000, 1.000000000000000000 ) ) ;
#1148 = CARTESIAN_POINT ( 'NONE',  ( -8.243791338763847065, 14.07802062292351231, 17.98365706419728838 ) ) ;
#1149 =( BOUNDED_SURFACE ( )  B_SPLINE_SURFACE ( 2, 3, ( 
 ( #1418, #2046, #2317, #2493, #341, #1626, #1431, #2520, #795, #154, #559, #599, #1204, #2062, #129, #2306, #986, #369, #1230, #2087, #655, #874, #2119, #1499, #1539, #455, #1485, #2792, #2588, #183 ),
 ( #1736, #198, #1512, #2598, #2149, #666, #2406, #239, #641, #29, #2576, #1257, #2615, #864, #853, #1721, #2134, #1526, #1042, #1272, #1055, #1924, #683, #1708, #2391, #1938, #1911, #2780, #1082, #2359 ),
 ( #427, #1311, #885, #837, #1285, #212, #1692, #2179, #2559, #1092, #625, #1069, #4, #2346, #1747, #1962, #231, #413, #2373, #439, #1299, #2164, #1951, #18, #136, #59, #725, #1645, #466, #1122 ) ),
 .UNSPECIFIED., .F., .F., .T. ) 
 B_SPLINE_SURFACE_WITH_KNOTS ( ( 3, 3 ),
 ( 4, 2, 2, 2, 2, 2, 2, 2, 2, 2, 2, 2, 2, 2, 4 ),
 ( 0.000000000000000000, 1.000000000000000000 ),
 ( 0.005228115754538363406, 0.08981036662824819217, 0.1743926175019580027, 0.2589748683756677994, 0.3012659938125227255, 0.3435571192493775960, 0.3647026819678050868, 0.3858482446862325221, 0.4281393701230874482, 0.4704304955599423743, 0.4915760582783698096, 0.5127216209967973004, 0.5973038718705070416, 0.7664683736179267459, 0.8510506244916364871 ),
 .UNSPECIFIED. ) 
 GEOMETRIC_REPRESENTATION_ITEM ( )  RATIONAL_B_SPLINE_SURFACE ( (
 ( 1.000000000000000000, 1.000000000000000000, 1.000000000000000000, 1.000000000000000000, 1.000000000000000000, 1.000000000000000000, 1.000000000000000000, 1.000000000000000000, 1.000000000000000000, 1.000000000000000000, 1.000000000000000000, 1.000000000000000000, 1.000000000000000000, 1.000000000000000000, 1.000000000000000000, 1.000000000000000000, 1.000000000000000000, 1.000000000000000000, 1.000000000000000000, 1.000000000000000000, 1.000000000000000000, 1.000000000000000000, 1.000000000000000000, 1.000000000000000000, 1.000000000000000000, 1.000000000000000000, 1.000000000000000000, 1.000000000000000000, 1.000000000000000000, 1.000000000000000000),
 ( 0.8861114180450485600, 0.8835993111147956158, 0.8829196161260786102, 0.8853232293368842321, 0.8884668643873770977, 0.8968914967611868461, 0.9020701530584098737, 0.9096954276883623125, 0.9122110899851381127, 0.9170259979692061414, 0.9193441967001972914, 0.9226416060967266297, 0.9237155677577300050, 0.9258368932015674790, 0.9268807117430675202, 0.9299317082545653923, 0.9318561099442403961, 0.9353329496382019048, 0.9368975198097543311, 0.9389614992589192521, 0.9396026606964882344, 0.9407920403213312355, 0.9413382870403939062, 0.9438154204211810505, 0.9450155836045471824, 0.9477884661312180326, 0.9490666095770744493, 0.9527759123945459541, 0.9541611114611654454, 0.9551515037343828451),
 ( 1.000000000000000000, 1.000000000000000000, 1.000000000000000000, 1.000000000000000000, 1.000000000000000000, 1.000000000000000000, 1.000000000000000000, 1.000000000000000000, 1.000000000000000000, 1.000000000000000000, 1.000000000000000000, 1.000000000000000000, 1.000000000000000000, 1.000000000000000000, 1.000000000000000000, 1.000000000000000000, 1.000000000000000000, 1.000000000000000000, 1.000000000000000000, 1.000000000000000000, 1.000000000000000000, 1.000000000000000000, 1.000000000000000000, 1.000000000000000000, 1.000000000000000000, 1.000000000000000000, 1.000000000000000000, 1.000000000000000000, 1.000000000000000000, 1.000000000000000000) ) ) 
 REPRESENTATION_ITEM ( '' )  SURFACE ( )  );
#1150 = ORIENTED_EDGE ( 'NONE', *, *, #258, .T. ) ;
#1151 = CARTESIAN_POINT ( 'NONE',  ( -18.79308746956736798, 12.89668814899182614, 2.796404858364219592 ) ) ;
#1152 = CARTESIAN_POINT ( 'NONE',  ( -15.49991690843946479, 0.000000000000000000, -10.98874769168317833 ) ) ;
#1153 = DIRECTION ( 'NONE',  ( 0.000000000000000000, 0.000000000000000000, 1.000000000000000000 ) ) ;
#1154 = FACE_OUTER_BOUND ( 'NONE', #1838, .T. ) ;
#1155 = CARTESIAN_POINT ( 'NONE',  ( -15.91496319739956888, 11.06486624898902349, 18.02609155448940825 ) ) ;
#1156 = CARTESIAN_POINT ( 'NONE',  ( -18.68837626528440410, 6.472601262504729114, 16.66696279403859293 ) ) ;
#1157 = ORIENTED_EDGE ( 'NONE', *, *, #199, .F. ) ;
#1158 = CIRCLE ( 'NONE', #1020, 1.599999999999998979 ) ;
#1159 = CARTESIAN_POINT ( 'NONE',  ( -12.96815310790103482, 10.87834078789085090, 17.89623924016471079 ) ) ;
#1160 = CARTESIAN_POINT ( 'NONE',  ( -8.836048961833910198, 2.273055107553247023, 16.83324290125046119 ) ) ;
#1161 = CARTESIAN_POINT ( 'NONE',  ( -17.50588381116543957, 9.952389342546476669, 12.68362820031020455 ) ) ;
#1162 = AXIS2_PLACEMENT_3D ( 'NONE', #344, #590, #1221 ) ;
#1163 = CARTESIAN_POINT ( 'NONE',  ( -18.59822929858374607, 8.921823230035647256, 3.886712107277054518 ) ) ;
#1164 = CIRCLE ( 'NONE', #542, 19.00000000000000000 ) ;
#1165 = CARTESIAN_POINT ( 'NONE',  ( -2.750186571082757769, 13.61577139054790386, 18.79990669064059361 ) ) ;
#1166 = EDGE_CURVE ( 'NONE', #185, #1719, #2753, .T. ) ;
#1167 = VERTEX_POINT ( 'NONE', #2242 ) ;
#1168 = CARTESIAN_POINT ( 'NONE',  ( -17.99585375064670956, 13.94152764492588048, 8.229618259074547026 ) ) ;
#1169 = AXIS2_PLACEMENT_3D ( 'NONE', #437, #2612, #640 ) ;
#1170 = DIRECTION ( 'NONE',  ( 0.000000000000000000, 1.000000000000000000, -0.000000000000000000 ) ) ;
#1171 = VECTOR ( 'NONE', #979, 1000.000000000000000 ) ;
#1172 = CARTESIAN_POINT ( 'NONE',  ( 0.000000000000000000, 0.000000000000000000, 0.000000000000000000 ) ) ;
#1173 = CARTESIAN_POINT ( 'NONE',  ( -10.58062590015553184, 2.585074733818252923, 14.56364438294679076 ) ) ;
#1174 = CARTESIAN_POINT ( 'NONE',  ( -16.49779485018792968, 12.85315245435461762, 18.85754420913943363 ) ) ;
#1175 = EDGE_LOOP ( 'NONE', ( #225, #1188, #289 ) ) ;
#1176 = CARTESIAN_POINT ( 'NONE',  ( -7.170393004710443385, 9.987702392600329659, 16.51016492269137004 ) ) ;
#1177 = CARTESIAN_POINT ( 'NONE',  ( -6.781716104924228716, 4.330662452126924578, 17.75076985500379578 ) ) ;
#1178 = CARTESIAN_POINT ( 'NONE',  ( -15.76733552443384667, 7.643220691647874432, 17.93319455847552035 ) ) ;
#1179 = CARTESIAN_POINT ( 'NONE',  ( -18.42182381891064935, 7.700065726152001133, 4.651495774794800475 ) ) ;
#1180 = CARTESIAN_POINT ( 'NONE',  ( -11.16133558504664158, 1.414348244454928905, 15.37610483650807147 ) ) ;
#1181 = CARTESIAN_POINT ( 'NONE',  ( -2.763497128828926286, 13.34611517538730219, 18.79795514219312480 ) ) ;
#1182 = ORIENTED_EDGE ( 'NONE', *, *, #1912, .F. ) ;
#1183 = EDGE_CURVE ( 'NONE', #411, #2193, #2705, .T. ) ;
#1184 = CARTESIAN_POINT ( 'NONE',  ( 0.000000000000000000, 25.60000000000000142, 0.000000000000000000 ) ) ;
#1185 = LINE ( 'NONE', #1452, #1898 ) ;
#1186 = CARTESIAN_POINT ( 'NONE',  ( 4.974937185533099715, 24.59999999999999787, -0.5000000000000002220 ) ) ;
#1187 = CARTESIAN_POINT ( 'NONE',  ( -16.51173338729729423, 14.20000000000000107, 18.84360567203007619 ) ) ;
#1188 = ORIENTED_EDGE ( 'NONE', *, *, #2767, .T. ) ;
#1189 = CARTESIAN_POINT ( 'NONE',  ( -12.77812176768214947, 3.309836953340302923, 15.52541243867090870 ) ) ;
#1190 = CARTESIAN_POINT ( 'NONE',  ( -8.597951908369399376, 10.32474225140872193, 17.54746871625718541 ) ) ;
#1191 = CARTESIAN_POINT ( 'NONE',  ( -16.19067246981376940, 9.475729711495079144, 18.48663248830074224 ) ) ;
#1192 = DIRECTION ( 'NONE',  ( 0.000000000000000000, -1.000000000000000000, 0.000000000000000000 ) ) ;
#1193 = B_SPLINE_CURVE_WITH_KNOTS ( 'NONE', 3,
 ( #1337, #2190, #724, #249 ),
 .UNSPECIFIED., .F., .F.,
 ( 4, 4 ),
 ( 7.359808400080194938E-18, 0.002195557883953126732 ),
 .UNSPECIFIED. ) ;
#1194 = CARTESIAN_POINT ( 'NONE',  ( -15.80974262532972041, 3.536378243302417790, 12.65513722170336663 ) ) ;
#1195 = ORIENTED_EDGE ( 'NONE', *, *, #1662, .F. ) ;
#1196 = CARTESIAN_POINT ( 'NONE',  ( -18.00302522481353407, 14.13260235060592507, 8.221284694436485907 ) ) ;
#1197 = CARTESIAN_POINT ( 'NONE',  ( -7.260717648158952819, 3.712234324795135265, 17.56162599163452853 ) ) ;
#1198 = CARTESIAN_POINT ( 'NONE',  ( -7.903691262898045800, 15.60000000000000142, 2.837604307034014894 ) ) ;
#1199 = EDGE_CURVE ( 'NONE', #1583, #1704, #375, .T. ) ;
#1200 = CARTESIAN_POINT ( 'NONE',  ( -16.36516635968970235, 11.08364215356579763, 10.80722249713636529 ) ) ;
#1201 = DIRECTION ( 'NONE',  ( 1.463599299635161304E-14, -1.000000000000000000, 1.463599299635160357E-14 ) ) ;
#1202 = EDGE_CURVE ( 'NONE', #1479, #888, #1209, .T. ) ;
#1203 = EDGE_LOOP ( 'NONE', ( #403, #228, #148, #2243 ) ) ;
#1204 = CARTESIAN_POINT ( 'NONE',  ( -17.93509057772969228, 5.060583930509015893, 6.272840705079118173 ) ) ;
#1205 = CARTESIAN_POINT ( 'NONE',  ( -12.92619816857763659, 3.090305184141014738, 15.22226562809124850 ) ) ;
#1206 = CARTESIAN_POINT ( 'NONE',  ( -18.41670776776060237, 8.118812620607643638, 13.49776529101687395 ) ) ;
#1207 = CARTESIAN_POINT ( 'NONE',  ( 0.000000000000000000, 14.20000000000000107, 0.000000000000000000 ) ) ;
#1208 = CARTESIAN_POINT ( 'NONE',  ( -8.226147050818003237, 13.85175833252469779, 17.99884090937376158 ) ) ;
#1209 = CIRCLE ( 'NONE', #305, 19.00000000000000000 ) ;
#1210 = EDGE_LOOP ( 'NONE', ( #304, #246 ) ) ;
#1211 = DIRECTION ( 'NONE',  ( 0.000000000000000000, 0.000000000000000000, -1.000000000000000000 ) ) ;
#1212 = CARTESIAN_POINT ( 'NONE',  ( -19.59417176497116486, 13.75058181586682871, 13.52306350563083015 ) ) ;
#1213 = DIRECTION ( 'NONE',  ( 0.000000000000000000, -1.000000000000000000, 0.000000000000000000 ) ) ;
#1214 = VERTEX_POINT ( 'NONE', #2320 ) ;
#1215 = AXIS2_PLACEMENT_3D ( 'NONE', #123, #2301, #2540 ) ;
#1216 = EDGE_CURVE ( 'NONE', #2639, #282, #2052, .T. ) ;
#1217 = CARTESIAN_POINT ( 'NONE',  ( -12.94883281993585555, 9.162039758187505711, 18.96605924909609087 ) ) ;
#1218 = CARTESIAN_POINT ( 'NONE',  ( -13.49168687555733648, 12.51662374476040007, 19.58207653344006616 ) ) ;
#1219 = CARTESIAN_POINT ( 'NONE',  ( -11.89110557428245230, 5.995904582561338181, 17.40327465470650381 ) ) ;
#1220 = CARTESIAN_POINT ( 'NONE',  ( -5.073098558482262987, 6.973970896136533426, 18.31030016644086800 ) ) ;
#1221 = DIRECTION ( 'NONE',  ( 0.000000000000000000, 0.000000000000000000, 1.000000000000000000 ) ) ;
#1222 = FACE_OUTER_BOUND ( 'NONE', #546, .T. ) ;
#1223 = ORIENTED_EDGE ( 'NONE', *, *, #179, .F. ) ;
#1224 = CARTESIAN_POINT ( 'NONE',  ( -19.59422539097127824, 13.43600057636270328, 13.52325597915089439 ) ) ;
#1225 = CARTESIAN_POINT ( 'NONE',  ( -12.94067392065101885, 10.85230244741918959, 17.86063925774764272 ) ) ;
#1226 = CARTESIAN_POINT ( 'NONE',  ( -16.51908562291821880, 13.40000000000000036, 7.149811898413590328 ) ) ;
#1227 = DIRECTION ( 'NONE',  ( 0.000000000000000000, 1.000000000000000000, 0.000000000000000000 ) ) ;
#1228 = CARTESIAN_POINT ( 'NONE',  ( -18.66993693218672945, 14.19999999999999929, 3.642550190880299521 ) ) ;
#1229 = VERTEX_POINT ( 'NONE', #1475 ) ;
#1230 = CARTESIAN_POINT ( 'NONE',  ( -18.35930926909117389, 7.314060582802853538, 4.894617208595914093 ) ) ;
#1231 = CARTESIAN_POINT ( 'NONE',  ( 17.99305421544657690, 16.00000000000000000, -0.5000000000000002220 ) ) ;
#1232 = CARTESIAN_POINT ( 'NONE',  ( -17.49308417380795433, 9.442689578332862155, 12.73238254487538335 ) ) ;
#1233 = ADVANCED_FACE ( 'NONE', ( #1046 ), #1235, .F. ) ;
#1234 = CARTESIAN_POINT ( 'NONE',  ( -15.03296526553573997, 5.612190666147171214, 16.93441635029133607 ) ) ;
#1235 = PLANE ( 'NONE',  #1023 ) ;
#1236 = EDGE_LOOP ( 'NONE', ( #2708, #2778, #2803, #1947 ) ) ;
#1237 = CARTESIAN_POINT ( 'NONE',  ( 18.99341991322257783, 25.60000000000000142, 0.5000000000000014433 ) ) ;
#1238 = CARTESIAN_POINT ( 'NONE',  ( -14.34309073123032441, 10.79042044435883874, 19.57095728523885114 ) ) ;
#1239 = CARTESIAN_POINT ( 'NONE',  ( -18.84360567203024317, 12.85174544760039694, 16.51173338729713080 ) ) ;
#1240 = CARTESIAN_POINT ( 'NONE',  ( -16.13171388458148314, 5.743961622786264876, 7.988984293403794013 ) ) ;
#1241 = DIRECTION ( 'NONE',  ( 0.000000000000000000, -0.000000000000000000, 1.000000000000000000 ) ) ;
#1242 = CARTESIAN_POINT ( 'NONE',  ( -13.42795658452977037, 11.85726803979578214, 19.53974694044367766 ) ) ;
#1243 = DIRECTION ( 'NONE',  ( 0.000000000000000000, 0.000000000000000000, 1.000000000000000000 ) ) ;
#1244 = CARTESIAN_POINT ( 'NONE',  ( -6.138336524748062573, 5.319112872924519841, 17.98222080871020268 ) ) ;
#1245 = CARTESIAN_POINT ( 'NONE',  ( -13.48255654337255827, 6.566920837737594496, 15.48647763200342808 ) ) ;
#1246 = DIRECTION ( 'NONE',  ( 0.000000000000000000, 0.000000000000000000, 1.000000000000000000 ) ) ;
#1247 = EDGE_LOOP ( 'NONE', ( #1590, #197, #1777, #1436 ) ) ;
#1248 = FACE_OUTER_BOUND ( 'NONE', #1301, .T. ) ;
#1249 = EDGE_CURVE ( 'NONE', #1920, #1479, #2759, .T. ) ;
#1250 = CARTESIAN_POINT ( 'NONE',  ( -12.05281396644100411, 8.881194744582344924, 16.63509802151905603 ) ) ;
#1251 = CARTESIAN_POINT ( 'NONE',  ( -17.88919283025052920, 10.00286085921679735, 15.78155127071237729 ) ) ;
#1252 = CIRCLE ( 'NONE', #851, 19.00000000000000000 ) ;
#1253 = CARTESIAN_POINT ( 'NONE',  ( 0.000000000000000000, 25.60000000000000142, 0.000000000000000000 ) ) ;
#1254 = DIRECTION ( 'NONE',  ( 0.000000000000000000, 0.000000000000000000, 1.000000000000000000 ) ) ;
#1255 = DIRECTION ( 'NONE',  ( -0.000000000000000000, 1.000000000000000000, -0.000000000000000000 ) ) ;
#1256 = VECTOR ( 'NONE', #582, 1000.000000000000000 ) ;
#1257 = CARTESIAN_POINT ( 'NONE',  ( -16.79181866047819938, 6.685527572203524116, 9.468794257202768350 ) ) ;
#1258 = CARTESIAN_POINT ( 'NONE',  ( -12.71932756505955275, 7.807301260752012695, 18.50036011012486270 ) ) ;
#1259 = AXIS2_PLACEMENT_3D ( 'NONE', #850, #2575, #425 ) ;
#1260 = EDGE_LOOP ( 'NONE', ( #2009, #354, #846, #1785, #1066, #663, #2452, #1731, #1327, #2271, #16, #1812, #637, #2671 ) ) ;
#1261 = EDGE_CURVE ( 'NONE', #1804, #94, #1392, .T. ) ;
#1262 = CARTESIAN_POINT ( 'NONE',  ( -15.50831524399384520, 6.824090727727658567, 17.58441296971511392 ) ) ;
#1263 = CARTESIAN_POINT ( 'NONE',  ( 0.000000000000000000, 16.00000000000000000, 18.00000000000000000 ) ) ;
#1264 = VERTEX_POINT ( 'NONE', #133 ) ;
#1265 = CARTESIAN_POINT ( 'NONE',  ( -18.62185427391361614, 11.08364215356714588, 14.68936497248327200 ) ) ;
#1266 = CARTESIAN_POINT ( 'NONE',  ( -12.08352013825978943, 6.389741593940430953, 16.47677464601291675 ) ) ;
#1267 = CARTESIAN_POINT ( 'NONE',  ( -18.02609194584989538, 11.06483092550351977, 15.91496250086516717 ) ) ;
#1268 = ORIENTED_EDGE ( 'NONE', *, *, #513, .F. ) ;
#1269 = CARTESIAN_POINT ( 'NONE',  ( 0.000000000000000000, 15.60000000000000142, 0.000000000000000000 ) ) ;
#1270 = ORIENTED_EDGE ( 'NONE', *, *, #2619, .T. ) ;
#1271 = CYLINDRICAL_SURFACE ( 'NONE', #314, 18.00000000000000000 ) ;
#1272 = CARTESIAN_POINT ( 'NONE',  ( -17.36159453115814344, 9.481848082655597310, 8.821745683691096573 ) ) ;
#1273 = CARTESIAN_POINT ( 'NONE',  ( -19.18233274117216780, 6.453351461887587348, 16.17300631815520973 ) ) ;
#1274 = ORIENTED_EDGE ( 'NONE', *, *, #2170, .T. ) ;
#1275 = CARTESIAN_POINT ( 'NONE',  ( -6.918021479653268635, 4.163334214935656696, 17.69579046847339399 ) ) ;
#1276 = CARTESIAN_POINT ( 'NONE',  ( -12.63407343731162058, 7.713743039193701634, 16.66075636269284743 ) ) ;
#1277 = FACE_OUTER_BOUND ( 'NONE', #1411, .T. ) ;
#1278 = CARTESIAN_POINT ( 'NONE',  ( -16.65493424358682972, 2.138969676039673917, 9.144025200873189263 ) ) ;
#1279 = CARTESIAN_POINT ( 'NONE',  ( -15.88281603278407417, 10.58405836246582687, 18.00156813817778456 ) ) ;
#1280 = CARTESIAN_POINT ( 'NONE',  ( -17.63211370009570800, 9.295094552339145721, 15.56823543988503111 ) ) ;
#1281 = ORIENTED_EDGE ( 'NONE', *, *, #438, .F. ) ;
#1282 = CARTESIAN_POINT ( 'NONE',  ( -16.51908562291821525, 10.08899932967748647, 7.149811898413602762 ) ) ;
#1283 = ORIENTED_EDGE ( 'NONE', *, *, #1639, .F. ) ;
#1284 = FACE_OUTER_BOUND ( 'NONE', #1247, .T. ) ;
#1285 = CARTESIAN_POINT ( 'NONE',  ( -16.19302432903978683, 3.880900108515138669, 12.52075910768811973 ) ) ;
#1286 = ADVANCED_FACE ( 'NONE', ( #158 ), #1435, .F. ) ;
#1287 = EDGE_LOOP ( 'NONE', ( #442, #2060, #1012, #1827 ) ) ;
#1288 = CARTESIAN_POINT ( 'NONE',  ( -12.75420781497015099, 9.552883176661694620, 17.54088395694010316 ) ) ;
#1289 = CARTESIAN_POINT ( 'NONE',  ( -17.77605515353379673, 4.411538826890655685, 6.713330371411118769 ) ) ;
#1290 = CARTESIAN_POINT ( 'NONE',  ( -19.52885724517740940, 11.82687834147384542, 13.41925429639332101 ) ) ;
#1291 = CARTESIAN_POINT ( 'NONE',  ( -18.02604113668443730, 11.06918158434985777, 15.91504630422453381 ) ) ;
#1292 = ORIENTED_EDGE ( 'NONE', *, *, #1041, .T. ) ;
#1293 = VECTOR ( 'NONE', #777, 1000.000000000000000 ) ;
#1294 = CARTESIAN_POINT ( 'NONE',  ( -16.49650182941739729, 7.447432233275320002, 12.69449375722566664 ) ) ;
#1295 = ORIENTED_EDGE ( 'NONE', *, *, #128, .T. ) ;
#1296 = CARTESIAN_POINT ( 'NONE',  ( 19.00002500000000083, 25.60000000000000142, 0.5000000000000014433 ) ) ;
#1297 = VECTOR ( 'NONE', #2538, 1000.000000000000000 ) ;
#1298 = CIRCLE ( 'NONE', #2383, 19.00000000000000000 ) ;
#1299 = CARTESIAN_POINT ( 'NONE',  ( -19.18946907771499610, 9.967155413077600556, 13.10052555556633713 ) ) ;
#1300 = CARTESIAN_POINT ( 'NONE',  ( -13.33534437880450518, 2.206660268064801755, 12.09002027701719939 ) ) ;
#1301 = EDGE_LOOP ( 'NONE', ( #121, #127, #2226, #862 ) ) ;
#1302 = EDGE_CURVE ( 'NONE', #388, #720, #401, .T. ) ;
#1303 = CARTESIAN_POINT ( 'NONE',  ( -12.59730741854778024, 8.454903204029013963, 17.05593583788952472 ) ) ;
#1304 = CARTESIAN_POINT ( 'NONE',  ( -18.76838920706356362, 10.89540385313585880, 16.41718937316257154 ) ) ;
#1305 = CARTESIAN_POINT ( 'NONE',  ( -17.67440159645856212, 4.080346909028637725, 6.972499896207629000 ) ) ;
#1306 = CARTESIAN_POINT ( 'NONE',  ( -18.22270450397775576, 7.127571419492216620, 12.63227282480420932 ) ) ;
#1307 = VERTEX_POINT ( 'NONE', #2296 ) ;
#1308 = CARTESIAN_POINT ( 'NONE',  ( -16.06002970579068645, 6.919294612583976267, 12.98640981348776435 ) ) ;
#1309 = CARTESIAN_POINT ( 'NONE',  ( 0.000000000000000000, 25.60000000000000142, 0.000000000000000000 ) ) ;
#1310 = EDGE_CURVE ( 'NONE', #872, #2473, #1670, .T. ) ;
#1311 = CARTESIAN_POINT ( 'NONE',  ( -14.91793175025201812, 2.955124639944912257, 13.14074672278613498 ) ) ;
#1312 = DIRECTION ( 'NONE',  ( -0.000000000000000000, 1.000000000000000000, -0.000000000000000000 ) ) ;
#1313 = ORIENTED_EDGE ( 'NONE', *, *, #1319, .F. ) ;
#1314 = CARTESIAN_POINT ( 'NONE',  ( -7.449765794842483579, 7.566951922027843835, 16.38608755794837535 ) ) ;
#1315 = CARTESIAN_POINT ( 'NONE',  ( -18.60611697543242116, 8.182665610263578415, 12.68770120183648942 ) ) ;
#1316 = EDGE_CURVE ( 'NONE', #201, #2001, #602, .T. ) ;
#1317 = CARTESIAN_POINT ( 'NONE',  ( -18.06636574530597272, 5.662960527001834166, 5.885051765294210036 ) ) ;
#1318 = CARTESIAN_POINT ( 'NONE',  ( -19.06928456757265167, 9.517446075884329559, 13.01383619289731719 ) ) ;
#1319 = EDGE_CURVE ( 'NONE', #2511, #185, #350, .T. ) ;
#1320 = B_SPLINE_CURVE_WITH_KNOTS ( 'NONE', 3,
 ( #2750, #1282, #2315, #381, #1907, #208, #1240, #1065, #792, #2764, #1495, #2777, #1879, #848, #608, #1024, #1647, #2516, #1467, #164 ),
 .UNSPECIFIED., .F., .F.,
 ( 4, 2, 2, 2, 2, 2, 2, 2, 2, 4 ),
 ( 0.000000000000000000, 0.002983896888093441006, 0.004475845332140161725, 0.005967793776186882011, 0.007459742220233604899, 0.008951690664280328655, 0.009697664886303693568, 0.01044363910832705675, 0.01118961333035041819, 0.01193558755237378310 ),
 .UNSPECIFIED. ) ;
#1321 = ORIENTED_EDGE ( 'NONE', *, *, #161, .F. ) ;
#1322 = CARTESIAN_POINT ( 'NONE',  ( -16.99807234529371414, 8.337557036657045728, 12.59219652315550064 ) ) ;
#1323 = CARTESIAN_POINT ( 'NONE',  ( -12.51185061821686340, 5.090707742587577300, 12.95570107010515848 ) ) ;
#1324 = PRODUCT_CONTEXT ( 'NONE', #1457, 'mechanical' ) ;
#1325 = CARTESIAN_POINT ( 'NONE',  ( -7.816237239034535378, 6.202754170240504905, 16.21512761292296645 ) ) ;
#1326 = DIRECTION ( 'NONE',  ( -0.000000000000000000, 1.000000000000000000, -0.000000000000000000 ) ) ;
#1327 = ORIENTED_EDGE ( 'NONE', *, *, #650, .F. ) ;
#1328 = CARTESIAN_POINT ( 'NONE',  ( -12.62423169545865775, 8.775848754505691574, 17.20868366733677135 ) ) ;
#1329 = CARTESIAN_POINT ( 'NONE',  ( -7.884148613573209730, 6.040033677035709481, 16.18174568183733442 ) ) ;
#1330 = CARTESIAN_POINT ( 'NONE',  ( -18.30546927754061315, 8.773783394013074499, 16.04976193255464523 ) ) ;
#1331 =( BOUNDED_SURFACE ( )  B_SPLINE_SURFACE ( 3, 2, ( 
 ( #1910, #210, #883 ),
 ( #2587, #1509, #1720 ),
 ( #1522, #1323, #27 ),
 ( #1745, #1497, #182 ) ),
 .UNSPECIFIED., .F., .F., .T. ) 
 B_SPLINE_SURFACE_WITH_KNOTS ( ( 4, 4 ),
 ( 3, 3 ),
 ( 7.402932433731024275E-16, 0.002250363743822623736 ),
 ( 0.000000000000000000, 1.000000000000000000 ),
 .UNSPECIFIED. ) 
 GEOMETRIC_REPRESENTATION_ITEM ( )  RATIONAL_B_SPLINE_SURFACE ( (
 ( 1.000000000000000000, 0.8662989203025723839, 1.000000000000000000),
 ( 1.000000000000000000, 0.8674805877642822738, 1.000000000000000000),
 ( 1.000000000000000000, 0.8674805877642960406, 1.000000000000000000),
 ( 1.000000000000000000, 0.8662989203025178719, 1.000000000000000000) ) ) 
 REPRESENTATION_ITEM ( '' )  SURFACE ( )  );
#1332 = CARTESIAN_POINT ( 'NONE',  ( -15.21740729753014243, 1.382068269396364180, 11.37719016849076503 ) ) ;
#1333 = CARTESIAN_POINT ( 'NONE',  ( -15.95820886462560928, 3.670058672791329357, 12.60227610741524984 ) ) ;
#1334 = VERTEX_POINT ( 'NONE', #1034 ) ;
#1335 = ADVANCED_FACE ( 'NONE', ( #1861 ), #2784, .T. ) ;
#1336 = CARTESIAN_POINT ( 'NONE',  ( -16.71645574814667157, 7.809133661590818676, 12.61843473765424406 ) ) ;
#1337 = CARTESIAN_POINT ( 'NONE',  ( -13.69544456324381088, 6.532999935631144339, 15.24793843147353023 ) ) ;
#1338 = AXIS2_PLACEMENT_3D ( 'NONE', #1593, #1635, #1400 ) ;
#1339 = CARTESIAN_POINT ( 'NONE',  ( -14.35078923704180909, 10.93424284433439020, 19.58107866240117190 ) ) ;
#1340 = CARTESIAN_POINT ( 'NONE',  ( -21.10772051817327721, 13.40000000000000036, 9.135870759084031789 ) ) ;
#1341 = ORIENTED_EDGE ( 'NONE', *, *, #2287, .F. ) ;
#1342 = CARTESIAN_POINT ( 'NONE',  ( -12.91095875290138117, 3.147803070610742271, 15.27816306071920138 ) ) ;
#1343 = CARTESIAN_POINT ( 'NONE',  ( -9.166251633885851291, 8.018612438687140909, 17.06158638598338939 ) ) ;
#1344 = CARTESIAN_POINT ( 'NONE',  ( -18.02626341968739254, 11.00048152314292693, 15.91328143363576686 ) ) ;
#1345 = MECHANICAL_DESIGN_GEOMETRIC_PRESENTATION_REPRESENTATION (  '', ( #2251 ), #38 ) ;
#1346 = ADVANCED_FACE ( 'NONE', ( #1277 ), #147, .F. ) ;
#1347 = VECTOR ( 'NONE', #568, 1000.000000000000000 ) ;
#1348 = CARTESIAN_POINT ( 'NONE',  ( -18.74437677796823820, 10.78561996573283288, 3.128771923508480324 ) ) ;
#1349 = CARTESIAN_POINT ( 'NONE',  ( -18.98328092230082120, 9.216090977852973154, 12.96102632337153615 ) ) ;
#1350 = B_SPLINE_CURVE_WITH_KNOTS ( 'NONE', 3,
 ( #1045, #2309, #132, #990 ),
 .UNSPECIFIED., .F., .F.,
 ( 4, 4 ),
 ( 0.000000000000000000, 1.000000000000000000 ),
 .UNSPECIFIED. ) ;
#1351 = ORIENTED_EDGE ( 'NONE', *, *, #618, .F. ) ;
#1352 = CARTESIAN_POINT ( 'NONE',  ( -14.91122540334225022, 7.012811895454359679, 10.38023841934428049 ) ) ;
#1353 = DIRECTION ( 'NONE',  ( 0.000000000000000000, 0.000000000000000000, 1.000000000000000000 ) ) ;
#1354 = CARTESIAN_POINT ( 'NONE',  ( -12.95498846297988571, 11.07631198197194600, 17.88036273756494765 ) ) ;
#1355 = CARTESIAN_POINT ( 'NONE',  ( -15.24793843147716998, 6.532999935633585054, 13.69544456324519288 ) ) ;
#1356 = ORIENTED_EDGE ( 'NONE', *, *, #2217, .F. ) ;
#1357 = CARTESIAN_POINT ( 'NONE',  ( -10.54681351147832480, 10.63463876064248481, 15.04780043489877173 ) ) ;
#1358 = FACE_OUTER_BOUND ( 'NONE', #786, .T. ) ;
#1359 = CARTESIAN_POINT ( 'NONE',  ( -16.91681728722205591, 8.121745491415452989, 14.99772524878137148 ) ) ;
#1360 = CARTESIAN_POINT ( 'NONE',  ( -18.64038496716860038, 9.362831486644774159, 3.679836685115452255 ) ) ;
#1361 = CARTESIAN_POINT ( 'NONE',  ( 0.000000000000000000, 24.60000000000000142, 0.000000000000000000 ) ) ;
#1362 = CARTESIAN_POINT ( 'NONE',  ( -15.36448302490363638, 3.155318104162496251, 12.82868270492322438 ) ) ;
#1363 = ORIENTED_EDGE ( 'NONE', *, *, #2006, .T. ) ;
#1364 = CARTESIAN_POINT ( 'NONE',  ( -18.02585220683205236, 11.08298996658935920, 15.91527329012222580 ) ) ;
#1365 = DIRECTION ( 'NONE',  ( 0.000000000000000000, 0.000000000000000000, -1.000000000000000000 ) ) ;
#1366 = DIRECTION ( 'NONE',  ( 0.000000000000000000, -1.000000000000000000, 0.000000000000000000 ) ) ;
#1367 = DIRECTION ( 'NONE',  ( 0.7071067811865462405, 0.000000000000000000, 0.7071067811865489050 ) ) ;
#1368 = CARTESIAN_POINT ( 'NONE',  ( -12.95500603155974062, 11.08239705083599347, 17.88038584359044592 ) ) ;
#1369 = CARTESIAN_POINT ( 'NONE',  ( -17.84864187010904146, 9.851194523085020194, 15.74670933391035454 ) ) ;
#1370 = ORIENTED_EDGE ( 'NONE', *, *, #1403, .T. ) ;
#1371 = ADVANCED_FACE ( 'NONE', ( #1222 ), #2744, .T. ) ;
#1372 = CARTESIAN_POINT ( 'NONE',  ( -13.79491418301612526, 6.984747290658868124, 20.14621131393815645 ) ) ;
#1373 = CARTESIAN_POINT ( 'NONE',  ( -8.319405408069181718, 11.89859161471910198, 17.80183234705928896 ) ) ;
#1374 = CARTESIAN_POINT ( 'NONE',  ( -16.04976193255440009, 8.773783394011788417, 18.30546927754020459 ) ) ;
#1375 = CARTESIAN_POINT ( 'NONE',  ( -18.60522738679936694, 8.990969079161462929, 3.853010282021067656 ) ) ;
#1376 = CARTESIAN_POINT ( 'NONE',  ( 0.000000000000000000, 24.60000000000000142, 0.000000000000000000 ) ) ;
#1377 = CARTESIAN_POINT ( 'NONE',  ( -8.221283850751786915, 14.26741272762004265, 18.00302595084858837 ) ) ;
#1378 = ORIENTED_EDGE ( 'NONE', *, *, #179, .T. ) ;
#1379 = CARTESIAN_POINT ( 'NONE',  ( -16.51908618807072315, 10.80893334012399265, 7.149810592672579901 ) ) ;
#1380 = CARTESIAN_POINT ( 'NONE',  ( 2.204364238465235033E-15, 16.00000000000000000, -18.00000000000000000 ) ) ;
#1381 =( LENGTH_UNIT ( ) NAMED_UNIT ( * ) SI_UNIT ( .MILLI., .METRE. ) );
#1382 = CARTESIAN_POINT ( 'NONE',  ( -15.49991690843946479, 0.000000000000000000, -9.151643340486577571 ) ) ;
#1383 = CARTESIAN_POINT ( 'NONE',  ( 0.000000000000000000, 16.00000000000000000, 0.000000000000000000 ) ) ;
#1384 = CARTESIAN_POINT ( 'NONE',  ( -18.46614552555924860, 12.81342382108725531, 16.88919353376812893 ) ) ;
#1385 = ORIENTED_EDGE ( 'NONE', *, *, #1678, .F. ) ;
#1386 = DIRECTION ( 'NONE',  ( -0.000000000000000000, -1.000000000000000000, -0.000000000000000000 ) ) ;
#1387 = AXIS2_PLACEMENT_3D ( 'NONE', #1184, #290, #1850 ) ;
#1388 = CARTESIAN_POINT ( 'NONE',  ( -12.68717073782620552, 3.468869298181502359, 15.73014169193762513 ) ) ;
#1389 = CARTESIAN_POINT ( 'NONE',  ( -11.29787170275605312, 1.389297215268349817, 15.27890556134960498 ) ) ;
#1390 = CARTESIAN_POINT ( 'NONE',  ( -13.31431657007014202, 12.85174544759873250, 19.52264537306475134 ) ) ;
#1391 = ADVANCED_FACE ( 'NONE', ( #2410 ), #758, .T. ) ;
#1392 = CIRCLE ( 'NONE', #933, 1.599999999999999867 ) ;
#1393 = CARTESIAN_POINT ( 'NONE',  ( -18.52865969101860699, 8.353617830934398469, 4.205802636000777639 ) ) ;
#1394 = CARTESIAN_POINT ( 'NONE',  ( -2.738518490347105594, 14.20000795701693974, 18.80160941191011403 ) ) ;
#1395 = CIRCLE ( 'NONE', #2714, 5.000000000000000000 ) ;
#1396 = ORIENTED_EDGE ( 'NONE', *, *, #2767, .F. ) ;
#1397 = CARTESIAN_POINT ( 'NONE',  ( -17.77189367835815048, 10.26197261045265030, 12.88796351084082481 ) ) ;
#1398 = CARTESIAN_POINT ( 'NONE',  ( 0.000000000000000000, 14.20000000000000107, 0.000000000000000000 ) ) ;
#1399 = AXIS2_PLACEMENT_3D ( 'NONE', #2628, #1366, #1788 ) ;
#1400 = DIRECTION ( 'NONE',  ( 0.000000000000000000, 0.000000000000000000, 1.000000000000000000 ) ) ;
#1401 = CYLINDRICAL_SURFACE ( 'NONE', #220, 1.600000000000000755 ) ;
#1402 = EDGE_LOOP ( 'NONE', ( #2, #1487 ) ) ;
#1403 = EDGE_CURVE ( 'NONE', #1334, #1704, #2158, .T. ) ;
#1404 = CARTESIAN_POINT ( 'NONE',  ( -12.55480603366472891, 6.513926464698528207, 17.93643912450099975 ) ) ;
#1405 = CARTESIAN_POINT ( 'NONE',  ( -4.630697955365918439, 7.589130210396239029, 18.42877281061136330 ) ) ;
#1406 = CARTESIAN_POINT ( 'NONE',  ( 1.237604307034021245, 25.60000000000000142, 9.503691262898044556 ) ) ;
#1407 = FACE_OUTER_BOUND ( 'NONE', #1203, .T. ) ;
#1408 = CARTESIAN_POINT ( 'NONE',  ( -11.13333589574467020, 1.419073208866063363, 15.39640107755748488 ) ) ;
#1409 = EDGE_CURVE ( 'NONE', #1078, #779, #1298, .T. ) ;
#1410 = CARTESIAN_POINT ( 'NONE',  ( -13.52325507213709166, 13.43600058044123990, 19.59422511717809812 ) ) ;
#1411 = EDGE_LOOP ( 'NONE', ( #962, #584, #2219, #685 ) ) ;
#1412 = CARTESIAN_POINT ( 'NONE',  ( -17.98082825519256644, 13.99113613095759767, 8.247078537760861749 ) ) ;
#1413 = EDGE_CURVE ( 'NONE', #1472, #1214, #1889, .T. ) ;
#1414 = CARTESIAN_POINT ( 'NONE',  ( -15.90035670955964875, 4.136745092868263640, 14.28720271125551022 ) ) ;
#1415 = CARTESIAN_POINT ( 'NONE',  ( -16.89900959843653538, 12.81287012062663244, 18.45632946089083859 ) ) ;
#1416 = FACE_OUTER_BOUND ( 'NONE', #2436, .T. ) ;
#1417 = ORIENTED_EDGE ( 'NONE', *, *, #2321, .T. ) ;
#1418 = CARTESIAN_POINT ( 'NONE',  ( -14.01750512541951288, 1.301551040083580357, 12.82612763303241010 ) ) ;
#1419 = CARTESIAN_POINT ( 'NONE',  ( -13.22129329803854247, 10.51237113079394092, 19.32604834528982707 ) ) ;
#1420 = CARTESIAN_POINT ( 'NONE',  ( -17.23973965114040041, 9.561102857527545851, 12.49082242298962164 ) ) ;
#1421 = CARTESIAN_POINT ( 'NONE',  ( -16.19945991151231368, 9.500359003460086882, 18.49854140315398610 ) ) ;
#1422 = CARTESIAN_POINT ( 'NONE',  ( -11.64021872427174031, 1.335257730593832015, 15.02796163137439400 ) ) ;
#1423 = CARTESIAN_POINT ( 'NONE',  ( -13.51770052879448869, 13.07645896023124621, 19.59254251045428674 ) ) ;
#1424 = ORIENTED_EDGE ( 'NONE', *, *, #1316, .T. ) ;
#1425 = CARTESIAN_POINT ( 'NONE',  ( -18.79625870375963359, 13.16634436308444656, 2.775012186929194158 ) ) ;
#1426 = DIRECTION ( 'NONE',  ( 0.000000000000000000, 0.000000000000000000, -1.000000000000000000 ) ) ;
#1427 = EDGE_CURVE ( 'NONE', #1044, #1888, #1164, .T. ) ;
#1428 = CARTESIAN_POINT ( 'NONE',  ( -16.30036318210129664, 11.06579166200507558, 17.64076231485298507 ) ) ;
#1429 = CARTESIAN_POINT ( 'NONE',  ( 0.000000000000000000, 24.60000000000000142, 0.000000000000000000 ) ) ;
#1430 = ORIENTED_EDGE ( 'NONE', *, *, #114, .T. ) ;
#1431 = CARTESIAN_POINT ( 'NONE',  ( -16.83650336645820289, 2.283411598042521806, 8.829663120564577028 ) ) ;
#1432 = CARTESIAN_POINT ( 'NONE',  ( -10.73051684650810955, 3.650388372971999029, 15.75277241857902411 ) ) ;
#1433 = CARTESIAN_POINT ( 'NONE',  ( -12.39602535877254041, 3.303339631041691149, 16.34800400296740008 ) ) ;
#1434 = FACE_OUTER_BOUND ( 'NONE', #1260, .T. ) ;
#1435 = CYLINDRICAL_SURFACE ( 'NONE', #539, 18.00000000000000000 ) ;
#1436 = ORIENTED_EDGE ( 'NONE', *, *, #736, .F. ) ;
#1437 = DIRECTION ( 'NONE',  ( 0.000000000000000000, -1.000000000000000000, 0.000000000000000000 ) ) ;
#1438 = CARTESIAN_POINT ( 'NONE',  ( -12.62140610366101612, 9.816745435686955901, 17.41999524776321451 ) ) ;
#1439 = CARTESIAN_POINT ( 'NONE',  ( -16.61163889212624412, 13.40000000000000036, 14.50105948008184420 ) ) ;
#1440 = CARTESIAN_POINT ( 'NONE',  ( -15.91527329017342751, 11.08299533836159334, 18.02585220678085420 ) ) ;
#1441 = ADVANCED_FACE ( 'NONE', ( #742, #2494 ), #2647, .F. ) ;
#1442 = CARTESIAN_POINT ( 'NONE',  ( 0.000000000000000000, 16.00000000000000000, 0.5000000000000002220 ) ) ;
#1443 = ORIENTED_EDGE ( 'NONE', *, *, #1510, .T. ) ;
#1444 = CARTESIAN_POINT ( 'NONE',  ( -13.29773022443602848, 10.97000174116375426, 19.41029285976345875 ) ) ;
#1445 = CARTESIAN_POINT ( 'NONE',  ( -12.49494437889311627, 5.933732057759195655, 17.63700646421792584 ) ) ;
#1446 = CARTESIAN_POINT ( 'NONE',  ( -17.40236211885796536, 9.219891416869657519, 12.69038432878547518 ) ) ;
#1447 = CARTESIAN_POINT ( 'NONE',  ( -4.805254285376420853, 7.350245127373282727, 18.38249394936725878 ) ) ;
#1448 = CARTESIAN_POINT ( 'NONE',  ( -14.01750512537853410, 1.301551040083814170, 12.82612763307719916 ) ) ;
#1449 = DIRECTION ( 'NONE',  ( 0.000000000000000000, 1.000000000000000000, 0.000000000000000000 ) ) ;
#1450 = ORIENTED_EDGE ( 'NONE', *, *, #1510, .F. ) ;
#1451 = CARTESIAN_POINT ( 'NONE',  ( -12.89774554331540557, 7.242549870457160921, 17.59409327098621034 ) ) ;
#1452 = CARTESIAN_POINT ( 'NONE',  ( 0.000000000000000000, 16.00000000000000000, -0.5000000000000002220 ) ) ;
#1453 = CYLINDRICAL_SURFACE ( 'NONE', #1562, 1.599999999999998979 ) ;
#1454 = FACE_OUTER_BOUND ( 'NONE', #773, .T. ) ;
#1455 = CARTESIAN_POINT ( 'NONE',  ( -12.94534327999547685, 9.146043394300514606, 18.96098172700173734 ) ) ;
#1456 = FILL_AREA_STYLE_COLOUR ( '', #1974 ) ;
#1457 = APPLICATION_CONTEXT ( 'automotive_design' ) ;
#1458 = ADVANCED_FACE ( 'NONE', ( #1358 ), #1599, .T. ) ;
#1459 = CARTESIAN_POINT ( 'NONE',  ( -5.572512258077918723, 6.255843482114910259, 18.16878832367848062 ) ) ;
#1460 = CARTESIAN_POINT ( 'NONE',  ( -13.40191435810572251, 2.944293296568975205, 14.65529223944113824 ) ) ;
#1461 = DIRECTION ( 'NONE',  ( 0.000000000000000000, 1.000000000000000000, 0.000000000000000000 ) ) ;
#1462 = ORIENTED_EDGE ( 'NONE', *, *, #2645, .T. ) ;
#1463 = B_SPLINE_CURVE_WITH_KNOTS ( 'NONE', 3,
 ( #1773, #58, #1760, #2461, #898, #735 ),
 .UNSPECIFIED., .F., .F.,
 ( 4, 2, 4 ),
 ( 0.3186789571995531367, 0.6593394785997765961, 1.000000000000000000 ),
 .UNSPECIFIED. ) ;
#1464 = CARTESIAN_POINT ( 'NONE',  ( -18.28256985934954670, 11.08364215356714944, 13.36773933889609545 ) ) ;
#1465 = CARTESIAN_POINT ( 'NONE',  ( -12.42202360501486602, 9.440217947631889928, 17.14476904501266219 ) ) ;
#1466 = CARTESIAN_POINT ( 'NONE',  ( -18.02622032588392287, 11.05181543792576804, 15.91469380244673459 ) ) ;
#1467 = CARTESIAN_POINT ( 'NONE',  ( -13.50429183605195860, 2.199584471418019938, 11.90367050483352429 ) ) ;
#1468 = ORIENTED_EDGE ( 'NONE', *, *, #2677, .F. ) ;
#1469 = CARTESIAN_POINT ( 'NONE',  ( -19.07177370522487081, 14.19999999999999929, 11.78241231238608755 ) ) ;
#1470 = DIRECTION ( 'NONE',  ( 0.000000000000000000, -1.000000000000000000, 0.000000000000000000 ) ) ;
#1471 = CARTESIAN_POINT ( 'NONE',  ( -18.84360567203011527, 14.20000000000000107, 16.51173338729725870 ) ) ;
#1472 = VERTEX_POINT ( 'NONE', #2469 ) ;
#1473 = CARTESIAN_POINT ( 'NONE',  ( -5.185773037846752587, 6.823630369563518983, 18.27862084896246131 ) ) ;
#1474 = CARTESIAN_POINT ( 'NONE',  ( -17.89623364242553549, 11.08364215356712279, 12.96814841693972475 ) ) ;
#1475 = CARTESIAN_POINT ( 'NONE',  ( -15.24793843147716998, 6.532999935633585054, 13.69544456324519288 ) ) ;
#1476 = CARTESIAN_POINT ( 'NONE',  ( -19.59386386394698576, 13.34611517194088393, 13.52205895752001474 ) ) ;
#1477 = CARTESIAN_POINT ( 'NONE',  ( -12.90493693274889075, 10.63485021151940479, 17.81133496985972542 ) ) ;
#1478 = CARTESIAN_POINT ( 'NONE',  ( -19.53953351847836828, 10.52781734066080332, 14.31962040944615389 ) ) ;
#1479 = VERTEX_POINT ( 'NONE', #2021 ) ;
#1480 = CARTESIAN_POINT ( 'NONE',  ( -13.37796624607974749, 5.089065727259228566, 12.04300817404633328 ) ) ;
#1481 = ORIENTED_EDGE ( 'NONE', *, *, #404, .T. ) ;
#1482 = VECTOR ( 'NONE', #130, 1000.000000000000000 ) ;
#1483 = CARTESIAN_POINT ( 'NONE',  ( -15.49991690843946479, 14.20000000000000107, -9.151643340486577571 ) ) ;
#1484 = CIRCLE ( 'NONE', #2162, 19.00000000000000000 ) ;
#1485 = CARTESIAN_POINT ( 'NONE',  ( -18.74007207621066584, 10.82744785768470841, 3.136275561576907567 ) ) ;
#1486 = CARTESIAN_POINT ( 'NONE',  ( -9.135870759084093962, 14.20000000000000107, 21.10772051817325590 ) ) ;
#1487 = ORIENTED_EDGE ( 'NONE', *, *, #2614, .F. ) ;
#1488 = CARTESIAN_POINT ( 'NONE',  ( -10.25160095689905226, 8.286427462552605760, 15.10022659147651325 ) ) ;
#1489 = CARTESIAN_POINT ( 'NONE',  ( -15.35308765564558797, 8.754148533100698515, 17.36589660692717985 ) ) ;
#1490 = EDGE_CURVE ( 'NONE', #1888, #888, #1585, .T. ) ;
#1491 = DIRECTION ( 'NONE',  ( 0.000000000000000000, 0.000000000000000000, 1.000000000000000000 ) ) ;
#1492 = CARTESIAN_POINT ( 'NONE',  ( -14.21022113062683623, 9.896476776088819705, 19.39112182371014725 ) ) ;
#1493 = CARTESIAN_POINT ( 'NONE',  ( -17.88038295221920748, 11.08081338489268930, 12.95500369139076113 ) ) ;
#1494 = ADVANCED_FACE ( 'NONE', ( #90 ), #654, .T. ) ;
#1495 = CARTESIAN_POINT ( 'NONE',  ( -15.27346748927863196, 3.354848599781322882, 9.533402067009808079 ) ) ;
#1496 = EDGE_LOOP ( 'NONE', ( #1833, #2459, #521, #1958 ) ) ;
#1497 = CARTESIAN_POINT ( 'NONE',  ( -12.04300817404733515, 5.089065727259629135, 13.37796624607882734 ) ) ;
#1498 = ORIENTED_EDGE ( 'NONE', *, *, #438, .T. ) ;
#1499 = CARTESIAN_POINT ( 'NONE',  ( -18.54553588410204767, 8.440578548224710431, 4.137708937919921226 ) ) ;
#1500 = DIRECTION ( 'NONE',  ( -0.000000000000000000, 1.000000000000000000, -0.000000000000000000 ) ) ;
#1501 = CARTESIAN_POINT ( 'NONE',  ( -8.292802809148637877, 5.107627359000201039, 15.97646299749123600 ) ) ;
#1502 = CARTESIAN_POINT ( 'NONE',  ( 0.000000000000000000, 24.60000000000000142, 0.000000000000000000 ) ) ;
#1503 = CARTESIAN_POINT ( 'NONE',  ( -14.01750512541951466, 1.301551040083580357, 12.82612763303241188 ) ) ;
#1504 = CARTESIAN_POINT ( 'NONE',  ( -17.21478615572978654, 5.223192830389986163, 12.44419212772652195 ) ) ;
#1505 = CARTESIAN_POINT ( 'NONE',  ( -19.58615381514677267, 11.07736133073484375, 14.35481523273720406 ) ) ;
#1506 = ORIENTED_EDGE ( 'NONE', *, *, #2236, .T. ) ;
#1507 = CARTESIAN_POINT ( 'NONE',  ( -15.05243563215442748, 7.778846566260510187, 10.26579520967850634 ) ) ;
#1508 = ORIENTED_EDGE ( 'NONE', *, *, #884, .F. ) ;
#1509 = CARTESIAN_POINT ( 'NONE',  ( -12.95570107010236427, 5.090707742594135610, 12.51185061821110267 ) ) ;
#1510 = EDGE_CURVE ( 'NONE', #1053, #1719, #1000, .T. ) ;
#1511 = CARTESIAN_POINT ( 'NONE',  ( -9.116390911755765103, 2.151330913723279892, 16.67007697842468161 ) ) ;
#1512 = CARTESIAN_POINT ( 'NONE',  ( -14.56877969556453323, 2.450345021964680736, 12.20404246951820681 ) ) ;
#1513 = FACE_OUTER_BOUND ( 'NONE', #54, .T. ) ;
#1514 = ORIENTED_EDGE ( 'NONE', *, *, #1544, .T. ) ;
#1515 = CARTESIAN_POINT ( 'NONE',  ( -12.69042802306029216, 9.220139150214736290, 17.40246496531786846 ) ) ;
#1516 = CARTESIAN_POINT ( 'NONE',  ( -10.53940318028608303, 6.471913224849377144, 14.75012882446460694 ) ) ;
#1517 = CARTESIAN_POINT ( 'NONE',  ( -19.18257538484220959, 7.506028852223849412, 14.35633439508683296 ) ) ;
#1518 = CARTESIAN_POINT ( 'NONE',  ( -17.06799368274592155, 2.655459972066128937, 8.357390714406912835 ) ) ;
#1519 = CARTESIAN_POINT ( 'NONE',  ( -19.59114986045943141, 12.85174544760033832, 13.51313526726326941 ) ) ;
#1520 = CARTESIAN_POINT ( 'NONE',  ( -14.87359213521243362, 6.870716326770726745, 10.41630123203319336 ) ) ;
#1521 = EDGE_LOOP ( 'NONE', ( #2368, #107, #1963, #1223 ) ) ;
#1522 = CARTESIAN_POINT ( 'NONE',  ( -14.22834028591881861, 6.539057940034822991, 14.74119744431360601 ) ) ;
#1523 = AXIS2_PLACEMENT_3D ( 'NONE', #2663, #2003, #547 ) ;
#1524 = CARTESIAN_POINT ( 'NONE',  ( -9.779171789054915465, 1.806190440109336492, 16.29511137040717728 ) ) ;
#1525 = AXIS2_PLACEMENT_3D ( 'NONE', #370, #2532, #397 ) ;
#1526 = CARTESIAN_POINT ( 'NONE',  ( -17.23583521091062920, 8.843077323947385437, 8.966755180323518815 ) ) ;
#1527 = CIRCLE ( 'NONE', #585, 3.000000000000000888 ) ;
#1528 = CARTESIAN_POINT ( 'NONE',  ( -15.91527329017342751, 11.08299533836159334, 18.02585220678085420 ) ) ;
#1529 = CARTESIAN_POINT ( 'NONE',  ( -9.501321336852964095, 3.407767501080285033, 15.28915640400747478 ) ) ;
#1530 = VECTOR ( 'NONE', #1054, 1000.000000000000000 ) ;
#1531 = CARTESIAN_POINT ( 'NONE',  ( -18.25650434988255100, 7.418893615779723838, 12.45471077560646123 ) ) ;
#1532 = VERTEX_POINT ( 'NONE', #2307 ) ;
#1533 = CARTESIAN_POINT ( 'NONE',  ( -18.25991236339685386, 6.707645112124739128, 5.251250545271579639 ) ) ;
#1534 = CARTESIAN_POINT ( 'NONE',  ( -19.35342281547900356, 10.67044968517946835, 13.24493560128897940 ) ) ;
#1535 = ORIENTED_EDGE ( 'NONE', *, *, #2144, .T. ) ;
#1536 = CARTESIAN_POINT ( 'NONE',  ( -15.83599905162098231, 6.738824496212845183, 13.17339433507046209 ) ) ;
#1537 = CARTESIAN_POINT ( 'NONE',  ( -13.69544456324381088, 6.532999935631144339, 15.24793843147353023 ) ) ;
#1538 = CARTESIAN_POINT ( 'NONE',  ( -8.352606322614457568, 2.668888001816317246, 17.06692461949640105 ) ) ;
#1539 = CARTESIAN_POINT ( 'NONE',  ( -18.58978147802747927, 8.803150267703495402, 3.931215677992219604 ) ) ;
#1540 = DIRECTION ( 'NONE',  ( 0.000000000000000000, 0.000000000000000000, 1.000000000000000000 ) ) ;
#1541 = VERTEX_POINT ( 'NONE', #1471 ) ;
#1542 = CARTESIAN_POINT ( 'NONE',  ( -13.27444259420021666, 6.668913575455176712, 15.72035645126674375 ) ) ;
#1543 = CARTESIAN_POINT ( 'NONE',  ( -20.22387971326955380, 12.85174544760031345, 15.13145934605781484 ) ) ;
#1544 = EDGE_CURVE ( 'NONE', #2556, #1063, #352, .T. ) ;
#1545 = CARTESIAN_POINT ( 'NONE',  ( -18.39310752553309314, 7.521036474523234538, 4.763909533718170053 ) ) ;
#1546 = CARTESIAN_POINT ( 'NONE',  ( -19.20488458175933744, 10.02789896285981364, 13.11314893763996992 ) ) ;
#1547 = EDGE_LOOP ( 'NONE', ( #457, #528, #2421, #346 ) ) ;
#1548 = CARTESIAN_POINT ( 'NONE',  ( -16.45223487876008761, 8.363334296597228601, 7.303113786274263219 ) ) ;
#1549 = CARTESIAN_POINT ( 'NONE',  ( -16.51173338729729423, 13.40000000000000036, 18.84360567203007619 ) ) ;
#1550 = CARTESIAN_POINT ( 'NONE',  ( -11.71724066425570854, 2.192505634532514680, 13.67331188448885015 ) ) ;
#1551 = CARTESIAN_POINT ( 'NONE',  ( -17.36617316309565595, 8.754623392211739130, 15.35330868511127811 ) ) ;
#1552 = ORIENTED_EDGE ( 'NONE', *, *, #634, .F. ) ;
#1553 = CARTESIAN_POINT ( 'NONE',  ( -14.98073335095143044, 11.13195815763430296, 18.96039214600285305 ) ) ;
#1554 = CARTESIAN_POINT ( 'NONE',  ( -15.65930370873747357, 2.760945128853254715, 11.92238334920005194 ) ) ;
#1555 = CARTESIAN_POINT ( 'NONE',  ( -18.02583279077389022, 11.08343440950618408, 15.91529270618039327 ) ) ;
#1556 = PLANE ( 'NONE',  #36 ) ;
#1557 = CARTESIAN_POINT ( 'NONE',  ( -19.32927746520092072, 10.55225801564616717, 13.22324393293683542 ) ) ;
#1558 = ORIENTED_EDGE ( 'NONE', *, *, #1166, .F. ) ;
#1559 = CARTESIAN_POINT ( 'NONE',  ( -16.26254925193135747, 6.532166641863093481, 7.716099047951063383 ) ) ;
#1560 = CARTESIAN_POINT ( 'NONE',  ( -14.65529223944120041, 2.944293296568997853, 13.40191435810570475 ) ) ;
#1561 = CARTESIAN_POINT ( 'NONE',  ( -17.82127551885507799, 10.47277229855074054, 12.91924093942873775 ) ) ;
#1562 = AXIS2_PLACEMENT_3D ( 'NONE', #2789, #581, #1675 ) ;
#1563 = CARTESIAN_POINT ( 'NONE',  ( -9.085460355761428630, 2.169429050921992008, 16.68696369082423558 ) ) ;
#1564 = DIRECTION ( 'NONE',  ( 0.000000000000000000, -1.000000000000000000, 0.000000000000000000 ) ) ;
#1565 = VECTOR ( 'NONE', #1017, 1000.000000000000000 ) ;
#1566 = CYLINDRICAL_SURFACE ( 'NONE', #675, 18.00000000000000000 ) ;
#1567 = ORIENTED_EDGE ( 'NONE', *, *, #409, .T. ) ;
#1568 = FACE_OUTER_BOUND ( 'NONE', #1051, .T. ) ;
#1569 = CARTESIAN_POINT ( 'NONE',  ( -12.59960996787870791, 7.900611965410137216, 16.77192704527782396 ) ) ;
#1570 = CARTESIAN_POINT ( 'NONE',  ( -12.44896191755824866, 4.632631911034634342, 16.80125714532261583 ) ) ;
#1571 = CARTESIAN_POINT ( 'NONE',  ( -7.066663088963546002, 3.953874375126663843, 17.63978788084466487 ) ) ;
#1572 = CARTESIAN_POINT ( 'NONE',  ( -13.08624425111899825, 10.02945824673052044, 19.19557762640894438 ) ) ;
#1573 = CARTESIAN_POINT ( 'NONE',  ( -18.54049810729777903, 8.426923404639062198, 4.153589462829478940 ) ) ;
#1574 = DIRECTION ( 'NONE',  ( 0.000000000000000000, 0.000000000000000000, 1.000000000000000000 ) ) ;
#1575 = CIRCLE ( 'NONE', #1215, 1.600000000000000755 ) ;
#1576 = ORIENTED_EDGE ( 'NONE', *, *, #195, .F. ) ;
#1577 = CARTESIAN_POINT ( 'NONE',  ( -2.738650632048899691, 14.20000000000000107, 18.80159016454667054 ) ) ;
#1578 = LINE ( 'NONE', #278, #1115 ) ;
#1579 = ADVANCED_FACE ( 'NONE', ( #1043 ), #2088, .T. ) ;
#1580 = CARTESIAN_POINT ( 'NONE',  ( -14.01750512541951466, 1.301551040083580357, 12.82612763303241188 ) ) ;
#1581 = CARTESIAN_POINT ( 'NONE',  ( -12.09002027701891535, 2.206660268064493557, 13.33534437880294909 ) ) ;
#1582 = DIRECTION ( 'NONE',  ( -0.000000000000000000, -1.000000000000000000, -0.000000000000000000 ) ) ;
#1583 = VERTEX_POINT ( 'NONE', #1231 ) ;
#1584 = CARTESIAN_POINT ( 'NONE',  ( -19.14512212560446258, 7.336800520424099581, 14.79600337134741750 ) ) ;
#1585 = LINE ( 'NONE', #2047, #2609 ) ;
#1586 = CARTESIAN_POINT ( 'NONE',  ( -12.69135285299086569, 8.181186038081952105, 18.60737559931988727 ) ) ;
#1587 = MANIFOLD_SOLID_BREP ( 'Cut-Extrude11', #975 ) ;
#1588 = CARTESIAN_POINT ( 'NONE',  ( -18.57370663759939333, 8.694515856605093518, 4.002310123476939374 ) ) ;
#1589 = CARTESIAN_POINT ( 'NONE',  ( 0.000000000000000000, 25.60000000000000142, 0.000000000000000000 ) ) ;
#1590 = ORIENTED_EDGE ( 'NONE', *, *, #1490, .F. ) ;
#1591 = CARTESIAN_POINT ( 'NONE',  ( -17.89623364242539694, 11.08364215356583138, 12.96814841693960929 ) ) ;
#1592 = DIRECTION ( 'NONE',  ( -0.000000000000000000, 1.000000000000000000, -0.000000000000000000 ) ) ;
#1593 = CARTESIAN_POINT ( 'NONE',  ( -1.237604307034019469, 15.60000000000000142, -7.903691262898044911 ) ) ;
#1594 = CARTESIAN_POINT ( 'NONE',  ( -12.95496308954146158, 11.07180486608271863, 17.88032851757311192 ) ) ;
#1595 = EDGE_CURVE ( 'NONE', #1868, #2386, #1703, .T. ) ;
#1596 = DIRECTION ( 'NONE',  ( -0.000000000000000000, 1.000000000000000000, -0.000000000000000000 ) ) ;
#1597 = EDGE_LOOP ( 'NONE', ( #923, #1949, #2765, #376 ) ) ;
#1598 = CARTESIAN_POINT ( 'NONE',  ( -12.74188751377584872, 3.365421788517412249, 15.60128859661304901 ) ) ;
#1599 = PLANE ( 'NONE',  #892 ) ;
#1600 = CARTESIAN_POINT ( 'NONE',  ( -15.49545170024830476, 6.712240262203559737, 13.88717098660338856 ) ) ;
#1601 = CARTESIAN_POINT ( 'NONE',  ( -12.82612763327914251, 1.301551040084872213, 14.01750512519375391 ) ) ;
#1602 = CARTESIAN_POINT ( 'NONE',  ( -15.90604073071571634, 10.82908822510145974, 18.02309369600196121 ) ) ;
#1603 = ORIENTED_EDGE ( 'NONE', *, *, #2597, .F. ) ;
#1604 = CARTESIAN_POINT ( 'NONE',  ( -15.03762685391041920, 11.08364215356580829, 10.57260743482384235 ) ) ;
#1605 = CARTESIAN_POINT ( 'NONE',  ( 0.000000000000000000, 13.40000000000000036, 0.000000000000000000 ) ) ;
#1606 = CARTESIAN_POINT ( 'NONE',  ( -16.30694456989035146, 11.08364215356573368, 7.639947340981096957 ) ) ;
#1607 = CARTESIAN_POINT ( 'NONE',  ( -17.59826466631202990, 9.170958712780132416, 15.53922808741743111 ) ) ;
#1608 = EDGE_LOOP ( 'NONE', ( #2726, #1396, #1874, #313 ) ) ;
#1609 = ADVANCED_FACE ( 'NONE', ( #656 ), #875, .T. ) ;
#1610 = AXIS2_PLACEMENT_3D ( 'NONE', #1253, #2356, #621 ) ;
#1611 = CARTESIAN_POINT ( 'NONE',  ( -12.50725194825153075, 6.060535452043211535, 17.70364503649703636 ) ) ;
#1612 = CARTESIAN_POINT ( 'NONE',  ( -4.907837071008422924, 7.186931269283353352, 18.35813540796885945 ) ) ;
#1613 = CARTESIAN_POINT ( 'NONE',  ( -17.57604554151154730, 9.176511809291870492, 15.52277485603271678 ) ) ;
#1614 = AXIS2_PLACEMENT_3D ( 'NONE', #535, #1995, #921 ) ;
#1615 = CARTESIAN_POINT ( 'NONE',  ( -18.41208861447594813, 7.640108090365850479, 4.689916028281071014 ) ) ;
#1616 = CARTESIAN_POINT ( 'NONE',  ( -2.741742302243702412, 13.88542760570606482, 18.80113974564669377 ) ) ;
#1617 = AXIS2_PLACEMENT_3D ( 'NONE', #166, #1624, #1636 ) ;
#1618 = ORIENTED_EDGE ( 'NONE', *, *, #1202, .F. ) ;
#1619 = CARTESIAN_POINT ( 'NONE',  ( -18.80160912937713391, 14.13260318076518907, 2.738520507885444655 ) ) ;
#1620 = VECTOR ( 'NONE', #694, 1000.000000000000000 ) ;
#1621 = DIRECTION ( 'NONE',  ( 0.000000000000000000, 0.000000000000000000, 1.000000000000000000 ) ) ;
#1622 =( BOUNDED_SURFACE ( )  B_SPLINE_SURFACE ( 3, 2, ( 
 ( #366, #1480, #2130 ),
 ( #1921, #1705, #2572 ),
 ( #638, #423, #2384 ),
 ( #2189, #237, #2215 ),
 ( #1772, #1758, #652 ),
 ( #1089, #492, #1536 ),
 ( #910, #2431, #451 ),
 ( #1134, #1, #662 ),
 ( #2160, #1960, #1308 ),
 ( #2625, #436, #680 ),
 ( #2640, #2403, #1948 ),
 ( #861, #26, #248 ),
 ( #277, #2611, #1294 ),
 ( #55, #1520, #2175 ),
 ( #1718, #1352, #1336 ),
 ( #882, #706, #226 ),
 ( #1744, #463, #2585 ),
 ( #1559, #1507, #1322 ),
 ( #2369, #1079, #15 ),
 ( #2416, #692, #1103 ),
 ( #897, #1970, #40 ),
 ( #1548, #475, #871 ),
 ( #1732, #1985, #2595 ),
 ( #2200, #263, #1117 ),
 ( #2488, #939, #1397 ),
 ( #96, #554, #347 ),
 ( #1379, #774, #522 ),
 ( #565, #1604, #1591 ) ),
 .UNSPECIFIED., .F., .F., .T. ) 
 B_SPLINE_SURFACE_WITH_KNOTS ( ( 4, 2, 2, 2, 2, 2, 2, 2, 2, 2, 2, 2, 2, 4 ),
 ( 3, 3 ),
 ( -7.428953285870676382E-16, 0.001637913563393802270, 0.002456870345091074961, 0.003275827126788347435, 0.004094783908485620343, 0.004913740690182893250, 0.006551654253577438199, 0.007370611035274711106, 0.008189567816971983147, 0.009008524598669256922, 0.009827481380366528962, 0.01146539494376107304, 0.01228435172545834508, 0.01310330850715561886 ),
 ( 0.000000000000000000, 1.000000000000000000 ),
 .UNSPECIFIED. ) 
 GEOMETRIC_REPRESENTATION_ITEM ( )  RATIONAL_B_SPLINE_SURFACE ( (
 ( 1.000000000000000000, 0.8662989203025726059, 1.000000000000000000),
 ( 1.000000000000000000, 0.8651603022319123149, 1.000000000000000000),
 ( 1.000000000000000000, 0.8644474877899595011, 1.000000000000000000),
 ( 1.000000000000000000, 0.8638456880352517464, 1.000000000000000000),
 ( 1.000000000000000000, 0.8637218302059224140, 1.000000000000000000),
 ( 1.000000000000000000, 0.8635764144224624683, 1.000000000000000000),
 ( 1.000000000000000000, 0.8635544132207079171, 1.000000000000000000),
 ( 1.000000000000000000, 0.8635297946955099446, 1.000000000000000000),
 ( 1.000000000000000000, 0.8635274065249712860, 1.000000000000000000),
 ( 1.000000000000000000, 0.8634448631345935654, 1.000000000000000000),
 ( 1.000000000000000000, 0.8633634101037646058, 1.000000000000000000),
 ( 1.000000000000000000, 0.8628344442031871120, 1.000000000000000000),
 ( 1.000000000000000000, 0.8621112523614485879, 1.000000000000000000),
 ( 1.000000000000000000, 0.8597612462987033188, 1.000000000000000000),
 ( 1.000000000000000000, 0.8587575067334145551, 1.000000000000000000),
 ( 1.000000000000000000, 0.8562541869686921547, 1.000000000000000000),
 ( 1.000000000000000000, 0.8547526790579369482, 1.000000000000000000),
 ( 1.000000000000000000, 0.8511699885902426210, 1.000000000000000000),
 ( 1.000000000000000000, 0.8490883203471218943, 1.000000000000000000),
 ( 1.000000000000000000, 0.8442806023666521442, 1.000000000000000000),
 ( 1.000000000000000000, 0.8415458282664417533, 1.000000000000000000),
 ( 1.000000000000000000, 0.8325433457379719515, 1.000000000000000000),
 ( 1.000000000000000000, 0.8252856703999889021, 1.000000000000000000),
 ( 1.000000000000000000, 0.8140603717980476883, 1.000000000000000000),
 ( 1.000000000000000000, 0.8102573036162952214, 1.000000000000000000),
 ( 1.000000000000000000, 0.8039694848498630808, 1.000000000000000000),
 ( 1.000000000000000000, 0.8015290615908081673, 1.000000000000000000),
 ( 1.000000000000000000, 0.8015636187449750594, 1.000000000000000000) ) ) 
 REPRESENTATION_ITEM ( '' )  SURFACE ( )  );
#1623 = DIRECTION ( 'NONE',  ( 0.000000000000000000, 0.000000000000000000, 1.000000000000000000 ) ) ;
#1624 = DIRECTION ( 'NONE',  ( 0.000000000000000000, 1.000000000000000000, 0.000000000000000000 ) ) ;
#1625 = ORIENTED_EDGE ( 'NONE', *, *, #2701, .F. ) ;
#1626 = CARTESIAN_POINT ( 'NONE',  ( -16.50817373517283571, 1.948412971639133406, 9.429146630870841150 ) ) ;
#1627 = CARTESIAN_POINT ( 'NONE',  ( -6.379433130772320659, 4.933803895411801754, 17.89757550265620623 ) ) ;
#1628 = CARTESIAN_POINT ( 'NONE',  ( -16.54107231093654207, 7.664547208343274853, 14.70216460557144700 ) ) ;
#1629 = CARTESIAN_POINT ( 'NONE',  ( -14.65529223963650729, 2.944293296568873508, 13.40191435789414598 ) ) ;
#1630 = CARTESIAN_POINT ( 'NONE',  ( 0.000000000000000000, 24.60000000000000142, 5.000000000000000000 ) ) ;
#1631 = EDGE_CURVE ( 'NONE', #823, #2171, #642, .T. ) ;
#1632 = EDGE_LOOP ( 'NONE', ( #1936, #39, #1552, #2583 ) ) ;
#1633 = DIRECTION ( 'NONE',  ( 0.000000000000000000, -1.000000000000000000, 0.000000000000000000 ) ) ;
#1634 = DIRECTION ( 'NONE',  ( 0.000000000000000000, 0.000000000000000000, -1.000000000000000000 ) ) ;
#1635 = DIRECTION ( 'NONE',  ( -0.000000000000000000, 1.000000000000000000, -0.000000000000000000 ) ) ;
#1636 = DIRECTION ( 'NONE',  ( 0.000000000000000000, 0.000000000000000000, 1.000000000000000000 ) ) ;
#1637 = VERTEX_POINT ( 'NONE', #1300 ) ;
#1638 = CARTESIAN_POINT ( 'NONE',  ( -13.50375009394844739, 12.68735996776483255, 19.58929819773372571 ) ) ;
#1639 = EDGE_CURVE ( 'NONE', #2465, #2511, #213, .T. ) ;
#1640 = SURFACE_STYLE_FILL_AREA ( #2728 ) ;
#1641 = CARTESIAN_POINT ( 'NONE',  ( -16.39219876961186628, 7.291512744194793783, 12.74796933975505553 ) ) ;
#1642 = CARTESIAN_POINT ( 'NONE',  ( 0.000000000000000000, 16.00000000000000000, 18.00000000000000000 ) ) ;
#1643 = CARTESIAN_POINT ( 'NONE',  ( -13.69544456324381088, 6.532999935631144339, 15.24793843147353023 ) ) ;
#1644 = VERTEX_POINT ( 'NONE', #2360 ) ;
#1645 = CARTESIAN_POINT ( 'NONE',  ( -19.58207733323189714, 12.51658973232704675, 13.49169106357896730 ) ) ;
#1646 = CYLINDRICAL_SURFACE ( 'NONE', #1981, 5.000000000000000000 ) ;
#1647 = CARTESIAN_POINT ( 'NONE',  ( -13.98502226364661816, 2.284680484369127296, 11.33489285957703352 ) ) ;
#1648 = CARTESIAN_POINT ( 'NONE',  ( 19.00002500000000083, 25.60000000000000142, -0.5000000000000014433 ) ) ;
#1649 = ORIENTED_EDGE ( 'NONE', *, *, #2414, .F. ) ;
#1650 = FACE_OUTER_BOUND ( 'NONE', #20, .T. ) ;
#1651 = CARTESIAN_POINT ( 'NONE',  ( -12.69414932870185453, 3.437770675370992013, 15.70050937580472272 ) ) ;
#1652 = CARTESIAN_POINT ( 'NONE',  ( -11.92454489431086628, 2.761160038216491142, 15.65773245621747911 ) ) ;
#1653 = CARTESIAN_POINT ( 'NONE',  ( -15.35947835977311371, 6.410679353706831840, 17.38204576950011315 ) ) ;
#1654 = CARTESIAN_POINT ( 'NONE',  ( 17.99305421544657690, 16.00000000000000000, -0.5000000000000002220 ) ) ;
#1655 = AXIS2_PLACEMENT_3D ( 'NONE', #2037, #65, #92 ) ;
#1656 = ORIENTED_EDGE ( 'NONE', *, *, #2467, .F. ) ;
#1657 = CARTESIAN_POINT ( 'NONE',  ( -19.59556408829944374, 13.97531300291248080, 13.52770265492825352 ) ) ;
#1658 = CARTESIAN_POINT ( 'NONE',  ( -14.49960013775434930, 7.399834188168082250, 16.28204824100238213 ) ) ;
#1659 = CARTESIAN_POINT ( 'NONE',  ( -17.94678982671294776, 7.678889766364716429, 15.77751944386969818 ) ) ;
#1660 = DIRECTION ( 'NONE',  ( 0.000000000000000000, 0.000000000000000000, 1.000000000000000000 ) ) ;
#1661 = CARTESIAN_POINT ( 'NONE',  ( -1.237604307034019469, 15.60000000000000142, -6.303691262898045267 ) ) ;
#1662 = EDGE_CURVE ( 'NONE', #1920, #609, #400, .T. ) ;
#1663 = ORIENTED_EDGE ( 'NONE', *, *, #145, .T. ) ;
#1664 = CIRCLE ( 'NONE', #2070, 1.600000000000000755 ) ;
#1665 = CARTESIAN_POINT ( 'NONE',  ( -12.94694587276702435, 9.153400309158454817, 18.96331758092486908 ) ) ;
#1666 = CARTESIAN_POINT ( 'NONE',  ( -13.40191435810581488, 2.944293296568942342, 14.65529223944099613 ) ) ;
#1667 = CARTESIAN_POINT ( 'NONE',  ( -14.83341885603122989, 5.182334609283191007, 16.65887833520440253 ) ) ;
#1668 = CARTESIAN_POINT ( 'NONE',  ( -5.147977020492325195, 6.873657936218545039, 18.28931956121239111 ) ) ;
#1669 = CARTESIAN_POINT ( 'NONE',  ( -14.28720271125546049, 4.136745092868108209, 15.90035670955947822 ) ) ;
#1670 = LINE ( 'NONE', #1263, #1565 ) ;
#1671 = EDGE_LOOP ( 'NONE', ( #2444, #849, #2644, #1618 ) ) ;
#1672 =( NAMED_UNIT ( * ) PLANE_ANGLE_UNIT ( ) SI_UNIT ( $, .RADIAN. ) );
#1673 = CARTESIAN_POINT ( 'NONE',  ( -12.76765118755866268, 10.16750842060000615, 17.62186028199962706 ) ) ;
#1674 = DIRECTION ( 'NONE',  ( -0.000000000000000000, -1.000000000000000000, 0.000000000000000000 ) ) ;
#1675 = DIRECTION ( 'NONE',  ( 0.000000000000000000, 0.000000000000000000, 1.000000000000000000 ) ) ;
#1676 = ORIENTED_EDGE ( 'NONE', *, *, #2144, .F. ) ;
#1677 = CARTESIAN_POINT ( 'NONE',  ( -16.72228532847047333, 12.85174544760039339, 14.39041304373761321 ) ) ;
#1678 = EDGE_CURVE ( 'NONE', #2473, #1334, #2658, .T. ) ;
#1679 = DIRECTION ( 'NONE',  ( 0.000000000000000000, 0.000000000000000000, 1.000000000000000000 ) ) ;
#1680 = CARTESIAN_POINT ( 'NONE',  ( -12.43752144906444101, 5.135879186916682215, 17.16981475549196290 ) ) ;
#1681 = ORIENTED_EDGE ( 'NONE', *, *, #805, .F. ) ;
#1682 = CARTESIAN_POINT ( 'NONE',  ( -6.865818729375105178, 4.232926733455511403, 17.71612691107507942 ) ) ;
#1683 = CARTESIAN_POINT ( 'NONE',  ( -13.86630115680211262, 3.497258137397815325, 15.31037536041040426 ) ) ;
#1684 = CARTESIAN_POINT ( 'NONE',  ( -13.24087875266083714, 1.303725828040713353, 13.63800458314123176 ) ) ;
#1685 = CARTESIAN_POINT ( 'NONE',  ( 0.000000000000000000, 14.20000000000000107, 0.000000000000000000 ) ) ;
#1686 = CARTESIAN_POINT ( 'NONE',  ( -12.28830408019530118, 6.575321340402910053, 16.75789206189422131 ) ) ;
#1687 = CARTESIAN_POINT ( 'NONE',  ( -17.88029441810202158, 11.06879317200358948, 12.95493799832435045 ) ) ;
#1688 = ADVANCED_FACE ( 'NONE', ( #669 ), #414, .T. ) ;
#1689 = ORIENTED_EDGE ( 'NONE', *, *, #1631, .F. ) ;
#1690 = DIRECTION ( 'NONE',  ( 0.000000000000000000, 0.000000000000000000, 1.000000000000000000 ) ) ;
#1691 = VERTEX_POINT ( 'NONE', #2599 ) ;
#1692 = CARTESIAN_POINT ( 'NONE',  ( -17.17279811686149671, 5.141508418889587873, 12.43563080642094043 ) ) ;
#1693 = CARTESIAN_POINT ( 'NONE',  ( -9.613111555901994620, 6.157701701561919982, 16.66632509302418796 ) ) ;
#1694 = EDGE_CURVE ( 'NONE', #1264, #1541, #1527, .T. ) ;
#1695 = CARTESIAN_POINT ( 'NONE',  ( -10.32137939825474149, 7.307403591646285612, 14.97687172191430527 ) ) ;
#1696 = CARTESIAN_POINT ( 'NONE',  ( -15.53907665885716227, 9.170553415315177759, 17.59807829267043289 ) ) ;
#1697 = ADVANCED_FACE ( 'NONE', ( #1513 ), #2180, .F. ) ;
#1698 = AXIS2_PLACEMENT_3D ( 'NONE', #1376, #2668, #52 ) ;
#1699 = CARTESIAN_POINT ( 'NONE',  ( -19.59567288232283389, 14.20000795419255901, 13.52806510620523461 ) ) ;
#1700 = AXIS2_PLACEMENT_3D ( 'NONE', #2270, #2067, #936 ) ;
#1701 = DIRECTION ( 'NONE',  ( 0.000000000000000000, 0.000000000000000000, -1.000000000000000000 ) ) ;
#1702 = CARTESIAN_POINT ( 'NONE',  ( -18.01710257058917719, 10.76000897959419156, 15.89955170361853298 ) ) ;
#1703 = CIRCLE ( 'NONE', #487, 19.00000000000000000 ) ;
#1704 = VERTEX_POINT ( 'NONE', #1093 ) ;
#1705 = CARTESIAN_POINT ( 'NONE',  ( -13.51902402179486629, 5.096904549599430290, 11.88514368186533154 ) ) ;
#1706 = ORIENTED_EDGE ( 'NONE', *, *, #1105, .T. ) ;
#1707 = DIRECTION ( 'NONE',  ( 0.000000000000000000, 1.000000000000000000, 0.000000000000000000 ) ) ;
#1708 = CARTESIAN_POINT ( 'NONE',  ( -17.54853074903601851, 10.35545181232081191, 8.598405077682384601 ) ) ;
#1709 = CARTESIAN_POINT ( 'NONE',  ( -16.72228532847047333, 14.20000000000000107, 14.39041304373761321 ) ) ;
#1710 = AXIS2_PLACEMENT_3D ( 'NONE', #1605, #2641, #911 ) ;
#1711 = CARTESIAN_POINT ( 'NONE',  ( -10.38023770183558092, 7.012814931976302013, 14.91122616617756158 ) ) ;
#1712 = CARTESIAN_POINT ( 'NONE',  ( -19.52111796055145376, 12.85174544760032056, 13.31035013001515921 ) ) ;
#1713 = CARTESIAN_POINT ( 'NONE',  ( -16.29574730024393148, 1.821141347952723422, 9.771640761900631134 ) ) ;
#1714 = EDGE_CURVE ( 'NONE', #1644, #1691, #2012, .T. ) ;
#1715 = CARTESIAN_POINT ( 'NONE',  ( -18.45428118139702889, 7.679111771143205090, 12.70963097753172377 ) ) ;
#1716 = CARTESIAN_POINT ( 'NONE',  ( -17.74018244585347404, 9.552523916393196757, 15.65671315871544600 ) ) ;
#1717 = ORIENTED_EDGE ( 'NONE', *, *, #2636, .F. ) ;
#1718 = CARTESIAN_POINT ( 'NONE',  ( -16.03383773284470593, 5.334642765016040400, 8.181019328568464033 ) ) ;
#1719 = VERTEX_POINT ( 'NONE', #1083 ) ;
#1720 = CARTESIAN_POINT ( 'NONE',  ( -12.94058816616945151, 2.223193305525601904, 12.52543807785979979 ) ) ;
#1721 = CARTESIAN_POINT ( 'NONE',  ( -17.05464209006612464, 7.922707611618070800, 9.171572399148665511 ) ) ;
#1722 = DIRECTION ( 'NONE',  ( 0.000000000000000000, 0.000000000000000000, -1.000000000000000000 ) ) ;
#1723 = ORIENTED_EDGE ( 'NONE', *, *, #583, .T. ) ;
#1724 = CARTESIAN_POINT ( 'NONE',  ( -12.68020636039188176, 7.485384673007120959, 16.52282717377545396 ) ) ;
#1725 = ADVANCED_FACE ( 'NONE', ( #200 ), #2407, .T. ) ;
#1726 = CARTESIAN_POINT ( 'NONE',  ( -9.349252617682001443, 3.566684164272093227, 15.38246090579516689 ) ) ;
#1727 = CARTESIAN_POINT ( 'NONE',  ( -17.36135495916631299, 6.370291702122831801, 15.34430486085736689 ) ) ;
#1728 = CARTESIAN_POINT ( 'NONE',  ( -18.14121706797365974, 6.047086887638783104, 5.648282453410130799 ) ) ;
#1729 = CARTESIAN_POINT ( 'NONE',  ( -19.00844763086438505, 9.302192967575839688, 12.97606408320696225 ) ) ;
#1730 = ADVANCED_FACE ( 'NONE', ( #1976 ), #2402, .T. ) ;
#1731 = ORIENTED_EDGE ( 'NONE', *, *, #1694, .T. ) ;
#1732 = CARTESIAN_POINT ( 'NONE',  ( -16.47969694299095877, 8.901160140126519238, 7.240256146042598928 ) ) ;
#1733 = CARTESIAN_POINT ( 'NONE',  ( -7.903691262898045800, 24.60000000000000142, 1.237604307034015250 ) ) ;
#1734 = DIRECTION ( 'NONE',  ( -0.000000000000000000, -1.000000000000000000, -0.000000000000000000 ) ) ;
#1735 = CARTESIAN_POINT ( 'NONE',  ( -9.104014955622487193, 2.158554770005932433, 16.67683907130934173 ) ) ;
#1736 = CARTESIAN_POINT ( 'NONE',  ( -14.01997676692184314, 2.347625906457547096, 12.82342640874879791 ) ) ;
#1737 = DIRECTION ( 'NONE',  ( 0.000000000000000000, 0.000000000000000000, 1.000000000000000000 ) ) ;
#1738 = ORIENTED_EDGE ( 'NONE', *, *, #1639, .T. ) ;
#1739 = CARTESIAN_POINT ( 'NONE',  ( -12.69420548024840478, 9.250613931501826315, 17.41633119131033069 ) ) ;
#1740 = CARTESIAN_POINT ( 'NONE',  ( -19.85230817598178987, 9.616437979617131759, 14.83673210516489149 ) ) ;
#1741 = CARTESIAN_POINT ( 'NONE',  ( -15.29505386401026357, 1.397533677346248115, 11.27225259602701435 ) ) ;
#1742 = CARTESIAN_POINT ( 'NONE',  ( -19.05016846250383367, 9.448473067471701015, 13.00167375888690557 ) ) ;
#1743 = VERTEX_POINT ( 'NONE', #545 ) ;
#1744 = CARTESIAN_POINT ( 'NONE',  ( -16.18174464437114324, 6.040027965008193611, 7.884150743970485209 ) ) ;
#1745 = CARTESIAN_POINT ( 'NONE',  ( -13.69544456324360482, 6.532999935630960486, 15.24793843147327976 ) ) ;
#1746 = VECTOR ( 'NONE', #2550, 1000.000000000000000 ) ;
#1747 = CARTESIAN_POINT ( 'NONE',  ( -18.65686005886754728, 8.218170574227963598, 12.79115725423613270 ) ) ;
#1748 = ADVANCED_FACE ( 'NONE', ( #326 ), #1401, .F. ) ;
#1749 = CARTESIAN_POINT ( 'NONE',  ( -17.98082825519256644, 13.99113613095759590, 8.247078537760861749 ) ) ;
#1750 = ORIENTED_EDGE ( 'NONE', *, *, #2414, .T. ) ;
#1751 = CIRCLE ( 'NONE', #2483, 2.999999999999999112 ) ;
#1752 = CARTESIAN_POINT ( 'NONE',  ( -10.94844699890370876, 2.413574186683344003, 14.28899755364479596 ) ) ;
#1753 = CARTESIAN_POINT ( 'NONE',  ( -19.42395845590185743, 11.09297642797841910, 13.23834231639690096 ) ) ;
#1754 =( GEOMETRIC_REPRESENTATION_CONTEXT ( 3 ) GLOBAL_UNCERTAINTY_ASSIGNED_CONTEXT ( ( #279 ) ) GLOBAL_UNIT_ASSIGNED_CONTEXT ( ( #1381, #708, #1822 ) ) REPRESENTATION_CONTEXT ( 'NONE', 'WORKASPACE' ) );
#1755 = CARTESIAN_POINT ( 'NONE',  ( -16.66239992487233934, 2.146868363368549470, 9.130414922182815474 ) ) ;
#1756 = CARTESIAN_POINT ( 'NONE',  ( -15.88316253016046353, 3.601578713587438418, 12.62831131140174179 ) ) ;
#1757 = VERTEX_POINT ( 'NONE', #1187 ) ;
#1758 = CARTESIAN_POINT ( 'NONE',  ( -13.92670583191978473, 5.289342704902187720, 11.43274191338651136 ) ) ;
#1759 = LINE ( 'NONE', #2626, #2332 ) ;
#1760 = CARTESIAN_POINT ( 'NONE',  ( -10.59094116045357303, 11.08365289709020374, 16.26908480770778453 ) ) ;
#1761 = CARTESIAN_POINT ( 'NONE',  ( -15.91528963872727154, 11.08346342276117902, 18.02583585822700130 ) ) ;
#1762 = CARTESIAN_POINT ( 'NONE',  ( -15.91527304245499508, 13.40000000000000036, 18.02585245449929019 ) ) ;
#1763 = ORIENTED_EDGE ( 'NONE', *, *, #2515, .T. ) ;
#1764 = CARTESIAN_POINT ( 'NONE',  ( -15.48330740321187626, 11.08365289709020196, 18.37561560886725687 ) ) ;
#1765 = B_SPLINE_CURVE_WITH_KNOTS ( 'NONE', 3,
 ( #1560, #2689, #1998, #2432 ),
 .UNSPECIFIED., .F., .F.,
 ( 4, 4 ),
 ( 0.000000000000000000, 0.001772543998568390858 ),
 .UNSPECIFIED. ) ;
#1766 = CARTESIAN_POINT ( 'NONE',  ( -12.60782006731001559, 6.962063065254063154, 18.14760040842209321 ) ) ;
#1767 = CARTESIAN_POINT ( 'NONE',  ( -15.50065542284368014, 3.995732082144870745, 10.63126660147829661 ) ) ;
#1768 = CARTESIAN_POINT ( 'NONE',  ( -19.58623766073685246, 11.08364215356639093, 14.35488783621738307 ) ) ;
#1769 = CARTESIAN_POINT ( 'NONE',  ( -17.67766952966367811, 13.40000000000000036, 17.67766952966369587 ) ) ;
#1770 = CARTESIAN_POINT ( 'NONE',  ( -18.99176830858533904, 9.245003695447156389, 12.96607551525588420 ) ) ;
#1771 = ORIENTED_EDGE ( 'NONE', *, *, #1925, .F. ) ;
#1772 = CARTESIAN_POINT ( 'NONE',  ( -14.41516218647318404, 2.485481724108545620, 10.78170298287085771 ) ) ;
#1773 = CARTESIAN_POINT ( 'NONE',  ( -9.135870759084095738, 11.08365289708958912, 16.10772051817324879 ) ) ;
#1774 = APPLICATION_PROTOCOL_DEFINITION ( 'draft international standard', 'automotive_design', 1998, #1457 ) ;
#1775 = CARTESIAN_POINT ( 'NONE',  ( -14.35488783528112045, 11.08365289709188772, 19.58623766167322700 ) ) ;
#1776 = DIRECTION ( 'NONE',  ( -0.000000000000000000, 1.000000000000000000, -0.000000000000000000 ) ) ;
#1777 = ORIENTED_EDGE ( 'NONE', *, *, #2258, .F. ) ;
#1778 = CARTESIAN_POINT ( 'NONE',  ( -12.58765006859761115, 8.117315434427693432, 16.88739850471303328 ) ) ;
#1779 = CARTESIAN_POINT ( 'NONE',  ( -12.47906572109999601, 4.241767693173065013, 16.49334881415615683 ) ) ;
#1780 = CARTESIAN_POINT ( 'NONE',  ( -5.302798651506086536, 6.670378114068042485, 18.24519324328713310 ) ) ;
#1781 = CARTESIAN_POINT ( 'NONE',  ( -18.02568486031042738, 10.95015667181447050, 15.91142462060384943 ) ) ;
#1782 = CARTESIAN_POINT ( 'NONE',  ( 0.000000000000000000, 14.20000000000000107, -18.00000000000000000 ) ) ;
#1783 = CARTESIAN_POINT ( 'NONE',  ( -13.52526123520324752, 13.61577139054774932, 19.59483009676601029 ) ) ;
#1784 = EDGE_CURVE ( 'NONE', #1307, #2543, #1395, .T. ) ;
#1785 = ORIENTED_EDGE ( 'NONE', *, *, #1123, .F. ) ;
#1786 = CARTESIAN_POINT ( 'NONE',  ( -18.80113983484345397, 13.88542759848716202, 2.741741690135313547 ) ) ;
#1787 = CARTESIAN_POINT ( 'NONE',  ( -13.07727918607211137, 2.513172007166154742, 14.29826744401606398 ) ) ;
#1788 = DIRECTION ( 'NONE',  ( 0.000000000000000000, 0.000000000000000000, -1.000000000000000000 ) ) ;
#1789 = AXIS2_PLACEMENT_3D ( 'NONE', #2690, #511, #293 ) ;
#1790 = CARTESIAN_POINT ( 'NONE',  ( -14.35428686300161338, 11.04811038062106476, 19.58552131379451566 ) ) ;
#1791 = AXIS2_PLACEMENT_3D ( 'NONE', #2075, #1470, #383 ) ;
#1792 = CARTESIAN_POINT ( 'NONE',  ( -18.00132853166547164, 10.58012931887496499, 15.88252343531850563 ) ) ;
#1793 = VERTEX_POINT ( 'NONE', #1762 ) ;
#1794 = CARTESIAN_POINT ( 'NONE',  ( -16.97056274847717106, 13.40000000000000036, 16.97056274847710711 ) ) ;
#1795 = CARTESIAN_POINT ( 'NONE',  ( -15.55376703607868194, 5.400000000000000355, 9.059819589119426197 ) ) ;
#1796 = CARTESIAN_POINT ( 'NONE',  ( -8.793627665210214772, 9.469651354500731699, 17.38074840927844633 ) ) ;
#1797 = CARTESIAN_POINT ( 'NONE',  ( -14.48402125235644355, 7.957113007044713804, 19.35781757129026204 ) ) ;
#1798 = VECTOR ( 'NONE', #1582, 1000.000000000000000 ) ;
#1799 = CIRCLE ( 'NONE', #2385, 5.000000000000000000 ) ;
#1800 = CARTESIAN_POINT ( 'NONE',  ( -18.52600091761104295, 8.337162533445505730, 4.217502852470389918 ) ) ;
#1801 = CARTESIAN_POINT ( 'NONE',  ( -11.15293296494907871, 1.415753676572248043, 15.38220303062663241 ) ) ;
#1802 = CARTESIAN_POINT ( 'NONE',  ( -13.51928055815123919, 13.16634436528577901, 19.59302221955034540 ) ) ;
#1803 = AXIS2_PLACEMENT_3D ( 'NONE', #748, #2417, #1365 ) ;
#1804 = VERTEX_POINT ( 'NONE', #2692 ) ;
#1805 = EDGE_CURVE ( 'NONE', #435, #2336, #2002, .T. ) ;
#1806 = CARTESIAN_POINT ( 'NONE',  ( -13.49991690843946301, 14.20000000000000107, -11.90597511610158854 ) ) ;
#1807 = CARTESIAN_POINT ( 'NONE',  ( -13.36773933806482439, 11.08365289709020374, 18.28256985880199892 ) ) ;
#1808 = CARTESIAN_POINT ( 'NONE',  ( -18.79835237089920597, 13.28869969493403680, 2.761074684687857772 ) ) ;
#1809 = CARTESIAN_POINT ( 'NONE',  ( -7.149811898413637401, 11.08365289709020196, 16.51908562291819749 ) ) ;
#1810 = CARTESIAN_POINT ( 'NONE',  ( -14.35465476043402688, 11.06760296090767071, 19.58596452088932693 ) ) ;
#1811 = CARTESIAN_POINT ( 'NONE',  ( 18.99341991322257783, 16.00000000000000000, -0.5000000000000002220 ) ) ;
#1812 = ORIENTED_EDGE ( 'NONE', *, *, #2677, .T. ) ;
#1813 = CARTESIAN_POINT ( 'NONE',  ( -9.059819589119470606, 5.400000000000000355, 15.55376703607865707 ) ) ;
#1814 = CARTESIAN_POINT ( 'NONE',  ( -9.096205450759750732, 8.317725329519182864, 17.12342499099596438 ) ) ;
#1815 = CARTESIAN_POINT ( 'NONE',  ( -13.05142323493876688, 9.818468623225541592, 19.14407380197380348 ) ) ;
#1816 = EDGE_CURVE ( 'NONE', #1229, #480, #2378, .T. ) ;
#1817 = CARTESIAN_POINT ( 'NONE',  ( -18.52938456534697309, 8.358105771383895544, 4.202607517874850096 ) ) ;
#1818 = CARTESIAN_POINT ( 'NONE',  ( -13.52729083106597052, 13.88542760570560475, 19.59544046736733947 ) ) ;
#1819 = ORIENTED_EDGE ( 'NONE', *, *, #2429, .F. ) ;
#1820 = CARTESIAN_POINT ( 'NONE',  ( -17.98366069488805508, 14.07780919403703734, 8.243787119743460678 ) ) ;
#1821 = CARTESIAN_POINT ( 'NONE',  ( -13.52803345729733486, 14.20000000000000107, 19.59566338380722073 ) ) ;
#1822 =( NAMED_UNIT ( * ) SI_UNIT ( $, .STERADIAN. ) SOLID_ANGLE_UNIT ( ) );
#1823 = ADVANCED_FACE ( 'NONE', ( #1124 ), #1566, .F. ) ;
#1824 = CARTESIAN_POINT ( 'NONE',  ( -18.06773807613356553, 12.79230484541326085, 17.28760098319381200 ) ) ;
#1825 = CARTESIAN_POINT ( 'NONE',  ( -18.85752929814278644, 12.85315094081603959, 16.49780976118459108 ) ) ;
#1826 = EDGE_CURVE ( 'NONE', #2562, #2234, #1988, .T. ) ;
#1827 = ORIENTED_EDGE ( 'NONE', *, *, #1403, .F. ) ;
#1828 = CARTESIAN_POINT ( 'NONE',  ( -13.09573325593817295, 3.004058685713114407, 14.99488581582880364 ) ) ;
#1829 = DIRECTION ( 'NONE',  ( 0.000000000000000000, -1.000000000000000000, 1.236370898448382137E-16 ) ) ;
#1830 = CARTESIAN_POINT ( 'NONE',  ( -13.24225066606530099, 11.09241102065279527, 19.42546107118490184 ) ) ;
#1831 = CARTESIAN_POINT ( 'NONE',  ( -18.58463315052574671, 8.791797150314327070, 3.951431094312895187 ) ) ;
#1832 = CARTESIAN_POINT ( 'NONE',  ( -8.239218469827289226, 14.15532585759408235, 17.98759226034555780 ) ) ;
#1833 = ORIENTED_EDGE ( 'NONE', *, *, #2078, .T. ) ;
#1834 = CARTESIAN_POINT ( 'NONE',  ( -18.80039856721150215, 13.70565678963813561, 2.746820033921934634 ) ) ;
#1835 = CARTESIAN_POINT ( 'NONE',  ( -17.58441296971535195, 6.824090727728098216, 15.50831524399394468 ) ) ;
#1836 = CARTESIAN_POINT ( 'NONE',  ( -14.39041304373766117, 12.85174544759900783, 16.72228532847043070 ) ) ;
#1837 = LINE ( 'NONE', #2707, #2389 ) ;
#1838 = EDGE_LOOP ( 'NONE', ( #189, #2159, #2699, #1514 ) ) ;
#1839 = EDGE_CURVE ( 'NONE', #2487, #1868, #1484, .T. ) ;
#1840 = CLOSED_SHELL ( 'NONE', ( #1725, #1441, #701, #1371, #1579, #1233, #1335, #2108, #870, #686, #827, #2228, #644, #111, #920, #1730, #2091, #2746, #2799, #1391, #1087, #985, #2732, #955, #1135, #1494, #753, #1005, #552, #1852, #460, #2198, #899, #903 ) ) ;
#1841 = CARTESIAN_POINT ( 'NONE',  ( -13.51313245890026948, 12.85174544759923343, 19.59114900168102125 ) ) ;
#1842 = CARTESIAN_POINT ( 'NONE',  ( -8.907115319122819841, 9.025840809089832106, 17.28548725785660523 ) ) ;
#1843 = CARTESIAN_POINT ( 'NONE',  ( -15.96573648999890160, 8.314961181334188822, 11.56793582275612664 ) ) ;
#1844 = AXIS2_PLACEMENT_3D ( 'NONE', #1685, #2786, #2567 ) ;
#1845 = DIRECTION ( 'NONE',  ( -0.000000000000000000, -1.000000000000000000, -0.000000000000000000 ) ) ;
#1846 = AXIS2_PLACEMENT_3D ( 'NONE', #987, #600, #1243 ) ;
#1847 = CARTESIAN_POINT ( 'NONE',  ( -2.738518490344815426, 14.26741272762004087, 18.80160941191044799 ) ) ;
#1848 = AXIS2_PLACEMENT_3D ( 'NONE', #232, #626, #1737 ) ;
#1849 = EDGE_LOOP ( 'NONE', ( #1281, #2745, #909, #2207 ) ) ;
#1850 = DIRECTION ( 'NONE',  ( 0.000000000000000000, 0.000000000000000000, 1.000000000000000000 ) ) ;
#1851 = DIRECTION ( 'NONE',  ( 0.000000000000000000, 0.000000000000000000, -1.000000000000000000 ) ) ;
#1852 = ADVANCED_FACE ( 'NONE', ( #87 ), #2264, .T. ) ;
#1853 = CARTESIAN_POINT ( 'NONE',  ( -15.91527329017342751, 11.08299533836159334, 18.02585220678085420 ) ) ;
#1854 = CARTESIAN_POINT ( 'NONE',  ( 0.000000000000000000, -53.74011537017761242, 19.00000000000000000 ) ) ;
#1855 = VERTEX_POINT ( 'NONE', #1811 ) ;
#1856 = FACE_OUTER_BOUND ( 'NONE', #2124, .T. ) ;
#1857 = CARTESIAN_POINT ( 'NONE',  ( 0.000000000000000000, 0.000000000000000000, 0.000000000000000000 ) ) ;
#1858 = CARTESIAN_POINT ( 'NONE',  ( -13.83666578592290186, 3.455458243619522030, 15.26874502559420677 ) ) ;
#1859 = CARTESIAN_POINT ( 'NONE',  ( -14.25410077365701866, 2.944549119733369746, 13.83650094078223525 ) ) ;
#1860 = B_SPLINE_CURVE_WITH_KNOTS ( 'NONE', 3,
 ( #1460, #1683, #1669, #2509, #1234, #1653, #1262, #573, #562, #2523, #1421, #2104, #359, #1016 ),
 .UNSPECIFIED., .F., .F.,
 ( 4, 2, 2, 2, 2, 2, 4 ),
 ( 0.001024338943726922201, 0.003963599053946796624, 0.005433229109056730149, 0.006902859164166663675, 0.008372489219276597200, 0.009842119274386532460, 0.01278137938460639951 ),
 .UNSPECIFIED. ) ;
#1861 = FACE_OUTER_BOUND ( 'NONE', #181, .T. ) ;
#1862 = ORIENTED_EDGE ( 'NONE', *, *, #1876, .T. ) ;
#1863 = SURFACE_STYLE_FILL_AREA ( #801 ) ;
#1864 = CARTESIAN_POINT ( 'NONE',  ( -12.95493810961161962, 11.06880533303028535, 17.88029456968115483 ) ) ;
#1865 = DIRECTION ( 'NONE',  ( -0.000000000000000000, 1.000000000000000000, 0.000000000000000000 ) ) ;
#1866 = CARTESIAN_POINT ( 'NONE',  ( -16.51173338729736173, 12.85174544760037207, 18.84360567203000869 ) ) ;
#1867 = LINE ( 'NONE', #610, #893 ) ;
#1868 = VERTEX_POINT ( 'NONE', #2680 ) ;
#1869 = CYLINDRICAL_SURFACE ( 'NONE', #1791, 2.000000000000000000 ) ;
#1870 = CARTESIAN_POINT ( 'NONE',  ( -9.462123487323436777, 6.735713163936272174, 16.79810542596451484 ) ) ;
#1871 = CARTESIAN_POINT ( 'NONE',  ( -15.60955329688212245, 6.601864801128058069, 13.37125345969974433 ) ) ;
#1872 = CARTESIAN_POINT ( 'NONE',  ( -14.01997676703005524, 2.347625906431321852, 12.82342640863055472 ) ) ;
#1873 = CARTESIAN_POINT ( 'NONE',  ( -7.149811898413638289, 14.20000000000000107, 16.51908562291819749 ) ) ;
#1874 = ORIENTED_EDGE ( 'NONE', *, *, #2078, .F. ) ;
#1875 = CARTESIAN_POINT ( 'NONE',  ( -18.59756037822361918, 11.08364215356714944, 14.13699809693350851 ) ) ;
#1876 = EDGE_CURVE ( 'NONE', #1984, #553, #1897, .T. ) ;
#1877 = CARTESIAN_POINT ( 'NONE',  ( -13.93736027223159191, 9.027007656335296559, 19.01856763650723892 ) ) ;
#1878 = DIRECTION ( 'NONE',  ( 0.000000000000000000, 0.000000000000000000, 1.000000000000000000 ) ) ;
#1879 = CARTESIAN_POINT ( 'NONE',  ( -14.82059539685045735, 2.806526261279192802, 10.21759706673546297 ) ) ;
#1880 = CARTESIAN_POINT ( 'NONE',  ( 2.204364238465235033E-15, 14.20000000000000107, 18.00000000000000000 ) ) ;
#1881 = ORIENTED_EDGE ( 'NONE', *, *, #788, .T. ) ;
#1882 = CARTESIAN_POINT ( 'NONE',  ( -13.08524509752926157, 9.795267324774835416, 19.15686282036540078 ) ) ;
#1883 = CARTESIAN_POINT ( 'NONE',  ( -12.83769424254446889, 8.575625879914422711, 18.77613742070048275 ) ) ;
#1884 = CARTESIAN_POINT ( 'NONE',  ( -17.10518676911173230, 8.553533235691478609, 12.59995625748378245 ) ) ;
#1885 = CARTESIAN_POINT ( 'NONE',  ( -18.80159016816253725, 14.20000000000000107, 2.738650607225000311 ) ) ;
#1886 = DIRECTION ( 'NONE',  ( 0.000000000000000000, -1.000000000000000000, 0.000000000000000000 ) ) ;
#1887 = AXIS2_PLACEMENT_3D ( 'NONE', #2240, #1192, #2685 ) ;
#1888 = VERTEX_POINT ( 'NONE', #2530 ) ;
#1889 = CIRCLE ( 'NONE', #308, 18.00000000000000000 ) ;
#1890 =( NAMED_UNIT ( * ) SI_UNIT ( $, .STERADIAN. ) SOLID_ANGLE_UNIT ( ) );
#1891 = CARTESIAN_POINT ( 'NONE',  ( -15.09516875472347941, 8.284647722260004343, 17.04031795982835362 ) ) ;
#1892 = CARTESIAN_POINT ( 'NONE',  ( -15.49991690843946479, 0.000000000000000000, 0.000000000000000000 ) ) ;
#1893 = AXIS2_PLACEMENT_3D ( 'NONE', #1486, #19, #467 ) ;
#1894 = ADVANCED_FACE ( 'NONE', ( #1454 ), #2275, .F. ) ;
#1895 = DIRECTION ( 'NONE',  ( 0.000000000000000000, 0.000000000000000000, 1.000000000000000000 ) ) ;
#1896 = ORIENTED_EDGE ( 'NONE', *, *, #736, .T. ) ;
#1897 = LINE ( 'NONE', #1880, #2524 ) ;
#1898 = VECTOR ( 'NONE', #2095, 1000.000000000000000 ) ;
#1899 = CARTESIAN_POINT ( 'NONE',  ( -13.19218974381547760, 10.35591898208735984, 19.28989107276159842 ) ) ;
#1900 = CARTESIAN_POINT ( 'NONE',  ( -11.15511681318736414, 3.172780642187962297, 15.41717427574162791 ) ) ;
#1901 = DIRECTION ( 'NONE',  ( 0.000000000000000000, 1.000000000000000000, -0.000000000000000000 ) ) ;
#1902 = DIRECTION ( 'NONE',  ( 1.000000000000000000, 0.000000000000000000, 0.000000000000000000 ) ) ;
#1903 = ADVANCED_FACE ( 'NONE', ( #2328, #152, #2766, #1416 ), #2058, .F. ) ;
#1904 = CARTESIAN_POINT ( 'NONE',  ( -18.22133242744170190, 11.08364215356714588, 15.71979306951256206 ) ) ;
#1905 = CARTESIAN_POINT ( 'NONE',  ( -11.73292584269660388, 8.492017131036881494, 16.19350240781912831 ) ) ;
#1906 = CARTESIAN_POINT ( 'NONE',  ( -19.58596369801870907, 11.06756321501652351, 14.35465407071295907 ) ) ;
#1907 = CARTESIAN_POINT ( 'NONE',  ( -16.34686619600043400, 7.144844543654133240, 7.536836144333396881 ) ) ;
#1908 = ORIENTED_EDGE ( 'NONE', *, *, #138, .F. ) ;
#1909 = EDGE_CURVE ( 'NONE', #2733, #1063, #2544, .T. ) ;
#1910 = CARTESIAN_POINT ( 'NONE',  ( -15.24793843147313943, 6.532999935630763311, 13.69544456324234005 ) ) ;
#1911 = CARTESIAN_POINT ( 'NONE',  ( -17.88156106656710875, 12.57455546651279299, 8.258146767857606818 ) ) ;
#1912 = EDGE_CURVE ( 'NONE', #2505, #1691, #1751, .T. ) ;
#1913 = CARTESIAN_POINT ( 'NONE',  ( -9.723064543465499199, 5.793252131588070952, 16.57241521131203044 ) ) ;
#1914 = CARTESIAN_POINT ( 'NONE',  ( -6.557929505163309969, 4.669871429669293583, 17.83258394263426894 ) ) ;
#1915 = DIRECTION ( 'NONE',  ( 0.000000000000000000, 0.000000000000000000, -1.000000000000000000 ) ) ;
#1916 = DIRECTION ( 'NONE',  ( 0.000000000000000000, 0.000000000000000000, 1.000000000000000000 ) ) ;
#1917 = CARTESIAN_POINT ( 'NONE',  ( 2.204364238465235033E-15, 0.000000000000000000, 18.00000000000000000 ) ) ;
#1918 = CARTESIAN_POINT ( 'NONE',  ( -14.30407559092422964, 10.41014304295856086, 19.51853840199822798 ) ) ;
#1919 = CARTESIAN_POINT ( 'NONE',  ( -19.27244392727272526, 9.564739307378003375, 14.12316423744945304 ) ) ;
#1920 = VERTEX_POINT ( 'NONE', #982 ) ;
#1921 = CARTESIAN_POINT ( 'NONE',  ( -13.62638746017414881, 2.194470908509560392, 11.76899850615128784 ) ) ;
#1922 = EDGE_LOOP ( 'NONE', ( #1059, #1378, #1182, #558 ) ) ;
#1923 = PLANE ( 'NONE',  #1259 ) ;
#1924 = CARTESIAN_POINT ( 'NONE',  ( -17.42768511354612215, 9.792770493786544961, 8.743322623939921101 ) ) ;
#1925 = EDGE_CURVE ( 'NONE', #1868, #651, #2504, .T. ) ;
#1926 = CARTESIAN_POINT ( 'NONE',  ( -10.88105755370568772, 5.837785288280432638, 14.43058063451497475 ) ) ;
#1927 = CARTESIAN_POINT ( 'NONE',  ( 0.000000000000000000, 0.000000000000000000, 0.000000000000000000 ) ) ;
#1928 = AXIS2_PLACEMENT_3D ( 'NONE', #1052, #1227, #1660 ) ;
#1929 = CARTESIAN_POINT ( 'NONE',  ( -17.68480558950694714, 4.113948475307438457, 6.946053506588661719 ) ) ;
#1930 = AXIS2_PLACEMENT_3D ( 'NONE', #2349, #1461, #1246 ) ;
#1931 = CARTESIAN_POINT ( 'NONE',  ( -14.31962394826070373, 10.52784697416594817, 19.53953829100083084 ) ) ;
#1932 = CARTESIAN_POINT ( 'NONE',  ( -19.44813905035911006, 10.08284752475198864, 14.25211447070297943 ) ) ;
#1933 = AXIS2_PLACEMENT_3D ( 'NONE', #1070, #2794, #456 ) ;
#1934 = ORIENTED_EDGE ( 'NONE', *, *, #2715, .T. ) ;
#1935 = CARTESIAN_POINT ( 'NONE',  ( -18.02585220683205236, 11.08298996658935920, 15.91527329012222580 ) ) ;
#1936 = ORIENTED_EDGE ( 'NONE', *, *, #534, .F. ) ;
#1937 = CARTESIAN_POINT ( 'NONE',  ( -12.94056816888297945, 2.223194143317235749, 12.52546013495278920 ) ) ;
#1938 = CARTESIAN_POINT ( 'NONE',  ( -17.80183300565569837, 11.89819837877568887, 8.319412753338941258 ) ) ;
#1939 = CARTESIAN_POINT ( 'NONE',  ( 0.000000000000000000, 15.60000000000000142, 0.000000000000000000 ) ) ;
#1940 = VECTOR ( 'NONE', #1426, 1000.000000000000000 ) ;
#1941 = CARTESIAN_POINT ( 'NONE',  ( -10.29834512928178469, 7.460677792929659269, 15.00512847867536514 ) ) ;
#1942 = CARTESIAN_POINT ( 'NONE',  ( -19.14265505379290389, 9.819438234670784027, 13.04760930230496108 ) ) ;
#1943 = EDGE_CURVE ( 'NONE', #499, #408, #825, .T. ) ;
#1944 = CARTESIAN_POINT ( 'NONE',  ( -16.58927888823489738, 2.071715872917192058, 9.262799104799363192 ) ) ;
#1945 = CARTESIAN_POINT ( 'NONE',  ( -19.47943867950062469, 11.41886944698394224, 13.36551555733016983 ) ) ;
#1946 = CARTESIAN_POINT ( 'NONE',  ( -17.87503054350993992, 10.96579118415435872, 12.95111195278816751 ) ) ;
#1947 = ORIENTED_EDGE ( 'NONE', *, *, #513, .T. ) ;
#1948 = CARTESIAN_POINT ( 'NONE',  ( -16.22569824548185835, 7.093078228391983764, 12.86172324659995603 ) ) ;
#1949 = ORIENTED_EDGE ( 'NONE', *, *, #323, .T. ) ;
#1950 = FACE_OUTER_BOUND ( 'NONE', #1597, .T. ) ;
#1951 = CARTESIAN_POINT ( 'NONE',  ( -19.24516686421067391, 10.18619047643972308, 13.14807102327873878 ) ) ;
#1952 = ORIENTED_EDGE ( 'NONE', *, *, #1943, .T. ) ;
#1953 = CARTESIAN_POINT ( 'NONE',  ( -13.07596126766371647, 6.806312586291642930, 15.94751553876964500 ) ) ;
#1954 = CARTESIAN_POINT ( 'NONE',  ( -7.303112611993031855, 8.363342586481664398, 16.45223539813270719 ) ) ;
#1955 = DIRECTION ( 'NONE',  ( 0.000000000000000000, 0.000000000000000000, 1.000000000000000000 ) ) ;
#1956 = CARTESIAN_POINT ( 'NONE',  ( -18.24433089141147946, 6.616686864837409310, 5.305211407680217484 ) ) ;
#1957 = CARTESIAN_POINT ( 'NONE',  ( -19.22485800179871873, 10.10478680825407061, 13.13072950355478419 ) ) ;
#1958 = ORIENTED_EDGE ( 'NONE', *, *, #2133, .F. ) ;
#1959 = EDGE_CURVE ( 'NONE', #159, #2556, #808, .T. ) ;
#1960 = CARTESIAN_POINT ( 'NONE',  ( -14.31155561484566618, 5.667814172141589779, 11.01043966244572658 ) ) ;
#1961 = CARTESIAN_POINT ( 'NONE',  ( -14.01750512541951466, 1.301551040083580357, 12.82612763303241188 ) ) ;
#1962 = CARTESIAN_POINT ( 'NONE',  ( -18.80671363134397112, 8.645452883229651775, 12.86130446743963773 ) ) ;
#1963 = ORIENTED_EDGE ( 'NONE', *, *, #1714, .T. ) ;
#1964 = CARTESIAN_POINT ( 'NONE',  ( -10.34504722517629638, 9.385796818488026716, 15.11542729536724217 ) ) ;
#1965 = CARTESIAN_POINT ( 'NONE',  ( -17.40237317470208467, 5.998045507060505876, 11.88778181613743357 ) ) ;
#1966 = CARTESIAN_POINT ( 'NONE',  ( -18.22248963257468901, 6.491138228109067931, 5.379991881242223606 ) ) ;
#1967 = CARTESIAN_POINT ( 'NONE',  ( -18.18869539178082206, 7.051036884017851669, 12.62215155027653246 ) ) ;
#1968 = ORIENTED_EDGE ( 'NONE', *, *, #2338, .T. ) ;
#1969 = CIRCLE ( 'NONE', #930, 1.599999999999999867 ) ;
#1970 = CARTESIAN_POINT ( 'NONE',  ( -15.10984913656619533, 8.464257808655885285, 10.25654002867444881 ) ) ;
#1971 = CARTESIAN_POINT ( 'NONE',  ( -14.65529223944120041, 2.944293296568997853, 13.40191435810570475 ) ) ;
#1972 = FACE_OUTER_BOUND ( 'NONE', #1922, .T. ) ;
#1973 = VECTOR ( 'NONE', #1437, 1000.000000000000000 ) ;
#1974 = COLOUR_RGB ( '',0.7921568627450980005, 0.8196078431372548767, 0.9333333333333333481 ) ;
#1975 = CARTESIAN_POINT ( 'NONE',  ( -12.95474226595087330, 11.05385412438070425, 17.88002687526007151 ) ) ;
#1976 = FACE_OUTER_BOUND ( 'NONE', #2297, .T. ) ;
#1977 = EDGE_LOOP ( 'NONE', ( #1576, #992, #711, #674 ) ) ;
#1978 = CARTESIAN_POINT ( 'NONE',  ( -7.903691262898045800, 24.60000000000000142, 2.837604307034014894 ) ) ;
#1979 = CARTESIAN_POINT ( 'NONE',  ( -7.977008925308282095, 5.800374852728662489, 16.13630559602355063 ) ) ;
#1980 = CARTESIAN_POINT ( 'NONE',  ( -17.63615159518174380, 6.340670222013232937, 12.04271447092567549 ) ) ;
#1981 = AXIS2_PLACEMENT_3D ( 'NONE', #790, #2528, #820 ) ;
#1982 = LINE ( 'NONE', #2364, #2202 ) ;
#1983 = CARTESIAN_POINT ( 'NONE',  ( -19.19232200966313329, 9.980058675464551499, 13.10230408812840786 ) ) ;
#1984 = VERTEX_POINT ( 'NONE', #367 ) ;
#1985 = CARTESIAN_POINT ( 'NONE',  ( -15.11542751616295632, 9.385790556760408521, 10.34504626021127471 ) ) ;
#1986 = LINE ( 'NONE', #1549, #2573 ) ;
#1987 = FACE_OUTER_BOUND ( 'NONE', #2276, .T. ) ;
#1988 = LINE ( 'NONE', #2233, #1798 ) ;
#1989 = ORIENTED_EDGE ( 'NONE', *, *, #95, .T. ) ;
#1990 = CARTESIAN_POINT ( 'NONE',  ( -12.93554992445007557, 10.59006276021308679, 17.84648362028941548 ) ) ;
#1991 = EDGE_CURVE ( 'NONE', #2363, #1334, #1867, .T. ) ;
#1992 = CARTESIAN_POINT ( 'NONE',  ( -10.33737854712257764, 5.400000000004877343, 14.80960945681240126 ) ) ;
#1993 = CARTESIAN_POINT ( 'NONE',  ( -9.203381626130129334, 7.852847806882087056, 17.02844020448011264 ) ) ;
#1994 = CARTESIAN_POINT ( 'NONE',  ( -17.98669953699202750, 10.47678088597633561, 15.86853441119883534 ) ) ;
#1995 = DIRECTION ( 'NONE',  ( 0.000000000000000000, -1.000000000000000000, 0.000000000000000000 ) ) ;
#1996 = CARTESIAN_POINT ( 'NONE',  ( -18.28965452608456843, 7.281061972250189029, 12.65297886124542970 ) ) ;
#1997 = ORIENTED_EDGE ( 'NONE', *, *, #2448, .F. ) ;
#1998 = CARTESIAN_POINT ( 'NONE',  ( -13.83640069195683786, 2.944549060749586555, 14.25419331906610054 ) ) ;
#1999 = CARTESIAN_POINT ( 'NONE',  ( -15.91469459188494362, 11.05185052908420218, 18.02622006512983077 ) ) ;
#2000 = CARTESIAN_POINT ( 'NONE',  ( -14.57034824495064029, 2.905605669541655445, 13.43241765280621358 ) ) ;
#2001 = VERTEX_POINT ( 'NONE', #597 ) ;
#2002 = B_SPLINE_CURVE_WITH_KNOTS ( 'NONE', 3,
 ( #267, #281, #2435, #2464 ),
 .UNSPECIFIED., .F., .F.,
 ( 4, 4 ),
 ( 0.000000000000000000, 1.000000000000000000 ),
 .UNSPECIFIED. ) ;
#2003 = DIRECTION ( 'NONE',  ( 0.000000000000000000, -1.000000000000000000, 0.000000000000000000 ) ) ;
#2004 = DIRECTION ( 'NONE',  ( 0.000000000000000000, 0.000000000000000000, 1.000000000000000000 ) ) ;
#2005 = CARTESIAN_POINT ( 'NONE',  ( -15.11908246048566973, 11.83062805402823869, 20.22022695310898399 ) ) ;
#2006 = EDGE_CURVE ( 'NONE', #609, #408, #2117, .T. ) ;
#2007 = FACE_OUTER_BOUND ( 'NONE', #2129, .T. ) ;
#2008 = CARTESIAN_POINT ( 'NONE',  ( -8.236496056515607123, 14.13061378239125432, 17.98993504132631216 ) ) ;
#2009 = ORIENTED_EDGE ( 'NONE', *, *, #28, .F. ) ;
#2010 = CARTESIAN_POINT ( 'NONE',  ( -18.79795583272677817, 13.34611517194095498, 2.763492429357944147 ) ) ;
#2011 = FACE_OUTER_BOUND ( 'NONE', #733, .T. ) ;
#2012 =( BOUNDED_CURVE ( )  B_SPLINE_CURVE ( 2, ( #887, #1749, #441 ),
 .UNSPECIFIED., .F., .F. ) 
 B_SPLINE_CURVE_WITH_KNOTS ( ( 3, 3 ),
 ( 0.000000000000000000, 1.000000000000000000 ),
 .UNSPECIFIED. ) 
 CURVE ( )  GEOMETRIC_REPRESENTATION_ITEM ( )  RATIONAL_B_SPLINE_CURVE ( ( 1.000000000000000000, 0.9551515037343828451, 1.000000000000000000 ) ) 
 REPRESENTATION_ITEM ( '' )  );
#2013 = AXIS2_PLACEMENT_3D ( 'NONE', #194, #1039, #834 ) ;
#2014 = CARTESIAN_POINT ( 'NONE',  ( -16.57213243765751898, 11.08364215356580651, 11.30697125015389304 ) ) ;
#2015 = CARTESIAN_POINT ( 'NONE',  ( -15.91504696945263575, 11.06921698540146792, 18.02604070134466596 ) ) ;
#2016 = AXIS2_PLACEMENT_3D ( 'NONE', #2772, #1901, #2065 ) ;
#2017 = CARTESIAN_POINT ( 'NONE',  ( 0.000000000000000000, 16.00000000000000000, 0.000000000000000000 ) ) ;
#2018 = ORIENTED_EDGE ( 'NONE', *, *, #372, .F. ) ;
#2019 = EDGE_CURVE ( 'NONE', #779, #1264, #1121, .T. ) ;
#2020 = CARTESIAN_POINT ( 'NONE',  ( -13.84728292591606191, 5.399999999999998579, 11.60856119679964849 ) ) ;
#2021 = CARTESIAN_POINT ( 'NONE',  ( 2.326828918379970970E-15, 16.00000000000000000, 19.00000000000000000 ) ) ;
#2022 = CARTESIAN_POINT ( 'NONE',  ( -16.63509574659075696, 8.881192612953988430, 12.05281231857741808 ) ) ;
#2023 = CYLINDRICAL_SURFACE ( 'NONE', #2155, 18.00000000000000000 ) ;
#2024 = EDGE_CURVE ( 'NONE', #1984, #424, #41, .T. ) ;
#2025 = CARTESIAN_POINT ( 'NONE',  ( -13.52806510620470348, 14.26741272762004620, 19.59567288232262783 ) ) ;
#2026 = CIRCLE ( 'NONE', #1118, 2.000000000000000000 ) ;
#2027 = VERTEX_POINT ( 'NONE', #2286 ) ;
#2028 = CARTESIAN_POINT ( 'NONE',  ( -18.79529138604733163, 13.07645895866301622, 2.781560093446173276 ) ) ;
#2029 = DIRECTION ( 'NONE',  ( 0.000000000000000000, 1.000000000000000000, 0.000000000000000000 ) ) ;
#2030 = DIRECTION ( 'NONE',  ( 0.000000000000000000, -1.000000000000000000, 0.000000000000000000 ) ) ;
#2031 = CARTESIAN_POINT ( 'NONE',  ( -8.655150283846536396, 4.451820003136784720, 15.78581812125774420 ) ) ;
#2032 = CARTESIAN_POINT ( 'NONE',  ( -21.10772051817327721, 13.40000000000000036, 9.135870759084031789 ) ) ;
#2033 = ORIENTED_EDGE ( 'NONE', *, *, #1839, .T. ) ;
#2034 = CARTESIAN_POINT ( 'NONE',  ( -18.96039214600305556, 11.13195815763070762, 14.98073335095121550 ) ) ;
#2035 = CARTESIAN_POINT ( 'NONE',  ( -7.945876219985187561, 3.006023918066949019, 17.26185123484098227 ) ) ;
#2036 = CARTESIAN_POINT ( 'NONE',  ( -14.35848921026559744, 7.506238365206917784, 19.18066738865742948 ) ) ;
#2037 = CARTESIAN_POINT ( 'NONE',  ( 0.000000000000000000, 16.00000000000000000, 0.000000000000000000 ) ) ;
#2038 = CARTESIAN_POINT ( 'NONE',  ( -8.221912618560324404, 13.97531206396336323, 18.00248486281514815 ) ) ;
#2039 = ORIENTED_EDGE ( 'NONE', *, *, #618, .T. ) ;
#2040 = CARTESIAN_POINT ( 'NONE',  ( -18.79248386773252832, 12.85174544760046800, 2.800455334586321232 ) ) ;
#2041 = DIRECTION ( 'NONE',  ( 0.000000000000000000, 1.000000000000000000, 0.000000000000000000 ) ) ;
#2042 = EDGE_CURVE ( 'NONE', #1793, #411, #1837, .T. ) ;
#2043 = LINE ( 'NONE', #112, #481 ) ;
#2044 = CARTESIAN_POINT ( 'NONE',  ( -18.18383831786877991, 6.481967250180168172, 17.17150074145770944 ) ) ;
#2045 = ORIENTED_EDGE ( 'NONE', *, *, #614, .T. ) ;
#2046 = CARTESIAN_POINT ( 'NONE',  ( -14.38890136911311046, 1.299422697575342456, 12.42023359404523575 ) ) ;
#2047 = CARTESIAN_POINT ( 'NONE',  ( 0.000000000000000000, 25.60000000000000142, -19.00000000000000000 ) ) ;
#2048 = CARTESIAN_POINT ( 'NONE',  ( -18.28115114154869403, 7.955898287316003348, 13.39885040779744330 ) ) ;
#2049 = CARTESIAN_POINT ( 'NONE',  ( -13.24087630217622547, 1.303725815176758784, 13.63800682535396191 ) ) ;
#2050 = CARTESIAN_POINT ( 'NONE',  ( -8.224742680480499502, 13.83513979379454995, 18.00004944450060052 ) ) ;
#2051 = EDGE_CURVE ( 'NONE', #1044, #2027, #997, .T. ) ;
#2052 = B_SPLINE_CURVE_WITH_KNOTS ( 'NONE', 3,
 ( #2310, #1684, #574, #815 ),
 .UNSPECIFIED., .F., .F.,
 ( 4, 4 ),
 ( 0.000000000000000000, 0.001684862207305789584 ),
 .UNSPECIFIED. ) ;
#2053 = ORIENTED_EDGE ( 'NONE', *, *, #2645, .F. ) ;
#2054 = CARTESIAN_POINT ( 'NONE',  ( -13.49991690843946301, 14.20000000000000107, -11.90597511610158676 ) ) ;
#2055 = LINE ( 'NONE', #2071, #1171 ) ;
#2056 = CARTESIAN_POINT ( 'NONE',  ( -17.13304258633818833, 11.08364215356582250, 12.21599606767513535 ) ) ;
#2057 = PRODUCT_DEFINITION_SHAPE ( 'NONE', 'NONE',  #816 ) ;
#2058 = PLANE ( 'NONE',  #2570 ) ;
#2059 = AXIS2_PLACEMENT_3D ( 'NONE', #1269, #2096, #1895 ) ;
#2060 = ORIENTED_EDGE ( 'NONE', *, *, #1142, .T. ) ;
#2061 = AXIS2_PLACEMENT_3D ( 'NONE', #1207, #2496, #1915 ) ;
#2062 = CARTESIAN_POINT ( 'NONE',  ( -18.01703048910830418, 5.431977395345573889, 6.033458120945866199 ) ) ;
#2063 = CARTESIAN_POINT ( 'NONE',  ( 4.974937185533099715, 15.60000000000000142, 0.5000000000000002220 ) ) ;
#2064 = FACE_OUTER_BOUND ( 'NONE', #515, .T. ) ;
#2065 = DIRECTION ( 'NONE',  ( -6.245004513516504751E-15, 0.000000000000000000, -1.000000000000000000 ) ) ;
#2066 = CARTESIAN_POINT ( 'NONE',  ( -12.20208707736440168, 1.298278833335157589, 14.58850715066051151 ) ) ;
#2067 = DIRECTION ( 'NONE',  ( 0.000000000000000000, 1.000000000000000000, 0.000000000000000000 ) ) ;
#2068 = ORIENTED_EDGE ( 'NONE', *, *, #2051, .F. ) ;
#2069 = CARTESIAN_POINT ( 'NONE',  ( -17.89623364242553549, 11.08364215356712279, 12.96814841693972475 ) ) ;
#2070 = AXIS2_PLACEMENT_3D ( 'NONE', #1104, #707, #2201 ) ;
#2071 = CARTESIAN_POINT ( 'NONE',  ( -7.903691262898045800, 15.60000000000000142, -0.3623956929659848947 ) ) ;
#2072 = CARTESIAN_POINT ( 'NONE',  ( -17.28904547645779743, 11.05684948473295037, 16.65208002049648428 ) ) ;
#2073 = DIRECTION ( 'NONE',  ( -0.000000000000000000, 1.000000000000000000, -0.000000000000000000 ) ) ;
#2074 = ORIENTED_EDGE ( 'NONE', *, *, #1249, .T. ) ;
#2075 = CARTESIAN_POINT ( 'NONE',  ( -14.50105948008189571, 13.40000000000000036, 16.61163889212619793 ) ) ;
#2076 = CARTESIAN_POINT ( 'NONE',  ( -12.86106286375931163, 8.712473167717519118, 18.82145539765814846 ) ) ;
#2077 = CARTESIAN_POINT ( 'NONE',  ( -13.92463174945485882, 6.217157551656556258, 18.56241035859396860 ) ) ;
#2078 = EDGE_CURVE ( 'NONE', #1637, #1229, #1799, .T. ) ;
#2079 = CARTESIAN_POINT ( 'NONE',  ( 0.000000000000000000, 14.20000000000000107, 0.000000000000000000 ) ) ;
#2080 = DIRECTION ( 'NONE',  ( 0.000000000000000000, 0.000000000000000000, 1.000000000000000000 ) ) ;
#2081 = ORIENTED_EDGE ( 'NONE', *, *, #1409, .F. ) ;
#2082 = CARTESIAN_POINT ( 'NONE',  ( -15.86853798080310796, 10.47680616478873361, 17.98670331317944360 ) ) ;
#2083 = CARTESIAN_POINT ( 'NONE',  ( -18.49854140315419571, 9.500359003460793872, 16.19945991151238474 ) ) ;
#2084 = FACE_OUTER_BOUND ( 'NONE', #2415, .T. ) ;
#2085 = DIRECTION ( 'NONE',  ( -1.000000000000000000, 0.000000000000000000, 0.000000000000000000 ) ) ;
#2086 = ORIENTED_EDGE ( 'NONE', *, *, #46, .T. ) ;
#2087 = CARTESIAN_POINT ( 'NONE',  ( -18.41434367645609171, 7.655272158558770634, 4.681594341628377620 ) ) ;
#2088 = CYLINDRICAL_SURFACE ( 'NONE', #1846, 19.00000000000000000 ) ;
#2089 = CARTESIAN_POINT ( 'NONE',  ( -12.82429634700658738, 3.936324419290261112, 16.97242803799285582 ) ) ;
#2090 = CARTESIAN_POINT ( 'NONE',  ( 0.000000000000000000, 16.00000000000000000, 0.000000000000000000 ) ) ;
#2091 = ADVANCED_FACE ( 'NONE', ( #2491 ), #1027, .T. ) ;
#2092 = VERTEX_POINT ( 'NONE', #1483 ) ;
#2093 = CARTESIAN_POINT ( 'NONE',  ( -13.51313245890026948, 12.85174544759923343, 19.59114900168102125 ) ) ;
#2094 = CARTESIAN_POINT ( 'NONE',  ( -12.94574472235839835, 10.89707299784518035, 17.86763248062940690 ) ) ;
#2095 = DIRECTION ( 'NONE',  ( -1.000000000000000000, 0.000000000000000000, 0.000000000000000000 ) ) ;
#2096 = DIRECTION ( 'NONE',  ( -0.000000000000000000, 1.000000000000000000, -0.000000000000000000 ) ) ;
#2097 = ORIENTED_EDGE ( 'NONE', *, *, #1319, .T. ) ;
#2098 = CARTESIAN_POINT ( 'NONE',  ( 18.99341991322257783, 25.60000000000000142, 0.5000000000000014433 ) ) ;
#2099 = CARTESIAN_POINT ( 'NONE',  ( -12.82250018756207766, 8.506399825196680808, 18.75137207698707797 ) ) ;
#2100 = CARTESIAN_POINT ( 'NONE',  ( -13.44087011293284384, 11.97058124251611133, 19.54837447112345927 ) ) ;
#2101 = ORIENTED_EDGE ( 'NONE', *, *, #1123, .T. ) ;
#2102 =( BOUNDED_SURFACE ( )  B_SPLINE_SURFACE ( 2, 3, ( 
 ( #1795, #89, #2020, #728, #1992, #1813 ),
 ( #63, #1584, #2454, #2252, #516, #1372 ),
 ( #102, #2034, #917, #297, #1553, #946 ) ),
 .UNSPECIFIED., .F., .F., .T. ) 
 B_SPLINE_SURFACE_WITH_KNOTS ( ( 3, 3 ),
 ( 4, 2, 4 ),
 ( 0.000000000000000000, 1.000000000000000000 ),
 ( -0.004221374183841076003, 8.673617379884035472E-18, 0.004221374183841093350 ),
 .UNSPECIFIED. ) 
 GEOMETRIC_REPRESENTATION_ITEM ( )  RATIONAL_B_SPLINE_SURFACE ( (
 ( 1.000000000000000000, 1.000000000000000000, 1.000000000000000000, 1.000000000000000000, 1.000000000000000000, 1.000000000000000000),
 ( 0.7855164973867035938, 0.8056459363909311833, 0.8164965809277260345, 0.8164965809277260345, 0.8056459363909311833, 0.7855164973867033718),
 ( 1.000000000000000000, 1.000000000000000000, 1.000000000000000000, 1.000000000000000000, 1.000000000000000000, 1.000000000000000000) ) ) 
 REPRESENTATION_ITEM ( '' )  SURFACE ( )  );
#2103 = AXIS2_PLACEMENT_3D ( 'NONE', #2351, #787, #1491 ) ;
#2104 = CARTESIAN_POINT ( 'NONE',  ( -16.41858865362746300, 10.91154470202484106, 18.76989295295503624 ) ) ;
#2105 = DIRECTION ( 'NONE',  ( -0.000000000000000000, 1.000000000000000000, -0.000000000000000000 ) ) ;
#2106 = VECTOR ( 'NONE', #174, 1000.000000000000000 ) ;
#2107 = EDGE_LOOP ( 'NONE', ( #2150, #817, #2086, #1133 ) ) ;
#2108 = ADVANCED_FACE ( 'NONE', ( #1950 ), #2791, .T. ) ;
#2109 = CARTESIAN_POINT ( 'NONE',  ( -19.59173412832848271, 12.94163085202538177, 13.51504772526286935 ) ) ;
#2110 = CARTESIAN_POINT ( 'NONE',  ( -14.09192573317322683, 6.923268655992825593, 15.75902456615522595 ) ) ;
#2111 = CARTESIAN_POINT ( 'NONE',  ( -17.75677138887455087, 10.47128303143000672, 12.86539852006680462 ) ) ;
#2112 = CARTESIAN_POINT ( 'NONE',  ( -2.900848039885500107, 11.73815906519108232, 18.77752328667257586 ) ) ;
#2113 = ADVANCED_FACE ( 'NONE', ( #1284 ), #622, .T. ) ;
#2114 = UNCERTAINTY_MEASURE_WITH_UNIT (LENGTH_MEASURE( 1.000000000000000082E-05 ), #684, 'distance_accuracy_value', 'NONE');
#2115 = PLANE ( 'NONE',  #1610 ) ;
#2116 = FACE_OUTER_BOUND ( 'NONE', #2357, .T. ) ;
#2117 = LINE ( 'NONE', #2098, #1256 ) ;
#2118 = AXIS2_PLACEMENT_3D ( 'NONE', #1398, #2041, #1878 ) ;
#2119 = CARTESIAN_POINT ( 'NONE',  ( -18.47655590937569769, 8.016326096914122346, 4.429500847491749660 ) ) ;
#2120 = CARTESIAN_POINT ( 'NONE',  ( -9.414189654599393720, 6.933271490139782500, 16.84045158277143983 ) ) ;
#2121 = ORIENTED_EDGE ( 'NONE', *, *, #2710, .T. ) ;
#2122 = DIRECTION ( 'NONE',  ( 0.000000000000000000, 1.236370898448382137E-16, -1.000000000000000000 ) ) ;
#2123 = DIRECTION ( 'NONE',  ( 1.000000000000000000, 0.000000000000000000, 0.000000000000000000 ) ) ;
#2124 = EDGE_LOOP ( 'NONE', ( #1723, #1270, #952, #2551 ) ) ;
#2125 = B_SPLINE_CURVE_WITH_KNOTS ( 'NONE', 3,
 ( #1503, #879, #448, #1113, #431, #472, #1332, #1741, #51, #2185, #244, #418, #660, #2605, #676, #2637, #235, #1713, #2580, #2196, #1944, #221, #2800, #1278, #702, #1755, #259, #1518, #907, #647, #1099, #2380, #2172, #2141, #1305, #204, #1929, #1086, #857, #1289, #2154, #1075, #1317, #1728, #2592, #1966, #1956, #35, #1533, #2399, #894, #461, #2622, #689, #1545, #2412, #1615, #2649, #1146, #949, #486, #1179, #105, #934, #731, #2471, #744, #1800, #718, #1393, #1817, #1573, #76, #1588, #1831, #1163, #1375, #2667, #2484, #757, #2442, #504, #1360, #2223, #972, #287, #2697, #301, #1348, #771, #2256 ),
 .UNSPECIFIED., .F., .F.,
 ( 4, 2, 2, 1, 1, 1, 1, 1, 2, 2, 2, 2, 1, 1, 1, 1, 2, 2, 2, 2, 1, 1, 1, 1, 1, 2, 2, 2, 2, 1, 1, 1, 1, 2, 2, 2, 2, 1, 1, 1, 2, 2, 1, 1, 1, 1, 1, 2, 2, 2, 1, 1, 1, 1, 2, 2, 1, 1, 1, 2, 2, 4 ),
 ( 0.000000000000000000, 0.06249999999997003786, 0.09374999999995496658, 0.1093749999999473893, 0.1171874999999436007, 0.1210937499999415606, 0.1230468749999405337, 0.1240234374999399231, 0.1245117187499396177, 0.1249999999999393124, 0.1874999999999050482, 0.2187499999998878952, 0.2343749999998793188, 0.2421874999998749334, 0.2460937499998727407, 0.2480468749998716582, 0.2490234374998712419, 0.2499999999998708256, 0.3124999999998488986, 0.3437499999998379629, 0.3593749999998324673, 0.3671874999998296918, 0.3710937499998283595, 0.3730468749998277489, 0.3740234374998275269, 0.3745117187498274713, 0.3749999999998273603, 0.4374999999998354649, 0.4687499999998394062, 0.4843749999998413491, 0.4921874999998422928, 0.4960937499998427924, 0.4980468749998430145, 0.4990234374998431255, 0.4999999999998432365, 0.5312499999998467892, 0.5468749999998486766, 0.5546874999998496758, 0.5585937499998503419, 0.5605468749998506750, 0.5615234374998506750, 0.5624999999998507860, 0.5937499999998530065, 0.6093749999998540057, 0.6171874999998545608, 0.6210937499998547828, 0.6230468749998551159, 0.6240234374998551159, 0.6249999999998552269, 0.6562499999998626654, 0.6718749999998663291, 0.6796874999998678835, 0.6835937499998686606, 0.6855468749998691047, 0.6865234374998694378, 0.6874999999998696598, 0.7187499999998827604, 0.7343749999998890887, 0.7421874999998921973, 0.7460937499998937517, 0.7499999999998953060, 1.000000000000000000 ),
 .UNSPECIFIED. ) ;
#2126 = SURFACE_SIDE_STYLE ('',( #1863 ) ) ;
#2127 = CARTESIAN_POINT ( 'NONE',  ( -11.39899780094047799, 8.151111068536545545, 15.73251869664196079 ) ) ;
#2128 = CARTESIAN_POINT ( 'NONE',  ( -19.57095408978145912, 10.79038601598115577, 14.34308832799931643 ) ) ;
#2129 = EDGE_LOOP ( 'NONE', ( #1321, #1952, #1125, #800, #1896, #916, #2537, #1018 ) ) ;
#2130 = CARTESIAN_POINT ( 'NONE',  ( -15.24793843147324246, 6.532999935630757982, 13.69544456324223169 ) ) ;
#2131 = ORIENTED_EDGE ( 'NONE', *, *, #2548, .F. ) ;
#2132 = FACE_OUTER_BOUND ( 'NONE', #450, .T. ) ;
#2133 = EDGE_CURVE ( 'NONE', #1637, #2526, #2140, .T. ) ;
#2134 = CARTESIAN_POINT ( 'NONE',  ( -17.11828516983488413, 8.240966102164950513, 9.099853483175005309 ) ) ;
#2135 = DIRECTION ( 'NONE',  ( 0.000000000000000000, 0.000000000000000000, -1.000000000000000000 ) ) ;
#2136 = ORIENTED_EDGE ( 'NONE', *, *, #1413, .T. ) ;
#2137 = CARTESIAN_POINT ( 'NONE',  ( -4.926207763905032344, 7.175628122404070552, 18.35062572352892118 ) ) ;
#2138 = CARTESIAN_POINT ( 'NONE',  ( -11.21540573868501944, 5.454862836977053320, 14.12419600667057118 ) ) ;
#2139 = DIRECTION ( 'NONE',  ( 0.000000000000000000, 0.000000000000000000, -1.000000000000000000 ) ) ;
#2140 = B_SPLINE_CURVE_WITH_KNOTS ( 'NONE', 3,
 ( #1067, #1937, #2358, #196 ),
 .UNSPECIFIED., .F., .F.,
 ( 4, 4 ),
 ( 0.000000000000000000, 0.001761154234295388447 ),
 .UNSPECIFIED. ) ;
#2141 = CARTESIAN_POINT ( 'NONE',  ( -17.65973535027583452, 4.033607301133664613, 7.009611938161235400 ) ) ;
#2142 = CARTESIAN_POINT ( 'NONE',  ( -15.78155575361678942, 10.00287992960007877, 17.88919806552464564 ) ) ;
#2143 = CARTESIAN_POINT ( 'NONE',  ( -17.62185664029345844, 10.16750128373131368, 12.76764854924667247 ) ) ;
#2144 = EDGE_CURVE ( 'NONE', #609, #1719, #3, .T. ) ;
#2145 = ORIENTED_EDGE ( 'NONE', *, *, #1826, .T. ) ;
#2146 = CARTESIAN_POINT ( 'NONE',  ( -12.96814841693966791, 13.40000000000000036, 17.89623364242535786 ) ) ;
#2147 = CARTESIAN_POINT ( 'NONE',  ( 1.237604307034021245, 24.60000000000000142, 7.903691262898044911 ) ) ;
#2148 = EDGE_CURVE ( 'NONE', #282, #2408, #361, .T. ) ;
#2149 = CARTESIAN_POINT ( 'NONE',  ( -15.30574221316522276, 3.014369780547364819, 11.29605160660797836 ) ) ;
#2150 = ORIENTED_EDGE ( 'NONE', *, *, #2515, .F. ) ;
#2151 = CARTESIAN_POINT ( 'NONE',  ( -7.240255245803264295, 8.901168932097062836, 16.47969733781851431 ) ) ;
#2152 = CARTESIAN_POINT ( 'NONE',  ( -17.93319455847689881, 7.643220691649814214, 15.76733552443382003 ) ) ;
#2153 = CIRCLE ( 'NONE', #668, 5.000000000000000000 ) ;
#2154 = CARTESIAN_POINT ( 'NONE',  ( -17.87030383721955573, 4.771662645107056733, 6.460836059099772655 ) ) ;
#2155 = AXIS2_PLACEMENT_3D ( 'NONE', #273, #1131, #318 ) ;
#2156 = CARTESIAN_POINT ( 'NONE',  ( -18.34526941496214292, 7.413377146819053465, 12.67151668715850832 ) ) ;
#2157 = CARTESIAN_POINT ( 'NONE',  ( -18.02484150813374342, 10.91737153208446642, 15.90986035918974828 ) ) ;
#2158 = CIRCLE ( 'NONE', #2433, 18.00000000000000000 ) ;
#2159 = ORIENTED_EDGE ( 'NONE', *, *, #2715, .F. ) ;
#2160 = CARTESIAN_POINT ( 'NONE',  ( -15.09305471716974267, 3.120807954260321093, 9.809847601204412015 ) ) ;
#2161 = ORIENTED_EDGE ( 'NONE', *, *, #258, .F. ) ;
#2162 = AXIS2_PLACEMENT_3D ( 'NONE', #479, #1776, #2643 ) ;
#2163 = CARTESIAN_POINT ( 'NONE',  ( -13.49991690843946301, 0.000000000000000000, -13.36982585770025089 ) ) ;
#2164 = CARTESIAN_POINT ( 'NONE',  ( -19.22802060325353679, 10.11815542878355245, 13.13275211562207190 ) ) ;
#2165 = CARTESIAN_POINT ( 'NONE',  ( 6.123233995736766282E-16, 15.60000000000000142, -5.000000000000000000 ) ) ;
#2166 = AXIS2_PLACEMENT_3D ( 'NONE', #307, #1170, #2656 ) ;
#2167 = CARTESIAN_POINT ( 'NONE',  ( -12.74792301137716422, 7.291617515650359316, 16.39227623039408144 ) ) ;
#2168 = CARTESIAN_POINT ( 'NONE',  ( -10.29198401734114654, 9.008490713648324544, 15.12481622729059971 ) ) ;
#2169 = CARTESIAN_POINT ( 'NONE',  ( -18.09533135853357066, 8.086581864785308937, 15.88921282334909435 ) ) ;
#2170 = EDGE_CURVE ( 'NONE', #321, #2465, #2388, .T. ) ;
#2171 = VERTEX_POINT ( 'NONE', #1040 ) ;
#2172 = CARTESIAN_POINT ( 'NONE',  ( -17.63005070761791160, 3.941180554544929659, 7.084137714478440095 ) ) ;
#2173 = CARTESIAN_POINT ( 'NONE',  ( -17.98112214569498235, 6.592056440896264746, 12.56262044672178391 ) ) ;
#2174 = ORIENTED_EDGE ( 'NONE', *, *, #199, .T. ) ;
#2175 = CARTESIAN_POINT ( 'NONE',  ( -16.66075523799916525, 7.713741150145273728, 12.63407378889074728 ) ) ;
#2176 = CARTESIAN_POINT ( 'NONE',  ( -14.68936497198629887, 11.08365289709020196, 18.62185427397371384 ) ) ;
#2177 = DIRECTION ( 'NONE',  ( 0.000000000000000000, 0.000000000000000000, 1.000000000000000000 ) ) ;
#2178 = CARTESIAN_POINT ( 'NONE',  ( -8.784730468023866479, 2.356473946438773837, 16.84784256127544566 ) ) ;
#2179 = CARTESIAN_POINT ( 'NONE',  ( -17.63867047224282913, 5.937434191883244949, 12.49420912736666089 ) ) ;
#2180 = CYLINDRICAL_SURFACE ( 'NONE', #310, 5.000000000000000000 ) ;
#2181 = ORIENTED_EDGE ( 'NONE', *, *, #1183, .T. ) ;
#2182 = CARTESIAN_POINT ( 'NONE',  ( -11.01043890549985171, 5.667815071082038081, 14.31155630898149944 ) ) ;
#2183 = CARTESIAN_POINT ( 'NONE',  ( -16.90840380949715183, 5.569647579903471701, 15.01408090978001120 ) ) ;
#2184 = ORIENTED_EDGE ( 'NONE', *, *, #2203, .T. ) ;
#2185 = CARTESIAN_POINT ( 'NONE',  ( -15.35137491406249843, 1.409865469034732088, 11.19533068057190128 ) ) ;
#2186 = ADVANCED_FACE ( 'NONE', ( #17 ), #1271, .F. ) ;
#2187 = CARTESIAN_POINT ( 'NONE',  ( -18.97456478742170205, 9.186704382962153304, 12.95589011877475194 ) ) ;
#2188 = ORIENTED_EDGE ( 'NONE', *, *, #1199, .F. ) ;
#2189 = CARTESIAN_POINT ( 'NONE',  ( -14.28899682784169656, 2.413573816577528230, 10.94844794299121027 ) ) ;
#2190 = CARTESIAN_POINT ( 'NONE',  ( -14.22596151159533484, 6.539030898019255744, 14.74345946767113880 ) ) ;
#2191 = CARTESIAN_POINT ( 'NONE',  ( -12.95483952580946330, 11.05982223376476625, 17.88016007987817702 ) ) ;
#2192 = CARTESIAN_POINT ( 'NONE',  ( 1.237604307034021467, 15.60000000000000142, 6.303691262898044378 ) ) ;
#2193 = VERTEX_POINT ( 'NONE', #1537 ) ;
#2194 = CARTESIAN_POINT ( 'NONE',  ( -12.98640931090533712, 6.919295204439190883, 16.06003033654413414 ) ) ;
#2195 = DIRECTION ( 'NONE',  ( 0.000000000000000000, 1.000000000000000000, 0.000000000000000000 ) ) ;
#2196 = CARTESIAN_POINT ( 'NONE',  ( -16.51063608481496914, 1.996353160643998370, 9.402861280633894481 ) ) ;
#2197 = CARTESIAN_POINT ( 'NONE',  ( -15.83325900069424286, 3.556978232986073074, 12.64633074360456888 ) ) ;
#2198 = ADVANCED_FACE ( 'NONE', ( #863 ), #1331, .T. ) ;
#2199 = VERTEX_POINT ( 'NONE', #2404 ) ;
#2200 = CARTESIAN_POINT ( 'NONE',  ( -16.50459127094147860, 9.715157662915457237, 7.183237228258974483 ) ) ;
#2201 = DIRECTION ( 'NONE',  ( 0.000000000000000000, 0.000000000000000000, 1.000000000000000000 ) ) ;
#2202 = VECTOR ( 'NONE', #867, 1000.000000000000000 ) ;
#2203 = EDGE_CURVE ( 'NONE', #1167, #2739, #653, .T. ) ;
#2204 = AXIS2_PLACEMENT_3D ( 'NONE', #2362, #2195, #1955 ) ;
#2205 = CARTESIAN_POINT ( 'NONE',  ( -15.90986202271263394, 10.91740420806574896, 18.02484248636287134 ) ) ;
#2206 = CARTESIAN_POINT ( 'NONE',  ( -16.54956856215175165, 7.671669596740477104, 14.70878052624207655 ) ) ;
#2207 = ORIENTED_EDGE ( 'NONE', *, *, #2203, .F. ) ;
#2208 = VECTOR ( 'NONE', #2725, 1000.000000000000000 ) ;
#2209 = CARTESIAN_POINT ( 'NONE',  ( -12.53323261093471608, 3.889013070987084486, 16.18631327167206990 ) ) ;
#2210 = DIRECTION ( 'NONE',  ( 0.000000000000000000, 0.000000000000000000, -1.000000000000000000 ) ) ;
#2211 = CARTESIAN_POINT ( 'NONE',  ( -17.87697823366113070, 10.98896576843456607, 12.95252566896182422 ) ) ;
#2212 = FACE_OUTER_BOUND ( 'NONE', #1102, .T. ) ;
#2213 = CARTESIAN_POINT ( 'NONE',  ( -18.96870238346882687, 9.167008379879716173, 12.95244611887308395 ) ) ;
#2214 = VERTEX_POINT ( 'NONE', #836 ) ;
#2215 = CARTESIAN_POINT ( 'NONE',  ( -15.66186827207169330, 6.639305667360623886, 13.32631706746319367 ) ) ;
#2216 = LINE ( 'NONE', #940, #452 ) ;
#2217 = EDGE_CURVE ( 'NONE', #1167, #823, #678, .T. ) ;
#2218 = CARTESIAN_POINT ( 'NONE',  ( -18.02786086658399256, 10.95667555156236261, 15.91326463037022876 ) ) ;
#2219 = ORIENTED_EDGE ( 'NONE', *, *, #2701, .T. ) ;
#2220 = CARTESIAN_POINT ( 'NONE',  ( -10.57261252096071757, 10.86299148359693945, 15.03762488631808480 ) ) ;
#2221 = CARTESIAN_POINT ( 'NONE',  ( -7.649311906953014883, 3.291101039513853355, 17.39505306241578708 ) ) ;
#2222 = CARTESIAN_POINT ( 'NONE',  ( -17.14476574243590079, 9.440213870365111504, 12.42202121265017389 ) ) ;
#2223 = CARTESIAN_POINT ( 'NONE',  ( -18.65826632635711846, 9.585677599351045686, 3.587522963238980900 ) ) ;
#2224 = DIRECTION ( 'NONE',  ( 0.000000000000000000, 1.000000000000000000, 0.000000000000000000 ) ) ;
#2225 = CARTESIAN_POINT ( 'NONE',  ( -2.792558000930217776, 12.94163085265195967, 18.79365939689592579 ) ) ;
#2226 = ORIENTED_EDGE ( 'NONE', *, *, #650, .T. ) ;
#2227 = DIRECTION ( 'NONE',  ( 0.000000000000000000, 0.000000000000000000, 1.000000000000000000 ) ) ;
#2228 = ADVANCED_FACE ( 'NONE', ( #2132 ), #1923, .T. ) ;
#2229 = CYLINDRICAL_SURFACE ( 'NONE', #759, 1.599999999999999867 ) ;
#2230 = CARTESIAN_POINT ( 'NONE',  ( -13.40191435810572251, 2.944293296568975205, 14.65529223944113824 ) ) ;
#2231 = CARTESIAN_POINT ( 'NONE',  ( -16.97056274847717106, 13.40000000000000036, 16.97056274847710711 ) ) ;
#2232 = CARTESIAN_POINT ( 'NONE',  ( -8.410157879999252017, 4.864752724234647552, 15.91619685550805308 ) ) ;
#2233 = CARTESIAN_POINT ( 'NONE',  ( -13.49991690843946301, -53.74011537017761242, -13.36982585770025089 ) ) ;
#2234 = VERTEX_POINT ( 'NONE', #2163 ) ;
#2235 = B_SPLINE_CURVE_WITH_KNOTS ( 'NONE', 3,
 ( #1853, #1428, #351, #2072, #2555, #1935 ),
 .UNSPECIFIED., .F., .F.,
 ( 4, 2, 4 ),
 ( 0.2818045956297650090, 0.5000250753130706105, 0.7182455549963761010 ),
 .UNSPECIFIED. ) ;
#2236 = EDGE_CURVE ( 'NONE', #2408, #1743, #1765, .T. ) ;
#2237 = CARTESIAN_POINT ( 'NONE',  ( -12.96814841693967146, 11.08365289708994617, 17.89623364242535430 ) ) ;
#2238 = DIRECTION ( 'NONE',  ( 0.000000000000000000, 1.236370898448382137E-16, 1.000000000000000000 ) ) ;
#2239 = CARTESIAN_POINT ( 'NONE',  ( -17.04031341872749650, 8.284641542251119262, 15.09516516693300581 ) ) ;
#2240 = CARTESIAN_POINT ( 'NONE',  ( 0.000000000000000000, 16.00000000000000000, 0.000000000000000000 ) ) ;
#2241 = CARTESIAN_POINT ( 'NONE',  ( -11.01601071018734679, 1.440115741858373211, 15.48072263246543834 ) ) ;
#2242 = CARTESIAN_POINT ( 'NONE',  ( 1.237604307034021245, 24.60000000000000142, 9.503691262898044556 ) ) ;
#2243 = ORIENTED_EDGE ( 'NONE', *, *, #1216, .F. ) ;
#2244 = CARTESIAN_POINT ( 'NONE',  ( 17.99305421544657690, 16.00000000000000000, 0.5000000000000002220 ) ) ;
#2245 = CARTESIAN_POINT ( 'NONE',  ( 18.99341991322257783, 25.60000000000000142, -0.5000000000000014433 ) ) ;
#2246 = CIRCLE ( 'NONE', #578, 18.00000000000000000 ) ;
#2247 = LINE ( 'NONE', #2231, #1107 ) ;
#2248 = DIRECTION ( 'NONE',  ( 0.000000000000000000, 0.000000000000000000, -1.000000000000000000 ) ) ;
#2249 = CARTESIAN_POINT ( 'NONE',  ( -16.66747484339785501, 6.472621460881087252, 18.68786421592250235 ) ) ;
#2250 = ORIENTED_EDGE ( 'NONE', *, *, #1805, .T. ) ;
#2251 = STYLED_ITEM ( 'NONE', ( #854 ), #1587 ) ;
#2252 = CARTESIAN_POINT ( 'NONE',  ( -15.89784191846239914, 7.521320343560859989, 18.04328357849432862 ) ) ;
#2253 = CARTESIAN_POINT ( 'NONE',  ( -3.931200244942300248, 8.803579880538780600, 18.58978466160809973 ) ) ;
#2254 = CARTESIAN_POINT ( 'NONE',  ( -14.70155172920241959, 8.896051148567053701, 19.66137978912191997 ) ) ;
#2255 = AXIS2_PLACEMENT_3D ( 'NONE', #2147, #1707, #1690 ) ;
#2256 = CARTESIAN_POINT ( 'NONE',  ( -18.79248386773252122, 12.85174544760031523, 2.800455334586303469 ) ) ;
#2257 = CARTESIAN_POINT ( 'NONE',  ( -15.86617235489978484, 10.45681358867670419, 17.98432600803543835 ) ) ;
#2258 = EDGE_CURVE ( 'NONE', #1855, #1044, #229, .T. ) ;
#2259 = CIRCLE ( 'NONE', #2664, 2.000000000000000000 ) ;
#2260 = ORIENTED_EDGE ( 'NONE', *, *, #1925, .T. ) ;
#2261 = CARTESIAN_POINT ( 'NONE',  ( 17.99305421544657690, 16.00000000000000000, 0.5000000000000002220 ) ) ;
#2262 = CARTESIAN_POINT ( 'NONE',  ( -13.49991690843946301, 14.20000000000000107, -13.36982585770025089 ) ) ;
#2263 = CARTESIAN_POINT ( 'NONE',  ( -17.89623364242553549, 11.08364215356712279, 12.96814841693972475 ) ) ;
#2264 = CYLINDRICAL_SURFACE ( 'NONE', #490, 5.000000000000000000 ) ;
#2265 = ORIENTED_EDGE ( 'NONE', *, *, #1096, .T. ) ;
#2266 = CARTESIAN_POINT ( 'NONE',  ( -12.67635545387643958, 3.491464081001472763, 15.75717147585757161 ) ) ;
#2267 = CARTESIAN_POINT ( 'NONE',  ( -5.674593475869119885, 6.088908099038272681, 18.13316924706910882 ) ) ;
#2268 = CARTESIAN_POINT ( 'NONE',  ( -17.87244079426553967, 7.502238659787987984, 13.10069623556172580 ) ) ;
#2269 = CARTESIAN_POINT ( 'NONE',  ( -12.82342640883341467, 2.347625906431331622, 14.01997676684450411 ) ) ;
#2270 = CARTESIAN_POINT ( 'NONE',  ( 0.000000000000000000, 14.20000000000000107, 0.000000000000000000 ) ) ;
#2271 = ORIENTED_EDGE ( 'NONE', *, *, #434, .T. ) ;
#2272 = CARTESIAN_POINT ( 'NONE',  ( -18.00187037251782129, 13.89433071950786136, 8.222626682991609925 ) ) ;
#2273 = CARTESIAN_POINT ( 'NONE',  ( -15.49991690843946479, 14.20000000000000107, 0.000000000000000000 ) ) ;
#2274 = CYLINDRICAL_SURFACE ( 'NONE', #1338, 1.599999999999998979 ) ;
#2275 = CYLINDRICAL_SURFACE ( 'NONE', #173, 1.600000000000000755 ) ;
#2276 = EDGE_LOOP ( 'NONE', ( #878, #175, #268 ) ) ;
#2277 = CARTESIAN_POINT ( 'NONE',  ( -13.46196329019670301, 12.20406001954151876, 19.56389922721553276 ) ) ;
#2278 = CARTESIAN_POINT ( 'NONE',  ( -12.79038598514727632, 8.283074288375932070, 18.67534767933142348 ) ) ;
#2279 = CARTESIAN_POINT ( 'NONE',  ( -16.23191722149878302, 9.711273779624294278, 18.53867322998282319 ) ) ;
#2280 = CARTESIAN_POINT ( 'NONE',  ( 0.000000000000000000, 16.00000000000000000, -19.00000000000000000 ) ) ;
#2281 = CARTESIAN_POINT ( 'NONE',  ( -13.51411263495132253, 12.89668815005760294, 19.59144873339268855 ) ) ;
#2282 = ORIENTED_EDGE ( 'NONE', *, *, #2448, .T. ) ;
#2283 = CARTESIAN_POINT ( 'NONE',  ( -6.352746464770778978, 14.20000000000000107, 18.47422025665087020 ) ) ;
#2284 = CARTESIAN_POINT ( 'NONE',  ( -18.84360567203024317, 12.85174544760039694, 16.51173338729713080 ) ) ;
#2285 = CARTESIAN_POINT ( 'NONE',  ( -16.11914218936190224, 11.08364215356577986, 9.767790719010926992 ) ) ;
#2286 = CARTESIAN_POINT ( 'NONE',  ( 4.974937185533099715, 25.60000000000000142, -0.5000000000000014433 ) ) ;
#2287 = EDGE_CURVE ( 'NONE', #408, #1479, #402, .T. ) ;
#2288 = CIRCLE ( 'NONE', #303, 5.000000000000000000 ) ;
#2289 = ORIENTED_EDGE ( 'NONE', *, *, #2133, .T. ) ;
#2290 = CIRCLE ( 'NONE', #1700, 18.00000000000000000 ) ;
#2291 = CARTESIAN_POINT ( 'NONE',  ( -13.34840474207048899, 11.30040212746267514, 19.46273943125021333 ) ) ;
#2292 = CARTESIAN_POINT ( 'NONE',  ( -11.74452211797014201, 2.697847762667671123, 14.94674156996244996 ) ) ;
#2293 = CARTESIAN_POINT ( 'NONE',  ( -14.26125065998174613, 4.093911357178852128, 15.86409398294071060 ) ) ;
#2294 = CARTESIAN_POINT ( 'NONE',  ( -4.422175317548324713, 7.939373626134820228, 18.47876189092561461 ) ) ;
#2295 = CYLINDRICAL_SURFACE ( 'NONE', #2061, 18.00000000000000000 ) ;
#2296 = CARTESIAN_POINT ( 'NONE',  ( -17.89623364242539694, 13.40000000000000036, 12.96814841693961107 ) ) ;
#2297 = EDGE_LOOP ( 'NONE', ( #2394, #1506, #1035, #2687 ) ) ;
#2298 = CARTESIAN_POINT ( 'NONE',  ( -19.59144953472443618, 12.89668814974475985, 13.51411525888402387 ) ) ;
#2299 = B_SPLINE_CURVE_WITH_KNOTS ( 'NONE', 3,
 ( #380, #2112, #2354, #421, #770, #2294, #2771, #1447, #2137, #1220, #1668, #1473, #1002, #373, #2757, #398, #2534, #1459, #1244, #171, #1914, #186, #1031, #1682, #627, #615, #1275, #109, #1197, #2446, #2673, #1538, #682, #2178, #2629, #1138, #1563, #1735, #1511, #44, #665, #1524, #251, #2390, #1091, #973, #2241, #77, #1408, #1801, #1180, #332, #2669, #1422, #2066, #929 ),
 .UNSPECIFIED., .F., .F.,
 ( 4, 2, 2, 2, 1, 1, 1, 1, 1, 2, 2, 2, 2, 1, 1, 1, 1, 2, 2, 2, 2, 1, 1, 1, 1, 2, 2, 2, 2, 1, 1, 1, 1, 1, 2, 2, 4 ),
 ( 0.000000000000000000, 0.2499999999999996669, 0.3749999999999992784, 0.4374999999999992228, 0.4687499999999991118, 0.4843749999999991118, 0.4921874999999991673, 0.4960937499999992228, 0.4980468749999992784, 0.4990234374999993339, 0.4999999999999993339, 0.5625000000000169864, 0.5937500000000258682, 0.6093750000000303091, 0.6171875000000325295, 0.6210937500000336398, 0.6230468750000341949, 0.6240234375000344169, 0.6250000000000345279, 0.6875000000000491829, 0.7187500000000563993, 0.7343750000000601741, 0.7421875000000619504, 0.7460937500000629496, 0.7480468750000632827, 0.7490234375000633937, 0.7500000000000635048, 0.8125000000000665024, 0.8437500000000678346, 0.8593750000000685008, 0.8671875000000688338, 0.8710937500000689448, 0.8730468750000689448, 0.8740234375000689448, 0.8745117187500688338, 0.8750000000000686118, 1.000000000000000000 ),
 .UNSPECIFIED. ) ;
#2300 = CARTESIAN_POINT ( 'NONE',  ( -13.39885380595867836, 7.955903728597368385, 18.28115580104318028 ) ) ;
#2301 = DIRECTION ( 'NONE',  ( 0.000000000000000000, 1.000000000000000000, 0.000000000000000000 ) ) ;
#2302 = FACE_OUTER_BOUND ( 'NONE', #1608, .T. ) ;
#2303 = CARTESIAN_POINT ( 'NONE',  ( -18.80159016816253725, 14.20000000000000107, 2.738650607225000311 ) ) ;
#2304 = ORIENTED_EDGE ( 'NONE', *, *, #145, .F. ) ;
#2305 = EDGE_CURVE ( 'NONE', #938, #1757, #1986, .T. ) ;
#2306 = CARTESIAN_POINT ( 'NONE',  ( -18.15806450358119406, 6.129979036238853318, 5.597827195017347712 ) ) ;
#2307 = CARTESIAN_POINT ( 'NONE',  ( -7.903691262898045800, 25.60000000000000142, -0.3623956929659848947 ) ) ;
#2308 = CARTESIAN_POINT ( 'NONE',  ( -16.10127257671974377, 6.947641399002931095, 12.94830396155465557 ) ) ;
#2309 = CARTESIAN_POINT ( 'NONE',  ( -13.51809554231626187, 13.30116363173280902, 19.59266668157723146 ) ) ;
#2310 = CARTESIAN_POINT ( 'NONE',  ( -12.82612763325416516, 1.301551040084746091, 14.01750512521660852 ) ) ;
#2311 = ORIENTED_EDGE ( 'NONE', *, *, #2258, .T. ) ;
#2312 = CARTESIAN_POINT ( 'NONE',  ( -8.247083370836367777, 13.99134868878731552, 17.98082409607506449 ) ) ;
#2313 = CARTESIAN_POINT ( 'NONE',  ( -14.25211910559889184, 10.08287024320223146, 19.44814535358305818 ) ) ;
#2314 = CARTESIAN_POINT ( 'NONE',  ( -12.09002027701891535, 2.206660268064493557, 13.33534437880294909 ) ) ;
#2315 = CARTESIAN_POINT ( 'NONE',  ( -16.50052344733760279, 9.097865992836126736, 7.194592707619845484 ) ) ;
#2316 = CARTESIAN_POINT ( 'NONE',  ( -18.54134910617941756, 14.19999999999999929, 7.274421822729198794 ) ) ;
#2317 = CARTESIAN_POINT ( 'NONE',  ( -14.73980235835189490, 1.307368908916479278, 12.00372215230820139 ) ) ;
#2318 = CARTESIAN_POINT ( 'NONE',  ( -12.51355771314792165, 2.359594693452065961, 14.30336477049261568 ) ) ;
#2319 = CARTESIAN_POINT ( 'NONE',  ( -11.88514355311022186, 5.096904555992607833, 13.51902413685117743 ) ) ;
#2320 = CARTESIAN_POINT ( 'NONE',  ( -13.49991690843946301, 0.000000000000000000, -11.90597511610158854 ) ) ;
#2321 = EDGE_CURVE ( 'NONE', #214, #720, #1463, .T. ) ;
#2322 = ORIENTED_EDGE ( 'NONE', *, *, #319, .F. ) ;
#2323 = CARTESIAN_POINT ( 'NONE',  ( -16.51908562291821525, 11.08364215356698423, 7.149811898413590328 ) ) ;
#2324 = CARTESIAN_POINT ( 'NONE',  ( -15.69979398564706763, 9.691135121600161995, 17.79227614036482308 ) ) ;
#2325 = CARTESIAN_POINT ( 'NONE',  ( -19.56399511075979802, 10.72243193554730745, 14.33786757413564139 ) ) ;
#2326 = FACE_OUTER_BOUND ( 'NONE', #468, .T. ) ;
#2327 = ORIENTED_EDGE ( 'NONE', *, *, #2405, .T. ) ;
#2328 = FACE_BOUND ( 'NONE', #1210, .T. ) ;
#2329 = CARTESIAN_POINT ( 'NONE',  ( -13.35693230114695318, 11.35882039124791376, 19.47116739233061722 ) ) ;
#2330 = CARTESIAN_POINT ( 'NONE',  ( -12.49970972399721170, 4.077203236121648366, 16.35536354888791877 ) ) ;
#2331 = EDGE_LOOP ( 'NONE', ( #1292, #2693, #1385, #2790 ) ) ;
#2332 = VECTOR ( 'NONE', #493, 1000.000000000000000 ) ;
#2333 = CARTESIAN_POINT ( 'NONE',  ( -13.63800682554471955, 1.303725815174615610, 13.24087630197974619 ) ) ;
#2334 = CARTESIAN_POINT ( 'NONE',  ( -13.95954286744233386, 6.781179802874418350, 15.58883223344247249 ) ) ;
#2335 = AXIS2_PLACEMENT_3D ( 'NONE', #2711, #999, #1679 ) ;
#2336 = VERTEX_POINT ( 'NONE', #524 ) ;
#2337 = CARTESIAN_POINT ( 'NONE',  ( -18.00302595085234003, 14.20000808203296394, 8.221283850752085343 ) ) ;
#2338 = EDGE_CURVE ( 'NONE', #2001, #2543, #47, .T. ) ;
#2339 = CARTESIAN_POINT ( 'NONE',  ( -12.95252630032811503, 10.98897736141994486, 17.87697910339605301 ) ) ;
#2340 = CARTESIAN_POINT ( 'NONE',  ( -17.79227059859035975, 9.691119528363923763, 15.69978937721320733 ) ) ;
#2341 = ORIENTED_EDGE ( 'NONE', *, *, #805, .T. ) ;
#2342 = CYLINDRICAL_SURFACE ( 'NONE', #2059, 5.000000000000000000 ) ;
#2343 = EDGE_LOOP ( 'NONE', ( #2101, #1862, #1157, #1150 ) ) ;
#2344 = DIRECTION ( 'NONE',  ( 0.000000000000000000, 0.000000000000000000, 1.000000000000000000 ) ) ;
#2345 = PRODUCT_DEFINITION_FORMATION_WITH_SPECIFIED_SOURCE ( 'ANY', '', #2608, .NOT_KNOWN. ) ;
#2346 = CARTESIAN_POINT ( 'NONE',  ( -18.60291008469274487, 8.069919142844838689, 12.76749212923890120 ) ) ;
#2347 = CARTESIAN_POINT ( 'NONE',  ( -15.58965040254514101, 2.899282073436169949, 12.21957080970303977 ) ) ;
#2348 = CARTESIAN_POINT ( 'NONE',  ( -7.507723457457165850, 7.301859324664807360, 16.35969063230082554 ) ) ;
#2349 = CARTESIAN_POINT ( 'NONE',  ( 0.000000000000000000, 25.60000000000000142, 0.000000000000000000 ) ) ;
#2350 = VERTEX_POINT ( 'NONE', #1821 ) ;
#2351 = CARTESIAN_POINT ( 'NONE',  ( -7.903691262898045800, 25.60000000000000142, 1.237604307034015250 ) ) ;
#2352 = CARTESIAN_POINT ( 'NONE',  ( -15.28783550198473229, 8.643653844258061270, 17.28324389987695398 ) ) ;
#2353 = CARTESIAN_POINT ( 'NONE',  ( -17.87950184885615101, 11.03599839216311551, 12.95435965652017885 ) ) ;
#2354 = CARTESIAN_POINT ( 'NONE',  ( -3.155842128681026537, 10.67486114877855918, 18.74064240992774444 ) ) ;
#2355 = ORIENTED_EDGE ( 'NONE', *, *, #2497, .T. ) ;
#2356 = DIRECTION ( 'NONE',  ( 0.000000000000000000, 1.000000000000000000, 0.000000000000000000 ) ) ;
#2357 = EDGE_LOOP ( 'NONE', ( #2610, #2121, #2760, #1625 ) ) ;
#2358 = CARTESIAN_POINT ( 'NONE',  ( -12.52546013495444832, 2.223194143317360538, 12.94056816888137185 ) ) ;
#2359 = CARTESIAN_POINT ( 'NONE',  ( -17.98082825519255934, 13.99113613095752129, 8.247078537760872408 ) ) ;
#2360 = CARTESIAN_POINT ( 'NONE',  ( -18.79248386773252122, 12.85174544760031523, 2.800455334586303469 ) ) ;
#2361 = CARTESIAN_POINT ( 'NONE',  ( -8.648136532748301519, 4.463305665689897950, 15.78865187017134808 ) ) ;
#2362 = CARTESIAN_POINT ( 'NONE',  ( 0.000000000000000000, -53.74011537017761242, 0.000000000000000000 ) ) ;
#2363 = VERTEX_POINT ( 'NONE', #1380 ) ;
#2364 = CARTESIAN_POINT ( 'NONE',  ( -17.67766952966367811, 14.20000000000000107, 17.67766952966369587 ) ) ;
#2365 = CARTESIAN_POINT ( 'NONE',  ( -16.59498325204182478, 4.358674459405456503, 12.45984893282201611 ) ) ;
#2366 = CARTESIAN_POINT ( 'NONE',  ( -19.58107660085889279, 10.93420566112923176, 14.35078765216859509 ) ) ;
#2367 = B_SPLINE_CURVE_WITH_KNOTS ( 'NONE', 3,
 ( #965, #1212, #99, #737 ),
 .UNSPECIFIED., .F., .F.,
 ( 4, 4 ),
 ( 0.000000000000000000, 1.000000000000000000 ),
 .UNSPECIFIED. ) ;
#2368 = ORIENTED_EDGE ( 'NONE', *, *, #2019, .F. ) ;
#2369 = CARTESIAN_POINT ( 'NONE',  ( -16.29790815556832939, 6.784652345185437028, 7.640914792588262117 ) ) ;
#2370 = EDGE_LOOP ( 'NONE', ( #1195, #2074, #1341, #254 ) ) ;
#2371 = CARTESIAN_POINT ( 'NONE',  ( 0.000000000000000000, -53.74011537017761242, 0.000000000000000000 ) ) ;
#2372 = ADVANCED_BREP_SHAPE_REPRESENTATION ( 'Motor cover upper', ( #1587, #603, #227 ), #1754 ) ;
#2373 = CARTESIAN_POINT ( 'NONE',  ( -19.09467553746926072, 9.605683919844972607, 13.03024730112609220 ) ) ;
#2374 = EDGE_CURVE ( 'NONE', #480, #134, #2475, .T. ) ;
#2375 = CARTESIAN_POINT ( 'NONE',  ( 0.000000000000000000, 25.60000000000000142, 0.000000000000000000 ) ) ;
#2376 = CARTESIAN_POINT ( 'NONE',  ( -7.716097068889487431, 6.532172964379277857, 16.26255019042353922 ) ) ;
#2377 = CARTESIAN_POINT ( 'NONE',  ( -18.96528525432058743, 9.191537642799231023, 12.92819850107431101 ) ) ;
#2378 = B_SPLINE_CURVE_WITH_KNOTS ( 'NONE', 3,
 ( #1355, #1140, #100, #2206, #2451, #1551, #1607, #1369, #915, #927, #1792, #514, #2218, #2420 ),
 .UNSPECIFIED., .F., .F.,
 ( 4, 2, 2, 2, 2, 2, 4 ),
 ( 0.002766522305400889465, 0.004274854575540032106, 0.005783186845679173446, 0.007291519115818311317, 0.008045685250887878517, 0.008422768318422660383, 0.008799851385957438779 ),
 .UNSPECIFIED. ) ;
#2379 = VECTOR ( 'NONE', #1633, 1000.000000000000000 ) ;
#2380 = CARTESIAN_POINT ( 'NONE',  ( -17.56925743692576347, 3.760536938172299948, 7.234386504251189010 ) ) ;
#2381 = AXIS2_PLACEMENT_3D ( 'NONE', #616, #2122, #1033 ) ;
#2382 = CARTESIAN_POINT ( 'NONE',  ( -19.53794802075193715, 11.91934159393020032, 13.43005123545735913 ) ) ;
#2383 = AXIS2_PLACEMENT_3D ( 'NONE', #866, #1058, #22 ) ;
#2384 = CARTESIAN_POINT ( 'NONE',  ( -15.48647743966145107, 6.566920793769173592, 13.48255671629467578 ) ) ;
#2385 = AXIS2_PLACEMENT_3D ( 'NONE', #2517, #765, #1011 ) ;
#2386 = VERTEX_POINT ( 'NONE', #2627 ) ;
#2387 = DIRECTION ( 'NONE',  ( 0.000000000000000000, 1.000000000000000000, 0.000000000000000000 ) ) ;
#2388 = CIRCLE ( 'NONE', #1169, 5.000000000000000000 ) ;
#2389 = VECTOR ( 'NONE', #1213, 1000.000000000000000 ) ;
#2390 = CARTESIAN_POINT ( 'NONE',  ( -10.46475680503417394, 1.570143597179755046, 15.85981408931888836 ) ) ;
#2391 = CARTESIAN_POINT ( 'NONE',  ( -17.61918469113673424, 10.73517773635941452, 8.515555916610006548 ) ) ;
#2392 =( NAMED_UNIT ( * ) PLANE_ANGLE_UNIT ( ) SI_UNIT ( $, .RADIAN. ) );
#2393 = CIRCLE ( 'NONE', #1074, 1.599999999999998979 ) ;
#2394 = ORIENTED_EDGE ( 'NONE', *, *, #2636, .T. ) ;
#2395 = EDGE_CURVE ( 'NONE', #2193, #1229, #1193, .T. ) ;
#2396 = DIRECTION ( 'NONE',  ( 0.000000000000000000, 1.000000000000000000, 0.000000000000000000 ) ) ;
#2397 = CARTESIAN_POINT ( 'NONE',  ( -12.59219660554690634, 8.337559948677309762, 16.99807379922781436 ) ) ;
#2398 = CARTESIAN_POINT ( 'NONE',  ( -19.66336359290821179, 8.895880314767371289, 14.69940374002810124 ) ) ;
#2399 = CARTESIAN_POINT ( 'NONE',  ( -18.26302665870965569, 6.725951834446990851, 5.240409246557814704 ) ) ;
#2400 = DIRECTION ( 'NONE',  ( 0.000000000000000000, -1.000000000000000000, 0.000000000000000000 ) ) ;
#2401 = ORIENTED_EDGE ( 'NONE', *, *, #788, .F. ) ;
#2402 =( BOUNDED_SURFACE ( )  B_SPLINE_SURFACE ( 3, 2, ( 
 ( #2347, #1273, #1825 ),
 ( #527, #1156, #1384 ),
 ( #2000, #2044, #957 ),
 ( #498, #295, #2631 ),
 ( #2478, #2249, #710 ),
 ( #312, #2660, #1174 ) ),
 .UNSPECIFIED., .F., .F., .T. ) 
 B_SPLINE_SURFACE_WITH_KNOTS ( ( 4, 2, 4 ),
 ( 3, 3 ),
 ( 0.01860467047728497914, 0.02024817348796188049, 0.02189167649863877838 ),
 ( 0.07816779718540374511, 1.000000000000000000 ),
 .UNSPECIFIED. ) 
 GEOMETRIC_REPRESENTATION_ITEM ( )  RATIONAL_B_SPLINE_SURFACE ( (
 ( 0.9801551014486580282, 0.8730621863100970215, 1.000000000000000000),
 ( 0.9805084818799436608, 0.8753225828161370625, 1.000000000000000000),
 ( 0.9806921282948888319, 0.8764972763699907521, 1.000000000000000000),
 ( 0.9806923240981686440, 0.8764985288248815509, 1.000000000000000000),
 ( 0.9805088606626077841, 0.8753250056979241522, 1.000000000000000000),
 ( 0.9801550880085423412, 0.8730621003404508418, 1.000000000000000000) ) ) 
 REPRESENTATION_ITEM ( '' )  SURFACE ( )  );
#2403 = CARTESIAN_POINT ( 'NONE',  ( -14.48863620447655265, 5.932181172818624226, 10.81824111978927938 ) ) ;
#2404 = CARTESIAN_POINT ( 'NONE',  ( 17.99305421544658046, 24.60000000000000142, 0.5000000000000013323 ) ) ;
#2405 = EDGE_CURVE ( 'NONE', #2739, #2171, #1664, .T. ) ;
#2406 = CARTESIAN_POINT ( 'NONE',  ( -15.96965605504826868, 4.059789540984595213, 10.45652446716741402 ) ) ;
#2407 = CYLINDRICAL_SURFACE ( 'NONE', #1893, 5.000000000000000888 ) ;
#2408 = VERTEX_POINT ( 'NONE', #1971 ) ;
#2409 = CARTESIAN_POINT ( 'NONE',  ( -12.75264726127656090, 7.294044697571885116, 16.38973533243061098 ) ) ;
#2410 = FACE_OUTER_BOUND ( 'NONE', #2499, .T. ) ;
#2411 = EDGE_CURVE ( 'NONE', #1094, #388, #496, .T. ) ;
#2412 = CARTESIAN_POINT ( 'NONE',  ( -18.40624855001612659, 7.603535403152681837, 4.712783035303822032 ) ) ;
#2413 = CARTESIAN_POINT ( 'NONE',  ( -18.96632062049406642, 9.159027099224740454, 12.95105012230339625 ) ) ;
#2414 = EDGE_CURVE ( 'NONE', #2027, #321, #97, .T. ) ;
#2415 = EDGE_LOOP ( 'NONE', ( #1908, #1738, #2097, #101 ) ) ;
#2416 = CARTESIAN_POINT ( 'NONE',  ( -16.35968985651350138, 7.301852048127476458, 7.507725149046409641 ) ) ;
#2417 = DIRECTION ( 'NONE',  ( 0.000000000000000000, -1.000000000000000000, 0.000000000000000000 ) ) ;
#2418 = APPLICATION_CONTEXT ( 'automotive_design' ) ;
#2419 = CARTESIAN_POINT ( 'NONE',  ( -15.91381967660875851, 11.01748192179483787, 18.02634179635365896 ) ) ;
#2420 = CARTESIAN_POINT ( 'NONE',  ( -18.02585220683205236, 11.08298996658935920, 15.91527329012222580 ) ) ;
#2421 = ORIENTED_EDGE ( 'NONE', *, *, #495, .F. ) ;
#2422 = CARTESIAN_POINT ( 'NONE',  ( -12.91906339444375895, 10.47156991538800952, 17.82099659963607152 ) ) ;
#2423 = CARTESIAN_POINT ( 'NONE',  ( -10.48260469931441818, 10.19786647723472406, 15.07164986550880847 ) ) ;
#2424 = CARTESIAN_POINT ( 'NONE',  ( -14.60812002681138466, 2.904721646578192651, 13.36847869000127709 ) ) ;
#2425 = FACE_OUTER_BOUND ( 'NONE', #80, .T. ) ;
#2426 = CARTESIAN_POINT ( 'NONE',  ( -18.84360567203011527, 13.40000000000000036, 16.51173338729725870 ) ) ;
#2427 = AXIS2_PLACEMENT_3D ( 'NONE', #1172, #325, #2462 ) ;
#2428 = ORIENTED_EDGE ( 'NONE', *, *, #1909, .T. ) ;
#2429 = EDGE_CURVE ( 'NONE', #553, #1472, #984, .T. ) ;
#2430 = AXIS2_PLACEMENT_3D ( 'NONE', #2670, #732, #719 ) ;
#2431 = CARTESIAN_POINT ( 'NONE',  ( -14.12419543065797534, 5.454862276804981924, 11.21540637086676817 ) ) ;
#2432 = CARTESIAN_POINT ( 'NONE',  ( -13.40191435810572251, 2.944293296568975205, 14.65529223944113824 ) ) ;
#2433 = AXIS2_PLACEMENT_3D ( 'NONE', #1502, #203, #2139 ) ;
#2434 = CARTESIAN_POINT ( 'NONE',  ( -14.35481585145821271, 11.07740126337592379, 19.58615453983042087 ) ) ;
#2435 = CARTESIAN_POINT ( 'NONE',  ( -2.761078913593808082, 13.28869994256876907, 18.79835176557295284 ) ) ;
#2436 = EDGE_LOOP ( 'NONE', ( #1351, #1295, #575, #1370, #2131, #1274, #2785, #869 ) ) ;
#2437 = CARTESIAN_POINT ( 'NONE',  ( -12.46262687999396768, 5.541099646290917669, 17.41293046789062871 ) ) ;
#2438 = VECTOR ( 'NONE', #476, 1000.000000000000000 ) ;
#2439 = CARTESIAN_POINT ( 'NONE',  ( -3.385493149106114430, 10.01802955062037448, 18.69962974661615718 ) ) ;
#2440 = CARTESIAN_POINT ( 'NONE',  ( -16.75789136194203621, 6.575320881429686182, 12.28830357175133514 ) ) ;
#2441 = EDGE_CURVE ( 'NONE', #2386, #491, #2216, .T. ) ;
#2442 = CARTESIAN_POINT ( 'NONE',  ( -18.61199332027568332, 9.059193210604114199, 3.820171183138289184 ) ) ;
#2443 = CARTESIAN_POINT ( 'NONE',  ( -8.221283850753014377, 14.20000808487307609, 18.00302595084800572 ) ) ;
#2444 = ORIENTED_EDGE ( 'NONE', *, *, #1249, .F. ) ;
#2445 = LINE ( 'NONE', #2054, #802 ) ;
#2446 = CARTESIAN_POINT ( 'NONE',  ( -7.612865713993961059, 3.325031809265787341, 17.41288682071617799 ) ) ;
#2447 = CARTESIAN_POINT ( 'NONE',  ( 6.123233995736766282E-16, 24.60000000000000142, -5.000000000000000000 ) ) ;
#2448 = EDGE_CURVE ( 'NONE', #1078, #2487, #1578, .T. ) ;
#2449 = CARTESIAN_POINT ( 'NONE',  ( -7.149811898413637401, 11.08365289709020196, 16.51908562291819749 ) ) ;
#2450 = CARTESIAN_POINT ( 'NONE',  ( -7.194440935596150055, 9.099757075036844611, 16.50058779869082315 ) ) ;
#2451 = CARTESIAN_POINT ( 'NONE',  ( -16.84269324693422121, 8.007075812169041740, 14.93880455053362155 ) ) ;
#2452 = ORIENTED_EDGE ( 'NONE', *, *, #2019, .T. ) ;
#2453 = DIRECTION ( 'NONE',  ( -0.7071067811865462405, 0.000000000000000000, -0.7071067811865489050 ) ) ;
#2454 = CARTESIAN_POINT ( 'NONE',  ( -18.04328357849193054, 7.521320343558419275, 15.89784191845990513 ) ) ;
#2455 = CARTESIAN_POINT ( 'NONE',  ( -12.82612763325416338, 1.301551040084738986, 14.01750512521660674 ) ) ;
#2456 = CARTESIAN_POINT ( 'NONE',  ( -15.73251874153921648, 8.151111098789874276, 11.39899783354513474 ) ) ;
#2457 = PLANE ( 'NONE',  #1655 ) ;
#2458 = CARTESIAN_POINT ( 'NONE',  ( -8.221284694669737547, 14.13260235610828630, 18.00302522461290522 ) ) ;
#2459 = ORIENTED_EDGE ( 'NONE', *, *, #2395, .F. ) ;
#2460 = CARTESIAN_POINT ( 'NONE',  ( -17.99406616414610482, 14.01714078393605689, 8.231695512269853410 ) ) ;
#2461 = CARTESIAN_POINT ( 'NONE',  ( -11.90988196517042041, 11.08365289709020018, 16.88463074408121756 ) ) ;
#2462 = DIRECTION ( 'NONE',  ( 0.000000000000000000, 0.000000000000000000, -1.000000000000000000 ) ) ;
#2463 = CARTESIAN_POINT ( 'NONE',  ( 4.974937185533099715, 24.60000000000000142, 0.5000000000000002220 ) ) ;
#2464 = CARTESIAN_POINT ( 'NONE',  ( -2.800466942032490358, 12.85174544759920501, 18.79248213798760148 ) ) ;
#2465 = VERTEX_POINT ( 'NONE', #2447 ) ;
#2466 = LINE ( 'NONE', #529, #537 ) ;
#2467 = EDGE_CURVE ( 'NONE', #2639, #1743, #488, .T. ) ;
#2468 = CARTESIAN_POINT ( 'NONE',  ( -12.70865865534937811, 3.426732019607629187, 15.67844041331589366 ) ) ;
#2469 = CARTESIAN_POINT ( 'NONE',  ( 0.000000000000000000, 0.000000000000000000, -18.00000000000000000 ) ) ;
#2470 = CARTESIAN_POINT ( 'NONE',  ( -16.28204551358703611, 7.399831547587071512, 14.49959800815241096 ) ) ;
#2471 = CARTESIAN_POINT ( 'NONE',  ( -18.51476522483909193, 8.267724842346831693, 4.266627898231924121 ) ) ;
#2472 = CARTESIAN_POINT ( 'NONE',  ( -15.88251027692780326, 10.58001335666803833, 18.00131547792586062 ) ) ;
#2473 = VERTEX_POINT ( 'NONE', #291 ) ;
#2474 = CARTESIAN_POINT ( 'NONE',  ( -11.76923567433641260, 14.20000000000000107, 19.11946712150603389 ) ) ;
#2475 = LINE ( 'NONE', #541, #2438 ) ;
#2476 = CIRCLE ( 'NONE', #348, 19.00000000000000000 ) ;
#2477 = CARTESIAN_POINT ( 'NONE',  ( 0.000000000000000000, 25.60000000000000142, 5.000000000000000000 ) ) ;
#2478 = CARTESIAN_POINT ( 'NONE',  ( -12.83391205823888015, 2.903501590090048268, 15.10232858725137461 ) ) ;
#2479 = ORIENTED_EDGE ( 'NONE', *, *, #1714, .F. ) ;
#2480 = CARTESIAN_POINT ( 'NONE',  ( -12.52493981042562865, 6.238920334665150058, 17.79829988685922615 ) ) ;
#2481 = CARTESIAN_POINT ( 'NONE',  ( -2.800466942032323381, 12.85174544760111992, 18.79248213798762634 ) ) ;
#2482 = CARTESIAN_POINT ( 'NONE',  ( -19.01856125826110144, 9.026995876916005912, 13.93735561003233414 ) ) ;
#2483 = AXIS2_PLACEMENT_3D ( 'NONE', #1677, #1201, #2751 ) ;
#2484 = CARTESIAN_POINT ( 'NONE',  ( -18.61030545608059938, 9.042056375199504004, 3.828385727597948485 ) ) ;
#2485 = CARTESIAN_POINT ( 'NONE',  ( -13.52806510620478875, 14.20000795701702856, 19.59567288232264914 ) ) ;
#2486 = VECTOR ( 'NONE', #1865, 1000.000000000000000 ) ;
#2487 = VERTEX_POINT ( 'NONE', #1152 ) ;
#2488 = CARTESIAN_POINT ( 'NONE',  ( -16.51016474530227640, 9.987692607953540858, 7.170393413300807595 ) ) ;
#2489 = CARTESIAN_POINT ( 'NONE',  ( -18.76989295295518900, 10.91154470202570970, 16.41858865362751629 ) ) ;
#2490 = CARTESIAN_POINT ( 'NONE',  ( -17.28760098319387595, 12.79230484541325730, 18.06773807613349092 ) ) ;
#2491 = FACE_OUTER_BOUND ( 'NONE', #1977, .T. ) ;
#2492 = ORIENTED_EDGE ( 'NONE', *, *, #2217, .T. ) ;
#2493 = CARTESIAN_POINT ( 'NONE',  ( -15.45915016283930044, 1.416868553368013428, 11.06190739953451363 ) ) ;
#2494 = FACE_OUTER_BOUND ( 'NONE', #2343, .T. ) ;
#2495 = CARTESIAN_POINT ( 'NONE',  ( -1.237604307034019246, 24.60000000000000142, -9.503691262898042780 ) ) ;
#2496 = DIRECTION ( 'NONE',  ( -0.000000000000000000, -1.000000000000000000, -0.000000000000000000 ) ) ;
#2497 = EDGE_CURVE ( 'NONE', #1644, #779, #791, .T. ) ;
#2498 = CARTESIAN_POINT ( 'NONE',  ( -2.738520508442861878, 14.13260318641390079, 18.80160912930025674 ) ) ;
#2499 = EDGE_LOOP ( 'NONE', ( #998, #1706, #1717 ) ) ;
#2500 = CARTESIAN_POINT ( 'NONE',  ( -13.52803345729733486, 14.20000000000000107, 19.59566338380722073 ) ) ;
#2501 = ADVANCED_FACE ( 'NONE', ( #2011 ), #1646, .F. ) ;
#2502 = LINE ( 'NONE', #2736, #2718 ) ;
#2503 = CARTESIAN_POINT ( 'NONE',  ( -9.135870759084095738, 11.08365289708958912, 16.10772051817324879 ) ) ;
#2504 = LINE ( 'NONE', #1854, #629 ) ;
#2505 = VERTEX_POINT ( 'NONE', #2284 ) ;
#2506 = CARTESIAN_POINT ( 'NONE',  ( -16.51173338729736173, 12.85174544760037207, 18.84360567203000869 ) ) ;
#2507 = SURFACE_SIDE_STYLE ('',( #1640 ) ) ;
#2508 = CARTESIAN_POINT ( 'NONE',  ( -17.20856370704825267, 8.775585663334140918, 12.62419928806411917 ) ) ;
#2509 = CARTESIAN_POINT ( 'NONE',  ( -14.85414934478495752, 5.225336421563480549, 16.68755806031917999 ) ) ;
#2510 = CARTESIAN_POINT ( 'NONE',  ( -14.21610372914367204, 7.054738406184499766, 15.91876124972361950 ) ) ;
#2511 = VERTEX_POINT ( 'NONE', #555 ) ;
#2512 = CARTESIAN_POINT ( 'NONE',  ( -18.02585220683205236, 11.08298996658935920, 15.91527329012222580 ) ) ;
#2513 = CARTESIAN_POINT ( 'NONE',  ( -13.98478840490918174, 9.149902959701721628, 19.08342100176545841 ) ) ;
#2514 = CARTESIAN_POINT ( 'NONE',  ( -1.237604307034019469, 25.60000000000000142, -6.303691262898045267 ) ) ;
#2515 = EDGE_CURVE ( 'NONE', #388, #1793, #2259, .T. ) ;
#2516 = CARTESIAN_POINT ( 'NONE',  ( -13.66969855104860621, 2.214344257659774939, 11.71323974723652483 ) ) ;
#2517 = CARTESIAN_POINT ( 'NONE',  ( -17.03960670625020413, 2.206660268064800867, 15.44835924285531092 ) ) ;
#2518 = CIRCLE ( 'NONE', #2651, 2.999999999999999112 ) ;
#2519 = ORIENTED_EDGE ( 'NONE', *, *, #1839, .F. ) ;
#2520 = CARTESIAN_POINT ( 'NONE',  ( -17.26338456568914026, 3.012910273849767506, 7.942496612840392878 ) ) ;
#2521 = CARTESIAN_POINT ( 'NONE',  ( -12.82342640882513507, 2.347625906431225928, 14.01997676685207139 ) ) ;
#2522 = CARTESIAN_POINT ( 'NONE',  ( -16.52274320379726547, 7.485256989011165096, 12.68024576142987669 ) ) ;
#2523 = CARTESIAN_POINT ( 'NONE',  ( -16.10920662752081256, 9.031915201209294253, 18.38315173831110272 ) ) ;
#2524 = VECTOR ( 'NONE', #382, 1000.000000000000000 ) ;
#2525 = CARTESIAN_POINT ( 'NONE',  ( -14.93844274278597339, 8.006499646545533366, 16.84223373062546969 ) ) ;
#2526 = VERTEX_POINT ( 'NONE', #2314 ) ;
#2527 = CARTESIAN_POINT ( 'NONE',  ( -12.68363092094396727, 9.952395550653371004, 17.50588756668201640 ) ) ;
#2528 = DIRECTION ( 'NONE',  ( -0.000000000000000000, 1.000000000000000000, -0.000000000000000000 ) ) ;
#2529 = CARTESIAN_POINT ( 'NONE',  ( -2.738650632048899691, 14.20000000000000107, 18.80159016454667054 ) ) ;
#2530 = CARTESIAN_POINT ( 'NONE',  ( 0.000000000000000000, 25.60000000000000142, -19.00000000000000000 ) ) ;
#2531 = CARTESIAN_POINT ( 'NONE',  ( -13.32326631501105219, 11.13349845078297307, 19.43715119590483908 ) ) ;
#2532 = DIRECTION ( 'NONE',  ( 0.000000000000000000, 1.000000000000000000, 0.000000000000000000 ) ) ;
#2533 = CARTESIAN_POINT ( 'NONE',  ( -11.40063194421763981, 5.036073704865909662, 16.66231977094580685 ) ) ;
#2534 = CARTESIAN_POINT ( 'NONE',  ( -5.329477422529119934, 6.635481737578572847, 18.23756425277470683 ) ) ;
#2535 = CARTESIAN_POINT ( 'NONE',  ( -13.58847326313152770, 6.539527887686930718, 15.36835899326431232 ) ) ;
#2536 = CARTESIAN_POINT ( 'NONE',  ( -12.96814841693966791, 13.40000000000000036, 17.89623364242535786 ) ) ;
#2537 = ORIENTED_EDGE ( 'NONE', *, *, #1142, .F. ) ;
#2538 = DIRECTION ( 'NONE',  ( -1.000000000000000000, 0.000000000000000000, 0.000000000000000000 ) ) ;
#2539 = CARTESIAN_POINT ( 'NONE',  ( -15.38376458595584495, 8.840670610417101116, 17.40357902242197241 ) ) ;
#2540 = DIRECTION ( 'NONE',  ( 0.000000000000000000, 0.000000000000000000, 1.000000000000000000 ) ) ;
#2541 = PRODUCT_DEFINITION_CONTEXT ( 'detailed design', #2418, 'design' ) ;
#2542 = FACE_BOUND ( 'NONE', #276, .T. ) ;
#2543 = VERTEX_POINT ( 'NONE', #1226 ) ;
#2544 = LINE ( 'NONE', #126, #1347 ) ;
#2545 = CARTESIAN_POINT ( 'NONE',  ( -12.94161592510565661, 9.128846756203627066, 18.95551639685299605 ) ) ;
#2546 = CARTESIAN_POINT ( 'NONE',  ( -12.92816095189394332, 9.067661648030831856, 18.93611848301777201 ) ) ;
#2547 = ORIENTED_EDGE ( 'NONE', *, *, #56, .F. ) ;
#2548 = EDGE_CURVE ( 'NONE', #321, #1704, #2502, .T. ) ;
#2549 = PLANE ( 'NONE',  #2381 ) ;
#2550 = DIRECTION ( 'NONE',  ( 0.000000000000000000, -1.000000000000000000, 0.000000000000000000 ) ) ;
#2551 = ORIENTED_EDGE ( 'NONE', *, *, #2374, .F. ) ;
#2552 =( LENGTH_UNIT ( ) NAMED_UNIT ( * ) SI_UNIT ( .MILLI., .METRE. ) );
#2553 = CARTESIAN_POINT ( 'NONE',  ( -11.56793624108637175, 8.314961586233774682, 15.96573706761422784 ) ) ;
#2554 = CARTESIAN_POINT ( 'NONE',  ( -18.02627384456852866, 11.04318711191072566, 15.91449162730721945 ) ) ;
#2555 = CARTESIAN_POINT ( 'NONE',  ( -17.64076707748789730, 11.06577855244138497, 16.30035841946639152 ) ) ;
#2556 = VERTEX_POINT ( 'NONE', #2514 ) ;
#2557 = DIRECTION ( 'NONE',  ( 0.000000000000000000, 0.000000000000000000, -1.000000000000000000 ) ) ;
#2558 = EDGE_CURVE ( 'NONE', #2092, #1078, #580, .T. ) ;
#2559 = CARTESIAN_POINT ( 'NONE',  ( -17.79096854985735021, 6.219584040385324641, 12.52211047016337631 ) ) ;
#2560 = CIRCLE ( 'NONE', #2427, 19.00000000000000000 ) ;
#2561 = DIRECTION ( 'NONE',  ( -0.000000000000000000, 1.000000000000000000, -0.000000000000000000 ) ) ;
#2562 = VERTEX_POINT ( 'NONE', #2262 ) ;
#2563 = COLOUR_RGB ( '',0.7921568627450980005, 0.8196078431372548767, 0.9333333333333333481 ) ;
#2564 = CARTESIAN_POINT ( 'NONE',  ( -7.640912901524286482, 6.784658980761471447, 16.29790904163978027 ) ) ;
#2565 = CARTESIAN_POINT ( 'NONE',  ( -7.903691262898045800, 24.60000000000000142, 1.237604307034015250 ) ) ;
#2566 = CIRCLE ( 'NONE', #1162, 18.00000000000000000 ) ;
#2567 = DIRECTION ( 'NONE',  ( 0.000000000000000000, 0.000000000000000000, 1.000000000000000000 ) ) ;
#2568 = LINE ( 'NONE', #2426, #717 ) ;
#2569 = DIRECTION ( 'NONE',  ( 0.000000000000000000, 0.000000000000000000, 1.000000000000000000 ) ) ;
#2570 = AXIS2_PLACEMENT_3D ( 'NONE', #1429, #140, #1241 ) ;
#2571 = ORIENTED_EDGE ( 'NONE', *, *, #1096, .F. ) ;
#2572 = CARTESIAN_POINT ( 'NONE',  ( -15.36835889509208997, 6.539527882365577582, 13.58847335033943260 ) ) ;
#2573 = VECTOR ( 'NONE', #1592, 1000.000000000000000 ) ;
#2574 = ORIENTED_EDGE ( 'NONE', *, *, #1302, .F. ) ;
#2575 = DIRECTION ( 'NONE',  ( 0.000000000000000000, -1.000000000000000000, 0.000000000000000000 ) ) ;
#2576 = CARTESIAN_POINT ( 'NONE',  ( -16.66251492637196563, 6.133858011241431818, 9.617545087181555985 ) ) ;
#2577 = DIRECTION ( 'NONE',  ( 0.000000000000000000, 1.000000000000000000, 0.000000000000000000 ) ) ;
#2578 = CARTESIAN_POINT ( 'NONE',  ( -8.181017032484131590, 5.334647600246993804, 16.03383890392171196 ) ) ;
#2579 = CARTESIAN_POINT ( 'NONE',  ( -19.59155711732470451, 8.657387160502896251, 14.64771680895097461 ) ) ;
#2580 = CARTESIAN_POINT ( 'NONE',  ( -16.44033952563740186, 1.936043785247578697, 9.524931605792552602 ) ) ;
#2581 = CARTESIAN_POINT ( 'NONE',  ( -19.51238407693432819, 11.67894103936233741, 13.40071558632801541 ) ) ;
#2582 = CARTESIAN_POINT ( 'NONE',  ( -19.58624654695280043, 11.08361119420856333, 14.35489795463836771 ) ) ;
#2583 = ORIENTED_EDGE ( 'NONE', *, *, #1805, .F. ) ;
#2584 = EDGE_CURVE ( 'NONE', #134, #1307, #2026, .T. ) ;
#2585 = CARTESIAN_POINT ( 'NONE',  ( -16.88410866585080328, 8.114854312257683944, 12.59237295668072854 ) ) ;
#2586 = ORIENTED_EDGE ( 'NONE', *, *, #495, .T. ) ;
#2587 = CARTESIAN_POINT ( 'NONE',  ( -14.74119744431541079, 6.539057940034702199, 14.22834028591696054 ) ) ;
#2588 = CARTESIAN_POINT ( 'NONE',  ( -18.78704633035049198, 12.44687984597653951, 2.836943984224858717 ) ) ;
#2589 = DIRECTION ( 'NONE',  ( -0.000000000000000000, -1.000000000000000000, -0.000000000000000000 ) ) ;
#2590 = CARTESIAN_POINT ( 'NONE',  ( -12.86172270674777529, 7.093079108242807074, 16.22569900949874366 ) ) ;
#2591 = CARTESIAN_POINT ( 'NONE',  ( -17.56620795865165618, 6.785074371850291719, 15.49488287852625668 ) ) ;
#2592 = CARTESIAN_POINT ( 'NONE',  ( -18.17874062893349318, 6.246277161518164256, 5.526897888532302794 ) ) ;
#2593 = CARTESIAN_POINT ( 'NONE',  ( -18.16418313136355067, 6.996452965094112741, 12.61501615534876386 ) ) ;
#2594 = ORIENTED_EDGE ( 'NONE', *, *, #667, .T. ) ;
#2595 = CARTESIAN_POINT ( 'NONE',  ( -17.54088193011750363, 9.552878036224658587, 12.75420678003155395 ) ) ;
#2596 = ORIENTED_EDGE ( 'NONE', *, *, #1959, .F. ) ;
#2597 = EDGE_CURVE ( 'NONE', #1855, #1583, #1185, .T. ) ;
#2598 = CARTESIAN_POINT ( 'NONE',  ( -15.07279555449473918, 2.780354907036209688, 11.59127591457509965 ) ) ;
#2599 = CARTESIAN_POINT ( 'NONE',  ( -19.59114986045943141, 12.85174544760033832, 13.51313526726326941 ) ) ;
#2600 = ORIENTED_EDGE ( 'NONE', *, *, #372, .T. ) ;
#2601 = CARTESIAN_POINT ( 'NONE',  ( -13.69544456324381088, 6.532999935631144339, 15.24793843147353023 ) ) ;
#2602 = CARTESIAN_POINT ( 'NONE',  ( -11.43274142605194754, 5.289343010000694179, 13.92670627339336242 ) ) ;
#2603 = CARTESIAN_POINT ( 'NONE',  ( -18.56423871737728248, 6.216924436541105159, 13.92247059035970302 ) ) ;
#2604 = CIRCLE ( 'NONE', #1387, 5.000000000000000000 ) ;
#2605 = CARTESIAN_POINT ( 'NONE',  ( -15.36772516058891469, 1.413633273772714416, 11.17287052183672991 ) ) ;
#2606 = VECTOR ( 'NONE', #188, 1000.000000000000000 ) ;
#2607 = CARTESIAN_POINT ( 'NONE',  ( -19.35709952087385943, 10.68894288586753127, 13.24825361597520335 ) ) ;
#2608 = PRODUCT ( 'Motor cover upper', 'Motor cover upper', '', ( #1324 ) ) ;
#2609 = VECTOR ( 'NONE', #117, 1000.000000000000000 ) ;
#2610 = ORIENTED_EDGE ( 'NONE', *, *, #1261, .F. ) ;
#2611 = CARTESIAN_POINT ( 'NONE',  ( -14.75012798893734001, 6.471911050284312239, 10.53940405066477126 ) ) ;
#2612 = DIRECTION ( 'NONE',  ( 0.000000000000000000, 1.000000000000000000, 0.000000000000000000 ) ) ;
#2613 =( BOUNDED_SURFACE ( )  B_SPLINE_SURFACE ( 2, 3, ( 
 ( #1847, #1394, #2498, #2698, #1616, #922, #1165, #320, #1181, #345, #745, #2225, #288, #974 ),
 ( #1377, #2443, #2458, #2038, #961, #2050, #1208, #120, #536, #2008, #1832, #1148, #2720, #772 ),
 ( #2025, #2485, #563, #78, #1818, #551, #1783, #1410, #506, #1802, #1423, #2686, #2281, #2650 ) ),
 .UNSPECIFIED., .F., .F., .T. ) 
 B_SPLINE_SURFACE_WITH_KNOTS ( ( 3, 3 ),
 ( 4, 2, 2, 2, 2, 2, 4 ),
 ( 0.000000000000000000, 1.000000000000000000 ),
 ( 0.05036821969765082480, 0.06445158564922684463, 0.08323199305565137651, 0.1020124004620758945, 0.1207928078685004125, 0.1395732152749249444, 0.1489634189781371965 ),
 .UNSPECIFIED. ) 
 GEOMETRIC_REPRESENTATION_ITEM ( )  RATIONAL_B_SPLINE_SURFACE ( (
 ( 1.000000000000000000, 1.000000000000000000, 1.000000000000000000, 1.000000000000000000, 1.000000000000000000, 1.000000000000000000, 1.000000000000000000, 1.000000000000000000, 1.000000000000000000, 1.000000000000000000, 1.000000000000000000, 1.000000000000000000, 1.000000000000000000, 1.000000000000000000),
 ( 0.9763104315798625255, 0.9763104315798625255, 0.9763104029547794438, 0.9762880929796068363, 0.9763193323401133661, 0.9759783462713327307, 0.9755380236795441196, 0.9722440595428101240, 0.9691456964376431449, 0.9615323305618065364, 0.9575506729591847233, 0.9554069913403341330, 0.9552324981484091593, 0.9551439704255302310),
 ( 1.000000000000000000, 1.000000000000000000, 1.000000000000000000, 1.000000000000000000, 1.000000000000000000, 1.000000000000000000, 1.000000000000000000, 1.000000000000000000, 1.000000000000000000, 1.000000000000000000, 1.000000000000000000, 1.000000000000000000, 1.000000000000000000, 1.000000000000000000) ) ) 
 REPRESENTATION_ITEM ( '' )  SURFACE ( )  );
#2614 = EDGE_CURVE ( 'NONE', #2171, #2739, #1575, .T. ) ;
#2615 = CARTESIAN_POINT ( 'NONE',  ( -16.83327729224278713, 6.872305597235833119, 9.421581742304873330 ) ) ;
#2616 = VECTOR ( 'NONE', #2702, 1000.000000000000000 ) ;
#2617 = ORIENTED_EDGE ( 'NONE', *, *, #1816, .T. ) ;
#2618 = CARTESIAN_POINT ( 'NONE',  ( -12.96814841693970344, 10.95802007964515745, 17.89623364242540760 ) ) ;
#2619 = EDGE_CURVE ( 'NONE', #881, #1307, #379, .T. ) ;
#2620 = CARTESIAN_POINT ( 'NONE',  ( -9.809845814986449142, 3.120809475233655039, 15.09305587939477000 ) ) ;
#2621 = CARTESIAN_POINT ( 'NONE',  ( -18.37012985142049359, 9.007246185344447653, 16.09966927911565548 ) ) ;
#2622 = CARTESIAN_POINT ( 'NONE',  ( -18.34401576042365178, 7.213739492282381427, 4.950466796323588881 ) ) ;
#2623 = CARTESIAN_POINT ( 'NONE',  ( -19.23486941161163344, 10.14422744760579498, 13.13954747344613594 ) ) ;
#2624 = EDGE_LOOP ( 'NONE', ( #2492, #1498 ) ) ;
#2625 = CARTESIAN_POINT ( 'NONE',  ( -15.28915516855703594, 3.407765513487875264, 9.501323322891469303 ) ) ;
#2626 = CARTESIAN_POINT ( 'NONE',  ( -13.49991690843946301, 14.20000000000000107, 0.000000000000000000 ) ) ;
#2627 = CARTESIAN_POINT ( 'NONE',  ( 2.326828918379970970E-15, 0.000000000000000000, -19.00000000000000000 ) ) ;
#2628 = CARTESIAN_POINT ( 'NONE',  ( -16.72228532847047333, 13.40000000000000036, 14.39041304373761321 ) ) ;
#2629 = CARTESIAN_POINT ( 'NONE',  ( -8.956039597105668548, 2.247435345445211397, 16.75693314933985789 ) ) ;
#2630 = CARTESIAN_POINT ( 'NONE',  ( -12.95435999363082935, 11.03601031517083442, 17.87950231225752873 ) ) ;
#2631 = CARTESIAN_POINT ( 'NONE',  ( -17.28293901615879236, 12.79229369460241195, 18.07240004316858162 ) ) ;
#2632 = EDGE_LOOP ( 'NONE', ( #2181, #766, #2617, #2018 ) ) ;
#2633 = CARTESIAN_POINT ( 'NONE',  ( -12.66221495019384768, 7.400193894734763411, 18.34442155314915013 ) ) ;
#2634 = CARTESIAN_POINT ( 'NONE',  ( -18.85596489206123394, 11.86304235517194172, 16.49937416726613293 ) ) ;
#2635 = CARTESIAN_POINT ( 'NONE',  ( -19.58437029512463923, 11.00953009296329022, 14.35335950764895685 ) ) ;
#2636 = EDGE_CURVE ( 'NONE', #2505, #2408, #624, .T. ) ;
#2637 = CARTESIAN_POINT ( 'NONE',  ( -15.87164532234541880, 1.568087107814216452, 10.45246347853895053 ) ) ;
#2638 = CARTESIAN_POINT ( 'NONE',  ( -19.48531710601743683, 11.46220152765342704, 13.37163489726951049 ) ) ;
#2639 = VERTEX_POINT ( 'NONE', #566 ) ;
#2640 = CARTESIAN_POINT ( 'NONE',  ( -15.38245964171433222, 3.566681914136148990, 9.349254696595505010 ) ) ;
#2641 = DIRECTION ( 'NONE',  ( -0.000000000000000000, -1.000000000000000000, 0.000000000000000000 ) ) ;
#2642 = CARTESIAN_POINT ( 'NONE',  ( -12.95499490678490595, 11.07781565921289513, 17.88037136344916433 ) ) ;
#2643 = DIRECTION ( 'NONE',  ( 8.881784197001252323E-16, 0.000000000000000000, -1.000000000000000000 ) ) ;
#2644 = ORIENTED_EDGE ( 'NONE', *, *, #1490, .T. ) ;
#2645 = EDGE_CURVE ( 'NONE', #362, #2487, #336, .T. ) ;
#2646 = FACE_OUTER_BOUND ( 'NONE', #30, .T. ) ;
#2647 = CYLINDRICAL_SURFACE ( 'NONE', #673, 18.00000000000000000 ) ;
#2648 = CARTESIAN_POINT ( 'NONE',  ( -16.19350123622007587, 8.492016222439051631, 11.73292499409175882 ) ) ;
#2649 = CARTESIAN_POINT ( 'NONE',  ( -18.41765892859332254, 7.674591865520158152, 4.667965405131415224 ) ) ;
#2650 = CARTESIAN_POINT ( 'NONE',  ( -13.51313245890026948, 12.85174544759926007, 19.59114900168102125 ) ) ;
#2651 = AXIS2_PLACEMENT_3D ( 'NONE', #1836, #2704, #996 ) ;
#2652 = ORIENTED_EDGE ( 'NONE', *, *, #523, .T. ) ;
#2653 = MECHANICAL_DESIGN_GEOMETRIC_PRESENTATION_REPRESENTATION (  '', ( #623 ), #977 ) ;
#2654 = CARTESIAN_POINT ( 'NONE',  ( -18.80160941191012469, 14.20000795419255546, 2.738518490347028767 ) ) ;
#2655 = CARTESIAN_POINT ( 'NONE',  ( -7.903691262898045800, 15.60000000000000142, 1.237604307034015250 ) ) ;
#2656 = DIRECTION ( 'NONE',  ( 0.000000000000000000, 0.000000000000000000, -1.000000000000000000 ) ) ;
#2657 = VECTOR ( 'NONE', #1312, 1000.000000000000000 ) ;
#2658 = CIRCLE ( 'NONE', #937, 18.00000000000000000 ) ;
#2659 = CARTESIAN_POINT ( 'NONE',  ( -7.429125012279344631, 7.634573548136799559, 16.39559227571383104 ) ) ;
#2660 = CARTESIAN_POINT ( 'NONE',  ( -16.17298744968841362, 6.453350726446925201, 19.18235160963894259 ) ) ;
#2661 = ORIENTED_EDGE ( 'NONE', *, *, #1166, .T. ) ;
#2662 = DIRECTION ( 'NONE',  ( 0.7071067811865489050, 0.000000000000000000, -0.7071067811865462405 ) ) ;
#2663 = CARTESIAN_POINT ( 'NONE',  ( -9.135870759084093962, 14.20000000000000107, 21.10772051817325590 ) ) ;
#2664 = AXIS2_PLACEMENT_3D ( 'NONE', #365, #324, #1634 ) ;
#2665 = CARTESIAN_POINT ( 'NONE',  ( -9.282572340226572294, 7.500448010960498735, 16.95765389578098947 ) ) ;
#2666 = CARTESIAN_POINT ( 'NONE',  ( -12.79538915960509193, 8.576638158412368540, 18.76303886308056690 ) ) ;
#2667 = CARTESIAN_POINT ( 'NONE',  ( -18.60877488566653781, 9.026575206040639898, 3.835823496771773478 ) ) ;
#2668 = DIRECTION ( 'NONE',  ( 0.000000000000000000, -1.000000000000000000, 0.000000000000000000 ) ) ;
#2669 = CARTESIAN_POINT ( 'NONE',  ( -11.17071521868181883, 1.412789411553218910, 15.36929167543093122 ) ) ;
#2670 = CARTESIAN_POINT ( 'NONE',  ( 0.000000000000000000, 16.00000000000000000, 0.000000000000000000 ) ) ;
#2671 = ORIENTED_EDGE ( 'NONE', *, *, #598, .T. ) ;
#2672 = CARTESIAN_POINT ( 'NONE',  ( 2.326828918379970970E-15, 14.20000000000000107, -19.00000000000000000 ) ) ;
#2673 = CARTESIAN_POINT ( 'NONE',  ( -8.164724145916624209, 2.823068851711256322, 17.15745807436754689 ) ) ;
#2674 = CARTESIAN_POINT ( 'NONE',  ( -14.13699809624636750, 11.08365289709020374, 18.59756037811135343 ) ) ;
#2675 = CARTESIAN_POINT ( 'NONE',  ( -18.80132603274685366, 13.73811787906728554, 2.740463969550737122 ) ) ;
#2676 = CARTESIAN_POINT ( 'NONE',  ( -17.84680889804491954, 10.59162288086873183, 12.93576051397294613 ) ) ;
#2677 = EDGE_CURVE ( 'NONE', #435, #651, #177, .T. ) ;
#2678 = CARTESIAN_POINT ( 'NONE',  ( 0.000000000000000000, 16.00000000000000000, 0.000000000000000000 ) ) ;
#2679 = CARTESIAN_POINT ( 'NONE',  ( -12.95500540264338341, 11.08365289709028900, 17.88038504074527779 ) ) ;
#2680 = CARTESIAN_POINT ( 'NONE',  ( 0.000000000000000000, 0.000000000000000000, 19.00000000000000000 ) ) ;
#2681 = ORIENTED_EDGE ( 'NONE', *, *, #337, .T. ) ;
#2682 = CARTESIAN_POINT ( 'NONE',  ( -13.24012683449593553, 2.951003082278580436, 14.81799157704086056 ) ) ;
#2683 = CARTESIAN_POINT ( 'NONE',  ( -8.234106583276831870, 13.45019735450382115, 17.95487999262152812 ) ) ;
#2684 = CARTESIAN_POINT ( 'NONE',  ( -12.97433879482566255, 9.399155033088382183, 19.02969919516885611 ) ) ;
#2685 = DIRECTION ( 'NONE',  ( 0.000000000000000000, 0.000000000000000000, -1.000000000000000000 ) ) ;
#2686 = CARTESIAN_POINT ( 'NONE',  ( -13.51504527666203614, 12.94163085265192237, 19.59173338140363185 ) ) ;
#2687 = ORIENTED_EDGE ( 'NONE', *, *, #215, .F. ) ;
#2688 = CARTESIAN_POINT ( 'NONE',  ( -17.99884170039047859, 13.85172963623549336, 8.226146131619071156 ) ) ;
#2689 = CARTESIAN_POINT ( 'NONE',  ( -14.25419331906986287, 2.944549060749587888, 13.83640069195297606 ) ) ;
#2690 = CARTESIAN_POINT ( 'NONE',  ( -15.44835924285750295, 2.206660268064492669, 17.03960670624821461 ) ) ;
#2691 = EDGE_CURVE ( 'NONE', #1532, #2214, #631, .T. ) ;
#2692 = CARTESIAN_POINT ( 'NONE',  ( -7.903691262898045800, 24.60000000000000142, -0.3623956929659848947 ) ) ;
#2693 = ORIENTED_EDGE ( 'NONE', *, *, #1991, .T. ) ;
#2694 = CARTESIAN_POINT ( 'NONE',  ( -12.46595795456344469, 4.367017563161801341, 16.59597172283888611 ) ) ;
#2695 = CARTESIAN_POINT ( 'NONE',  ( -11.05295298047797026, 1.427627218425387090, 15.45736241731278859 ) ) ;
#2696 = CARTESIAN_POINT ( 'NONE',  ( -15.34430486085666168, 6.370291702121834376, 17.36135495916607141 ) ) ;
#2697 = CARTESIAN_POINT ( 'NONE',  ( -18.67290441161341263, 9.782072537074776974, 3.510367912531811019 ) ) ;
#2698 = CARTESIAN_POINT ( 'NONE',  ( -2.740027916694502075, 13.97531301075794730, 18.80138951709531270 ) ) ;
#2699 = ORIENTED_EDGE ( 'NONE', *, *, #1959, .T. ) ;
#2700 = CARTESIAN_POINT ( 'NONE',  ( -18.80138955891795050, 13.97531300291248613, 2.740027629665363396 ) ) ;
#2701 = EDGE_CURVE ( 'NONE', #94, #2214, #964, .T. ) ;
#2702 = DIRECTION ( 'NONE',  ( -0.000000000000000000, 1.000000000000000000, -0.000000000000000000 ) ) ;
#2703 = CIRCLE ( 'NONE', #1789, 5.000000000000001776 ) ;
#2704 = DIRECTION ( 'NONE',  ( -6.327832904719195718E-14, -1.000000000000000000, 9.781969926567463667E-14 ) ) ;
#2705 = B_SPLINE_CURVE_WITH_KNOTS ( 'NONE', 3,
 ( #93, #950, #1602, #2472, #2257, #1004, #617, #1696, #1489, #2525, #799, #2510, #2334, #1643 ),
 .UNSPECIFIED., .F., .F.,
 ( 4, 2, 2, 2, 2, 2, 4 ),
 ( -5.999999999052709579E-08, 0.0003762061151371237622, 0.0007524722302742380608, 0.001505004460548466658, 0.003010068921096918648, 0.004515133381645370855, 0.006020197842193823062 ),
 .UNSPECIFIED. ) ;
#2706 = AXIS2_PLACEMENT_3D ( 'NONE', #1383, #1564, #2248 ) ;
#2707 = CARTESIAN_POINT ( 'NONE',  ( -15.91527304245499508, 13.40000000000000036, 18.02585245449928664 ) ) ;
#2708 = ORIENTED_EDGE ( 'NONE', *, *, #161, .T. ) ;
#2709 = AXIS2_PLACEMENT_3D ( 'NONE', #991, #2731, #785 ) ;
#2710 = EDGE_CURVE ( 'NONE', #1804, #1532, #2055, .T. ) ;
#2711 = CARTESIAN_POINT ( 'NONE',  ( -16.61163889212624412, 13.40000000000000036, 14.50105948008184420 ) ) ;
#2712 = CARTESIAN_POINT ( 'NONE',  ( -9.063364961735445036, 8.449254755700996711, 17.15200047708106723 ) ) ;
#2713 = CARTESIAN_POINT ( 'NONE',  ( -15.13359730240457779, 12.85174544759848914, 20.22174175692275711 ) ) ;
#2714 = AXIS2_PLACEMENT_3D ( 'NONE', #2032, #696, #71 ) ;
#2715 = EDGE_CURVE ( 'NONE', #159, #2733, #2393, .T. ) ;
#2716 =( BOUNDED_SURFACE ( )  B_SPLINE_SURFACE ( 3, 2, ( 
 ( #157, #146, #1003 ),
 ( #2535, #2319, #385 ),
 ( #1245, #172, #865 ),
 ( #855, #890, #1752 ),
 ( #1542, #2602, #671 ),
 ( #1071, #233, #1084 ),
 ( #658, #2138, #202 ),
 ( #1057, #645, #416 ),
 ( #2194, #2182, #2620 ),
 ( #687, #1926, #1529 ),
 ( #2590, #256, #1726 ),
 ( #2409, #445, #2797 ),
 ( #218, #1516, #2361 ),
 ( #1276, #1111, #1501 ),
 ( #242, #1711, #2578 ),
 ( #429, #1695, #1979 ),
 ( #470, #1941, #1329 ),
 ( #2397, #8, #2376 ),
 ( #1303, #841, #2564 ),
 ( #628, #1488, #2348 ),
 ( #1097, #458, #1314 ),
 ( #1739, #2168, #1954 ),
 ( #1288, #1964, #2151 ),
 ( #21, #876, #31 ),
 ( #284, #2423, #1176 ),
 ( #531, #1357, #1143 ),
 ( #1159, #2220, #270 ),
 ( #2237, #1127, #501 ) ),
 .UNSPECIFIED., .F., .F., .T. ) 
 B_SPLINE_SURFACE_WITH_KNOTS ( ( 4, 2, 2, 2, 2, 2, 2, 2, 2, 2, 2, 2, 2, 4 ),
 ( 3, 3 ),
 ( -4.770489558936219510E-18, 0.001637914898489007667, 0.002456872347733513994, 0.003275829796978020104, 0.004094787246222525781, 0.004913744695467032325, 0.006551659593956045413, 0.007370617043200551957, 0.008189574492445058501, 0.009008531941689565045, 0.009827489390934071589, 0.01146540428942308468, 0.01228436173866758949, 0.01310331918791209603 ),
 ( 0.000000000000000000, 1.000000000000000000 ),
 .UNSPECIFIED. ) 
 GEOMETRIC_REPRESENTATION_ITEM ( )  RATIONAL_B_SPLINE_SURFACE ( (
 ( 1.000000000000000000, 0.8662989203025179830, 1.000000000000000000),
 ( 1.000000000000000000, 0.8651603012935261683, 1.000000000000000000),
 ( 1.000000000000000000, 0.8644474866391936851, 1.000000000000000000),
 ( 1.000000000000000000, 0.8638456871389287306, 1.000000000000000000),
 ( 1.000000000000000000, 0.8637218294861536139, 1.000000000000000000),
 ( 1.000000000000000000, 0.8635764140753278140, 1.000000000000000000),
 ( 1.000000000000000000, 0.8635544130506315197, 1.000000000000000000),
 ( 1.000000000000000000, 0.8635297946246597300, 1.000000000000000000),
 ( 1.000000000000000000, 0.8635274063777383935, 1.000000000000000000),
 ( 1.000000000000000000, 0.8634448622724620881, 1.000000000000000000),
 ( 1.000000000000000000, 0.8633634085829257065, 1.000000000000000000),
 ( 1.000000000000000000, 0.8628344394836138243, 1.000000000000000000),
 ( 1.000000000000000000, 0.8621112438672062783, 1.000000000000000000),
 ( 1.000000000000000000, 0.8597612275593041753, 1.000000000000000000),
 ( 1.000000000000000000, 0.8587574838668660115, 1.000000000000000000),
 ( 1.000000000000000000, 0.8562541547414964649, 1.000000000000000000),
 ( 1.000000000000000000, 0.8547526414308401765, 1.000000000000000000),
 ( 1.000000000000000000, 0.8511699386076028162, 1.000000000000000000),
 ( 1.000000000000000000, 0.8490882634023737552, 1.000000000000000000),
 ( 1.000000000000000000, 0.8442805299887627957, 1.000000000000000000),
 ( 1.000000000000000000, 0.8415457480263350831, 1.000000000000000000),
 ( 1.000000000000000000, 0.8325432420465319616, 1.000000000000000000),
 ( 1.000000000000000000, 0.8252855481415999339, 1.000000000000000000),
 ( 1.000000000000000000, 0.8140602407782155936, 1.000000000000000000),
 ( 1.000000000000000000, 0.8102571726203472435, 1.000000000000000000),
 ( 1.000000000000000000, 0.8039693852070312063, 1.000000000000000000),
 ( 1.000000000000000000, 0.8015289987377888226, 1.000000000000000000),
 ( 1.000000000000000000, 0.8015636187449749483, 1.000000000000000000) ) ) 
 REPRESENTATION_ITEM ( '' )  SURFACE ( )  );
#2717 = B_SPLINE_CURVE_WITH_KNOTS ( 'NONE', 3,
 ( #2500, #734, #2474, #953, #108, #2283, #963, #1577 ),
 .UNSPECIFIED., .F., .F.,
 ( 4, 2, 2, 4 ),
 ( 0.000000000000000000, 0.2499999999999998890, 0.4999999999999997780, 1.000000000000000000 ),
 .UNSPECIFIED. ) ;
#2718 = VECTOR ( 'NONE', #595, 1000.000000000000000 ) ;
#2719 = PLANE ( 'NONE',  #1614 ) ;
#2720 = CARTESIAN_POINT ( 'NONE',  ( -8.245377177506988176, 14.03585071687851737, 17.98229236588803204 ) ) ;
#2721 = ORIENTED_EDGE ( 'NONE', *, *, #283, .T. ) ;
#2722 = CARTESIAN_POINT ( 'NONE',  ( -1.237604307034019469, 25.60000000000000142, -7.903691262898044911 ) ) ;
#2723 = DIRECTION ( 'NONE',  ( 0.000000000000000000, 1.000000000000000000, 0.000000000000000000 ) ) ;
#2724 = LINE ( 'NONE', #567, #1293 ) ;
#2725 = DIRECTION ( 'NONE',  ( 1.000000000000000000, 0.000000000000000000, 0.000000000000000000 ) ) ;
#2726 = ORIENTED_EDGE ( 'NONE', *, *, #319, .T. ) ;
#2727 = CARTESIAN_POINT ( 'NONE',  ( -13.22791202766419438, 10.55273050068308116, 19.33239198431351724 ) ) ;
#2728 = FILL_AREA_STYLE ('',( #1456 ) ) ;
#2729 = CARTESIAN_POINT ( 'NONE',  ( -15.43296804195171212, 6.543030323038991014, 13.53108013443495850 ) ) ;
#2730 = DIRECTION ( 'NONE',  ( 0.000000000000000000, 0.000000000000000000, 1.000000000000000000 ) ) ;
#2731 = DIRECTION ( 'NONE',  ( -0.000000000000000000, 1.000000000000000000, -0.000000000000000000 ) ) ;
#2732 = ADVANCED_FACE ( 'NONE', ( #272 ), #193, .F. ) ;
#2733 = VERTEX_POINT ( 'NONE', #2495 ) ;
#2734 = PRESENTATION_STYLE_ASSIGNMENT (( #190 ) ) ;
#2735 = CARTESIAN_POINT ( 'NONE',  ( -7.149811898413715561, 10.08921918506185555, 16.51908562291848526 ) ) ;
#2736 = CARTESIAN_POINT ( 'NONE',  ( 0.000000000000000000, 24.60000000000000142, -0.5000000000000013323 ) ) ;
#2737 = CARTESIAN_POINT ( 'NONE',  ( -18.45632946089106596, 12.81287012062664843, 16.89900959843631156 ) ) ;
#2738 = CARTESIAN_POINT ( 'NONE',  ( -18.52364317748084233, 14.19999999999999929, 6.363069229897359236 ) ) ;
#2739 = VERTEX_POINT ( 'NONE', #1406 ) ;
#2740 = DIRECTION ( 'NONE',  ( 0.000000000000000000, 0.000000000000000000, 1.000000000000000000 ) ) ;
#2741 = CARTESIAN_POINT ( 'NONE',  ( -12.53512771841963414, 3.896293097750023193, 16.18999588717768034 ) ) ;
#2742 = CARTESIAN_POINT ( 'NONE',  ( -15.94746340511732363, 6.806273146135979779, 13.07600573603657601 ) ) ;
#2743 = FACE_OUTER_BOUND ( 'NONE', #1547, .T. ) ;
#2744 = CYLINDRICAL_SURFACE ( 'NONE', #2204, 19.00000000000000000 ) ;
#2745 = ORIENTED_EDGE ( 'NONE', *, *, #1631, .T. ) ;
#2746 = ADVANCED_FACE ( 'NONE', ( #2064 ), #951, .T. ) ;
#2747 = CARTESIAN_POINT ( 'NONE',  ( -19.59567288232265980, 14.26741272761998935, 13.52806510620465552 ) ) ;
#2748 = CARTESIAN_POINT ( 'NONE',  ( -13.10069888139324945, 7.502242150699919065, 17.87244442480623619 ) ) ;
#2749 = CARTESIAN_POINT ( 'NONE',  ( -7.903691262898045800, 25.60000000000000142, 1.237604307034015250 ) ) ;
#2750 = CARTESIAN_POINT ( 'NONE',  ( -16.51908562291821525, 11.08364215356698423, 7.149811898413590328 ) ) ;
#2751 = DIRECTION ( 'NONE',  ( 1.000000000000000000, 1.445602896647339666E-14, 0.000000000000000000 ) ) ;
#2752 = ORIENTED_EDGE ( 'NONE', *, *, #523, .F. ) ;
#2753 = CIRCLE ( 'NONE', #216, 5.000000000000000000 ) ;
#2754 = FACE_OUTER_BOUND ( 'NONE', #2107, .T. ) ;
#2755 = CARTESIAN_POINT ( 'NONE',  ( -13.39063049358438384, 11.56004892866390321, 19.50846828686979961 ) ) ;
#2756 = CARTESIAN_POINT ( 'NONE',  ( -13.58763873637060549, 5.410936293741142933, 18.07783465592935102 ) ) ;
#2757 = CARTESIAN_POINT ( 'NONE',  ( -5.218358194119989690, 6.780817891502359807, 18.26933895258600060 ) ) ;
#2758 = CARTESIAN_POINT ( 'NONE',  ( -13.63906693845209084, 2.347651869378031719, 13.23987812566606159 ) ) ;
#2759 = LINE ( 'NONE', #591, #2606 ) ;
#2760 = ORIENTED_EDGE ( 'NONE', *, *, #2691, .T. ) ;
#2761 = FILL_AREA_STYLE_COLOUR ( '', #2563 ) ;
#2762 = CARTESIAN_POINT ( 'NONE',  ( -12.92203498228179193, 10.72033517202907227, 17.83492773722623426 ) ) ;
#2763 = CARTESIAN_POINT ( 'NONE',  ( -17.89623364242539694, 13.40000000000000036, 12.96814841693961107 ) ) ;
#2764 = CARTESIAN_POINT ( 'NONE',  ( -15.46607664813367400, 3.698703850037566188, 9.214341438749872992 ) ) ;
#2765 = ORIENTED_EDGE ( 'NONE', *, *, #1826, .F. ) ;
#2766 = FACE_BOUND ( 'NONE', #2624, .T. ) ;
#2767 = EDGE_CURVE ( 'NONE', #1229, #881, #593, .T. ) ;
#2768 = CARTESIAN_POINT ( 'NONE',  ( -12.86776564827596836, 8.759537104397990603, 18.83596475602954712 ) ) ;
#2769 = CARTESIAN_POINT ( 'NONE',  ( -12.69624028298065710, 7.640219938664817967, 18.43547986057825838 ) ) ;
#2770 = EDGE_LOOP ( 'NONE', ( #2033, #2260, #1468, #2250, #1989, #705, #2594, #2355, #2081, #2282 ) ) ;
#2771 = CARTESIAN_POINT ( 'NONE',  ( -4.570045992663358092, 7.701836409155303542, 18.44290893019728017 ) ) ;
#2772 = CARTESIAN_POINT ( 'NONE',  ( -9.135870759084093962, 13.40000000000000036, 21.10772051817325590 ) ) ;
#2773 = DIRECTION ( 'NONE',  ( 0.000000000000000000, 0.000000000000000000, -1.000000000000000000 ) ) ;
#2774 = CARTESIAN_POINT ( 'NONE',  ( -18.52734957031774954, 11.08364215356714588, 13.86350364950217440 ) ) ;
#2775 = CARTESIAN_POINT ( 'NONE',  ( -15.56823997346340782, 9.295106780540347557, 17.63211927560243097 ) ) ;
#2776 = CARTESIAN_POINT ( 'NONE',  ( -17.88038504166860321, 11.08364215356711213, 12.95500540340102269 ) ) ;
#2777 = CARTESIAN_POINT ( 'NONE',  ( -14.93971993998627923, 2.932824979383299002, 10.04220638824485690 ) ) ;
#2778 = ORIENTED_EDGE ( 'NONE', *, *, #1310, .T. ) ;
#2779 = DIRECTION ( 'NONE',  ( 0.000000000000000000, 0.000000000000000000, -1.000000000000000000 ) ) ;
#2780 = CARTESIAN_POINT ( 'NONE',  ( -17.95488498078831086, 13.44992139465245984, 8.234104218803262043 ) ) ;
#2781 = CARTESIAN_POINT ( 'NONE',  ( -13.14143845999177884, 2.955095966606675173, 14.91723614397846198 ) ) ;
#2782 = VERTEX_POINT ( 'NONE', #1120 ) ;
#2783 = FACE_OUTER_BOUND ( 'NONE', #368, .T. ) ;
#2784 = PLANE ( 'NONE',  #889 ) ;
#2785 = ORIENTED_EDGE ( 'NONE', *, *, #138, .T. ) ;
#2786 = DIRECTION ( 'NONE',  ( 0.000000000000000000, 1.000000000000000000, 0.000000000000000000 ) ) ;
#2787 = CARTESIAN_POINT ( 'NONE',  ( -14.70216723999332764, 7.664550754951867440, 16.54107567674118329 ) ) ;
#2788 = CARTESIAN_POINT ( 'NONE',  ( -17.88038478577164625, 11.08238912451373004, 12.95500527376331057 ) ) ;
#2789 = CARTESIAN_POINT ( 'NONE',  ( -1.237604307034019469, 15.60000000000000142, -7.903691262898044911 ) ) ;
#2790 = ORIENTED_EDGE ( 'NONE', *, *, #1310, .F. ) ;
#2791 = CYLINDRICAL_SURFACE ( 'NONE', #981, 19.00000000000000000 ) ;
#2792 = CARTESIAN_POINT ( 'NONE',  ( -18.77832987538416987, 12.04202641160502907, 2.894988522634087236 ) ) ;
#2793 = CIRCLE ( 'NONE', #971, 18.00000000000000000 ) ;
#2794 = DIRECTION ( 'NONE',  ( -0.000000000000000000, -1.000000000000000000, -0.000000000000000000 ) ) ;
#2795 = ORIENTED_EDGE ( 'NONE', *, *, #1544, .F. ) ;
#2796 = CIRCLE ( 'NONE', #2016, 5.000000000000000888 ) ;
#2797 = CARTESIAN_POINT ( 'NONE',  ( -8.913032156916251836, 4.077787183829007844, 15.64200658099730212 ) ) ;
#2798 = DIRECTION ( 'NONE',  ( 0.000000000000000000, 0.000000000000000000, 1.000000000000000000 ) ) ;
#2799 = ADVANCED_FACE ( 'NONE', ( #1972 ), #912, .T. ) ;
#2800 = CARTESIAN_POINT ( 'NONE',  ( -16.64681666127802728, 2.130426183383058891, 9.158805408803333492 ) ) ;
#2801 = CARTESIAN_POINT ( 'NONE',  ( -12.84293188152784637, 10.39296628242668064, 17.72576435975760489 ) ) ;
#2802 = CARTESIAN_POINT ( 'NONE',  ( -17.88032839568078103, 11.07179268303045383, 12.95496299975396504 ) ) ;
#2803 = ORIENTED_EDGE ( 'NONE', *, *, #128, .F. ) ;
#2804 =( BOUNDED_SURFACE ( )  B_SPLINE_SURFACE ( 2, 3, ( 
 ( #2040, #1151, #540, #2028, #1425, #2010, #68, #924, #1834, #1786, #2700, #1619, #2654, #306 ),
 ( #1412, #722, #1820, #508, #82, #2460, #1168, #2688, #747, #2272, #335, #1196, #2337, #633 ),
 ( #818, #2298, #2109, #576, #405, #1476, #1224, #993, #605, #843, #1657, #363, #1699, #2747 ) ),
 .UNSPECIFIED., .F., .F., .T. ) 
 B_SPLINE_SURFACE_WITH_KNOTS ( ( 3, 3 ),
 ( 4, 2, 2, 2, 2, 2, 4 ),
 ( 0.000000000000000000, 1.000000000000000000 ),
 ( 0.8510506244916367091, 0.8604399428713939146, 0.8792185796309081036, 0.8979972163904222926, 0.9167758531499364816, 0.9355544899094506706, 0.9496365287471115746 ),
 .UNSPECIFIED. ) 
 GEOMETRIC_REPRESENTATION_ITEM ( )  RATIONAL_B_SPLINE_SURFACE ( (
 ( 1.000000000000000000, 1.000000000000000000, 1.000000000000000000, 1.000000000000000000, 1.000000000000000000, 1.000000000000000000, 1.000000000000000000, 1.000000000000000000, 1.000000000000000000, 1.000000000000000000, 1.000000000000000000, 1.000000000000000000, 1.000000000000000000, 1.000000000000000000),
 ( 0.9551515037343828451, 0.9552400045887196045, 0.9554144270048392507, 0.9575571670102774879, 0.9615370840504188221, 0.9691476563119715282, 0.9722451185443550248, 0.9755381890715943971, 0.9759784208850064147, 0.9763193274410273403, 0.9762880972283397574, 0.9763104029625490066, 0.9763104315798624144, 0.9763104315798624144),
 ( 1.000000000000000000, 1.000000000000000000, 1.000000000000000000, 1.000000000000000000, 1.000000000000000000, 1.000000000000000000, 1.000000000000000000, 1.000000000000000000, 1.000000000000000000, 1.000000000000000000, 1.000000000000000000, 1.000000000000000000, 1.000000000000000000, 1.000000000000000000) ) ) 
 REPRESENTATION_ITEM ( '' )  SURFACE ( )  );
ENDSEC;
END-ISO-10303-21;
