ISO-10303-21;
HEADER;
FILE_DESCRIPTION (( 'STEP AP214' ),
    '1' );
FILE_NAME ('Phone spring clamp.STEP',
    '2025-12-15T14:08:30',
    ( '' ),
    ( '' ),
    'SwSTEP 2.0',
    'SolidWorks 2025',
    '' );
FILE_SCHEMA (( 'AUTOMOTIVE_DESIGN' ));
ENDSEC;

DATA;
#1 = CARTESIAN_POINT ( 'NONE',  ( -8.500000000000001776, 0.000000000000000000, 25.24999999999998934 ) ) ;
#2 = CARTESIAN_POINT ( 'NONE',  ( 8.500000000000001776, 2.999999999999999112, -19.49999999999999645 ) ) ;
#3 = CARTESIAN_POINT ( 'NONE',  ( -3.500000000000000888, 15.09338662244782903, 28.24999999999998934 ) ) ;
#4 = EDGE_CURVE ( 'NONE', #369, #1969, #1890, .T. ) ;
#5 = VERTEX_POINT ( 'NONE', #500 ) ;
#6 = EDGE_CURVE ( 'NONE', #297, #1120, #1300, .T. ) ;
#7 = PLANE ( 'NONE',  #2903 ) ;
#8 = CYLINDRICAL_SURFACE ( 'NONE', #1649, 2.750000000000002665 ) ;
#9 = ORIENTED_EDGE ( 'NONE', *, *, #2639, .T. ) ;
#10 = DIRECTION ( 'NONE',  ( 0.000000000000000000, -0.000000000000000000, 1.000000000000000000 ) ) ;
#11 = ORIENTED_EDGE ( 'NONE', *, *, #230, .T. ) ;
#12 = DIRECTION ( 'NONE',  ( -1.734723475976805517E-15, 0.000000000000000000, 1.000000000000000000 ) ) ;
#13 = CLOSED_SHELL ( 'NONE', ( #2027, #1539, #271, #545, #2895, #2259, #815, #235, #118, #3138, #138, #2329, #2461, #350, #1565, #3181, #1924, #2647, #2145, #3147, #3301, #1784, #501, #491, #2501, #2628, #2330, #1427, #833, #860, #1175, #3187, #434, #1060, #2851, #1809, #502, #94, #1024, #2531, #2423, #2435, #1241, #1802, #1387, #2135, #1672, #2480, #3199, #459, #2611, #360, #325, #1575, #897, #2497, #2795, #1134, #623, #929, #746, #806, #965, #661, #320, #3286, #1629, #2779, #1601, #1279, #1222, #1762, #2385, #3079, #1437, #130, #1570, #2634, #809, #601, #3048, #1470, #3033, #1819, #2729, #3216, #510, #462, #1941, #2450, #1350, #1532, #2350, #1965, #3203, #2220, #1131, #1450 ) ) ;
#14 = FACE_OUTER_BOUND ( 'NONE', #1541, .T. ) ;
#15 = VECTOR ( 'NONE', #2575, 1000.000000000000000 ) ;
#16 = ORIENTED_EDGE ( 'NONE', *, *, #2196, .T. ) ;
#17 = CIRCLE ( 'NONE', #2076, 3.599999999999986766 ) ;
#18 = AXIS2_PLACEMENT_3D ( 'NONE', #75, #3139, #2451 ) ;
#19 = VECTOR ( 'NONE', #2984, 1000.000000000000000 ) ;
#20 = CARTESIAN_POINT ( 'NONE',  ( 8.500000000000001776, 15.09338662244782903, 25.49999999999998934 ) ) ;
#21 = VECTOR ( 'NONE', #1346, 1000.000000000000000 ) ;
#22 = DIRECTION ( 'NONE',  ( -1.000000000000000000, -0.000000000000000000, -0.000000000000000000 ) ) ;
#23 = EDGE_CURVE ( 'NONE', #2513, #3005, #838, .T. ) ;
#24 = FACE_OUTER_BOUND ( 'NONE', #1283, .T. ) ;
#25 = VECTOR ( 'NONE', #2365, 1000.000000000000000 ) ;
#26 = VECTOR ( 'NONE', #2142, 1000.000000000000000 ) ;
#27 = EDGE_LOOP ( 'NONE', ( #2830, #2796, #3155, #2801 ) ) ;
#28 = LINE ( 'NONE', #811, #127 ) ;
#29 = DIRECTION ( 'NONE',  ( -0.000000000000000000, -0.000000000000000000, -1.000000000000000000 ) ) ;
#30 = CIRCLE ( 'NONE', #1589, 2.749999999999999112 ) ;
#31 = EDGE_CURVE ( 'NONE', #473, #818, #891, .T. ) ;
#32 = ORIENTED_EDGE ( 'NONE', *, *, #862, .F. ) ;
#33 = DIRECTION ( 'NONE',  ( 0.000000000000000000, 0.000000000000000000, 1.000000000000000000 ) ) ;
#34 = EDGE_LOOP ( 'NONE', ( #2237, #2034, #586, #706 ) ) ;
#35 = CARTESIAN_POINT ( 'NONE',  ( 0.7500000000000015543, 0.000000000000000000, -29.49999999999998579 ) ) ;
#36 = DIRECTION ( 'NONE',  ( 0.000000000000000000, -1.000000000000000000, 0.000000000000000000 ) ) ;
#37 = ORIENTED_EDGE ( 'NONE', *, *, #1402, .F. ) ;
#38 = AXIS2_PLACEMENT_3D ( 'NONE', #1234, #442, #1014 ) ;
#39 = DIRECTION ( 'NONE',  ( -1.000000000000000000, 0.000000000000000000, 0.000000000000000000 ) ) ;
#40 = CARTESIAN_POINT ( 'NONE',  ( 3.250000000000000000, 11.76313972081440795, -34.75000000000000000 ) ) ;
#41 = CARTESIAN_POINT ( 'NONE',  ( 3.500000000000000888, 0.000000000000000000, 22.25000000000000000 ) ) ;
#42 = EDGE_LOOP ( 'NONE', ( #1410, #2916, #1465, #548 ) ) ;
#43 = CARTESIAN_POINT ( 'NONE',  ( 0.7500000000000015543, 0.000000000000000000, -29.49999999999998579 ) ) ;
#44 = LINE ( 'NONE', #3051, #1194 ) ;
#45 = ORIENTED_EDGE ( 'NONE', *, *, #1261, .T. ) ;
#46 = CARTESIAN_POINT ( 'NONE',  ( -8.500000000000000000, 0.000000000000000000, -19.74999999999999289 ) ) ;
#47 = ORIENTED_EDGE ( 'NONE', *, *, #998, .F. ) ;
#48 = FACE_OUTER_BOUND ( 'NONE', #1691, .T. ) ;
#49 = ORIENTED_EDGE ( 'NONE', *, *, #91, .F. ) ;
#50 = EDGE_CURVE ( 'NONE', #2337, #1685, #1192, .T. ) ;
#51 = CYLINDRICAL_SURFACE ( 'NONE', #558, 1.599999999999999867 ) ;
#52 = ORIENTED_EDGE ( 'NONE', *, *, #2951, .T. ) ;
#53 = EDGE_CURVE ( 'NONE', #484, #2411, #1951, .T. ) ;
#54 = VERTEX_POINT ( 'NONE', #2907 ) ;
#55 = DIRECTION ( 'NONE',  ( -1.000000000000000000, 0.000000000000000000, 0.000000000000000000 ) ) ;
#56 = FACE_OUTER_BOUND ( 'NONE', #3231, .T. ) ;
#57 = EDGE_CURVE ( 'NONE', #1606, #2200, #2626, .T. ) ;
#58 = LINE ( 'NONE', #2113, #825 ) ;
#59 = DIRECTION ( 'NONE',  ( -0.000000000000000000, 1.000000000000000000, -0.000000000000000000 ) ) ;
#60 = ORIENTED_EDGE ( 'NONE', *, *, #3087, .F. ) ;
#61 = CARTESIAN_POINT ( 'NONE',  ( 3.250000000000000000, 10.46410161513774995, 34.00000000000000000 ) ) ;
#62 = ORIENTED_EDGE ( 'NONE', *, *, #216, .T. ) ;
#63 = CARTESIAN_POINT ( 'NONE',  ( 8.500000000000003553, 0.000000000000000000, 28.24999999999998224 ) ) ;
#64 = ORIENTED_EDGE ( 'NONE', *, *, #789, .F. ) ;
#65 = DIRECTION ( 'NONE',  ( 0.000000000000000000, 0.000000000000000000, 1.000000000000000000 ) ) ;
#66 = ORIENTED_EDGE ( 'NONE', *, *, #1804, .F. ) ;
#67 = ORIENTED_EDGE ( 'NONE', *, *, #2233, .F. ) ;
#68 = EDGE_CURVE ( 'NONE', #923, #266, #175, .T. ) ;
#69 = AXIS2_PLACEMENT_3D ( 'NONE', #2141, #1879, #3194 ) ;
#70 = CARTESIAN_POINT ( 'NONE',  ( -8.500000000000000000, 0.000000000000000000, 25.74999999999998224 ) ) ;
#71 = VECTOR ( 'NONE', #847, 1000.000000000000000 ) ;
#72 = CYLINDRICAL_SURFACE ( 'NONE', #2389, 1.600000000000000755 ) ;
#73 = AXIS2_PLACEMENT_3D ( 'NONE', #2742, #440, #196 ) ;
#74 = AXIS2_PLACEMENT_3D ( 'NONE', #2632, #372, #1885 ) ;
#75 = CARTESIAN_POINT ( 'NONE',  ( 3.250000000000000000, 11.76313972081440795, -34.75000000000000000 ) ) ;
#76 = CARTESIAN_POINT ( 'NONE',  ( 3.500000000000000444, 2.999999999999999112, 16.49999999999999289 ) ) ;
#77 = AXIS2_PLACEMENT_3D ( 'NONE', #330, #1378, #1430 ) ;
#78 = ORIENTED_EDGE ( 'NONE', *, *, #2487, .T. ) ;
#79 = CIRCLE ( 'NONE', #2379, 2.749999999999999556 ) ;
#80 = DIRECTION ( 'NONE',  ( -1.000000000000000000, 0.000000000000000000, 0.000000000000000000 ) ) ;
#81 = VECTOR ( 'NONE', #2100, 1000.000000000000000 ) ;
#82 = DIRECTION ( 'NONE',  ( -0.000000000000000000, -1.000000000000000000, -0.000000000000000000 ) ) ;
#83 = CARTESIAN_POINT ( 'NONE',  ( 3.500000000000000444, 2.999999999999999112, 22.74999999999998579 ) ) ;
#84 = ORIENTED_EDGE ( 'NONE', *, *, #1918, .F. ) ;
#85 = CARTESIAN_POINT ( 'NONE',  ( -3.500000000000000888, 15.09338662244782903, -28.49999999999998934 ) ) ;
#86 = VERTEX_POINT ( 'NONE', #364 ) ;
#87 = ORIENTED_EDGE ( 'NONE', *, *, #2314, .T. ) ;
#88 = EDGE_CURVE ( 'NONE', #2130, #1581, #2181, .T. ) ;
#89 = DIRECTION ( 'NONE',  ( 1.000000000000000000, 0.000000000000000000, -1.387778780781445676E-15 ) ) ;
#90 = CARTESIAN_POINT ( 'NONE',  ( 8.500000000000001776, 15.09338662244782903, -19.49999999999999645 ) ) ;
#91 = EDGE_CURVE ( 'NONE', #668, #2736, #112, .T. ) ;
#92 = LINE ( 'NONE', #2875, #1143 ) ;
#93 = DIRECTION ( 'NONE',  ( 0.000000000000000000, 0.000000000000000000, -1.000000000000000000 ) ) ;
#94 = ADVANCED_FACE ( 'NONE', ( #1683 ), #618, .F. ) ;
#95 = VERTEX_POINT ( 'NONE', #1129 ) ;
#96 = CARTESIAN_POINT ( 'NONE',  ( 8.500000000000000000, 0.000000000000000000, 25.74999999999998224 ) ) ;
#97 = CARTESIAN_POINT ( 'NONE',  ( 3.500000000000000444, 15.09338662244782903, -25.74999999999998934 ) ) ;
#98 = CARTESIAN_POINT ( 'NONE',  ( 8.500000000000000000, 2.999999999999999112, -19.74999999999999289 ) ) ;
#99 = ORIENTED_EDGE ( 'NONE', *, *, #523, .F. ) ;
#100 = DIRECTION ( 'NONE',  ( 0.000000000000000000, 1.000000000000000000, 0.000000000000000000 ) ) ;
#101 = ORIENTED_EDGE ( 'NONE', *, *, #1344, .T. ) ;
#102 = EDGE_LOOP ( 'NONE', ( #3044, #1070, #2190, #856 ) ) ;
#103 = ORIENTED_EDGE ( 'NONE', *, *, #1083, .T. ) ;
#104 = DIRECTION ( 'NONE',  ( 0.000000000000000000, 1.000000000000000000, 0.000000000000000000 ) ) ;
#105 = CARTESIAN_POINT ( 'NONE',  ( -3.500000000000000444, 0.000000000000000000, -19.25000000000000000 ) ) ;
#106 = LINE ( 'NONE', #2437, #2477 ) ;
#107 = CARTESIAN_POINT ( 'NONE',  ( -3.500000000000000444, 2.999999999999999112, 22.25000000000000355 ) ) ;
#108 = ORIENTED_EDGE ( 'NONE', *, *, #696, .F. ) ;
#109 = EDGE_CURVE ( 'NONE', #54, #1801, #1845, .T. ) ;
#110 = EDGE_CURVE ( 'NONE', #2934, #2218, #443, .T. ) ;
#111 = LINE ( 'NONE', #2663, #1486 ) ;
#112 = LINE ( 'NONE', #394, #713 ) ;
#113 = DIRECTION ( 'NONE',  ( -0.000000000000000000, -1.000000000000000000, -0.000000000000000000 ) ) ;
#114 = EDGE_CURVE ( 'NONE', #2651, #2115, #1932, .T. ) ;
#115 = CARTESIAN_POINT ( 'NONE',  ( 8.500000000000000000, 0.000000000000000000, 25.74999999999998224 ) ) ;
#116 = ORIENTED_EDGE ( 'NONE', *, *, #1635, .T. ) ;
#117 = ORIENTED_EDGE ( 'NONE', *, *, #2713, .T. ) ;
#118 = ADVANCED_FACE ( 'NONE', ( #129 ), #2943, .T. ) ;
#119 = ORIENTED_EDGE ( 'NONE', *, *, #975, .F. ) ;
#120 = DIRECTION ( 'NONE',  ( 1.000000000000000000, 0.000000000000000000, 0.000000000000000000 ) ) ;
#121 = DIRECTION ( 'NONE',  ( 0.000000000000000000, 0.000000000000000000, -1.000000000000000000 ) ) ;
#122 = CARTESIAN_POINT ( 'NONE',  ( 3.500000000000000444, 0.000000000000000000, -22.74999999999998579 ) ) ;
#123 = VECTOR ( 'NONE', #1892, 1000.000000000000000 ) ;
#124 = PLANE ( 'NONE',  #285 ) ;
#125 = CARTESIAN_POINT ( 'NONE',  ( -8.910822310920377021, 0.000000000000000000, -16.78085950549625949 ) ) ;
#126 = CIRCLE ( 'NONE', #882, 0.2499999999999985012 ) ;
#127 = VECTOR ( 'NONE', #2308, 1000.000000000000000 ) ;
#128 = LINE ( 'NONE', #61, #3072 ) ;
#130 = ADVANCED_FACE ( 'NONE', ( #1631 ), #1154, .F. ) ;
#129 = FACE_OUTER_BOUND ( 'NONE', #432, .T. ) ;
#131 = DIRECTION ( 'NONE',  ( 1.000000000000000000, -0.000000000000000000, 0.000000000000000000 ) ) ;
#132 = AXIS2_PLACEMENT_3D ( 'NONE', #3114, #104, #120 ) ;
#133 = ORIENTED_EDGE ( 'NONE', *, *, #3251, .F. ) ;
#134 = VECTOR ( 'NONE', #537, 1000.000000000000000 ) ;
#135 = AXIS2_PLACEMENT_3D ( 'NONE', #3195, #666, #2421 ) ;
#136 = FACE_OUTER_BOUND ( 'NONE', #3250, .T. ) ;
#137 = ORIENTED_EDGE ( 'NONE', *, *, #958, .F. ) ;
#138 = ADVANCED_FACE ( 'NONE', ( #2152 ), #3157, .T. ) ;
#139 = ORIENTED_EDGE ( 'NONE', *, *, #2639, .F. ) ;
#140 = EDGE_LOOP ( 'NONE', ( #2624, #2935, #3272, #1137 ) ) ;
#141 = LINE ( 'NONE', #1742, #1641 ) ;
#142 = FACE_OUTER_BOUND ( 'NONE', #2947, .T. ) ;
#143 = DIRECTION ( 'NONE',  ( -0.000000000000000000, -1.000000000000000000, -0.000000000000000000 ) ) ;
#144 = DIRECTION ( 'NONE',  ( 1.000000000000000000, 0.000000000000000000, 1.387778780781445478E-15 ) ) ;
#145 = AXIS2_PLACEMENT_3D ( 'NONE', #426, #933, #1945 ) ;
#146 = DIRECTION ( 'NONE',  ( 0.000000000000000000, 0.000000000000000000, 1.000000000000000000 ) ) ;
#147 = ORIENTED_EDGE ( 'NONE', *, *, #2016, .F. ) ;
#148 = CARTESIAN_POINT ( 'NONE',  ( -8.500000000000001776, 15.09338662244782903, 25.49999999999998934 ) ) ;
#149 = DIRECTION ( 'NONE',  ( -1.000000000000000000, 0.000000000000000000, 0.000000000000000000 ) ) ;
#150 = EDGE_LOOP ( 'NONE', ( #1212, #2104, #270, #1623 ) ) ;
#151 = CARTESIAN_POINT ( 'NONE',  ( -8.500000000000000000, 2.999999999999999112, 25.74999999999998224 ) ) ;
#152 = ORIENTED_EDGE ( 'NONE', *, *, #1558, .T. ) ;
#153 = ORIENTED_EDGE ( 'NONE', *, *, #329, .F. ) ;
#154 = EDGE_CURVE ( 'NONE', #3005, #739, #854, .T. ) ;
#155 = EDGE_CURVE ( 'NONE', #2474, #294, #869, .T. ) ;
#156 = ORIENTED_EDGE ( 'NONE', *, *, #518, .F. ) ;
#157 = DIRECTION ( 'NONE',  ( -0.000000000000000000, -1.000000000000000000, -0.000000000000000000 ) ) ;
#158 = CARTESIAN_POINT ( 'NONE',  ( -3.500000000000000888, 15.09338662244782903, 22.25000000000000000 ) ) ;
#159 = LINE ( 'NONE', #2988, #1850 ) ;
#160 = DIRECTION ( 'NONE',  ( 0.000000000000000000, 0.000000000000000000, 1.000000000000000000 ) ) ;
#161 = DIRECTION ( 'NONE',  ( 0.000000000000000000, 1.000000000000000000, 0.000000000000000000 ) ) ;
#162 = ORIENTED_EDGE ( 'NONE', *, *, #789, .T. ) ;
#163 = CARTESIAN_POINT ( 'NONE',  ( -3.500000000000000444, 15.09338662244782903, 16.49999999999999289 ) ) ;
#164 = DIRECTION ( 'NONE',  ( 0.000000000000000000, 0.000000000000000000, 1.000000000000000000 ) ) ;
#165 = ORIENTED_EDGE ( 'NONE', *, *, #529, .F. ) ;
#166 = DIRECTION ( 'NONE',  ( 0.000000000000000000, 0.000000000000000000, 1.000000000000000000 ) ) ;
#167 = ORIENTED_EDGE ( 'NONE', *, *, #1643, .F. ) ;
#168 = ORIENTED_EDGE ( 'NONE', *, *, #2673, .F. ) ;
#169 = DIRECTION ( 'NONE',  ( 1.000000000000000000, 0.000000000000000000, 1.387778780781445676E-15 ) ) ;
#170 = EDGE_LOOP ( 'NONE', ( #1676, #2877, #1757, #1877 ) ) ;
#171 = FILL_AREA_STYLE ('',( #1469 ) ) ;
#172 = CARTESIAN_POINT ( 'NONE',  ( -3.500000000000000444, 0.000000000000000000, -25.24999999999998934 ) ) ;
#173 = DIRECTION ( 'NONE',  ( -0.000000000000000000, -1.000000000000000000, -0.000000000000000000 ) ) ;
#174 = CARTESIAN_POINT ( 'NONE',  ( 8.500000000000000000, 15.09338662244782903, -25.74999999999998224 ) ) ;
#175 = CIRCLE ( 'NONE', #333, 0.2500000000000002220 ) ;
#176 = ORIENTED_EDGE ( 'NONE', *, *, #485, .T. ) ;
#177 = CARTESIAN_POINT ( 'NONE',  ( 8.500000000000001776, 15.09338662244782903, -19.25000000000000000 ) ) ;
#178 = DIRECTION ( 'NONE',  ( -1.000000000000000000, 0.000000000000000000, -0.000000000000000000 ) ) ;
#179 = AXIS2_PLACEMENT_3D ( 'NONE', #2309, #784, #1528 ) ;
#180 = EDGE_CURVE ( 'NONE', #3148, #2294, #1115, .T. ) ;
#181 = EDGE_LOOP ( 'NONE', ( #2614, #1725, #1345, #908 ) ) ;
#182 = AXIS2_PLACEMENT_3D ( 'NONE', #2416, #1148, #375 ) ;
#183 = DIRECTION ( 'NONE',  ( 0.000000000000000000, 1.000000000000000000, 0.000000000000000000 ) ) ;
#184 = CIRCLE ( 'NONE', #73, 1.499999999999994449 ) ;
#185 = VECTOR ( 'NONE', #526, 1000.000000000000000 ) ;
#186 = EDGE_LOOP ( 'NONE', ( #1306, #1389, #1293, #3207 ) ) ;
#187 = ORIENTED_EDGE ( 'NONE', *, *, #1839, .F. ) ;
#188 = VECTOR ( 'NONE', #1357, 1000.000000000000000 ) ;
#189 = EDGE_CURVE ( 'NONE', #2327, #2078, #554, .T. ) ;
#190 = CARTESIAN_POINT ( 'NONE',  ( 3.250000000000001776, -2.755455298081545271E-16, -29.49999999999998579 ) ) ;
#191 = ORIENTED_EDGE ( 'NONE', *, *, #1558, .F. ) ;
#192 = CIRCLE ( 'NONE', #1857, 1.599999999999999867 ) ;
#193 = DIRECTION ( 'NONE',  ( -0.000000000000000000, -1.000000000000000000, -0.000000000000000000 ) ) ;
#194 = CIRCLE ( 'NONE', #617, 0.2499999999999993616 ) ;
#195 = DIRECTION ( 'NONE',  ( 0.000000000000000000, 1.000000000000000000, 0.000000000000000000 ) ) ;
#196 = DIRECTION ( 'NONE',  ( 0.000000000000000000, 0.000000000000000000, 1.000000000000000000 ) ) ;
#197 = CARTESIAN_POINT ( 'NONE',  ( -8.500000000000000000, 15.09338662244782903, -19.74999999999999289 ) ) ;
#198 = EDGE_CURVE ( 'NONE', #813, #2967, #986, .T. ) ;
#199 = ORIENTED_EDGE ( 'NONE', *, *, #745, .F. ) ;
#200 = CARTESIAN_POINT ( 'NONE',  ( 8.500000000000000000, 2.999999999999999112, 25.74999999999998224 ) ) ;
#201 = AXIS2_PLACEMENT_3D ( 'NONE', #2941, #2661, #1930 ) ;
#202 = DIRECTION ( 'NONE',  ( -1.000000000000000000, 0.000000000000000000, 0.000000000000000000 ) ) ;
#203 = ORIENTED_EDGE ( 'NONE', *, *, #349, .F. ) ;
#204 = AXIS2_PLACEMENT_3D ( 'NONE', #1063, #2097, #561 ) ;
#205 = DIRECTION ( 'NONE',  ( 0.000000000000000000, 1.000000000000000000, 0.000000000000000000 ) ) ;
#206 = EDGE_LOOP ( 'NONE', ( #645, #2899, #3259, #2084, #2272, #2983, #165, #103 ) ) ;
#207 = ORIENTED_EDGE ( 'NONE', *, *, #2016, .T. ) ;
#208 = DIRECTION ( 'NONE',  ( -1.000000000000000000, -0.000000000000000000, -0.000000000000000000 ) ) ;
#209 = ORIENTED_EDGE ( 'NONE', *, *, #2744, .F. ) ;
#210 = CARTESIAN_POINT ( 'NONE',  ( -3.250000000000000000, 6.999999999999999112, 31.99999999999999289 ) ) ;
#211 = DIRECTION ( 'NONE',  ( 1.000000000000000000, 0.000000000000000000, -0.000000000000000000 ) ) ;
#212 = LINE ( 'NONE', #3, #625 ) ;
#213 = ORIENTED_EDGE ( 'NONE', *, *, #2057, .F. ) ;
#214 = CARTESIAN_POINT ( 'NONE',  ( -3.250000000000001776, 2.999999999999999112, -28.49999999999998934 ) ) ;
#215 = DIRECTION ( 'NONE',  ( -1.000000000000000000, 0.000000000000000000, -1.387778780781445676E-15 ) ) ;
#216 = EDGE_CURVE ( 'NONE', #2956, #1675, #3167, .T. ) ;
#217 = ORIENTED_EDGE ( 'NONE', *, *, #366, .T. ) ;
#218 = DIRECTION ( 'NONE',  ( -1.000000000000000000, 0.000000000000000000, -3.784851220313029214E-15 ) ) ;
#219 = VERTEX_POINT ( 'NONE', #1967 ) ;
#220 = DIRECTION ( 'NONE',  ( -1.000000000000000000, 0.000000000000000000, 1.387778780781445478E-15 ) ) ;
#221 = ORIENTED_EDGE ( 'NONE', *, *, #1056, .F. ) ;
#222 = DIRECTION ( 'NONE',  ( 0.000000000000000000, 0.000000000000000000, -1.000000000000000000 ) ) ;
#223 = CARTESIAN_POINT ( 'NONE',  ( 3.250000000000001776, -2.755455298081545271E-16, 29.49999999999998579 ) ) ;
#224 = DIRECTION ( 'NONE',  ( -1.000000000000000000, -0.000000000000000000, -0.000000000000000000 ) ) ;
#225 = ORIENTED_EDGE ( 'NONE', *, *, #650, .T. ) ;
#226 = DIRECTION ( 'NONE',  ( -0.000000000000000000, -1.000000000000000000, -0.000000000000000000 ) ) ;
#227 = CARTESIAN_POINT ( 'NONE',  ( 8.500000000000001776, 2.999999999999999112, 25.49999999999998934 ) ) ;
#228 = ORIENTED_EDGE ( 'NONE', *, *, #2473, .F. ) ;
#229 = AXIS2_PLACEMENT_3D ( 'NONE', #2781, #956, #2975 ) ;
#230 = EDGE_CURVE ( 'NONE', #2787, #3074, #1720, .T. ) ;
#231 = DIRECTION ( 'NONE',  ( -0.000000000000000000, -1.000000000000000000, -0.000000000000000000 ) ) ;
#232 = VERTEX_POINT ( 'NONE', #920 ) ;
#233 = VECTOR ( 'NONE', #208, 1000.000000000000000 ) ;
#234 = AXIS2_PLACEMENT_3D ( 'NONE', #1763, #2304, #2521 ) ;
#235 = ADVANCED_FACE ( 'NONE', ( #3223 ), #1501, .T. ) ;
#236 = DIRECTION ( 'NONE',  ( -0.000000000000000000, -1.000000000000000000, -0.000000000000000000 ) ) ;
#237 = ORIENTED_EDGE ( 'NONE', *, *, #1298, .T. ) ;
#238 = AXIS2_PLACEMENT_3D ( 'NONE', #2336, #1022, #1292 ) ;
#239 = AXIS2_PLACEMENT_3D ( 'NONE', #2958, #1103, #1880 ) ;
#240 = VECTOR ( 'NONE', #2906, 1000.000000000000000 ) ;
#241 = AXIS2_PLACEMENT_3D ( 'NONE', #2054, #2566, #2105 ) ;
#242 = DIRECTION ( 'NONE',  ( -0.000000000000000000, -1.000000000000000000, -0.000000000000000000 ) ) ;
#243 = DIRECTION ( 'NONE',  ( -1.892425610156517368E-15, 0.000000000000000000, 1.000000000000000000 ) ) ;
#244 = CARTESIAN_POINT ( 'NONE',  ( 0.7500000000000015543, 0.000000000000000000, 29.49999999999998579 ) ) ;
#245 = ORIENTED_EDGE ( 'NONE', *, *, #580, .F. ) ;
#246 = LINE ( 'NONE', #1065, #606 ) ;
#247 = DIRECTION ( 'NONE',  ( -1.000000000000000000, 0.000000000000000000, 0.000000000000000000 ) ) ;
#248 = EDGE_LOOP ( 'NONE', ( #2529, #1922, #2684, #1949 ) ) ;
#249 = CARTESIAN_POINT ( 'NONE',  ( 3.250000000000000000, 11.76313972081440795, -33.25000000000000711 ) ) ;
#250 = DIRECTION ( 'NONE',  ( 0.000000000000000000, 1.000000000000000000, 0.000000000000000000 ) ) ;
#251 = CARTESIAN_POINT ( 'NONE',  ( 3.250000000000000000, 6.999999999999999112, -31.99999999999999289 ) ) ;
#252 = CARTESIAN_POINT ( 'NONE',  ( 3.250000000000000000, 2.999999999999999112, -31.99999999999999289 ) ) ;
#253 = ORIENTED_EDGE ( 'NONE', *, *, #468, .F. ) ;
#254 = EDGE_CURVE ( 'NONE', #2736, #219, #283, .T. ) ;
#255 = EDGE_CURVE ( 'NONE', #664, #1173, #482, .T. ) ;
#256 = DIRECTION ( 'NONE',  ( 0.000000000000000000, 1.000000000000000000, 0.000000000000000000 ) ) ;
#257 = CARTESIAN_POINT ( 'NONE',  ( -3.500000000000000888, 2.999999999999999112, -28.49999999999998934 ) ) ;
#258 = DIRECTION ( 'NONE',  ( -0.000000000000000000, -1.000000000000000000, -0.000000000000000000 ) ) ;
#259 = ORIENTED_EDGE ( 'NONE', *, *, #109, .F. ) ;
#260 = FACE_BOUND ( 'NONE', #796, .T. ) ;
#261 = FACE_OUTER_BOUND ( 'NONE', #1067, .T. ) ;
#262 = EDGE_CURVE ( 'NONE', #2568, #1228, #2636, .T. ) ;
#263 = ORIENTED_EDGE ( 'NONE', *, *, #1291, .F. ) ;
#264 = DIRECTION ( 'NONE',  ( -0.000000000000000000, -1.000000000000000000, -0.000000000000000000 ) ) ;
#265 = EDGE_CURVE ( 'NONE', #2175, #369, #972, .T. ) ;
#266 = VERTEX_POINT ( 'NONE', #214 ) ;
#267 = CARTESIAN_POINT ( 'NONE',  ( 3.500000000000000888, 2.999999999999999112, -28.49999999999998934 ) ) ;
#268 = DIRECTION ( 'NONE',  ( -1.000000000000000000, -0.000000000000000000, -0.000000000000000000 ) ) ;
#269 = EDGE_CURVE ( 'NONE', #318, #1361, #984, .T. ) ;
#270 = ORIENTED_EDGE ( 'NONE', *, *, #597, .T. ) ;
#271 = ADVANCED_FACE ( 'NONE', ( #2469 ), #2712, .F. ) ;
#272 = DIRECTION ( 'NONE',  ( 0.000000000000000000, 0.000000000000000000, -1.000000000000000000 ) ) ;
#273 = FACE_OUTER_BOUND ( 'NONE', #1203, .T. ) ;
#274 = FACE_OUTER_BOUND ( 'NONE', #1919, .T. ) ;
#275 = ORIENTED_EDGE ( 'NONE', *, *, #748, .F. ) ;
#276 = DIRECTION ( 'NONE',  ( -0.000000000000000000, -1.000000000000000000, -0.000000000000000000 ) ) ;
#277 = CARTESIAN_POINT ( 'NONE',  ( 8.910822310920377021, 1.499999999999997780, 16.78085950549625949 ) ) ;
#278 = EDGE_LOOP ( 'NONE', ( #259, #1447, #1856, #352 ) ) ;
#279 = DIRECTION ( 'NONE',  ( -0.000000000000000000, -1.000000000000000000, -0.000000000000000000 ) ) ;
#280 = ORIENTED_EDGE ( 'NONE', *, *, #472, .F. ) ;
#281 = CARTESIAN_POINT ( 'NONE',  ( 8.500000000000000000, 0.000000000000000000, -19.74999999999999289 ) ) ;
#282 = LINE ( 'NONE', #316, #25 ) ;
#283 = CIRCLE ( 'NONE', #229, 2.749999999999997335 ) ;
#284 = EDGE_LOOP ( 'NONE', ( #133, #3212, #3277, #1492 ) ) ;
#285 = AXIS2_PLACEMENT_3D ( 'NONE', #1149, #591, #1666 ) ;
#286 = VECTOR ( 'NONE', #2228, 1000.000000000000000 ) ;
#287 = CIRCLE ( 'NONE', #3017, 0.2499999999999985012 ) ;
#288 = DIRECTION ( 'NONE',  ( -1.000000000000000000, -0.000000000000000000, -0.000000000000000000 ) ) ;
#289 = CIRCLE ( 'NONE', #2538, 1.599999999999999867 ) ;
#290 = FACE_OUTER_BOUND ( 'NONE', #403, .T. ) ;
#291 = DIRECTION ( 'NONE',  ( -0.000000000000000000, -1.000000000000000000, -0.000000000000000000 ) ) ;
#292 = VECTOR ( 'NONE', #2055, 1000.000000000000000 ) ;
#293 = VECTOR ( 'NONE', #2191, 1000.000000000000000 ) ;
#294 = VERTEX_POINT ( 'NONE', #1443 ) ;
#295 = PLANE ( 'NONE',  #1523 ) ;
#296 = FACE_OUTER_BOUND ( 'NONE', #3163, .T. ) ;
#297 = VERTEX_POINT ( 'NONE', #1183 ) ;
#298 = EDGE_CURVE ( 'NONE', #926, #613, #1480, .T. ) ;
#299 = CARTESIAN_POINT ( 'NONE',  ( -8.500000000000001776, 15.09338662244782903, 25.24999999999998934 ) ) ;
#300 = ORIENTED_EDGE ( 'NONE', *, *, #1452, .T. ) ;
#301 = CARTESIAN_POINT ( 'NONE',  ( -3.273503464090037715E-15, 0.000000000000000000, -6.399999999999999467 ) ) ;
#302 = ORIENTED_EDGE ( 'NONE', *, *, #1542, .T. ) ;
#303 = LINE ( 'NONE', #1807, #3020 ) ;
#304 = ORIENTED_EDGE ( 'NONE', *, *, #3116, .T. ) ;
#305 = AXIS2_PLACEMENT_3D ( 'NONE', #3169, #2179, #2438 ) ;
#307 = EDGE_CURVE ( 'NONE', #1675, #2327, #681, .T. ) ;
#306 = CARTESIAN_POINT ( 'NONE',  ( 3.500000000000000444, 15.09338662244782903, 25.24999999999998934 ) ) ;
#308 = LINE ( 'NONE', #1076, #1712 ) ;
#309 = PLANE ( 'NONE',  #182 ) ;
#310 = CARTESIAN_POINT ( 'NONE',  ( 8.500000000000001776, 0.000000000000000000, 25.24999999999998934 ) ) ;
#311 = ORIENTED_EDGE ( 'NONE', *, *, #1317, .F. ) ;
#312 = CARTESIAN_POINT ( 'NONE',  ( -0.7500000000000015543, 0.000000000000000000, -29.49999999999998579 ) ) ;
#313 = ORIENTED_EDGE ( 'NONE', *, *, #2251, .T. ) ;
#314 = DIRECTION ( 'NONE',  ( 1.000000000000000000, 0.000000000000000000, -0.000000000000000000 ) ) ;
#315 = ORIENTED_EDGE ( 'NONE', *, *, #550, .T. ) ;
#316 = CARTESIAN_POINT ( 'NONE',  ( -3.469446951953614189E-15, 13.26313972081440440, -9.600000000000001421 ) ) ;
#317 = ORIENTED_EDGE ( 'NONE', *, *, #1643, .T. ) ;
#318 = VERTEX_POINT ( 'NONE', #2495 ) ;
#319 = LINE ( 'NONE', #845, #3229 ) ;
#320 = ADVANCED_FACE ( 'NONE', ( #1224 ), #1460, .T. ) ;
#321 = CYLINDRICAL_SURFACE ( 'NONE', #1973, 2.749999999999999112 ) ;
#322 = CARTESIAN_POINT ( 'NONE',  ( 8.910822310920377021, 0.000000000000000000, 16.78085950549625949 ) ) ;
#323 = DIRECTION ( 'NONE',  ( 0.000000000000000000, 0.000000000000000000, 1.000000000000000000 ) ) ;
#324 = VERTEX_POINT ( 'NONE', #2514 ) ;
#325 = ADVANCED_FACE ( 'NONE', ( #3273 ), #1996, .F. ) ;
#326 = DIRECTION ( 'NONE',  ( 0.000000000000000000, 0.000000000000000000, -1.000000000000000000 ) ) ;
#327 = DIRECTION ( 'NONE',  ( -0.000000000000000000, -1.000000000000000000, -0.000000000000000000 ) ) ;
#328 = DIRECTION ( 'NONE',  ( 0.000000000000000000, 0.000000000000000000, -1.000000000000000000 ) ) ;
#329 = EDGE_CURVE ( 'NONE', #5, #2022, #2533, .T. ) ;
#330 = CARTESIAN_POINT ( 'NONE',  ( -3.500000000000000888, 15.09338662244782903, 28.49999999999998934 ) ) ;
#331 = EDGE_LOOP ( 'NONE', ( #1640, #993, #1772, #2699 ) ) ;
#332 = ORIENTED_EDGE ( 'NONE', *, *, #1462, .T. ) ;
#333 = AXIS2_PLACEMENT_3D ( 'NONE', #2119, #1867, #2894 ) ;
#334 = LINE ( 'NONE', #306, #609 ) ;
#335 = AXIS2_PLACEMENT_3D ( 'NONE', #1232, #2260, #3269 ) ;
#336 = CARTESIAN_POINT ( 'NONE',  ( 3.500000000000000444, 0.000000000000000000, 25.24999999999998934 ) ) ;
#337 = AXIS2_PLACEMENT_3D ( 'NONE', #1439, #2452, #160 ) ;
#338 = AXIS2_PLACEMENT_3D ( 'NONE', #861, #1872, #576 ) ;
#339 = DIRECTION ( 'NONE',  ( 0.000000000000000000, 0.000000000000000000, -1.000000000000000000 ) ) ;
#340 = CARTESIAN_POINT ( 'NONE',  ( 8.500000000000000000, 0.000000000000000000, -25.74999999999998224 ) ) ;
#341 = AXIS2_PLACEMENT_3D ( 'NONE', #417, #1446, #2980 ) ;
#342 = ORIENTED_EDGE ( 'NONE', *, *, #3019, .T. ) ;
#343 = VECTOR ( 'NONE', #2714, 1000.000000000000000 ) ;
#344 = DIRECTION ( 'NONE',  ( -0.000000000000000000, -1.000000000000000000, -0.000000000000000000 ) ) ;
#345 = VECTOR ( 'NONE', #279, 1000.000000000000000 ) ;
#346 = CIRCLE ( 'NONE', #3171, 2.749999999999997335 ) ;
#347 = CARTESIAN_POINT ( 'NONE',  ( -8.500000000000000000, 15.09338662244782903, 25.74999999999998224 ) ) ;
#348 = CARTESIAN_POINT ( 'NONE',  ( 8.500000000000000000, 15.09338662244782903, 19.74999999999999289 ) ) ;
#349 = EDGE_CURVE ( 'NONE', #3148, #1584, #2955, .T. ) ;
#350 = ADVANCED_FACE ( 'NONE', ( #2840, #543, #1527, #260, #495 ), #295, .F. ) ;
#351 = DIRECTION ( 'NONE',  ( 0.000000000000000000, 1.000000000000000000, 0.000000000000000000 ) ) ;
#352 = ORIENTED_EDGE ( 'NONE', *, *, #2109, .F. ) ;
#353 = EDGE_LOOP ( 'NONE', ( #2428, #2090, #1526, #32 ) ) ;
#354 = VERTEX_POINT ( 'NONE', #2049 ) ;
#355 = DIRECTION ( 'NONE',  ( -1.000000000000000000, -0.000000000000000000, -0.000000000000000000 ) ) ;
#356 = EDGE_CURVE ( 'NONE', #2769, #668, #1585, .T. ) ;
#357 = VECTOR ( 'NONE', #627, 1000.000000000000000 ) ;
#358 = FACE_OUTER_BOUND ( 'NONE', #654, .T. ) ;
#359 = CARTESIAN_POINT ( 'NONE',  ( -8.500000000000001776, 0.000000000000000000, -25.49999999999998934 ) ) ;
#360 = ADVANCED_FACE ( 'NONE', ( #2592 ), #7, .T. ) ;
#361 = LINE ( 'NONE', #918, #1920 ) ;
#362 = ORIENTED_EDGE ( 'NONE', *, *, #2415, .F. ) ;
#363 = DIRECTION ( 'NONE',  ( -0.000000000000000000, 1.000000000000000000, -0.000000000000000000 ) ) ;
#364 = CARTESIAN_POINT ( 'NONE',  ( 2.123875591785903350, 0.000000000000000000, 18.88092032901510109 ) ) ;
#365 = CARTESIAN_POINT ( 'NONE',  ( -8.500000000000000000, 2.999999999999999112, -19.74999999999999289 ) ) ;
#366 = EDGE_CURVE ( 'NONE', #2833, #813, #1284, .T. ) ;
#367 = ORIENTED_EDGE ( 'NONE', *, *, #2987, .F. ) ;
#368 = DIRECTION ( 'NONE',  ( 0.000000000000000000, 0.000000000000000000, 1.000000000000000000 ) ) ;
#369 = VERTEX_POINT ( 'NONE', #749 ) ;
#370 = VERTEX_POINT ( 'NONE', #515 ) ;
#371 = ORIENTED_EDGE ( 'NONE', *, *, #68, .T. ) ;
#372 = DIRECTION ( 'NONE',  ( -0.000000000000000000, -1.000000000000000000, -0.000000000000000000 ) ) ;
#373 = DIRECTION ( 'NONE',  ( 1.000000000000000000, 0.000000000000000000, 0.000000000000000000 ) ) ;
#374 = EDGE_CURVE ( 'NONE', #232, #2527, #28, .T. ) ;
#375 = DIRECTION ( 'NONE',  ( -1.000000000000000000, 0.000000000000000000, -0.000000000000000000 ) ) ;
#376 = CARTESIAN_POINT ( 'NONE',  ( -8.500000000000001776, 0.000000000000000000, -22.74999999999998579 ) ) ;
#377 = CARTESIAN_POINT ( 'NONE',  ( -0.7500000000000002220, 2.999999999999999112, -29.49999999999998579 ) ) ;
#378 = LINE ( 'NONE', #96, #616 ) ;
#379 = CARTESIAN_POINT ( 'NONE',  ( 8.500000000000001776, 15.09338662244782903, 25.24999999999998934 ) ) ;
#380 = LINE ( 'NONE', #1632, #1152 ) ;
#381 = ORIENTED_EDGE ( 'NONE', *, *, #2878, .T. ) ;
#382 = CARTESIAN_POINT ( 'NONE',  ( -8.500000000000000000, 2.999999999999999112, 19.74999999999999289 ) ) ;
#383 = ORIENTED_EDGE ( 'NONE', *, *, #3279, .T. ) ;
#384 = VERTEX_POINT ( 'NONE', #2085 ) ;
#385 = VERTEX_POINT ( 'NONE', #3090 ) ;
#386 = CARTESIAN_POINT ( 'NONE',  ( -3.500000000000000444, 0.000000000000000000, 19.25000000000000000 ) ) ;
#387 = DIRECTION ( 'NONE',  ( -0.000000000000000000, -1.000000000000000000, -0.000000000000000000 ) ) ;
#388 = VECTOR ( 'NONE', #594, 1000.000000000000000 ) ;
#389 = CARTESIAN_POINT ( 'NONE',  ( -8.500000000000001776, 2.999999999999999112, 25.24999999999998934 ) ) ;
#390 = CARTESIAN_POINT ( 'NONE',  ( -3.469446951953614189E-15, 0.000000000000000000, -8.000000000000000000 ) ) ;
#391 = VECTOR ( 'NONE', #2025, 1000.000000000000000 ) ;
#392 = AXIS2_PLACEMENT_3D ( 'NONE', #2160, #865, #610 ) ;
#393 = ORIENTED_EDGE ( 'NONE', *, *, #154, .F. ) ;
#394 = CARTESIAN_POINT ( 'NONE',  ( -8.910822310920377021, 1.499999999999997780, 16.78085950549625949 ) ) ;
#395 = CARTESIAN_POINT ( 'NONE',  ( 3.250000000000000000, 13.06217782649106596, -35.50000000000000000 ) ) ;
#396 = VECTOR ( 'NONE', #1464, 1000.000000000000000 ) ;
#397 = AXIS2_PLACEMENT_3D ( 'NONE', #251, #3237, #1454 ) ;
#398 = ORIENTED_EDGE ( 'NONE', *, *, #1547, .F. ) ;
#399 = AXIS2_PLACEMENT_3D ( 'NONE', #2893, #1114, #2230 ) ;
#400 = AXIS2_PLACEMENT_3D ( 'NONE', #1376, #1130, #1116 ) ;
#401 = CARTESIAN_POINT ( 'NONE',  ( -0.7500000000000015543, 0.000000000000000000, -29.49999999999998579 ) ) ;
#402 = ORIENTED_EDGE ( 'NONE', *, *, #2058, .F. ) ;
#403 = EDGE_LOOP ( 'NONE', ( #3243, #3133, #3266, #2240 ) ) ;
#404 = ORIENTED_EDGE ( 'NONE', *, *, #2132, .T. ) ;
#405 = CARTESIAN_POINT ( 'NONE',  ( -3.500000000000000444, 15.09338662244782903, -16.49999999999999289 ) ) ;
#406 = EDGE_CURVE ( 'NONE', #2294, #3000, #2478, .T. ) ;
#407 = CARTESIAN_POINT ( 'NONE',  ( 3.500000000000000888, 15.09338662244782903, 28.24999999999998934 ) ) ;
#408 = LINE ( 'NONE', #1179, #2590 ) ;
#409 = CARTESIAN_POINT ( 'NONE',  ( 3.250000000000000000, 0.000000000000000000, 31.99999999999998579 ) ) ;
#410 = AXIS2_PLACEMENT_3D ( 'NONE', #2873, #2837, #577 ) ;
#411 = CARTESIAN_POINT ( 'NONE',  ( 3.250000000000000000, 13.06217782649106596, 35.50000000000000000 ) ) ;
#412 = EDGE_CURVE ( 'NONE', #1969, #1442, #2065, .T. ) ;
#413 = ORIENTED_EDGE ( 'NONE', *, *, #2918, .T. ) ;
#414 = CARTESIAN_POINT ( 'NONE',  ( 0.000000000000000000, 13.26313972081440440, 8.000000000000000000 ) ) ;
#415 = CARTESIAN_POINT ( 'NONE',  ( -3.500000000000000444, 0.000000000000000000, 25.24999999999998934 ) ) ;
#416 = ORIENTED_EDGE ( 'NONE', *, *, #2920, .F. ) ;
#417 = CARTESIAN_POINT ( 'NONE',  ( -8.500000000000001776, 0.000000000000000000, 25.49999999999998934 ) ) ;
#418 = ORIENTED_EDGE ( 'NONE', *, *, #2046, .T. ) ;
#419 = ORIENTED_EDGE ( 'NONE', *, *, #599, .T. ) ;
#420 = LINE ( 'NONE', #1230, #2759 ) ;
#421 = ORIENTED_EDGE ( 'NONE', *, *, #2720, .F. ) ;
#422 = CARTESIAN_POINT ( 'NONE',  ( 3.500000000000000888, 2.999999999999999112, 22.50000000000000000 ) ) ;
#423 = EDGE_CURVE ( 'NONE', #95, #3074, #246, .T. ) ;
#424 = LINE ( 'NONE', #1992, #286 ) ;
#425 = DIRECTION ( 'NONE',  ( 1.000000000000000000, 0.000000000000000000, 0.000000000000000000 ) ) ;
#426 = CARTESIAN_POINT ( 'NONE',  ( -3.500000000000000888, 0.000000000000000000, -22.50000000000000000 ) ) ;
#427 = EDGE_LOOP ( 'NONE', ( #457, #1182, #383, #2945 ) ) ;
#428 = DIRECTION ( 'NONE',  ( 0.000000000000000000, 1.000000000000000000, 0.000000000000000000 ) ) ;
#429 = LINE ( 'NONE', #1237, #605 ) ;
#430 = ORIENTED_EDGE ( 'NONE', *, *, #540, .F. ) ;
#431 = PLANE ( 'NONE',  #1695 ) ;
#432 = EDGE_LOOP ( 'NONE', ( #49, #444, #494, #636 ) ) ;
#433 = ORIENTED_EDGE ( 'NONE', *, *, #2508, .F. ) ;
#434 = ADVANCED_FACE ( 'NONE', ( #3070 ), #1816, .T. ) ;
#435 = CARTESIAN_POINT ( 'NONE',  ( 8.500000000000001776, 0.000000000000000000, 19.49999999999999645 ) ) ;
#436 = ORIENTED_EDGE ( 'NONE', *, *, #412, .F. ) ;
#437 = DIRECTION ( 'NONE',  ( 0.000000000000000000, 1.000000000000000000, 0.000000000000000000 ) ) ;
#438 = EDGE_CURVE ( 'NONE', #2846, #840, #2276, .T. ) ;
#439 = CARTESIAN_POINT ( 'NONE',  ( 3.500000000000000444, 2.999999999999999112, -22.25000000000000355 ) ) ;
#440 = DIRECTION ( 'NONE',  ( 1.000000000000000000, 0.000000000000000000, -0.000000000000000000 ) ) ;
#441 = AXIS2_PLACEMENT_3D ( 'NONE', #1081, #3042, #1787 ) ;
#442 = DIRECTION ( 'NONE',  ( -0.000000000000000000, -1.000000000000000000, -0.000000000000000000 ) ) ;
#443 = CIRCLE ( 'NONE', #1634, 0.2500000000000002220 ) ;
#444 = ORIENTED_EDGE ( 'NONE', *, *, #356, .F. ) ;
#445 = DIRECTION ( 'NONE',  ( -0.000000000000000000, -1.000000000000000000, -0.000000000000000000 ) ) ;
#446 = CARTESIAN_POINT ( 'NONE',  ( -3.500000000000000444, 2.999999999999999112, -25.74999999999998934 ) ) ;
#447 = VECTOR ( 'NONE', #629, 1000.000000000000000 ) ;
#448 = VERTEX_POINT ( 'NONE', #3103 ) ;
#449 = AXIS2_PLACEMENT_3D ( 'NONE', #3255, #981, #916 ) ;
#450 = CARTESIAN_POINT ( 'NONE',  ( 8.500000000000000000, 2.999999999999999112, -25.74999999999998224 ) ) ;
#451 = CIRCLE ( 'NONE', #2326, 2.749999999999997335 ) ;
#452 = VERTEX_POINT ( 'NONE', #1842 ) ;
#453 = ORIENTED_EDGE ( 'NONE', *, *, #863, .T. ) ;
#454 = VECTOR ( 'NONE', #2695, 1000.000000000000000 ) ;
#455 = CONICAL_SURFACE ( 'NONE', #1647, 3.599999999999984990, 0.7853981633974501664 ) ;
#456 = CARTESIAN_POINT ( 'NONE',  ( 3.250000000000000000, 6.999999999999999112, 35.99999999999999289 ) ) ;
#457 = ORIENTED_EDGE ( 'NONE', *, *, #2860, .F. ) ;
#458 = VECTOR ( 'NONE', #2050, 1000.000000000000000 ) ;
#459 = ADVANCED_FACE ( 'NONE', ( #2858 ), #564, .T. ) ;
#460 = CYLINDRICAL_SURFACE ( 'NONE', #449, 2.749999999999999112 ) ;
#461 = DIRECTION ( 'NONE',  ( -0.000000000000000000, -1.000000000000000000, -0.000000000000000000 ) ) ;
#462 = ADVANCED_FACE ( 'NONE', ( #2281 ), #3293, .T. ) ;
#463 = LINE ( 'NONE', #2743, #1657 ) ;
#464 = EDGE_LOOP ( 'NONE', ( #3032, #2053, #961, #3089 ) ) ;
#465 = DIRECTION ( 'NONE',  ( -1.000000000000000000, -0.000000000000000000, -0.000000000000000000 ) ) ;
#466 = AXIS2_PLACEMENT_3D ( 'NONE', #390, #1422, #146 ) ;
#467 = CARTESIAN_POINT ( 'NONE',  ( 3.500000000000000444, 2.999999999999999112, 19.75000000000000000 ) ) ;
#468 = EDGE_CURVE ( 'NONE', #452, #3295, #762, .T. ) ;
#469 = ORIENTED_EDGE ( 'NONE', *, *, #198, .F. ) ;
#470 = CARTESIAN_POINT ( 'NONE',  ( 3.250000000000000000, 13.06217782649106596, 35.50000000000000000 ) ) ;
#471 = ORIENTED_EDGE ( 'NONE', *, *, #2227, .F. ) ;
#472 = EDGE_CURVE ( 'NONE', #448, #684, #2902, .T. ) ;
#473 = VERTEX_POINT ( 'NONE', #2403 ) ;
#474 = DIRECTION ( 'NONE',  ( 1.000000000000000000, 0.000000000000000000, 0.000000000000000000 ) ) ;
#475 = ORIENTED_EDGE ( 'NONE', *, *, #3109, .F. ) ;
#476 = EDGE_CURVE ( 'NONE', #1801, #324, #92, .T. ) ;
#477 = CYLINDRICAL_SURFACE ( 'NONE', #2760, 2.749999999999999112 ) ;
#478 = PLANE ( 'NONE',  #1201 ) ;
#479 = DIRECTION ( 'NONE',  ( 0.000000000000000000, 0.000000000000000000, -1.000000000000000000 ) ) ;
#480 = EDGE_CURVE ( 'NONE', #1584, #3000, #1124, .T. ) ;
#481 = ORIENTED_EDGE ( 'NONE', *, *, #3096, .T. ) ;
#482 = LINE ( 'NONE', #2731, #2586 ) ;
#483 = CARTESIAN_POINT ( 'NONE',  ( -3.469446951953614189E-15, 2.999999999999999112, -4.400000000000008349 ) ) ;
#484 = VERTEX_POINT ( 'NONE', #1111 ) ;
#485 = EDGE_CURVE ( 'NONE', #684, #2669, #3061, .T. ) ;
#486 = CYLINDRICAL_SURFACE ( 'NONE', #725, 2.749999999999999112 ) ;
#487 = ORIENTED_EDGE ( 'NONE', *, *, #1449, .T. ) ;
#488 = CARTESIAN_POINT ( 'NONE',  ( -0.7500000000000015543, 0.000000000000000000, -28.49999999999998934 ) ) ;
#489 = VERTEX_POINT ( 'NONE', #1928 ) ;
#491 = ADVANCED_FACE ( 'NONE', ( #1348 ), #1874, .T. ) ;
#490 = CARTESIAN_POINT ( 'NONE',  ( 2.123875591785903794, 1.500000000000001332, 18.88092032901510109 ) ) ;
#492 = CARTESIAN_POINT ( 'NONE',  ( 8.910822310920377021, 2.999999999999999112, -16.78085950549625949 ) ) ;
#493 = CARTESIAN_POINT ( 'NONE',  ( 3.500000000000000444, 2.999999999999999112, -25.24999999999998934 ) ) ;
#494 = ORIENTED_EDGE ( 'NONE', *, *, #2817, .T. ) ;
#495 = FACE_OUTER_BOUND ( 'NONE', #1445, .T. ) ;
#496 = LINE ( 'NONE', #2593, #879 ) ;
#497 = VERTEX_POINT ( 'NONE', #2635 ) ;
#498 = VECTOR ( 'NONE', #1404, 1000.000000000000000 ) ;
#499 = LINE ( 'NONE', #1555, #2020 ) ;
#501 = ADVANCED_FACE ( 'NONE', ( #358 ), #2674, .F. ) ;
#500 = CARTESIAN_POINT ( 'NONE',  ( -3.250000000000000000, 0.000000000000000000, 31.99999999999998579 ) ) ;
#502 = ADVANCED_FACE ( 'NONE', ( #3121 ), #1371, .F. ) ;
#503 = AXIS2_PLACEMENT_3D ( 'NONE', #2, #512, #2277 ) ;
#504 = CIRCLE ( 'NONE', #132, 2.749999999999999556 ) ;
#505 = LINE ( 'NONE', #2617, #2808 ) ;
#506 = VERTEX_POINT ( 'NONE', #1077 ) ;
#507 = AXIS2_PLACEMENT_3D ( 'NONE', #2933, #1158, #3182 ) ;
#508 = CIRCLE ( 'NONE', #2125, 19.00000000000000000 ) ;
#509 = AXIS2_PLACEMENT_3D ( 'NONE', #2348, #231, #2549 ) ;
#510 = ADVANCED_FACE ( 'NONE', ( #902 ), #309, .F. ) ;
#511 = CARTESIAN_POINT ( 'NONE',  ( 3.500000000000000444, 0.000000000000000000, -25.74999999999998934 ) ) ;
#512 = DIRECTION ( 'NONE',  ( 0.000000000000000000, 1.000000000000000000, 0.000000000000000000 ) ) ;
#513 = DIRECTION ( 'NONE',  ( 0.000000000000000000, 0.000000000000000000, 1.000000000000000000 ) ) ;
#514 = VERTEX_POINT ( 'NONE', #883 ) ;
#515 = CARTESIAN_POINT ( 'NONE',  ( -3.500000000000000888, 2.999999999999999112, -22.25000000000000000 ) ) ;
#516 = LINE ( 'NONE', #812, #1210 ) ;
#517 = ORIENTED_EDGE ( 'NONE', *, *, #1561, .T. ) ;
#518 = EDGE_CURVE ( 'NONE', #1325, #2819, #1399, .T. ) ;
#519 = CARTESIAN_POINT ( 'NONE',  ( 3.500000000000000888, 0.000000000000000000, -22.25000000000000000 ) ) ;
#520 = AXIS2_PLACEMENT_3D ( 'NONE', #2082, #2889, #528 ) ;
#521 = ORIENTED_EDGE ( 'NONE', *, *, #826, .T. ) ;
#522 = CARTESIAN_POINT ( 'NONE',  ( 3.250000000000001776, -2.755455298081545271E-16, 28.49999999999998934 ) ) ;
#523 = EDGE_CURVE ( 'NONE', #1343, #1380, #1910, .T. ) ;
#524 = CARTESIAN_POINT ( 'NONE',  ( -3.500000000000000444, 0.000000000000000000, -25.74999999999998934 ) ) ;
#525 = ORIENTED_EDGE ( 'NONE', *, *, #1944, .T. ) ;
#526 = DIRECTION ( 'NONE',  ( -0.000000000000000000, -1.000000000000000000, -0.000000000000000000 ) ) ;
#527 = DIRECTION ( 'NONE',  ( -1.000000000000000000, -0.000000000000000000, -0.000000000000000000 ) ) ;
#528 = DIRECTION ( 'NONE',  ( -0.000000000000000000, 0.000000000000000000, -1.000000000000000000 ) ) ;
#529 = EDGE_CURVE ( 'NONE', #1858, #2994, #990, .T. ) ;
#530 = EDGE_LOOP ( 'NONE', ( #799, #2604, #317, #2828 ) ) ;
#531 = CARTESIAN_POINT ( 'NONE',  ( 0.000000000000000000, 0.000000000000000000, 0.000000000000000000 ) ) ;
#532 = DIRECTION ( 'NONE',  ( -0.000000000000000000, -1.000000000000000000, -0.000000000000000000 ) ) ;
#533 = ORIENTED_EDGE ( 'NONE', *, *, #1853, .F. ) ;
#534 = CARTESIAN_POINT ( 'NONE',  ( 3.250000000000000000, -2.755455298081545271E-16, -29.49999999999998579 ) ) ;
#535 = ORIENTED_EDGE ( 'NONE', *, *, #1814, .T. ) ;
#536 = DIRECTION ( 'NONE',  ( -0.000000000000000000, -1.000000000000000000, -0.000000000000000000 ) ) ;
#537 = DIRECTION ( 'NONE',  ( 0.000000000000000000, -1.000000000000000000, 0.000000000000000000 ) ) ;
#538 = ORIENTED_EDGE ( 'NONE', *, *, #1498, .T. ) ;
#539 = CARTESIAN_POINT ( 'NONE',  ( -8.500000000000003553, 0.000000000000000000, -28.24999999999998224 ) ) ;
#540 = EDGE_CURVE ( 'NONE', #638, #621, #1474, .T. ) ;
#541 = CARTESIAN_POINT ( 'NONE',  ( 3.250000000000000000, 11.76313972081440795, 34.75000000000000000 ) ) ;
#542 = CARTESIAN_POINT ( 'NONE',  ( -3.469446951953614189E-15, 1.000000000000000888, -8.000000000000000000 ) ) ;
#543 = FACE_BOUND ( 'NONE', #2655, .T. ) ;
#544 = CARTESIAN_POINT ( 'NONE',  ( -8.500000000000003553, 2.999999999999999112, -28.24999999999998224 ) ) ;
#545 = ADVANCED_FACE ( 'NONE', ( #1665 ), #2939, .F. ) ;
#546 = ORIENTED_EDGE ( 'NONE', *, *, #3279, .F. ) ;
#547 = CARTESIAN_POINT ( 'NONE',  ( -3.500000000000000888, 2.999999999999999112, 28.49999999999998934 ) ) ;
#548 = ORIENTED_EDGE ( 'NONE', *, *, #2879, .T. ) ;
#549 = DIRECTION ( 'NONE',  ( -0.000000000000000000, -0.000000000000000000, -1.000000000000000000 ) ) ;
#550 = EDGE_CURVE ( 'NONE', #1553, #2690, #58, .T. ) ;
#551 = ORIENTED_EDGE ( 'NONE', *, *, #898, .T. ) ;
#552 = EDGE_CURVE ( 'NONE', #2769, #1240, #1746, .T. ) ;
#553 = CARTESIAN_POINT ( 'NONE',  ( -3.500000000000000444, 2.999999999999999112, 22.74999999999998579 ) ) ;
#554 = CIRCLE ( 'NONE', #2320, 2.749999999999999556 ) ;
#555 = VERTEX_POINT ( 'NONE', #322 ) ;
#556 = CIRCLE ( 'NONE', #337, 0.2499999999999967526 ) ;
#557 = AXIS2_PLACEMENT_3D ( 'NONE', #797, #3307, #2793 ) ;
#558 = AXIS2_PLACEMENT_3D ( 'NONE', #3043, #36, #1540 ) ;
#559 = DIRECTION ( 'NONE',  ( 0.000000000000000000, 0.000000000000000000, -1.000000000000000000 ) ) ;
#560 = PRESENTATION_LAYER_ASSIGNMENT (  '', '', ( #771 ) ) ;
#561 = DIRECTION ( 'NONE',  ( 0.000000000000000000, 0.000000000000000000, 1.000000000000000000 ) ) ;
#562 = AXIS2_PLACEMENT_3D ( 'NONE', #907, #1704, #1917 ) ;
#563 = EDGE_CURVE ( 'NONE', #1108, #2565, #719, .T. ) ;
#564 = CYLINDRICAL_SURFACE ( 'NONE', #1638, 2.750000000000002665 ) ;
#565 = DIRECTION ( 'NONE',  ( 0.000000000000000000, 0.000000000000000000, 1.000000000000000000 ) ) ;
#566 = ORIENTED_EDGE ( 'NONE', *, *, #110, .T. ) ;
#567 = DIRECTION ( 'NONE',  ( 0.000000000000000000, 0.000000000000000000, 1.000000000000000000 ) ) ;
#568 = ORIENTED_EDGE ( 'NONE', *, *, #2267, .T. ) ;
#569 = CARTESIAN_POINT ( 'NONE',  ( 3.500000000000000444, 15.09338662244782903, -19.75000000000000000 ) ) ;
#570 = ORIENTED_EDGE ( 'NONE', *, *, #1407, .F. ) ;
#571 = DIRECTION ( 'NONE',  ( 0.000000000000000000, 0.000000000000000000, -1.000000000000000000 ) ) ;
#572 = ORIENTED_EDGE ( 'NONE', *, *, #2303, .T. ) ;
#573 = AXIS2_PLACEMENT_3D ( 'NONE', #1860, #3118, #3066 ) ;
#574 = ORIENTED_EDGE ( 'NONE', *, *, #2384, .T. ) ;
#575 = CIRCLE ( 'NONE', #2982, 1.599999999999999867 ) ;
#576 = DIRECTION ( 'NONE',  ( 1.000000000000000000, 0.000000000000000000, 1.387778780781445676E-15 ) ) ;
#577 = DIRECTION ( 'NONE',  ( 0.000000000000000000, 0.000000000000000000, 1.000000000000000000 ) ) ;
#578 = DIRECTION ( 'NONE',  ( 1.000000000000000000, 0.000000000000000000, 0.000000000000000000 ) ) ;
#579 = PLANE ( 'NONE',  #2640 ) ;
#580 = EDGE_CURVE ( 'NONE', #2814, #1380, #159, .T. ) ;
#581 = ORIENTED_EDGE ( 'NONE', *, *, #1542, .F. ) ;
#582 = DIRECTION ( 'NONE',  ( -0.000000000000000000, -0.000000000000000000, 1.000000000000000000 ) ) ;
#583 = CARTESIAN_POINT ( 'NONE',  ( -8.500000000000003553, 15.09338662244782903, -28.24999999999998224 ) ) ;
#584 = CARTESIAN_POINT ( 'NONE',  ( -8.500000000000001776, 0.000000000000000000, 22.74999999999998579 ) ) ;
#585 = EDGE_CURVE ( 'NONE', #3235, #3306, #1697, .T. ) ;
#586 = ORIENTED_EDGE ( 'NONE', *, *, #2919, .F. ) ;
#587 = EDGE_LOOP ( 'NONE', ( #168, #1662, #1406, #2857 ) ) ;
#588 = CARTESIAN_POINT ( 'NONE',  ( -3.500000000000000888, 2.999999999999999112, -28.24999999999998934 ) ) ;
#589 = LINE ( 'NONE', #794, #1377 ) ;
#590 = CARTESIAN_POINT ( 'NONE',  ( -3.500000000000000444, 15.09338662244782903, 25.24999999999998934 ) ) ;
#591 = DIRECTION ( 'NONE',  ( -1.387778780781445676E-15, 0.000000000000000000, -1.000000000000000000 ) ) ;
#592 = EDGE_LOOP ( 'NONE', ( #945, #2481, #1980, #275 ) ) ;
#593 = DIRECTION ( 'NONE',  ( 0.000000000000000000, 0.000000000000000000, 1.000000000000000000 ) ) ;
#594 = DIRECTION ( 'NONE',  ( -0.000000000000000000, -1.000000000000000000, -0.000000000000000000 ) ) ;
#595 = DIRECTION ( 'NONE',  ( 0.000000000000000000, 1.000000000000000000, 0.000000000000000000 ) ) ;
#596 = ORIENTED_EDGE ( 'NONE', *, *, #485, .F. ) ;
#597 = EDGE_CURVE ( 'NONE', #923, #2367, #2971, .T. ) ;
#598 = CARTESIAN_POINT ( 'NONE',  ( 0.000000000000000000, 3.000000000000000000, 0.000000000000000000 ) ) ;
#599 = EDGE_CURVE ( 'NONE', #2618, #2130, #2687, .T. ) ;
#600 = ORIENTED_EDGE ( 'NONE', *, *, #2487, .F. ) ;
#601 = ADVANCED_FACE ( 'NONE', ( #1219 ), #693, .F. ) ;
#602 = ORIENTED_EDGE ( 'NONE', *, *, #3303, .T. ) ;
#603 = ORIENTED_EDGE ( 'NONE', *, *, #3154, .F. ) ;
#604 = CARTESIAN_POINT ( 'NONE',  ( 3.250000000000000000, -2.755455298081545271E-16, 29.49999999999998579 ) ) ;
#605 = VECTOR ( 'NONE', #987, 1000.000000000000000 ) ;
#606 = VECTOR ( 'NONE', #1268, 1000.000000000000000 ) ;
#607 = AXIS2_PLACEMENT_3D ( 'NONE', #541, #22, #2571 ) ;
#608 = EDGE_CURVE ( 'NONE', #613, #1267, #424, .T. ) ;
#609 = VECTOR ( 'NONE', #2656, 1000.000000000000000 ) ;
#610 = DIRECTION ( 'NONE',  ( 0.000000000000000000, 0.000000000000000000, -1.000000000000000000 ) ) ;
#611 = CARTESIAN_POINT ( 'NONE',  ( 8.500000000000001776, 0.000000000000000000, 25.49999999999998934 ) ) ;
#612 = LINE ( 'NONE', #1681, #2773 ) ;
#613 = VERTEX_POINT ( 'NONE', #1473 ) ;
#614 = AXIS2_PLACEMENT_3D ( 'NONE', #2831, #2580, #1307 ) ;
#615 = CARTESIAN_POINT ( 'NONE',  ( 3.500000000000000444, 15.09338662244782903, -25.24999999999998934 ) ) ;
#616 = VECTOR ( 'NONE', #1403, 1000.000000000000000 ) ;
#617 = AXIS2_PLACEMENT_3D ( 'NONE', #1233, #461, #3270 ) ;
#618 = CYLINDRICAL_SURFACE ( 'NONE', #69, 0.2499999999999967526 ) ;
#619 = CARTESIAN_POINT ( 'NONE',  ( 8.500000000000001776, 0.000000000000000000, -22.74999999999998579 ) ) ;
#620 = CYLINDRICAL_SURFACE ( 'NONE', #2700, 4.000000000000000000 ) ;
#621 = VERTEX_POINT ( 'NONE', #1730 ) ;
#622 = ORIENTED_EDGE ( 'NONE', *, *, #2444, .F. ) ;
#623 = ADVANCED_FACE ( 'NONE', ( #2763 ), #460, .T. ) ;
#624 = ORIENTED_EDGE ( 'NONE', *, *, #356, .T. ) ;
#625 = VECTOR ( 'NONE', #1546, 1000.000000000000000 ) ;
#626 = CARTESIAN_POINT ( 'NONE',  ( 3.500000000000000444, 15.09338662244782903, 22.74999999999998579 ) ) ;
#627 = DIRECTION ( 'NONE',  ( -0.000000000000000000, -1.000000000000000000, -0.000000000000000000 ) ) ;
#628 = DIRECTION ( 'NONE',  ( -1.000000000000000000, 0.000000000000000000, 0.000000000000000000 ) ) ;
#629 = DIRECTION ( 'NONE',  ( -0.000000000000000000, -1.000000000000000000, -0.000000000000000000 ) ) ;
#630 = CARTESIAN_POINT ( 'NONE',  ( 3.500000000000000888, 2.999999999999999112, -22.50000000000000000 ) ) ;
#631 = CARTESIAN_POINT ( 'NONE',  ( 8.500000000000000000, 0.000000000000000000, -25.74999999999998224 ) ) ;
#632 = DIRECTION ( 'NONE',  ( -1.734723475976805517E-15, 0.000000000000000000, 1.000000000000000000 ) ) ;
#633 = LINE ( 'NONE', #1948, #1260 ) ;
#634 = ORIENTED_EDGE ( 'NONE', *, *, #852, .F. ) ;
#635 = LINE ( 'NONE', #401, #188 ) ;
#636 = ORIENTED_EDGE ( 'NONE', *, *, #2494, .T. ) ;
#637 = ORIENTED_EDGE ( 'NONE', *, *, #2995, .T. ) ;
#638 = VERTEX_POINT ( 'NONE', #930 ) ;
#639 = CARTESIAN_POINT ( 'NONE',  ( -3.250000000000001776, -2.755455298081545271E-16, -28.49999999999998934 ) ) ;
#640 = DIRECTION ( 'NONE',  ( 0.000000000000000000, 0.000000000000000000, 1.000000000000000000 ) ) ;
#641 = EDGE_CURVE ( 'NONE', #2337, #385, #1197, .T. ) ;
#642 = DIRECTION ( 'NONE',  ( 0.000000000000000000, 0.000000000000000000, -1.000000000000000000 ) ) ;
#643 = DIRECTION ( 'NONE',  ( 1.000000000000000000, 0.000000000000000000, 3.784851220313029214E-15 ) ) ;
#644 = DIRECTION ( 'NONE',  ( 0.000000000000000000, 1.000000000000000000, 0.000000000000000000 ) ) ;
#645 = ORIENTED_EDGE ( 'NONE', *, *, #255, .F. ) ;
#646 = CARTESIAN_POINT ( 'NONE',  ( 0.000000000000000000, 3.000000000000000000, 0.000000000000000000 ) ) ;
#647 = FACE_OUTER_BOUND ( 'NONE', #1185, .T. ) ;
#648 = VERTEX_POINT ( 'NONE', #439 ) ;
#649 = CARTESIAN_POINT ( 'NONE',  ( 3.500000000000000888, 2.999999999999999112, 28.49999999999998934 ) ) ;
#650 = EDGE_CURVE ( 'NONE', #1783, #673, #408, .T. ) ;
#651 = ORIENTED_EDGE ( 'NONE', *, *, #757, .T. ) ;
#652 = ORIENTED_EDGE ( 'NONE', *, *, #1132, .T. ) ;
#653 = EDGE_CURVE ( 'NONE', #555, #2985, #3281, .T. ) ;
#654 = EDGE_LOOP ( 'NONE', ( #1841, #1302, #1821, #3134 ) ) ;
#655 = CARTESIAN_POINT ( 'NONE',  ( -3.250000000000000000, 13.06217782649106596, -35.50000000000000000 ) ) ;
#656 = AXIS2_PLACEMENT_3D ( 'NONE', #715, #1734, #1752 ) ;
#657 = DIRECTION ( 'NONE',  ( 0.000000000000000000, 0.000000000000000000, -1.000000000000000000 ) ) ;
#658 = AXIS2_PLACEMENT_3D ( 'NONE', #1495, #3022, #657 ) ;
#659 = DIRECTION ( 'NONE',  ( -0.000000000000000000, -1.000000000000000000, -0.000000000000000000 ) ) ;
#660 = DIRECTION ( 'NONE',  ( 6.938893903907318308E-15, 0.000000000000000000, 1.000000000000000000 ) ) ;
#661 = ADVANCED_FACE ( 'NONE', ( #2436 ), #2952, .T. ) ;
#662 = CIRCLE ( 'NONE', #1529, 0.2499999999999993616 ) ;
#663 = VECTOR ( 'NONE', #1790, 1000.000000000000000 ) ;
#664 = VERTEX_POINT ( 'NONE', #1438 ) ;
#665 = DIRECTION ( 'NONE',  ( 0.000000000000000000, 0.000000000000000000, -1.000000000000000000 ) ) ;
#666 = DIRECTION ( 'NONE',  ( 0.000000000000000000, 1.000000000000000000, 0.000000000000000000 ) ) ;
#667 = AXIS2_PLACEMENT_3D ( 'NONE', #1488, #2023, #701 ) ;
#668 = VERTEX_POINT ( 'NONE', #2509 ) ;
#669 = AXIS2_PLACEMENT_3D ( 'NONE', #2052, #1586, #33 ) ;
#670 = AXIS2_PLACEMENT_3D ( 'NONE', #1270, #2296, #3308 ) ;
#671 = DIRECTION ( 'NONE',  ( -0.000000000000000000, -1.000000000000000000, -0.000000000000000000 ) ) ;
#672 = EDGE_LOOP ( 'NONE', ( #1490, #521, #1052, #751, #2168, #2108, #398, #203, #1837, #139, #147, #1844, #2361, #1566, #3268, #1055, #2630, #1448, #419, #381, #2297, #2693 ) ) ;
#673 = VERTEX_POINT ( 'NONE', #172 ) ;
#674 = CARTESIAN_POINT ( 'NONE',  ( 3.250000000000001776, 2.999999999999999112, 29.49999999999998579 ) ) ;
#675 = ORIENTED_EDGE ( 'NONE', *, *, #2512, .F. ) ;
#676 = CARTESIAN_POINT ( 'NONE',  ( -8.500000000000000000, 15.09338662244782903, -19.74999999999999289 ) ) ;
#677 = DIRECTION ( 'NONE',  ( -1.000000000000000000, 0.000000000000000000, -1.387778780781445676E-15 ) ) ;
#678 = LINE ( 'NONE', #3219, #1692 ) ;
#679 = CARTESIAN_POINT ( 'NONE',  ( 3.500000000000000888, 0.000000000000000000, 28.49999999999998934 ) ) ;
#680 = ORIENTED_EDGE ( 'NONE', *, *, #953, .F. ) ;
#682 = EDGE_CURVE ( 'NONE', #1442, #2668, #1196, .T. ) ;
#681 = LINE ( 'NONE', #2767, #1471 ) ;
#683 = LINE ( 'NONE', #1721, #3060 ) ;
#684 = VERTEX_POINT ( 'NONE', #3239 ) ;
#685 = CARTESIAN_POINT ( 'NONE',  ( 8.500000000000003553, 15.09338662244782903, 28.24999999999998224 ) ) ;
#687 = EDGE_CURVE ( 'NONE', #773, #354, #2117, .T. ) ;
#686 = ORIENTED_EDGE ( 'NONE', *, *, #110, .F. ) ;
#688 = EDGE_CURVE ( 'NONE', #3306, #2752, #2960, .T. ) ;
#689 = ORIENTED_EDGE ( 'NONE', *, *, #2227, .T. ) ;
#690 = LINE ( 'NONE', #996, #233 ) ;
#691 = ORIENTED_EDGE ( 'NONE', *, *, #946, .F. ) ;
#692 = FACE_OUTER_BOUND ( 'NONE', #858, .T. ) ;
#693 = PLANE ( 'NONE',  #1416 ) ;
#694 = DIRECTION ( 'NONE',  ( -0.000000000000000000, -1.000000000000000000, -0.000000000000000000 ) ) ;
#695 = CARTESIAN_POINT ( 'NONE',  ( -3.250000000000000000, 11.76313972081440795, 34.75000000000000000 ) ) ;
#696 = EDGE_CURVE ( 'NONE', #1775, #2814, #2010, .T. ) ;
#697 = ORIENTED_EDGE ( 'NONE', *, *, #970, .F. ) ;
#698 = DIRECTION ( 'NONE',  ( 1.000000000000000000, 0.000000000000000000, -1.387778780781445478E-15 ) ) ;
#699 = CARTESIAN_POINT ( 'NONE',  ( -0.7500000000000002220, -2.755455298081545271E-16, -29.49999999999998579 ) ) ;
#700 = ORIENTED_EDGE ( 'NONE', *, *, #3077, .T. ) ;
#701 = DIRECTION ( 'NONE',  ( 0.000000000000000000, 0.000000000000000000, 1.000000000000000000 ) ) ;
#702 = ORIENTED_EDGE ( 'NONE', *, *, #349, .T. ) ;
#703 = ORIENTED_EDGE ( 'NONE', *, *, #1611, .T. ) ;
#704 = EDGE_CURVE ( 'NONE', #2994, #2846, #1359, .T. ) ;
#705 = CARTESIAN_POINT ( 'NONE',  ( 0.7500000000000015543, 2.999999999999999556, -29.49999999999998579 ) ) ;
#706 = ORIENTED_EDGE ( 'NONE', *, *, #2196, .F. ) ;
#707 = DIRECTION ( 'NONE',  ( 1.000000000000000000, -0.000000000000000000, 0.000000000000000000 ) ) ;
#708 = CARTESIAN_POINT ( 'NONE',  ( -3.500000000000000888, 15.09338662244782903, -28.24999999999998934 ) ) ;
#709 = DIRECTION ( 'NONE',  ( -1.000000000000000000, 0.000000000000000000, 1.387778780781445676E-15 ) ) ;
#710 = FACE_OUTER_BOUND ( 'NONE', #736, .T. ) ;
#711 = EDGE_CURVE ( 'NONE', #739, #506, #2221, .T. ) ;
#712 = EDGE_CURVE ( 'NONE', #1517, #1168, #2122, .T. ) ;
#713 = VECTOR ( 'NONE', #1426, 1000.000000000000000 ) ;
#714 = ORIENTED_EDGE ( 'NONE', *, *, #2702, .F. ) ;
#715 = CARTESIAN_POINT ( 'NONE',  ( 3.500000000000000444, 15.09338662244782903, 19.25000000000000000 ) ) ;
#716 = CARTESIAN_POINT ( 'NONE',  ( -3.250000000000001776, 2.999999999999999112, 29.49999999999998579 ) ) ;
#717 = AXIS2_PLACEMENT_3D ( 'NONE', #1583, #59, #2576 ) ;
#718 = ORIENTED_EDGE ( 'NONE', *, *, #2364, .F. ) ;
#719 = CIRCLE ( 'NONE', #18, 1.499999999999994449 ) ;
#720 = FACE_OUTER_BOUND ( 'NONE', #2780, .T. ) ;
#721 = AXIS2_PLACEMENT_3D ( 'NONE', #727, #1467, #1506 ) ;
#722 = AXIS2_PLACEMENT_3D ( 'NONE', #792, #2318, #39 ) ;
#723 = VERTEX_POINT ( 'NONE', #1315 ) ;
#724 = ORIENTED_EDGE ( 'NONE', *, *, #2820, .T. ) ;
#725 = AXIS2_PLACEMENT_3D ( 'NONE', #960, #2445, #2201 ) ;
#726 = AXIS2_PLACEMENT_3D ( 'NONE', #817, #1835, #1605 ) ;
#727 = CARTESIAN_POINT ( 'NONE',  ( 8.500000000000001776, 0.000000000000000000, -19.49999999999999645 ) ) ;
#728 = ORIENTED_EDGE ( 'NONE', *, *, #1982, .T. ) ;
#729 = CARTESIAN_POINT ( 'NONE',  ( 8.500000000000001776, 15.09338662244782903, -25.49999999999998934 ) ) ;
#730 = DIRECTION ( 'NONE',  ( 0.000000000000000000, 1.000000000000000000, 0.000000000000000000 ) ) ;
#731 = DIRECTION ( 'NONE',  ( -1.000000000000000000, -0.000000000000000000, -0.000000000000000000 ) ) ;
#732 = ORIENTED_EDGE ( 'NONE', *, *, #476, .T. ) ;
#733 = CARTESIAN_POINT ( 'NONE',  ( -3.250000000000000000, 6.999999999999999112, 31.99999999999999289 ) ) ;
#734 = CIRCLE ( 'NONE', #1054, 3.599999999999992983 ) ;
#735 = DIRECTION ( 'NONE',  ( -0.000000000000000000, -1.000000000000000000, -0.000000000000000000 ) ) ;
#736 = EDGE_LOOP ( 'NONE', ( #3253, #52, #2476, #3210 ) ) ;
#737 = AXIS2_PLACEMENT_3D ( 'NONE', #1958, #3151, #2159 ) ;
#738 = CARTESIAN_POINT ( 'NONE',  ( -3.500000000000000888, 15.09338662244782903, -28.49999999999998934 ) ) ;
#739 = VERTEX_POINT ( 'NONE', #511 ) ;
#740 = DIRECTION ( 'NONE',  ( -1.000000000000000000, 0.000000000000000000, 0.000000000000000000 ) ) ;
#741 = VERTEX_POINT ( 'NONE', #2042 ) ;
#742 = CARTESIAN_POINT ( 'NONE',  ( 0.7500000000000015543, 2.999999999999999556, -29.49999999999998579 ) ) ;
#743 = CARTESIAN_POINT ( 'NONE',  ( 3.500000000000000888, 0.000000000000000000, 22.50000000000000000 ) ) ;
#744 = CARTESIAN_POINT ( 'NONE',  ( 8.500000000000001776, 0.000000000000000000, -19.25000000000000000 ) ) ;
#745 = EDGE_CURVE ( 'NONE', #1702, #1468, #3177, .T. ) ;
#746 = ADVANCED_FACE ( 'NONE', ( #758 ), #3085, .F. ) ;
#747 = ORIENTED_EDGE ( 'NONE', *, *, #2338, .F. ) ;
#748 = EDGE_CURVE ( 'NONE', #723, #219, #2291, .T. ) ;
#749 = CARTESIAN_POINT ( 'NONE',  ( 8.500000000000001776, 2.999999999999999112, 19.25000000000000000 ) ) ;
#750 = CARTESIAN_POINT ( 'NONE',  ( -3.500000000000000444, 15.09338662244782903, -25.24999999999998934 ) ) ;
#751 = ORIENTED_EDGE ( 'NONE', *, *, #2672, .F. ) ;
#752 = DIRECTION ( 'NONE',  ( -1.000000000000000000, -0.000000000000000000, -0.000000000000000000 ) ) ;
#753 = VERTEX_POINT ( 'NONE', #3289 ) ;
#754 = EDGE_CURVE ( 'NONE', #2123, #297, #2556, .T. ) ;
#755 = CARTESIAN_POINT ( 'NONE',  ( 3.500000000000000444, 2.999999999999999112, -28.24999999999998934 ) ) ;
#756 = EDGE_LOOP ( 'NONE', ( #782, #2172, #3214, #1687 ) ) ;
#757 = EDGE_CURVE ( 'NONE', #2595, #638, #3045, .T. ) ;
#758 = FACE_OUTER_BOUND ( 'NONE', #2723, .T. ) ;
#759 = DIRECTION ( 'NONE',  ( 0.000000000000000000, 0.000000000000000000, 1.000000000000000000 ) ) ;
#760 = LINE ( 'NONE', #197, #2821 ) ;
#761 = ORIENTED_EDGE ( 'NONE', *, *, #468, .T. ) ;
#762 = LINE ( 'NONE', #1795, #2427 ) ;
#763 = FACE_OUTER_BOUND ( 'NONE', #3226, .T. ) ;
#764 = EDGE_CURVE ( 'NONE', #385, #86, #2822, .T. ) ;
#765 = ORIENTED_EDGE ( 'NONE', *, *, #1318, .F. ) ;
#766 = DIRECTION ( 'NONE',  ( -0.000000000000000000, -1.000000000000000000, -0.000000000000000000 ) ) ;
#767 = VERTEX_POINT ( 'NONE', #1 ) ;
#768 = DIRECTION ( 'NONE',  ( -0.000000000000000000, -1.000000000000000000, -0.000000000000000000 ) ) ;
#769 = AXIS2_PLACEMENT_3D ( 'NONE', #76, #2925, #323 ) ;
#770 = AXIS2_PLACEMENT_3D ( 'NONE', #1679, #2804, #1521 ) ;
#771 = STYLED_ITEM ( 'NONE', ( #2433 ), #1012 ) ;
#772 = CARTESIAN_POINT ( 'NONE',  ( -3.500000000000000444, 0.000000000000000000, 19.75000000000000000 ) ) ;
#773 = VERTEX_POINT ( 'NONE', #1025 ) ;
#774 = AXIS2_PLACEMENT_3D ( 'NONE', #909, #3132, #1105 ) ;
#775 = AXIS2_PLACEMENT_3D ( 'NONE', #1671, #3209, #328 ) ;
#776 = CIRCLE ( 'NONE', #2652, 19.00000000000000000 ) ;
#777 = AXIS2_PLACEMENT_3D ( 'NONE', #1509, #2510, #211 ) ;
#778 = DIRECTION ( 'NONE',  ( -0.000000000000000000, -1.000000000000000000, -0.000000000000000000 ) ) ;
#779 = CYLINDRICAL_SURFACE ( 'NONE', #607, 1.499999999999994449 ) ;
#780 = DIRECTION ( 'NONE',  ( 0.000000000000000000, -1.000000000000000000, 0.000000000000000000 ) ) ;
#781 = PRODUCT_DEFINITION_CONTEXT ( 'detailed design', #795, 'design' ) ;
#782 = ORIENTED_EDGE ( 'NONE', *, *, #1906, .F. ) ;
#783 = DIRECTION ( 'NONE',  ( 0.000000000000000000, 1.000000000000000000, 0.000000000000000000 ) ) ;
#784 = DIRECTION ( 'NONE',  ( -0.000000000000000000, -1.000000000000000000, -0.000000000000000000 ) ) ;
#785 = ORIENTED_EDGE ( 'NONE', *, *, #3313, .T. ) ;
#786 = DIRECTION ( 'NONE',  ( 0.000000000000000000, 0.000000000000000000, 1.000000000000000000 ) ) ;
#787 = VECTOR ( 'NONE', #1524, 1000.000000000000000 ) ;
#788 = LINE ( 'NONE', #281, #2542 ) ;
#789 = EDGE_CURVE ( 'NONE', #1187, #489, #289, .T. ) ;
#790 = CYLINDRICAL_SURFACE ( 'NONE', #2861, 6.999999999999999112 ) ;
#791 = VERTEX_POINT ( 'NONE', #1825 ) ;
#792 = CARTESIAN_POINT ( 'NONE',  ( -3.500000000000000888, 0.000000000000000000, 28.49999999999998934 ) ) ;
#793 = CYLINDRICAL_SURFACE ( 'NONE', #934, 0.2500000000000002220 ) ;
#794 = CARTESIAN_POINT ( 'NONE',  ( -8.500000000000001776, 15.09338662244782903, -19.25000000000000000 ) ) ;
#795 = APPLICATION_CONTEXT ( 'automotive_design' ) ;
#796 = EDGE_LOOP ( 'NONE', ( #60, #1413, #2978, #2775, #980, #2766, #2056, #3262, #2039, #596, #280, #1864, #714, #3030, #1238, #3247, #948, #1505, #1321, #1249, #2397, #1018, #3076 ) ) ;
#797 = CARTESIAN_POINT ( 'NONE',  ( 3.250000000000000000, 11.76313972081440795, 34.75000000000000000 ) ) ;
#798 = DIRECTION ( 'NONE',  ( 0.000000000000000000, 0.000000000000000000, -1.000000000000000000 ) ) ;
#799 = ORIENTED_EDGE ( 'NONE', *, *, #1642, .F. ) ;
#800 = LINE ( 'NONE', #2845, #1259 ) ;
#801 = ORIENTED_EDGE ( 'NONE', *, *, #1408, .F. ) ;
#802 = DIRECTION ( 'NONE',  ( 0.000000000000000000, 0.000000000000000000, -1.000000000000000000 ) ) ;
#803 = CARTESIAN_POINT ( 'NONE',  ( -3.250000000000001776, -2.755455298081545271E-16, 29.49999999999998579 ) ) ;
#804 = ADVANCED_BREP_SHAPE_REPRESENTATION ( 'Phone spring clamp', ( #1012, #2507 ), #2558 ) ;
#805 = ORIENTED_EDGE ( 'NONE', *, *, #946, .T. ) ;
#806 = ADVANCED_FACE ( 'NONE', ( #1562 ), #1264, .F. ) ;
#807 = CARTESIAN_POINT ( 'NONE',  ( 8.500000000000000000, 15.09338662244782903, 25.74999999999998224 ) ) ;
#808 = DIRECTION ( 'NONE',  ( 0.000000000000000000, 0.000000000000000000, -1.000000000000000000 ) ) ;
#809 = ADVANCED_FACE ( 'NONE', ( #2776 ), #477, .T. ) ;
#810 = EDGE_LOOP ( 'NONE', ( #84, #1382, #3149, #2518 ) ) ;
#811 = CARTESIAN_POINT ( 'NONE',  ( 8.500000000000003553, 2.999999999999999112, 28.24999999999998224 ) ) ;
#812 = CARTESIAN_POINT ( 'NONE',  ( -0.7500000000000015543, 0.000000000000000000, 29.49999999999998579 ) ) ;
#813 = VERTEX_POINT ( 'NONE', #742 ) ;
#814 = LINE ( 'NONE', #2528, #3126 ) ;
#815 = ADVANCED_FACE ( 'NONE', ( #3302 ), #1294, .T. ) ;
#816 = VERTEX_POINT ( 'NONE', #2080 ) ;
#817 = CARTESIAN_POINT ( 'NONE',  ( 8.500000000000001776, 0.000000000000000000, 19.49999999999999645 ) ) ;
#818 = VERTEX_POINT ( 'NONE', #539 ) ;
#819 = VECTOR ( 'NONE', #2249, 1000.000000000000000 ) ;
#820 = CARTESIAN_POINT ( 'NONE',  ( 0.000000000000000000, 3.000000000000000000, 0.000000000000000000 ) ) ;
#821 = VECTOR ( 'NONE', #2392, 1000.000000000000000 ) ;
#822 = ORIENTED_EDGE ( 'NONE', *, *, #1147, .T. ) ;
#823 = EDGE_LOOP ( 'NONE', ( #1485, #3196, #315, #3170 ) ) ;
#824 = CIRCLE ( 'NONE', #2696, 0.2499999999999993616 ) ;
#825 = VECTOR ( 'NONE', #834, 1000.000000000000000 ) ;
#826 = EDGE_CURVE ( 'NONE', #3098, #2115, #1578, .T. ) ;
#827 = CIRCLE ( 'NONE', #667, 3.999999999999996447 ) ;
#828 = DIRECTION ( 'NONE',  ( -1.000000000000000000, 0.000000000000000000, -0.000000000000000000 ) ) ;
#829 = AXIS2_PLACEMENT_3D ( 'NONE', #1011, #3063, #1046 ) ;
#830 = CYLINDRICAL_SURFACE ( 'NONE', #1866, 2.749999999999999112 ) ;
#831 = CIRCLE ( 'NONE', #669, 0.2499999999999967526 ) ;
#832 = AXIS2_PLACEMENT_3D ( 'NONE', #1933, #113, #2944 ) ;
#833 = ADVANCED_FACE ( 'NONE', ( #1061 ), #2096, .T. ) ;
#834 = DIRECTION ( 'NONE',  ( -1.000000000000000000, 0.000000000000000000, -1.387778780781445478E-15 ) ) ;
#835 = CARTESIAN_POINT ( 'NONE',  ( -3.500000000000000888, 15.09338662244782903, 22.50000000000000000 ) ) ;
#836 = ORIENTED_EDGE ( 'NONE', *, *, #1277, .F. ) ;
#837 = DIRECTION ( 'NONE',  ( 0.000000000000000000, 0.000000000000000000, 1.000000000000000000 ) ) ;
#838 = LINE ( 'NONE', #1655, #3278 ) ;
#839 = CARTESIAN_POINT ( 'NONE',  ( -8.500000000000003553, 2.999999999999999112, -22.24999999999999645 ) ) ;
#840 = VERTEX_POINT ( 'NONE', #1244 ) ;
#841 = PLANE ( 'NONE',  #2072 ) ;
#842 = EDGE_LOOP ( 'NONE', ( #747, #2900, #1824, #2186 ) ) ;
#843 = VECTOR ( 'NONE', #731, 1000.000000000000000 ) ;
#844 = EDGE_LOOP ( 'NONE', ( #47, #1479, #3081, #533 ) ) ;
#845 = CARTESIAN_POINT ( 'NONE',  ( -3.500000000000000444, 0.000000000000000000, -22.74999999999998579 ) ) ;
#846 = FACE_OUTER_BOUND ( 'NONE', #1273, .T. ) ;
#847 = DIRECTION ( 'NONE',  ( -0.000000000000000000, -1.000000000000000000, -0.000000000000000000 ) ) ;
#848 = DIRECTION ( 'NONE',  ( 1.000000000000000000, 0.000000000000000000, 0.000000000000000000 ) ) ;
#849 = EDGE_LOOP ( 'NONE', ( #2871, #2825, #2516, #1608 ) ) ;
#850 = EDGE_CURVE ( 'NONE', #1766, #2302, #2029, .T. ) ;
#851 = EDGE_CURVE ( 'NONE', #1434, #1677, #878, .T. ) ;
#852 = EDGE_CURVE ( 'NONE', #2964, #1084, #2872, .T. ) ;
#853 = CARTESIAN_POINT ( 'NONE',  ( -8.910822310920380573, 2.999999999999999112, -16.78085950549624172 ) ) ;
#854 = LINE ( 'NONE', #97, #2273 ) ;
#855 = CARTESIAN_POINT ( 'NONE',  ( 8.500000000000001776, 2.999999999999999112, 22.74999999999998579 ) ) ;
#856 = ORIENTED_EDGE ( 'NONE', *, *, #2977, .F. ) ;
#857 = CARTESIAN_POINT ( 'NONE',  ( -3.500000000000000888, 0.000000000000000000, -28.24999999999998934 ) ) ;
#858 = EDGE_LOOP ( 'NONE', ( #3198, #1739, #342, #2932 ) ) ;
#859 = ORIENTED_EDGE ( 'NONE', *, *, #1773, .T. ) ;
#860 = ADVANCED_FACE ( 'NONE', ( #3150 ), #3164, .F. ) ;
#862 = EDGE_CURVE ( 'NONE', #2618, #3222, #334, .T. ) ;
#861 = CARTESIAN_POINT ( 'NONE',  ( 8.500000000000003553, 15.09338662244782903, -28.24999999999998224 ) ) ;
#863 = EDGE_CURVE ( 'NONE', #2269, #2095, #1040, .T. ) ;
#864 = DIRECTION ( 'NONE',  ( -1.000000000000000000, 0.000000000000000000, -0.000000000000000000 ) ) ;
#865 = DIRECTION ( 'NONE',  ( -0.000000000000000000, -1.000000000000000000, -0.000000000000000000 ) ) ;
#866 = LINE ( 'NONE', #1400, #1308 ) ;
#867 = ORIENTED_EDGE ( 'NONE', *, *, #1668, .F. ) ;
#868 = DIRECTION ( 'NONE',  ( 0.000000000000000000, 1.000000000000000000, 0.000000000000000000 ) ) ;
#870 = EDGE_CURVE ( 'NONE', #1459, #2513, #1750, .T. ) ;
#869 = LINE ( 'NONE', #347, #821 ) ;
#871 = CARTESIAN_POINT ( 'NONE',  ( -3.250000000000000000, 6.999999999999999112, 31.99999999999999289 ) ) ;
#872 = ORIENTED_EDGE ( 'NONE', *, *, #1520, .F. ) ;
#873 = PLANE ( 'NONE',  #3284 ) ;
#874 = ORIENTED_EDGE ( 'NONE', *, *, #3115, .F. ) ;
#875 = ORIENTED_EDGE ( 'NONE', *, *, #1861, .F. ) ;
#876 = VECTOR ( 'NONE', #2212, 1000.000000000000000 ) ;
#877 = EDGE_LOOP ( 'NONE', ( #1780, #217, #2252, #1770 ) ) ;
#878 = LINE ( 'NONE', #1092, #2701 ) ;
#879 = VECTOR ( 'NONE', #2114, 1000.000000000000000 ) ;
#880 = AXIS2_PLACEMENT_3D ( 'NONE', #1299, #2324, #2099 ) ;
#881 = DIRECTION ( 'NONE',  ( 1.000000000000000000, 0.000000000000000000, 0.000000000000000000 ) ) ;
#882 = AXIS2_PLACEMENT_3D ( 'NONE', #1198, #173, #2229 ) ;
#883 = CARTESIAN_POINT ( 'NONE',  ( -3.500000000000000444, 2.999999999999999112, 25.74999999999998934 ) ) ;
#884 = DIRECTION ( 'NONE',  ( -1.000000000000000000, 0.000000000000000000, 0.000000000000000000 ) ) ;
#885 = CARTESIAN_POINT ( 'NONE',  ( 3.250000000000000000, 6.999999999999999112, 38.99999999999999289 ) ) ;
#886 = VECTOR ( 'NONE', #1823, 1000.000000000000000 ) ;
#887 = ORIENTED_EDGE ( 'NONE', *, *, #1618, .F. ) ;
#888 = VECTOR ( 'NONE', #768, 1000.000000000000000 ) ;
#889 = DIRECTION ( 'NONE',  ( -0.000000000000000000, -1.000000000000000000, -0.000000000000000000 ) ) ;
#890 = VECTOR ( 'NONE', #2066, 1000.000000000000000 ) ;
#891 = LINE ( 'NONE', #583, #123 ) ;
#892 = CARTESIAN_POINT ( 'NONE',  ( -3.500000000000000888, 15.09338662244782903, -22.25000000000000000 ) ) ;
#893 = ORIENTED_EDGE ( 'NONE', *, *, #2951, .F. ) ;
#894 = CYLINDRICAL_SURFACE ( 'NONE', #774, 3.999999999999996447 ) ;
#895 = ORIENTED_EDGE ( 'NONE', *, *, #1987, .F. ) ;
#896 = ORIENTED_EDGE ( 'NONE', *, *, #53, .T. ) ;
#897 = ADVANCED_FACE ( 'NONE', ( #2158 ), #2888, .F. ) ;
#898 = EDGE_CURVE ( 'NONE', #2783, #1899, #2852, .T. ) ;
#899 = ORIENTED_EDGE ( 'NONE', *, *, #2267, .F. ) ;
#900 = AXIS2_PLACEMENT_3D ( 'NONE', #2162, #1718, #1979 ) ;
#901 = CARTESIAN_POINT ( 'NONE',  ( 8.500000000000001776, 0.000000000000000000, -25.49999999999998934 ) ) ;
#902 = FACE_OUTER_BOUND ( 'NONE', #877, .T. ) ;
#903 = CARTESIAN_POINT ( 'NONE',  ( -3.500000000000000444, 2.999999999999999112, -22.74999999999998579 ) ) ;
#904 = CARTESIAN_POINT ( 'NONE',  ( 0.000000000000000000, 0.000000000000000000, 0.000000000000000000 ) ) ;
#905 = DIRECTION ( 'NONE',  ( -1.000000000000000000, 0.000000000000000000, 0.000000000000000000 ) ) ;
#906 = CARTESIAN_POINT ( 'NONE',  ( -3.500000000000000888, 2.999999999999999112, 22.50000000000000000 ) ) ;
#907 = CARTESIAN_POINT ( 'NONE',  ( 3.500000000000000888, 2.999999999999999112, -22.50000000000000000 ) ) ;
#908 = ORIENTED_EDGE ( 'NONE', *, *, #114, .T. ) ;
#909 = CARTESIAN_POINT ( 'NONE',  ( 3.250000000000000000, 6.999999999999999112, 31.99999999999999289 ) ) ;
#910 = ORIENTED_EDGE ( 'NONE', *, *, #870, .F. ) ;
#911 = ORIENTED_EDGE ( 'NONE', *, *, #1723, .F. ) ;
#912 = ORIENTED_EDGE ( 'NONE', *, *, #1394, .T. ) ;
#913 = CARTESIAN_POINT ( 'NONE',  ( -3.273503464090037715E-15, 13.26313972081440440, -6.400000000000000355 ) ) ;
#914 = EDGE_CURVE ( 'NONE', #1587, #2651, #1366, .T. ) ;
#915 = CARTESIAN_POINT ( 'NONE',  ( 0.000000000000000000, 0.000000000000000000, 0.000000000000000000 ) ) ;
#916 = DIRECTION ( 'NONE',  ( 0.000000000000000000, 0.000000000000000000, -1.000000000000000000 ) ) ;
#917 = PLANE ( 'NONE',  #1538 ) ;
#918 = CARTESIAN_POINT ( 'NONE',  ( -2.123875591785903794, 1.500000000000001332, 18.88092032901510109 ) ) ;
#919 = ORIENTED_EDGE ( 'NONE', *, *, #1324, .F. ) ;
#920 = CARTESIAN_POINT ( 'NONE',  ( 8.500000000000003553, 2.999999999999999112, 28.24999999999998224 ) ) ;
#921 = DIRECTION ( 'NONE',  ( -1.000000000000000000, 0.000000000000000000, -0.000000000000000000 ) ) ;
#922 = EDGE_CURVE ( 'NONE', #1361, #2382, #2430, .T. ) ;
#923 = VERTEX_POINT ( 'NONE', #588 ) ;
#924 = CARTESIAN_POINT ( 'NONE',  ( -3.500000000000000888, 15.09338662244782903, -22.50000000000000000 ) ) ;
#925 = EDGE_LOOP ( 'NONE', ( #2721, #1556, #822, #311 ) ) ;
#926 = VERTEX_POINT ( 'NONE', #1398 ) ;
#927 = ORIENTED_EDGE ( 'NONE', *, *, #3084, .T. ) ;
#928 = APPLICATION_PROTOCOL_DEFINITION ( 'draft international standard', 'automotive_design', 1998, #2112 ) ;
#929 = ADVANCED_FACE ( 'NONE', ( #2605 ), #2400, .T. ) ;
#930 = CARTESIAN_POINT ( 'NONE',  ( -8.500000000000001776, 0.000000000000000000, 19.25000000000000000 ) ) ;
#931 = AXIS2_PLACEMENT_3D ( 'NONE', #2741, #1716, #1942 ) ;
#932 = DIRECTION ( 'NONE',  ( 1.000000000000000000, 0.000000000000000000, -1.387778780781445676E-15 ) ) ;
#933 = DIRECTION ( 'NONE',  ( 0.000000000000000000, 1.000000000000000000, 0.000000000000000000 ) ) ;
#934 = AXIS2_PLACEMENT_3D ( 'NONE', #1013, #2305, #1265 ) ;
#935 = AXIS2_PLACEMENT_3D ( 'NONE', #1663, #2671, #1596 ) ;
#936 = ORIENTED_EDGE ( 'NONE', *, *, #3130, .F. ) ;
#937 = DIRECTION ( 'NONE',  ( -0.000000000000000000, -1.000000000000000000, -0.000000000000000000 ) ) ;
#938 = LINE ( 'NONE', #1502, #1367 ) ;
#939 = AXIS2_PLACEMENT_3D ( 'NONE', #924, #671, #1707 ) ;
#940 = CIRCLE ( 'NONE', #1701, 19.00000000000000000 ) ;
#941 = ORIENTED_EDGE ( 'NONE', *, *, #2253, .T. ) ;
#942 = CONICAL_SURFACE ( 'NONE', #1637, 3.599999999999992095, 0.7853981633974468357 ) ;
#943 = DIRECTION ( 'NONE',  ( 8.659560562354921765E-17, 0.7071067811865486830, -0.7071067811865464625 ) ) ;
#944 = ORIENTED_EDGE ( 'NONE', *, *, #155, .T. ) ;
#945 = ORIENTED_EDGE ( 'NONE', *, *, #1814, .F. ) ;
#946 = EDGE_CURVE ( 'NONE', #1267, #753, #504, .T. ) ;
#947 = DIRECTION ( 'NONE',  ( -0.000000000000000000, -1.000000000000000000, -0.000000000000000000 ) ) ;
#948 = ORIENTED_EDGE ( 'NONE', *, *, #1305, .T. ) ;
#949 = DIRECTION ( 'NONE',  ( -1.387778780781445676E-15, 0.000000000000000000, -1.000000000000000000 ) ) ;
#950 = AXIS2_PLACEMENT_3D ( 'NONE', #2689, #1440, #1652 ) ;
#951 = DIRECTION ( 'NONE',  ( 1.000000000000000000, 0.000000000000000000, -0.000000000000000000 ) ) ;
#952 = DIRECTION ( 'NONE',  ( 0.000000000000000000, 0.000000000000000000, -1.000000000000000000 ) ) ;
#953 = EDGE_CURVE ( 'NONE', #1766, #791, #2377, .T. ) ;
#954 = DIRECTION ( 'NONE',  ( 0.000000000000000000, 1.000000000000000000, 0.000000000000000000 ) ) ;
#955 = ORIENTED_EDGE ( 'NONE', *, *, #2206, .T. ) ;
#956 = DIRECTION ( 'NONE',  ( 0.000000000000000000, 1.000000000000000000, 0.000000000000000000 ) ) ;
#957 = DIRECTION ( 'NONE',  ( -1.000000000000000000, 0.000000000000000000, -0.000000000000000000 ) ) ;
#958 = EDGE_CURVE ( 'NONE', #294, #1517, #1859, .T. ) ;
#959 = ORIENTED_EDGE ( 'NONE', *, *, #2552, .F. ) ;
#960 = CARTESIAN_POINT ( 'NONE',  ( 3.500000000000000888, 15.09338662244782903, 22.50000000000000000 ) ) ;
#961 = ORIENTED_EDGE ( 'NONE', *, *, #1664, .T. ) ;
#962 = ORIENTED_EDGE ( 'NONE', *, *, #155, .F. ) ;
#963 = CARTESIAN_POINT ( 'NONE',  ( 8.500000000000000000, 15.09338662244782903, -19.74999999999999289 ) ) ;
#964 = ORIENTED_EDGE ( 'NONE', *, *, #2045, .F. ) ;
#965 = ADVANCED_FACE ( 'NONE', ( #1141 ), #3100, .F. ) ;
#966 = EDGE_CURVE ( 'NONE', #1176, #1677, #319, .T. ) ;
#967 = CARTESIAN_POINT ( 'NONE',  ( 3.500000000000000444, 2.999999999999999112, -22.74999999999998579 ) ) ;
#968 = LINE ( 'NONE', #2209, #1806 ) ;
#969 = DIRECTION ( 'NONE',  ( -0.000000000000000000, -1.000000000000000000, -0.000000000000000000 ) ) ;
#970 = EDGE_CURVE ( 'NONE', #2783, #1258, #1109, .T. ) ;
#971 = EDGE_LOOP ( 'NONE', ( #119, #1851, #2886, #1515, #1903, #1223, #1659 ) ) ;
#972 = LINE ( 'NONE', #3208, #3011 ) ;
#973 = DIRECTION ( 'NONE',  ( 1.000000000000000000, 0.000000000000000000, 0.000000000000000000 ) ) ;
#974 = ORIENTED_EDGE ( 'NONE', *, *, #2702, .T. ) ;
#975 = EDGE_CURVE ( 'NONE', #266, #1084, #2146, .T. ) ;
#976 = DIRECTION ( 'NONE',  ( 1.000000000000000000, 0.000000000000000000, 1.387778780781445676E-15 ) ) ;
#977 = ORIENTED_EDGE ( 'NONE', *, *, #1889, .T. ) ;
#978 = VERTEX_POINT ( 'NONE', #386 ) ;
#979 = DIRECTION ( 'NONE',  ( 0.000000000000000000, 1.000000000000000000, 0.000000000000000000 ) ) ;
#980 = ORIENTED_EDGE ( 'NONE', *, *, #307, .F. ) ;
#981 = DIRECTION ( 'NONE',  ( -0.000000000000000000, -1.000000000000000000, -0.000000000000000000 ) ) ;
#982 = CARTESIAN_POINT ( 'NONE',  ( -8.500000000000003553, 15.09338662244782903, -22.24999999999999645 ) ) ;
#983 = LINE ( 'NONE', #493, #787 ) ;
#984 = CIRCLE ( 'NONE', #2169, 1.499999999999994449 ) ;
#985 = EDGE_LOOP ( 'NONE', ( #1923, #2756, #176, #1808 ) ) ;
#986 = LINE ( 'NONE', #1512, #876 ) ;
#987 = DIRECTION ( 'NONE',  ( -1.000000000000000000, 0.000000000000000000, -1.387778780781445478E-15 ) ) ;
#988 = CIRCLE ( 'NONE', #3119, 2.750000000000003109 ) ;
#989 = ORIENTED_EDGE ( 'NONE', *, *, #540, .T. ) ;
#990 = CIRCLE ( 'NONE', #3172, 6.999999999999999112 ) ;
#991 = DIRECTION ( 'NONE',  ( 1.000000000000000000, 0.000000000000000000, -1.387778780781445676E-15 ) ) ;
#992 = AXIS2_PLACEMENT_3D ( 'NONE', #738, #3248, #1186 ) ;
#993 = ORIENTED_EDGE ( 'NONE', *, *, #1157, .F. ) ;
#994 = AXIS2_PLACEMENT_3D ( 'NONE', #2331, #10, #1255 ) ;
#995 = VECTOR ( 'NONE', #2409, 1000.000000000000000 ) ;
#996 = CARTESIAN_POINT ( 'NONE',  ( 3.250000000000000000, 0.000000000000000000, 31.99999999999998579 ) ) ;
#997 = VERTEX_POINT ( 'NONE', #2986 ) ;
#998 = EDGE_CURVE ( 'NONE', #2218, #54, #2950, .T. ) ;
#999 = CARTESIAN_POINT ( 'NONE',  ( 0.000000000000000000, 13.26313972081440440, 6.400000000000000355 ) ) ;
#1000 = DIRECTION ( 'NONE',  ( 1.000000000000000000, 0.000000000000000000, -1.387778780781445478E-15 ) ) ;
#1001 = CARTESIAN_POINT ( 'NONE',  ( -3.500000000000000444, 15.09338662244782903, -22.74999999999998579 ) ) ;
#1002 = VERTEX_POINT ( 'NONE', #655 ) ;
#1003 = CARTESIAN_POINT ( 'NONE',  ( 3.250000000000000000, 6.999999999999999112, -31.99999999999999289 ) ) ;
#1004 = PLANE ( 'NONE',  #1472 ) ;
#1005 = VERTEX_POINT ( 'NONE', #2724 ) ;
#1006 = LINE ( 'NONE', #1272, #2968 ) ;
#1007 = ORIENTED_EDGE ( 'NONE', *, *, #563, .T. ) ;
#1008 = CARTESIAN_POINT ( 'NONE',  ( -3.469446951953614189E-15, 1.000000000000000888, -9.600000000000001421 ) ) ;
#1009 = EDGE_LOOP ( 'NONE', ( #2431, #836, #221, #1815 ) ) ;
#1010 = EDGE_CURVE ( 'NONE', #1442, #2618, #1902, .T. ) ;
#1011 = CARTESIAN_POINT ( 'NONE',  ( 3.250000000000000000, 11.76313972081440795, -34.75000000000000000 ) ) ;
#1012 = MANIFOLD_SOLID_BREP ( 'Screw chamfer', #13 ) ;
#1013 = CARTESIAN_POINT ( 'NONE',  ( 3.500000000000000888, 15.09338662244782903, -22.50000000000000000 ) ) ;
#1014 = DIRECTION ( 'NONE',  ( 0.000000000000000000, 0.000000000000000000, -1.000000000000000000 ) ) ;
#1015 = EDGE_LOOP ( 'NONE', ( #962, #1741, #568, #137 ) ) ;
#1016 = CARTESIAN_POINT ( 'NONE',  ( -3.500000000000000888, 0.000000000000000000, 22.50000000000000000 ) ) ;
#1017 = CARTESIAN_POINT ( 'NONE',  ( 8.500000000000003553, 2.999999999999999112, -28.24999999999998224 ) ) ;
#1018 = ORIENTED_EDGE ( 'NONE', *, *, #1769, .T. ) ;
#1019 = CARTESIAN_POINT ( 'NONE',  ( 3.500000000000000888, 15.09338662244782903, 22.50000000000000000 ) ) ;
#1020 = ORIENTED_EDGE ( 'NONE', *, *, #1895, .F. ) ;
#1021 = FACE_OUTER_BOUND ( 'NONE', #842, .T. ) ;
#1022 = DIRECTION ( 'NONE',  ( -0.000000000000000000, -1.000000000000000000, -0.000000000000000000 ) ) ;
#1023 = ORIENTED_EDGE ( 'NONE', *, *, #1199, .T. ) ;
#1024 = ADVANCED_FACE ( 'NONE', ( #692 ), #2449, .F. ) ;
#1025 = CARTESIAN_POINT ( 'NONE',  ( -3.250000000000000000, 6.999999999999999112, 35.99999999999999289 ) ) ;
#1026 = CARTESIAN_POINT ( 'NONE',  ( 3.500000000000000444, 0.000000000000000000, -19.75000000000000000 ) ) ;
#1027 = LINE ( 'NONE', #2044, #3137 ) ;
#1028 = ORIENTED_EDGE ( 'NONE', *, *, #2067, .T. ) ;
#1029 = DIRECTION ( 'NONE',  ( -1.000000000000000000, 0.000000000000000000, 0.000000000000000000 ) ) ;
#1030 = CYLINDRICAL_SURFACE ( 'NONE', #1964, 6.999999999999999112 ) ;
#1031 = ORIENTED_EDGE ( 'NONE', *, *, #255, .T. ) ;
#1032 = EDGE_CURVE ( 'NONE', #1736, #753, #1414, .T. ) ;
#1033 = AXIS2_PLACEMENT_3D ( 'NONE', #163, #2455, #3026 ) ;
#1034 = CARTESIAN_POINT ( 'NONE',  ( 3.500000000000000888, 15.09338662244782903, -22.50000000000000000 ) ) ;
#1035 = ORIENTED_EDGE ( 'NONE', *, *, #704, .T. ) ;
#1036 = DIRECTION ( 'NONE',  ( 0.000000000000000000, -0.000000000000000000, 1.000000000000000000 ) ) ;
#1037 = VECTOR ( 'NONE', #1796, 1000.000000000000000 ) ;
#1038 = VECTOR ( 'NONE', #1165, 1000.000000000000000 ) ;
#1039 = VECTOR ( 'NONE', #3031, 1000.000000000000000 ) ;
#1040 = CIRCLE ( 'NONE', #74, 0.2499999999999967526 ) ;
#1041 = CYLINDRICAL_SURFACE ( 'NONE', #1534, 19.00000000000000000 ) ;
#1042 = ORIENTED_EDGE ( 'NONE', *, *, #650, .F. ) ;
#1043 = CIRCLE ( 'NONE', #2124, 0.2500000000000002220 ) ;
#1044 = AXIS2_PLACEMENT_3D ( 'NONE', #1968, #1768, #178 ) ;
#1045 = CIRCLE ( 'NONE', #399, 6.999999999999999112 ) ;
#1046 = DIRECTION ( 'NONE',  ( 0.000000000000000000, 0.000000000000000000, 1.000000000000000000 ) ) ;
#1047 = LINE ( 'NONE', #2585, #2009 ) ;
#1048 = LINE ( 'NONE', #1612, #2140 ) ;
#1049 = VERTEX_POINT ( 'NONE', #2551 ) ;
#1050 = CARTESIAN_POINT ( 'NONE',  ( 0.000000000000000000, 3.000000000000000000, 0.000000000000000000 ) ) ;
#1051 = DIRECTION ( 'NONE',  ( 0.000000000000000000, 0.000000000000000000, 1.000000000000000000 ) ) ;
#1052 = ORIENTED_EDGE ( 'NONE', *, *, #1157, .T. ) ;
#1053 = CYLINDRICAL_SURFACE ( 'NONE', #1963, 2.749999999999999112 ) ;
#1054 = AXIS2_PLACEMENT_3D ( 'NONE', #2559, #258, #1281 ) ;
#1056 = EDGE_CURVE ( 'NONE', #2959, #1108, #1854, .T. ) ;
#1055 = ORIENTED_EDGE ( 'NONE', *, *, #4, .T. ) ;
#1057 = DIRECTION ( 'NONE',  ( 0.000000000000000000, 0.000000000000000000, 1.000000000000000000 ) ) ;
#1058 = DIRECTION ( 'NONE',  ( -0.000000000000000000, -1.000000000000000000, -0.000000000000000000 ) ) ;
#1059 = ORIENTED_EDGE ( 'NONE', *, *, #2820, .F. ) ;
#1060 = ADVANCED_FACE ( 'NONE', ( #3254 ), #2464, .T. ) ;
#1061 = FACE_OUTER_BOUND ( 'NONE', #427, .T. ) ;
#1062 = EDGE_CURVE ( 'NONE', #723, #2934, #1191, .T. ) ;
#1063 = CARTESIAN_POINT ( 'NONE',  ( -3.469446951953614189E-15, 3.000000000000000000, -8.000000000000000000 ) ) ;
#1064 = ORIENTED_EDGE ( 'NONE', *, *, #1402, .T. ) ;
#1065 = CARTESIAN_POINT ( 'NONE',  ( 3.500000000000000444, 0.000000000000000000, -19.25000000000000000 ) ) ;
#1066 = CARTESIAN_POINT ( 'NONE',  ( 0.000000000000000000, 2.999999999999999112, 11.59999999999998543 ) ) ;
#1067 = EDGE_LOOP ( 'NONE', ( #1229, #2897, #199, #872 ) ) ;
#1068 = EDGE_CURVE ( 'NONE', #1709, #2787, #1991, .T. ) ;
#1069 = DIRECTION ( 'NONE',  ( 0.000000000000000000, 1.000000000000000000, 0.000000000000000000 ) ) ;
#1070 = ORIENTED_EDGE ( 'NONE', *, *, #1408, .T. ) ;
#1071 = CARTESIAN_POINT ( 'NONE',  ( 0.000000000000000000, 3.000000000000000000, 0.000000000000000000 ) ) ;
#1072 = CARTESIAN_POINT ( 'NONE',  ( -0.7500000000000015543, 15.09338662244782903, 28.49999999999998934 ) ) ;
#1073 = ORIENTED_EDGE ( 'NONE', *, *, #682, .F. ) ;
#1074 = ORIENTED_EDGE ( 'NONE', *, *, #3288, .F. ) ;
#1075 = DIRECTION ( 'NONE',  ( 1.387778780781445676E-15, -0.000000000000000000, 1.000000000000000000 ) ) ;
#1076 = CARTESIAN_POINT ( 'NONE',  ( -8.500000000000003553, 0.000000000000000000, 22.24999999999999645 ) ) ;
#1077 = CARTESIAN_POINT ( 'NONE',  ( 0.7500000000000015543, 0.000000000000000000, -28.49999999999998934 ) ) ;
#1078 = FACE_OUTER_BOUND ( 'NONE', #140, .T. ) ;
#1079 = ORIENTED_EDGE ( 'NONE', *, *, #2008, .T. ) ;
#1080 = CARTESIAN_POINT ( 'NONE',  ( 3.250000000000001776, 2.999999999999999112, -29.49999999999998579 ) ) ;
#1081 = CARTESIAN_POINT ( 'NONE',  ( 8.500000000000001776, 2.999999999999999112, 19.49999999999999645 ) ) ;
#1082 = PLANE ( 'NONE',  #3287 ) ;
#1083 = EDGE_CURVE ( 'NONE', #1858, #1173, #141, .T. ) ;
#1084 = VERTEX_POINT ( 'NONE', #639 ) ;
#1085 = AXIS2_PLACEMENT_3D ( 'NONE', #733, #465, #1567 ) ;
#1086 = CARTESIAN_POINT ( 'NONE',  ( -3.250000000000000000, 11.76313972081440795, -34.75000000000000000 ) ) ;
#1087 = AXIS2_PLACEMENT_3D ( 'NONE', #210, #951, #1977 ) ;
#1088 = VERTEX_POINT ( 'NONE', #1678 ) ;
#1089 = ORIENTED_EDGE ( 'NONE', *, *, #1861, .T. ) ;
#1090 = AXIS2_PLACEMENT_3D ( 'NONE', #729, #1508, #222 ) ;
#1091 = CIRCLE ( 'NONE', #341, 2.749999999999997335 ) ;
#1092 = CARTESIAN_POINT ( 'NONE',  ( -8.500000000000001776, 15.09338662244782903, -22.74999999999998579 ) ) ;
#1093 = CIRCLE ( 'NONE', #135, 2.749999999999999112 ) ;
#1094 = EDGE_CURVE ( 'NONE', #1174, #1187, #2685, .T. ) ;
#1095 = CARTESIAN_POINT ( 'NONE',  ( -3.500000000000000444, 2.999999999999999112, 19.75000000000000000 ) ) ;
#1096 = VECTOR ( 'NONE', #1288, 1000.000000000000000 ) ;
#1097 = VECTOR ( 'NONE', #3168, 1000.000000000000000 ) ;
#1098 = CARTESIAN_POINT ( 'NONE',  ( 8.500000000000000000, 2.999999999999999112, -19.74999999999999289 ) ) ;
#1099 = LINE ( 'NONE', #2137, #3225 ) ;
#1100 = ORIENTED_EDGE ( 'NONE', *, *, #1561, .F. ) ;
#1101 = CARTESIAN_POINT ( 'NONE',  ( 3.500000000000000444, 2.999999999999999112, 22.74999999999998579 ) ) ;
#1102 = DIRECTION ( 'NONE',  ( 0.000000000000000000, 0.000000000000000000, -1.000000000000000000 ) ) ;
#1103 = DIRECTION ( 'NONE',  ( 0.000000000000000000, 1.000000000000000000, 0.000000000000000000 ) ) ;
#1104 = CIRCLE ( 'NONE', #2343, 2.750000000000002665 ) ;
#1105 = DIRECTION ( 'NONE',  ( 0.000000000000000000, 0.000000000000000000, 1.000000000000000000 ) ) ;
#1106 = ORIENTED_EDGE ( 'NONE', *, *, #2758, .F. ) ;
#1107 = AXIS2_PLACEMENT_3D ( 'NONE', #244, #2032, #513 ) ;
#1108 = VERTEX_POINT ( 'NONE', #1939 ) ;
#1109 = LINE ( 'NONE', #1610, #21 ) ;
#1110 = EDGE_CURVE ( 'NONE', #2474, #514, #1177, .T. ) ;
#1111 = CARTESIAN_POINT ( 'NONE',  ( 3.250000000000000000, 6.999999999999999112, 35.99999999999999289 ) ) ;
#1112 = CARTESIAN_POINT ( 'NONE',  ( -0.7500000000000015543, 2.999999999999999556, -29.49999999999998579 ) ) ;
#1113 = ORIENTED_EDGE ( 'NONE', *, *, #1714, .F. ) ;
#1114 = DIRECTION ( 'NONE',  ( -1.000000000000000000, -0.000000000000000000, -0.000000000000000000 ) ) ;
#1115 = LINE ( 'NONE', #2264, #1894 ) ;
#1116 = DIRECTION ( 'NONE',  ( 1.000000000000000000, 0.000000000000000000, 0.000000000000000000 ) ) ;
#1117 = ORIENTED_EDGE ( 'NONE', *, *, #1462, .F. ) ;
#1118 = DIRECTION ( 'NONE',  ( 0.000000000000000000, 0.000000000000000000, -1.000000000000000000 ) ) ;
#1119 = EDGE_LOOP ( 'NONE', ( #2214, #702, #1332, #2963 ) ) ;
#1120 = VERTEX_POINT ( 'NONE', #3312 ) ;
#1121 = ORIENTED_EDGE ( 'NONE', *, *, #2079, .F. ) ;
#1122 = DIRECTION ( 'NONE',  ( -0.000000000000000000, -0.000000000000000000, 1.000000000000000000 ) ) ;
#1123 = DIRECTION ( 'NONE',  ( 0.000000000000000000, 1.000000000000000000, 0.000000000000000000 ) ) ;
#1124 = LINE ( 'NONE', #590, #71 ) ;
#1125 = DIRECTION ( 'NONE',  ( -1.000000000000000000, 0.000000000000000000, -1.387778780781445478E-15 ) ) ;
#1126 = DIRECTION ( 'NONE',  ( -0.000000000000000000, -1.000000000000000000, -0.000000000000000000 ) ) ;
#1127 = ORIENTED_EDGE ( 'NONE', *, *, #374, .F. ) ;
#1128 = CYLINDRICAL_SURFACE ( 'NONE', #1700, 2.749999999999999112 ) ;
#1129 = CARTESIAN_POINT ( 'NONE',  ( 3.500000000000000444, 0.000000000000000000, -19.25000000000000000 ) ) ;
#1130 = DIRECTION ( 'NONE',  ( 0.000000000000000000, 1.000000000000000000, 0.000000000000000000 ) ) ;
#1131 = ADVANCED_FACE ( 'NONE', ( #1619 ), #455, .F. ) ;
#1132 = EDGE_CURVE ( 'NONE', #648, #2582, #3129, .T. ) ;
#1133 = EDGE_LOOP ( 'NONE', ( #964, #896, #1340, #1576 ) ) ;
#1134 = ADVANCED_FACE ( 'NONE', ( #48 ), #3108, .T. ) ;
#1135 = FACE_OUTER_BOUND ( 'NONE', #1133, .T. ) ;
#1136 = ORIENTED_EDGE ( 'NONE', *, *, #2600, .T. ) ;
#1137 = ORIENTED_EDGE ( 'NONE', *, *, #1779, .F. ) ;
#1138 = EDGE_CURVE ( 'NONE', #1228, #1766, #940, .T. ) ;
#1139 = AXIS2_PLACEMENT_3D ( 'NONE', #3244, #3006, #1703 ) ;
#1140 = EDGE_LOOP ( 'NONE', ( #3055, #207, #651, #2234 ) ) ;
#1141 = FACE_OUTER_BOUND ( 'NONE', #1728, .T. ) ;
#1142 = VECTOR ( 'NONE', #1451, 1000.000000000000000 ) ;
#1143 = VECTOR ( 'NONE', #2658, 1000.000000000000000 ) ;
#1144 = CARTESIAN_POINT ( 'NONE',  ( 0.000000000000000000, 0.000000000000000000, -19.00000000000000000 ) ) ;
#1145 = AXIS2_PLACEMENT_3D ( 'NONE', #2030, #2292, #243 ) ;
#1146 = AXIS2_PLACEMENT_3D ( 'NONE', #626, #559, #828 ) ;
#1147 = EDGE_CURVE ( 'NONE', #3295, #2163, #3021, .T. ) ;
#1148 = DIRECTION ( 'NONE',  ( 0.000000000000000000, 0.000000000000000000, -1.000000000000000000 ) ) ;
#1149 = CARTESIAN_POINT ( 'NONE',  ( -8.500000000000000000, 15.09338662244782903, -25.74999999999998224 ) ) ;
#1150 = DIRECTION ( 'NONE',  ( 1.000000000000000000, 0.000000000000000000, 0.000000000000000000 ) ) ;
#1151 = AXIS2_PLACEMENT_3D ( 'NONE', #649, #351, #2396 ) ;
#1152 = VECTOR ( 'NONE', #149, 1000.000000000000000 ) ;
#1153 = CYLINDRICAL_SURFACE ( 'NONE', #2813, 0.2500000000000002220 ) ;
#1154 = CYLINDRICAL_SURFACE ( 'NONE', #2217, 0.2499999999999967526 ) ;
#1155 = LINE ( 'NONE', #395, #2021 ) ;
#1156 = ORIENTED_EDGE ( 'NONE', *, *, #1693, .T. ) ;
#1157 = EDGE_CURVE ( 'NONE', #2115, #3092, #2313, .T. ) ;
#1158 = DIRECTION ( 'NONE',  ( 0.000000000000000000, 1.000000000000000000, 0.000000000000000000 ) ) ;
#1159 = ORIENTED_EDGE ( 'NONE', *, *, #1068, .F. ) ;
#1160 = ORIENTED_EDGE ( 'NONE', *, *, #1484, .T. ) ;
#1161 = ORIENTED_EDGE ( 'NONE', *, *, #2415, .T. ) ;
#1162 = AXIS2_PLACEMENT_3D ( 'NONE', #695, #2293, #1497 ) ;
#1163 = CARTESIAN_POINT ( 'NONE',  ( -8.500000000000003553, 2.999999999999999112, 22.24999999999999645 ) ) ;
#1164 =( NAMED_UNIT ( * ) SI_UNIT ( $, .STERADIAN. ) SOLID_ANGLE_UNIT ( ) );
#1165 = DIRECTION ( 'NONE',  ( 1.000000000000000000, -0.000000000000000000, 0.000000000000000000 ) ) ;
#1166 = DIRECTION ( 'NONE',  ( -1.000000000000000000, 0.000000000000000000, -1.387778780781445676E-15 ) ) ;
#1167 = CARTESIAN_POINT ( 'NONE',  ( -3.250000000000000000, 10.46410161513774995, 34.00000000000000000 ) ) ;
#1168 = VERTEX_POINT ( 'NONE', #2335 ) ;
#1169 = CARTESIAN_POINT ( 'NONE',  ( 0.000000000000000000, 3.000000000000000000, 0.000000000000000000 ) ) ;
#1170 = DIRECTION ( 'NONE',  ( 0.000000000000000000, 0.000000000000000000, -1.000000000000000000 ) ) ;
#1171 = VERTEX_POINT ( 'NONE', #63 ) ;
#1172 = DIRECTION ( 'NONE',  ( 0.000000000000000000, 1.000000000000000000, 0.000000000000000000 ) ) ;
#1173 = VERTEX_POINT ( 'NONE', #522 ) ;
#1174 = VERTEX_POINT ( 'NONE', #1274 ) ;
#1175 = ADVANCED_FACE ( 'NONE', ( #1021 ), #1082, .F. ) ;
#1176 = VERTEX_POINT ( 'NONE', #2300 ) ;
#1177 = LINE ( 'NONE', #2705, #2762 ) ;
#1178 = EDGE_CURVE ( 'NONE', #1328, #997, #2351, .T. ) ;
#1179 = CARTESIAN_POINT ( 'NONE',  ( -3.500000000000000444, 15.09338662244782903, -25.24999999999998934 ) ) ;
#1180 = FACE_OUTER_BOUND ( 'NONE', #3008, .T. ) ;
#1181 = CARTESIAN_POINT ( 'NONE',  ( -3.500000000000000888, 0.000000000000000000, -22.50000000000000000 ) ) ;
#1182 = ORIENTED_EDGE ( 'NONE', *, *, #580, .T. ) ;
#1183 = CARTESIAN_POINT ( 'NONE',  ( 0.000000000000000000, 0.000000000000000000, 6.400000000000000355 ) ) ;
#1184 = DIRECTION ( 'NONE',  ( -0.000000000000000000, -0.000000000000000000, -1.000000000000000000 ) ) ;
#1185 = EDGE_LOOP ( 'NONE', ( #2183, #9, #481, #430 ) ) ;
#1186 = DIRECTION ( 'NONE',  ( 0.000000000000000000, 0.000000000000000000, -1.000000000000000000 ) ) ;
#1187 = VERTEX_POINT ( 'NONE', #301 ) ;
#1188 = VERTEX_POINT ( 'NONE', #584 ) ;
#1189 = CARTESIAN_POINT ( 'NONE',  ( 8.500000000000003553, 15.09338662244782903, -28.24999999999998224 ) ) ;
#1190 = ORIENTED_EDGE ( 'NONE', *, *, #3084, .F. ) ;
#1191 = LINE ( 'NONE', #1163, #3120 ) ;
#1192 = CIRCLE ( 'NONE', #1412, 2.750000000000002665 ) ;
#1193 = EDGE_CURVE ( 'NONE', #1325, #816, #2120, .T. ) ;
#1194 = VECTOR ( 'NONE', #247, 1000.000000000000000 ) ;
#1195 = EDGE_CURVE ( 'NONE', #2819, #1938, #3056, .T. ) ;
#1196 = LINE ( 'NONE', #2208, #2641 ) ;
#1197 = CIRCLE ( 'NONE', #931, 19.00000000000000000 ) ;
#1198 = CARTESIAN_POINT ( 'NONE',  ( 8.500000000000001776, 0.000000000000000000, 25.49999999999998934 ) ) ;
#1199 = EDGE_CURVE ( 'NONE', #2200, #1794, #2073, .T. ) ;
#1200 = DIRECTION ( 'NONE',  ( 0.000000000000000000, 1.000000000000000000, 0.000000000000000000 ) ) ;
#1201 = AXIS2_PLACEMENT_3D ( 'NONE', #223, #2466, #952 ) ;
#1202 = VECTOR ( 'NONE', #193, 1000.000000000000000 ) ;
#1203 = EDGE_LOOP ( 'NONE', ( #1530, #652, #2666, #433 ) ) ;
#1204 = DIRECTION ( 'NONE',  ( -1.000000000000000000, 0.000000000000000000, 0.000000000000000000 ) ) ;
#1205 = LINE ( 'NONE', #716, #1800 ) ;
#1206 = VECTOR ( 'NONE', #1882, 1000.000000000000000 ) ;
#1207 = AXIS2_PLACEMENT_3D ( 'NONE', #750, #1461, #2768 ) ;
#1208 = VERTEX_POINT ( 'NONE', #1803 ) ;
#1209 = VECTOR ( 'NONE', #1339, 1000.000000000000000 ) ;
#1210 = VECTOR ( 'NONE', #29, 1000.000000000000000 ) ;
#1211 = CARTESIAN_POINT ( 'NONE',  ( -3.500000000000000444, 0.000000000000000000, -16.49999999999999289 ) ) ;
#1212 = ORIENTED_EDGE ( 'NONE', *, *, #31, .F. ) ;
#1213 = ORIENTED_EDGE ( 'NONE', *, *, #1705, .T. ) ;
#1214 = EDGE_CURVE ( 'NONE', #816, #1938, #788, .T. ) ;
#1215 = LINE ( 'NONE', #1759, #1901 ) ;
#1216 = ORIENTED_EDGE ( 'NONE', *, *, #2504, .T. ) ;
#1217 = SURFACE_SIDE_STYLE ('',( #3201 ) ) ;
#1218 = CIRCLE ( 'NONE', #1162, 1.499999999999994449 ) ;
#1219 = FACE_OUTER_BOUND ( 'NONE', #464, .T. ) ;
#1220 = LINE ( 'NONE', #2246, #2483 ) ;
#1221 = CARTESIAN_POINT ( 'NONE',  ( 3.250000000000000000, 11.76313972081440795, -33.25000000000000711 ) ) ;
#1222 = ADVANCED_FACE ( 'NONE', ( #1290 ), #2615, .T. ) ;
#1223 = ORIENTED_EDGE ( 'NONE', *, *, #2938, .F. ) ;
#1224 = FACE_OUTER_BOUND ( 'NONE', #1429, .T. ) ;
#1225 = FACE_OUTER_BOUND ( 'NONE', #1015, .T. ) ;
#1226 = ORIENTED_EDGE ( 'NONE', *, *, #1918, .T. ) ;
#1227 = CYLINDRICAL_SURFACE ( 'NONE', #992, 2.749999999999999112 ) ;
#1228 = VERTEX_POINT ( 'NONE', #2074 ) ;
#1229 = ORIENTED_EDGE ( 'NONE', *, *, #2251, .F. ) ;
#1230 = CARTESIAN_POINT ( 'NONE',  ( 8.500000000000003553, 0.000000000000000000, 28.24999999999998224 ) ) ;
#1231 = VERTEX_POINT ( 'NONE', #1573 ) ;
#1232 = CARTESIAN_POINT ( 'NONE',  ( 3.250000000000000000, 6.999999999999999112, 31.99999999999999289 ) ) ;
#1233 = CARTESIAN_POINT ( 'NONE',  ( 3.500000000000000888, 0.000000000000000000, -22.50000000000000000 ) ) ;
#1234 = CARTESIAN_POINT ( 'NONE',  ( -3.500000000000000888, 15.09338662244782903, 28.49999999999998934 ) ) ;
#1235 = ORIENTED_EDGE ( 'NONE', *, *, #1889, .F. ) ;
#1236 = DIRECTION ( 'NONE',  ( 1.000000000000000000, 0.000000000000000000, -0.000000000000000000 ) ) ;
#1237 = CARTESIAN_POINT ( 'NONE',  ( 8.500000000000003553, 0.000000000000000000, -22.24999999999999645 ) ) ;
#1238 = ORIENTED_EDGE ( 'NONE', *, *, #1432, .T. ) ;
#1239 = CARTESIAN_POINT ( 'NONE',  ( -8.500000000000003553, 2.999999999999999112, -22.24999999999999645 ) ) ;
#1241 = ADVANCED_FACE ( 'NONE', ( #3078 ), #1822, .T. ) ;
#1240 = VERTEX_POINT ( 'NONE', #839 ) ;
#1242 = CARTESIAN_POINT ( 'NONE',  ( -0.7500000000000015543, 2.999999999999999556, 29.49999999999998579 ) ) ;
#1243 = EDGE_LOOP ( 'NONE', ( #2263, #152, #62, #2577 ) ) ;
#1244 = CARTESIAN_POINT ( 'NONE',  ( 3.250000000000000000, 10.46410161513774995, 34.00000000000000000 ) ) ;
#1245 = LINE ( 'NONE', #2953, #2594 ) ;
#1246 = DIRECTION ( 'NONE',  ( -2.680936281055062820E-15, 0.000000000000000000, 1.000000000000000000 ) ) ;
#1247 = EDGE_CURVE ( 'NONE', #2870, #2144, #2602, .T. ) ;
#1248 = AXIS2_PLACEMENT_3D ( 'NONE', #1003, #2035, #3038 ) ;
#1249 = ORIENTED_EDGE ( 'NONE', *, *, #585, .T. ) ;
#1250 = DIRECTION ( 'NONE',  ( 0.000000000000000000, 0.000000000000000000, -1.000000000000000000 ) ) ;
#1251 = DIRECTION ( 'NONE',  ( -0.000000000000000000, -1.000000000000000000, -0.000000000000000000 ) ) ;
#1252 = AXIS2_PLACEMENT_3D ( 'NONE', #963, #1989, #169 ) ;
#1253 = EDGE_LOOP ( 'NONE', ( #393, #1312, #2839, #2998 ) ) ;
#1254 = AXIS2_PLACEMENT_3D ( 'NONE', #2726, #1456, #2465 ) ;
#1255 = DIRECTION ( 'NONE',  ( 1.000000000000000000, 0.000000000000000000, -0.000000000000000000 ) ) ;
#1256 = CIRCLE ( 'NONE', #2912, 1.499999999999994449 ) ;
#1257 =( GEOMETRIC_REPRESENTATION_CONTEXT ( 3 ) GLOBAL_UNCERTAINTY_ASSIGNED_CONTEXT ( ( #1320 ) ) GLOBAL_UNIT_ASSIGNED_CONTEXT ( ( #3186, #2482, #2937 ) ) REPRESENTATION_CONTEXT ( 'NONE', 'WORKASPACE' ) );
#1258 = VERTEX_POINT ( 'NONE', #3145 ) ;
#1259 = VECTOR ( 'NONE', #1799, 1000.000000000000000 ) ;
#1260 = VECTOR ( 'NONE', #1893, 1000.000000000000000 ) ;
#1261 = EDGE_CURVE ( 'NONE', #978, #638, #380, .T. ) ;
#1262 = CARTESIAN_POINT ( 'NONE',  ( 8.500000000000001776, 15.09338662244782903, -25.24999999999998934 ) ) ;
#1263 = ORIENTED_EDGE ( 'NONE', *, *, #2048, .T. ) ;
#1264 = CYLINDRICAL_SURFACE ( 'NONE', #2070, 0.2499999999999967526 ) ;
#1265 = DIRECTION ( 'NONE',  ( 0.000000000000000000, 0.000000000000000000, -1.000000000000000000 ) ) ;
#1266 = CARTESIAN_POINT ( 'NONE',  ( -8.500000000000000000, 15.09338662244782903, 19.74999999999999289 ) ) ;
#1267 = VERTEX_POINT ( 'NONE', #1405 ) ;
#1268 = DIRECTION ( 'NONE',  ( 1.000000000000000000, 0.000000000000000000, 0.000000000000000000 ) ) ;
#1269 = CIRCLE ( 'NONE', #1494, 0.2499999999999993616 ) ;
#1270 = CARTESIAN_POINT ( 'NONE',  ( -8.500000000000000000, 15.09338662244782903, 19.74999999999999289 ) ) ;
#1271 = EDGE_LOOP ( 'NONE', ( #263, #2197, #805, #1883 ) ) ;
#1272 = CARTESIAN_POINT ( 'NONE',  ( 2.123875591785903794, 1.500000000000001332, -18.88092032901510109 ) ) ;
#1273 = EDGE_LOOP ( 'NONE', ( #3037, #117, #1818, #1235 ) ) ;
#1274 = CARTESIAN_POINT ( 'NONE',  ( -3.273503464090037715E-15, 1.000000000000000888, -6.399999999999999467 ) ) ;
#1275 = CARTESIAN_POINT ( 'NONE',  ( 0.000000000000000000, 1.000000000000021760, 8.000000000000000000 ) ) ;
#1276 = ORIENTED_EDGE ( 'NONE', *, *, #2844, .T. ) ;
#1277 = EDGE_CURVE ( 'NONE', #1108, #1002, #1155, .T. ) ;
#1278 = DIRECTION ( 'NONE',  ( 0.000000000000000000, 0.000000000000000000, 1.000000000000000000 ) ) ;
#1279 = ADVANCED_FACE ( 'NONE', ( #647 ), #2182, .F. ) ;
#1280 = LINE ( 'NONE', #3035, #2225 ) ;
#1281 = DIRECTION ( 'NONE',  ( 0.000000000000000000, 0.000000000000000000, 1.000000000000000000 ) ) ;
#1282 = EDGE_CURVE ( 'NONE', #1228, #3311, #1428, .T. ) ;
#1283 = EDGE_LOOP ( 'NONE', ( #2155, #1089, #2069, #1751 ) ) ;
#1284 = LINE ( 'NONE', #43, #15 ) ;
#1285 = CARTESIAN_POINT ( 'NONE',  ( -3.500000000000000444, 0.000000000000000000, 25.74999999999998934 ) ) ;
#1286 = ORIENTED_EDGE ( 'NONE', *, *, #898, .F. ) ;
#1287 = EDGE_CURVE ( 'NONE', #370, #384, #1392, .T. ) ;
#1288 = DIRECTION ( 'NONE',  ( -1.000000000000000000, -0.000000000000000000, -0.000000000000000000 ) ) ;
#1289 = EDGE_LOOP ( 'NONE', ( #108, #1600, #2735, #245 ) ) ;
#1290 = FACE_OUTER_BOUND ( 'NONE', #1140, .T. ) ;
#1291 = EDGE_CURVE ( 'NONE', #613, #1736, #1093, .T. ) ;
#1292 = DIRECTION ( 'NONE',  ( -1.000000000000000000, 0.000000000000000000, 0.000000000000000000 ) ) ;
#1293 = ORIENTED_EDGE ( 'NONE', *, *, #1195, .T. ) ;
#1294 = CYLINDRICAL_SURFACE ( 'NONE', #829, 1.499999999999994449 ) ;
#1295 = CYLINDRICAL_SURFACE ( 'NONE', #1309, 1.499999999999994449 ) ;
#1296 = CARTESIAN_POINT ( 'NONE',  ( 3.250000000000000000, 2.999999999999999112, -31.99999999999999289 ) ) ;
#1297 = ORIENTED_EDGE ( 'NONE', *, *, #2995, .F. ) ;
#1298 = EDGE_CURVE ( 'NONE', #648, #1775, #2809, .T. ) ;
#1299 = CARTESIAN_POINT ( 'NONE',  ( -8.500000000000001776, 15.09338662244782903, -19.49999999999999645 ) ) ;
#1300 = CIRCLE ( 'NONE', #1303, 1.600000000000000755 ) ;
#1301 = PLANE ( 'NONE',  #1358 ) ;
#1302 = ORIENTED_EDGE ( 'NONE', *, *, #3188, .T. ) ;
#1303 = AXIS2_PLACEMENT_3D ( 'NONE', #2550, #250, #2664 ) ;
#1304 = FACE_OUTER_BOUND ( 'NONE', #1536, .T. ) ;
#1305 = EDGE_CURVE ( 'NONE', #3074, #816, #2866, .T. ) ;
#1306 = ORIENTED_EDGE ( 'NONE', *, *, #1193, .F. ) ;
#1307 = DIRECTION ( 'NONE',  ( 0.000000000000000000, 0.000000000000000000, -1.000000000000000000 ) ) ;
#1308 = VECTOR ( 'NONE', #2178, 1000.000000000000000 ) ;
#1309 = AXIS2_PLACEMENT_3D ( 'NONE', #40, #527, #2060 ) ;
#1310 = COLOUR_RGB ( '',0.7921568627450980005, 0.8196078431372548767, 0.9333333333333333481 ) ;
#1311 = DIRECTION ( 'NONE',  ( 1.000000000000000000, 0.000000000000000000, 0.000000000000000000 ) ) ;
#1312 = ORIENTED_EDGE ( 'NONE', *, *, #2720, .T. ) ;
#1313 = CIRCLE ( 'NONE', #3179, 19.00000000000000000 ) ;
#1314 = VECTOR ( 'NONE', #1848, 1000.000000000000000 ) ;
#1315 = CARTESIAN_POINT ( 'NONE',  ( -8.500000000000003553, 2.999999999999999112, 22.24999999999999645 ) ) ;
#1316 = CARTESIAN_POINT ( 'NONE',  ( -3.250000000000001776, 15.09338662244782903, 28.49999999999998934 ) ) ;
#1317 = EDGE_CURVE ( 'NONE', #1969, #2163, #3175, .T. ) ;
#1318 = EDGE_CURVE ( 'NONE', #2792, #1328, #2153, .T. ) ;
#1319 = DIRECTION ( 'NONE',  ( 0.000000000000000000, 0.000000000000000000, -1.000000000000000000 ) ) ;
#1320 = UNCERTAINTY_MEASURE_WITH_UNIT (LENGTH_MEASURE( 1.000000000000000082E-05 ), #3186, 'distance_accuracy_value', 'NONE');
#1321 = ORIENTED_EDGE ( 'NONE', *, *, #1381, .T. ) ;
#1322 = CARTESIAN_POINT ( 'NONE',  ( 8.500000000000000000, 2.999999999999999112, 19.74999999999999289 ) ) ;
#1323 = DIRECTION ( 'NONE',  ( -0.000000000000000000, -1.000000000000000000, -0.000000000000000000 ) ) ;
#1324 = EDGE_CURVE ( 'NONE', #2915, #2703, #2284, .T. ) ;
#1325 = VERTEX_POINT ( 'NONE', #98 ) ;
#1326 = CARTESIAN_POINT ( 'NONE',  ( 0.000000000000000000, 0.000000000000000000, 0.000000000000000000 ) ) ;
#1327 = AXIS2_PLACEMENT_3D ( 'NONE', #904, #161, #2195 ) ;
#1328 = VERTEX_POINT ( 'NONE', #855 ) ;
#1329 = DIRECTION ( 'NONE',  ( -0.000000000000000000, 1.000000000000000000, -0.000000000000000000 ) ) ;
#1330 = EDGE_CURVE ( 'NONE', #818, #2367, #2375, .T. ) ;
#1331 = DIRECTION ( 'NONE',  ( -0.000000000000000000, -1.000000000000000000, -0.000000000000000000 ) ) ;
#1332 = ORIENTED_EDGE ( 'NONE', *, *, #480, .T. ) ;
#1333 = EDGE_CURVE ( 'NONE', #2974, #773, #2131, .T. ) ;
#1334 = DIRECTION ( 'NONE',  ( 1.000000000000000000, 0.000000000000000000, -1.387778780781445676E-15 ) ) ;
#1335 = CARTESIAN_POINT ( 'NONE',  ( -3.500000000000000444, 2.999999999999999112, -22.74999999999998579 ) ) ;
#1336 = CARTESIAN_POINT ( 'NONE',  ( -8.500000000000001776, 0.000000000000000000, -19.49999999999999645 ) ) ;
#1337 = CARTESIAN_POINT ( 'NONE',  ( -3.500000000000000444, 2.999999999999999112, 25.24999999999998934 ) ) ;
#1338 = ORIENTED_EDGE ( 'NONE', *, *, #23, .F. ) ;
#1339 = DIRECTION ( 'NONE',  ( -0.000000000000000000, -0.000000000000000000, 1.000000000000000000 ) ) ;
#1340 = ORIENTED_EDGE ( 'NONE', *, *, #3099, .T. ) ;
#1341 = CARTESIAN_POINT ( 'NONE',  ( 8.500000000000001776, 15.09338662244782903, 22.74999999999998579 ) ) ;
#1342 = CARTESIAN_POINT ( 'NONE',  ( 3.500000000000000888, 0.000000000000000000, -28.49999999999998934 ) ) ;
#1343 = VERTEX_POINT ( 'NONE', #2167 ) ;
#1344 = EDGE_CURVE ( 'NONE', #3222, #1581, #633, .T. ) ;
#1345 = ORIENTED_EDGE ( 'NONE', *, *, #914, .T. ) ;
#1346 = DIRECTION ( 'NONE',  ( -0.000000000000000000, -1.000000000000000000, -0.000000000000000000 ) ) ;
#1347 = CARTESIAN_POINT ( 'NONE',  ( 8.500000000000001776, 15.09338662244782903, 19.49999999999999645 ) ) ;
#1348 = FACE_OUTER_BOUND ( 'NONE', #1253, .T. ) ;
#1349 = LINE ( 'NONE', #1112, #2322 ) ;
#1350 = ADVANCED_FACE ( 'NONE', ( #2679 ), #2692, .T. ) ;
#1351 = EDGE_LOOP ( 'NONE', ( #313, #3161, #1870, #2248 ) ) ;
#1352 = EDGE_CURVE ( 'NONE', #1120, #297, #3127, .T. ) ;
#1353 = LINE ( 'NONE', #1080, #2129 ) ;
#1354 = DIRECTION ( 'NONE',  ( 0.000000000000000000, 0.000000000000000000, 1.000000000000000000 ) ) ;
#1355 = CARTESIAN_POINT ( 'NONE',  ( 0.000000000000000000, 3.000000000000000000, -19.00000000000000000 ) ) ;
#1356 = AXIS2_PLACEMENT_3D ( 'NONE', #1829, #2826, #2345 ) ;
#1357 = DIRECTION ( 'NONE',  ( 0.000000000000000000, 1.000000000000000000, 0.000000000000000000 ) ) ;
#1358 = AXIS2_PLACEMENT_3D ( 'NONE', #2325, #2087, #3091 ) ;
#1359 = CIRCLE ( 'NONE', #335, 6.999999999999999112 ) ;
#1360 = ORIENTED_EDGE ( 'NONE', *, *, #2303, .F. ) ;
#1361 = VERTEX_POINT ( 'NONE', #2896 ) ;
#1362 = EDGE_CURVE ( 'NONE', #2334, #86, #508, .T. ) ;
#1363 = VECTOR ( 'NONE', #3290, 1000.000000000000000 ) ;
#1364 = VECTOR ( 'NONE', #778, 1000.000000000000000 ) ;
#1365 = CIRCLE ( 'NONE', #238, 0.2499999999999993616 ) ;
#1366 = LINE ( 'NONE', #604, #2174 ) ;
#1367 = VECTOR ( 'NONE', #3039, 1000.000000000000000 ) ;
#1368 = CARTESIAN_POINT ( 'NONE',  ( 0.000000000000000000, 1.000000000000021760, 8.000000000000000000 ) ) ;
#1369 = VECTOR ( 'NONE', #1865, 1000.000000000000000 ) ;
#1370 = CONICAL_SURFACE ( 'NONE', #717, 3.599999999999984990, 0.7853981633974501664 ) ;
#1371 = PLANE ( 'NONE',  #1590 ) ;
#1372 = CARTESIAN_POINT ( 'NONE',  ( 3.500000000000000444, 0.000000000000000000, 22.74999999999998579 ) ) ;
#1373 = ORIENTED_EDGE ( 'NONE', *, *, #2253, .F. ) ;
#1374 = FACE_OUTER_BOUND ( 'NONE', #331, .T. ) ;
#1375 = DIRECTION ( 'NONE',  ( 0.000000000000000000, 0.000000000000000000, -1.000000000000000000 ) ) ;
#1376 = CARTESIAN_POINT ( 'NONE',  ( 8.500000000000001776, 0.000000000000000000, -19.49999999999999645 ) ) ;
#1377 = VECTOR ( 'NONE', #1625, 1000.000000000000000 ) ;
#1378 = DIRECTION ( 'NONE',  ( -0.000000000000000000, -1.000000000000000000, -0.000000000000000000 ) ) ;
#1379 = EDGE_LOOP ( 'NONE', ( #3185, #2002, #3213, #1411 ) ) ;
#1380 = VERTEX_POINT ( 'NONE', #619 ) ;
#1381 = EDGE_CURVE ( 'NONE', #1938, #3235, #79, .T. ) ;
#1382 = ORIENTED_EDGE ( 'NONE', *, *, #2189, .T. ) ;
#1383 = DIRECTION ( 'NONE',  ( -1.000000000000000000, -0.000000000000000000, -0.000000000000000000 ) ) ;
#1384 = EDGE_CURVE ( 'NONE', #1709, #95, #938, .T. ) ;
#1385 = CARTESIAN_POINT ( 'NONE',  ( -3.500000000000000444, 15.09338662244782903, -19.25000000000000000 ) ) ;
#1386 = LINE ( 'NONE', #340, #1744 ) ;
#1387 = ADVANCED_FACE ( 'NONE', ( #2732 ), #2036, .F. ) ;
#1388 = CARTESIAN_POINT ( 'NONE',  ( 3.250000000000000000, 0.000000000000000000, -31.99999999999998579 ) ) ;
#1389 = ORIENTED_EDGE ( 'NONE', *, *, #518, .T. ) ;
#1390 = CARTESIAN_POINT ( 'NONE',  ( -3.500000000000000444, 0.000000000000000000, 22.74999999999998579 ) ) ;
#1391 = CARTESIAN_POINT ( 'NONE',  ( 8.500000000000003553, 2.999999999999999112, -28.24999999999998224 ) ) ;
#1392 = LINE ( 'NONE', #892, #995 ) ;
#1393 = CARTESIAN_POINT ( 'NONE',  ( -2.123875591785900685, 2.999999999999999112, 18.88092032901510819 ) ) ;
#1394 = EDGE_CURVE ( 'NONE', #3000, #767, #1444, .T. ) ;
#1395 = ORIENTED_EDGE ( 'NONE', *, *, #262, .T. ) ;
#1396 = VERTEX_POINT ( 'NONE', #699 ) ;
#1397 = ORIENTED_EDGE ( 'NONE', *, *, #2008, .F. ) ;
#1398 = CARTESIAN_POINT ( 'NONE',  ( 8.500000000000000000, 2.999999999999999112, 25.74999999999998224 ) ) ;
#1399 = LINE ( 'NONE', #1098, #1690 ) ;
#1400 = CARTESIAN_POINT ( 'NONE',  ( 8.500000000000003553, 0.000000000000000000, 22.24999999999999645 ) ) ;
#1401 = CARTESIAN_POINT ( 'NONE',  ( -8.500000000000000000, 2.999999999999999112, -19.74999999999999289 ) ) ;
#1402 = EDGE_CURVE ( 'NONE', #354, #1789, #1205, .T. ) ;
#1403 = DIRECTION ( 'NONE',  ( -1.000000000000000000, 0.000000000000000000, 1.387778780781445478E-15 ) ) ;
#1404 = DIRECTION ( 'NONE',  ( 0.000000000000000000, 1.000000000000000000, 0.000000000000000000 ) ) ;
#1405 = CARTESIAN_POINT ( 'NONE',  ( 3.500000000000000444, 0.000000000000000000, 25.74999999999998934 ) ) ;
#1406 = ORIENTED_EDGE ( 'NONE', *, *, #1520, .T. ) ;
#1407 = EDGE_CURVE ( 'NONE', #497, #648, #1997, .T. ) ;
#1408 = EDGE_CURVE ( 'NONE', #370, #3178, #3068, .T. ) ;
#1409 = CYLINDRICAL_SURFACE ( 'NONE', #2378, 0.2500000000000002220 ) ;
#1410 = ORIENTED_EDGE ( 'NONE', *, *, #1282, .F. ) ;
#1411 = ORIENTED_EDGE ( 'NONE', *, *, #1484, .F. ) ;
#1412 = AXIS2_PLACEMENT_3D ( 'NONE', #1617, #3128, #2930 ) ;
#1413 = ORIENTED_EDGE ( 'NONE', *, *, #2570, .T. ) ;
#1414 = LINE ( 'NONE', #1713, #1202 ) ;
#1415 = AXIS2_PLACEMENT_3D ( 'NONE', #1826, #2539, #3304 ) ;
#1416 = AXIS2_PLACEMENT_3D ( 'NONE', #2193, #3204, #677 ) ;
#1417 = PLANE ( 'NONE',  #2031 ) ;
#1418 = AXIS2_PLACEMENT_3D ( 'NONE', #1970, #2961, #976 ) ;
#1419 = VECTOR ( 'NONE', #2205, 1000.000000000000000 ) ;
#1420 = DIRECTION ( 'NONE',  ( -0.000000000000000000, -1.000000000000000000, -0.000000000000000000 ) ) ;
#1421 = FACE_OUTER_BOUND ( 'NONE', #2051, .T. ) ;
#1422 = DIRECTION ( 'NONE',  ( 0.000000000000000000, 1.000000000000000000, 0.000000000000000000 ) ) ;
#1423 = CIRCLE ( 'NONE', #2704, 2.749999999999999112 ) ;
#1424 = AXIS2_PLACEMENT_3D ( 'NONE', #1588, #1036, #314 ) ;
#1425 = VERTEX_POINT ( 'NONE', #446 ) ;
#1427 = ADVANCED_FACE ( 'NONE', ( #2213 ), #2515, .F. ) ;
#1426 = DIRECTION ( 'NONE',  ( -0.000000000000000000, -1.000000000000000000, -0.000000000000000000 ) ) ;
#1428 = LINE ( 'NONE', #1355, #2599 ) ;
#1429 = EDGE_LOOP ( 'NONE', ( #893, #2026, #1156, #187 ) ) ;
#1430 = DIRECTION ( 'NONE',  ( 0.000000000000000000, 0.000000000000000000, -1.000000000000000000 ) ) ;
#1432 = EDGE_CURVE ( 'NONE', #2399, #95, #2913, .T. ) ;
#1431 = ORIENTED_EDGE ( 'NONE', *, *, #2588, .F. ) ;
#1433 = ORIENTED_EDGE ( 'NONE', *, *, #688, .F. ) ;
#1434 = VERTEX_POINT ( 'NONE', #1753 ) ;
#1435 = DIRECTION ( 'NONE',  ( 1.000000000000000000, -0.000000000000000000, 1.387778780781445676E-15 ) ) ;
#1436 = CARTESIAN_POINT ( 'NONE',  ( 8.500000000000001776, 0.000000000000000000, 19.25000000000000000 ) ) ;
#1437 = ADVANCED_FACE ( 'NONE', ( #1225 ), #2250, .T. ) ;
#1438 = CARTESIAN_POINT ( 'NONE',  ( 3.250000000000001776, 2.999999999999999112, 28.49999999999998934 ) ) ;
#1439 = CARTESIAN_POINT ( 'NONE',  ( 8.500000000000001776, 2.999999999999999112, -19.49999999999999645 ) ) ;
#1440 = DIRECTION ( 'NONE',  ( -1.000000000000000000, -0.000000000000000000, -0.000000000000000000 ) ) ;
#1441 = EDGE_CURVE ( 'NONE', #2175, #452, #683, .T. ) ;
#1442 = VERTEX_POINT ( 'NONE', #467 ) ;
#1443 = CARTESIAN_POINT ( 'NONE',  ( -8.500000000000000000, 0.000000000000000000, 25.74999999999998224 ) ) ;
#1444 = LINE ( 'NONE', #415, #3233 ) ;
#1445 = EDGE_LOOP ( 'NONE', ( #1832, #1758, #941, #3292, #2354, #2631, #209, #2299, #603, #2359, #1711, #1644, #1888, #2203, #2543, #2506, #2216, #2601, #634, #1913, #1934, #1489, #2266, #546, #99, #66, #2171, #3264, #2748, #3184, #1213, #728, #859, #1936, #3069, #413 ) ) ;
#1446 = DIRECTION ( 'NONE',  ( 0.000000000000000000, 1.000000000000000000, 0.000000000000000000 ) ) ;
#1447 = ORIENTED_EDGE ( 'NONE', *, *, #1853, .T. ) ;
#1448 = ORIENTED_EDGE ( 'NONE', *, *, #1010, .T. ) ;
#1449 = EDGE_CURVE ( 'NONE', #1620, #2582, #429, .T. ) ;
#1450 = ADVANCED_FACE ( 'NONE', ( #2265 ), #942, .F. ) ;
#1451 = DIRECTION ( 'NONE',  ( -0.000000000000000000, -1.000000000000000000, -0.000000000000000000 ) ) ;
#1452 = EDGE_CURVE ( 'NONE', #1174, #1231, #3027, .T. ) ;
#1453 = ORIENTED_EDGE ( 'NONE', *, *, #696, .T. ) ;
#1454 = DIRECTION ( 'NONE',  ( 0.000000000000000000, 0.000000000000000000, -1.000000000000000000 ) ) ;
#1455 = DIRECTION ( 'NONE',  ( -0.000000000000000000, -0.000000000000000000, 1.000000000000000000 ) ) ;
#1456 = DIRECTION ( 'NONE',  ( 0.000000000000000000, 1.000000000000000000, 0.000000000000000000 ) ) ;
#1457 = CARTESIAN_POINT ( 'NONE',  ( 8.500000000000003553, 15.09338662244782903, -22.24999999999999645 ) ) ;
#1458 = FACE_OUTER_BOUND ( 'NONE', #102, .T. ) ;
#1459 = VERTEX_POINT ( 'NONE', #2526 ) ;
#1460 = CYLINDRICAL_SURFACE ( 'NONE', #1033, 2.750000000000002665 ) ;
#1461 = DIRECTION ( 'NONE',  ( 0.000000000000000000, -0.000000000000000000, 1.000000000000000000 ) ) ;
#1462 = EDGE_CURVE ( 'NONE', #1328, #232, #2654, .T. ) ;
#1463 = EDGE_LOOP ( 'NONE', ( #2548, #2718, #974, #1950 ) ) ;
#1464 = DIRECTION ( 'NONE',  ( -0.000000000000000000, -1.000000000000000000, -0.000000000000000000 ) ) ;
#1465 = ORIENTED_EDGE ( 'NONE', *, *, #2588, .T. ) ;
#1466 = ORIENTED_EDGE ( 'NONE', *, *, #2092, .T. ) ;
#1467 = DIRECTION ( 'NONE',  ( 0.000000000000000000, 1.000000000000000000, 0.000000000000000000 ) ) ;
#1468 = VERTEX_POINT ( 'NONE', #3294 ) ;
#1469 = FILL_AREA_STYLE_COLOUR ( '', #1310 ) ;
#1470 = ADVANCED_FACE ( 'NONE', ( #1735 ), #1004, .T. ) ;
#1471 = VECTOR ( 'NONE', #698, 1000.000000000000000 ) ;
#1472 = AXIS2_PLACEMENT_3D ( 'NONE', #3246, #957, #1983 ) ;
#1473 = CARTESIAN_POINT ( 'NONE',  ( 3.500000000000000444, 2.999999999999999112, 25.74999999999998934 ) ) ;
#1474 = CIRCLE ( 'NONE', #1953, 0.2499999999999985012 ) ;
#1475 = DIRECTION ( 'NONE',  ( 0.000000000000000000, 1.000000000000000000, 0.000000000000000000 ) ) ;
#1476 = LINE ( 'NONE', #2490, #2184 ) ;
#1477 = CIRCLE ( 'NONE', #2173, 3.999999999999996447 ) ;
#1478 = VECTOR ( 'NONE', #2110, 1000.000000000000000 ) ;
#1479 = ORIENTED_EDGE ( 'NONE', *, *, #2751, .T. ) ;
#1480 = LINE ( 'NONE', #200, #819 ) ;
#1481 = CARTESIAN_POINT ( 'NONE',  ( -3.500000000000000888, 2.999999999999999112, -22.50000000000000000 ) ) ;
#1482 = AXIS2_PLACEMENT_3D ( 'NONE', #598, #100, #2884 ) ;
#1483 = AXIS2_PLACEMENT_3D ( 'NONE', #2976, #2496, #3274 ) ;
#1484 = EDGE_CURVE ( 'NONE', #926, #2371, #2993, .T. ) ;
#1485 = ORIENTED_EDGE ( 'NONE', *, *, #57, .F. ) ;
#1486 = VECTOR ( 'NONE', #868, 1000.000000000000000 ) ;
#1487 = AXIS2_PLACEMENT_3D ( 'NONE', #982, #2972, #709 ) ;
#1488 = CARTESIAN_POINT ( 'NONE',  ( 3.250000000000000000, 6.999999999999999112, 31.99999999999999289 ) ) ;
#1489 = ORIENTED_EDGE ( 'NONE', *, *, #2150, .F. ) ;
#1490 = ORIENTED_EDGE ( 'NONE', *, *, #1498, .F. ) ;
#1491 = DIRECTION ( 'NONE',  ( 0.000000000000000000, 0.000000000000000000, -1.000000000000000000 ) ) ;
#1492 = ORIENTED_EDGE ( 'NONE', *, *, #1452, .F. ) ;
#1493 = DIRECTION ( 'NONE',  ( 0.000000000000000000, 0.000000000000000000, 1.000000000000000000 ) ) ;
#1494 = AXIS2_PLACEMENT_3D ( 'NONE', #1181, #1200, #2210 ) ;
#1495 = CARTESIAN_POINT ( 'NONE',  ( 3.500000000000000888, 15.09338662244782903, 28.49999999999998934 ) ) ;
#1496 = DIRECTION ( 'NONE',  ( 1.000000000000000000, 0.000000000000000000, 1.387778780781445478E-15 ) ) ;
#1497 = DIRECTION ( 'NONE',  ( 0.000000000000000000, 0.000000000000000000, -1.000000000000000000 ) ) ;
#1498 = EDGE_CURVE ( 'NONE', #3098, #1736, #496, .T. ) ;
#1499 = EDGE_CURVE ( 'NONE', #2651, #1168, #516, .T. ) ;
#1500 = ORIENTED_EDGE ( 'NONE', *, *, #3018, .F. ) ;
#1501 = CYLINDRICAL_SURFACE ( 'NONE', #2800, 19.00000000000000000 ) ;
#1502 = CARTESIAN_POINT ( 'NONE',  ( 3.500000000000000444, 15.09338662244782903, -19.25000000000000000 ) ) ;
#1503 = ORIENTED_EDGE ( 'NONE', *, *, #1138, .T. ) ;
#1504 = FACE_OUTER_BOUND ( 'NONE', #3016, .T. ) ;
#1505 = ORIENTED_EDGE ( 'NONE', *, *, #1214, .T. ) ;
#1506 = DIRECTION ( 'NONE',  ( 1.000000000000000000, 0.000000000000000000, 0.000000000000000000 ) ) ;
#1507 = ORIENTED_EDGE ( 'NONE', *, *, #1514, .F. ) ;
#1508 = DIRECTION ( 'NONE',  ( -0.000000000000000000, -1.000000000000000000, -0.000000000000000000 ) ) ;
#1509 = CARTESIAN_POINT ( 'NONE',  ( -3.500000000000000444, 15.09338662244782903, -22.74999999999998579 ) ) ;
#1510 = LINE ( 'NONE', #1221, #843 ) ;
#1511 = ORIENTED_EDGE ( 'NONE', *, *, #998, .T. ) ;
#1512 = CARTESIAN_POINT ( 'NONE',  ( 3.250000000000000000, 2.999999999999999112, -29.49999999999998579 ) ) ;
#1513 = DIRECTION ( 'NONE',  ( 0.000000000000000000, 0.7071067811865486830, 0.7071067811865464625 ) ) ;
#1514 = EDGE_CURVE ( 'NONE', #473, #923, #3071, .T. ) ;
#1515 = ORIENTED_EDGE ( 'NONE', *, *, #269, .F. ) ;
#1516 = CARTESIAN_POINT ( 'NONE',  ( -8.500000000000000000, 2.999999999999999112, 19.74999999999999289 ) ) ;
#1517 = VERTEX_POINT ( 'NONE', #1285 ) ;
#1518 = CARTESIAN_POINT ( 'NONE',  ( -3.500000000000000888, 0.000000000000000000, 22.50000000000000000 ) ) ;
#1519 = ORIENTED_EDGE ( 'NONE', *, *, #1769, .F. ) ;
#1520 = EDGE_CURVE ( 'NONE', #2921, #1702, #1817, .T. ) ;
#1521 = DIRECTION ( 'NONE',  ( 1.000000000000000000, 0.000000000000000000, 0.000000000000000000 ) ) ;
#1522 = LINE ( 'NONE', #1316, #1363 ) ;
#1523 = AXIS2_PLACEMENT_3D ( 'NONE', #531, #2295, #2561 ) ;
#1524 = DIRECTION ( 'NONE',  ( 1.000000000000000000, -0.000000000000000000, 0.000000000000000000 ) ) ;
#1525 = AXIS2_PLACEMENT_3D ( 'NONE', #1016, #276, #1029 ) ;
#1526 = ORIENTED_EDGE ( 'NONE', *, *, #1831, .T. ) ;
#1527 = FACE_BOUND ( 'NONE', #1706, .T. ) ;
#1528 = DIRECTION ( 'NONE',  ( 0.000000000000000000, 0.000000000000000000, 1.000000000000000000 ) ) ;
#1529 = AXIS2_PLACEMENT_3D ( 'NONE', #1342, #1058, #1311 ) ;
#1530 = ORIENTED_EDGE ( 'NONE', *, *, #1298, .F. ) ;
#1531 = VECTOR ( 'NONE', #1904, 1000.000000000000000 ) ;
#1532 = ADVANCED_FACE ( 'NONE', ( #763 ), #1030, .T. ) ;
#1533 = CARTESIAN_POINT ( 'NONE',  ( -0.7500000000000015543, 0.000000000000000000, 29.49999999999998579 ) ) ;
#1534 = AXIS2_PLACEMENT_3D ( 'NONE', #820, #2869, #571 ) ;
#1535 = AXIS2_PLACEMENT_3D ( 'NONE', #2441, #1170, #921 ) ;
#1536 = EDGE_LOOP ( 'NONE', ( #2107, #1639, #2243, #1433 ) ) ;
#1537 = VECTOR ( 'NONE', #889, 1000.000000000000000 ) ;
#1538 = AXIS2_PLACEMENT_3D ( 'NONE', #1993, #2727, #3257 ) ;
#1539 = ADVANCED_FACE ( 'NONE', ( #261 ), #1370, .F. ) ;
#1540 = DIRECTION ( 'NONE',  ( 0.000000000000000000, 0.000000000000000000, -1.000000000000000000 ) ) ;
#1541 = EDGE_LOOP ( 'NONE', ( #362, #302, #2612, #3283 ) ) ;
#1542 = EDGE_CURVE ( 'NONE', #2638, #555, #1782, .T. ) ;
#1543 = PRODUCT_DEFINITION_SHAPE ( 'NONE', 'NONE',  #2583 ) ;
#1544 = CARTESIAN_POINT ( 'NONE',  ( 0.000000000000000000, 3.000000000000000000, 8.000000000000000000 ) ) ;
#1545 = LINE ( 'NONE', #1811, #3176 ) ;
#1546 = DIRECTION ( 'NONE',  ( -0.000000000000000000, -1.000000000000000000, -0.000000000000000000 ) ) ;
#1547 = EDGE_CURVE ( 'NONE', #1584, #1733, #44, .T. ) ;
#1548 = CIRCLE ( 'NONE', #1327, 19.00000000000000000 ) ;
#1549 = ORIENTED_EDGE ( 'NONE', *, *, #3154, .T. ) ;
#1550 = CARTESIAN_POINT ( 'NONE',  ( 8.500000000000003553, 15.09338662244782903, 22.24999999999999645 ) ) ;
#1551 = CIRCLE ( 'NONE', #204, 3.599999999999992983 ) ;
#1552 = CARTESIAN_POINT ( 'NONE',  ( 3.250000000000000000, 6.999999999999999112, 31.99999999999999289 ) ) ;
#1553 = VERTEX_POINT ( 'NONE', #3122 ) ;
#1554 = CIRCLE ( 'NONE', #2609, 0.2499999999999967526 ) ;
#1555 = CARTESIAN_POINT ( 'NONE',  ( 3.250000000000000000, 10.46410161513774995, -34.00000000000000000 ) ) ;
#1556 = ORIENTED_EDGE ( 'NONE', *, *, #2058, .T. ) ;
#1557 = CARTESIAN_POINT ( 'NONE',  ( 3.500000000000000888, 15.09338662244782903, -22.25000000000000000 ) ) ;
#1558 = EDGE_CURVE ( 'NONE', #2269, #2956, #1830, .T. ) ;
#1559 = DIRECTION ( 'NONE',  ( 0.000000000000000000, 0.000000000000000000, 1.000000000000000000 ) ) ;
#1560 = EDGE_LOOP ( 'NONE', ( #2885, #2442, #2289, #538 ) ) ;
#1561 = EDGE_CURVE ( 'NONE', #1434, #473, #2219, .T. ) ;
#1562 = FACE_OUTER_BOUND ( 'NONE', #1379, .T. ) ;
#1563 = FACE_OUTER_BOUND ( 'NONE', #2448, .T. ) ;
#1564 = DIRECTION ( 'NONE',  ( -0.000000000000000000, 1.000000000000000000, -0.000000000000000000 ) ) ;
#1565 = ADVANCED_FACE ( 'NONE', ( #296 ), #8, .T. ) ;
#1566 = ORIENTED_EDGE ( 'NONE', *, *, #1642, .T. ) ;
#1567 = DIRECTION ( 'NONE',  ( 0.000000000000000000, 0.000000000000000000, 1.000000000000000000 ) ) ;
#1568 = DIRECTION ( 'NONE',  ( -1.000000000000000000, -0.000000000000000000, -0.000000000000000000 ) ) ;
#1569 = EDGE_LOOP ( 'NONE', ( #116, #2017, #574, #2256 ) ) ;
#1570 = ADVANCED_FACE ( 'NONE', ( #1599 ), #1301, .T. ) ;
#1571 = CARTESIAN_POINT ( 'NONE',  ( 3.500000000000000444, 2.999999999999999112, 25.24999999999998934 ) ) ;
#1572 = ORIENTED_EDGE ( 'NONE', *, *, #2094, .F. ) ;
#1573 = CARTESIAN_POINT ( 'NONE',  ( -3.469446951953614189E-15, 3.000000000000000000, -4.400000000000007461 ) ) ;
#1574 = FACE_OUTER_BOUND ( 'NONE', #2363, .T. ) ;
#1575 = ADVANCED_FACE ( 'NONE', ( #2841 ), #2610, .F. ) ;
#1576 = ORIENTED_EDGE ( 'NONE', *, *, #687, .F. ) ;
#1577 = EDGE_CURVE ( 'NONE', #1468, #1702, #17, .T. ) ;
#1578 = LINE ( 'NONE', #2584, #1957 ) ;
#1579 = DIRECTION ( 'NONE',  ( 0.000000000000000000, 1.000000000000000000, 0.000000000000000000 ) ) ;
#1580 = DIRECTION ( 'NONE',  ( 0.000000000000000000, 0.000000000000000000, -1.000000000000000000 ) ) ;
#1581 = VERTEX_POINT ( 'NONE', #310 ) ;
#1582 = DIRECTION ( 'NONE',  ( 0.000000000000000000, 0.000000000000000000, 1.000000000000000000 ) ) ;
#1583 = CARTESIAN_POINT ( 'NONE',  ( 0.000000000000000000, 2.999999999999999112, 8.000000000000000000 ) ) ;
#1584 = VERTEX_POINT ( 'NONE', #1337 ) ;
#1585 = CIRCLE ( 'NONE', #3221, 19.00000000000000000 ) ;
#1586 = DIRECTION ( 'NONE',  ( 0.000000000000000000, 1.000000000000000000, 0.000000000000000000 ) ) ;
#1587 = VERTEX_POINT ( 'NONE', #2358 ) ;
#1588 = CARTESIAN_POINT ( 'NONE',  ( -3.500000000000000444, 15.09338662244782903, 19.25000000000000000 ) ) ;
#1589 = AXIS2_PLACEMENT_3D ( 'NONE', #3205, #730, #2777 ) ;
#1590 = AXIS2_PLACEMENT_3D ( 'NONE', #1385, #2387, #2608 ) ;
#1591 = VECTOR ( 'NONE', #943, 999.9999999999998863 ) ;
#1592 = VECTOR ( 'NONE', #1810, 1000.000000000000000 ) ;
#1593 = DIRECTION ( 'NONE',  ( -1.000000000000000000, -0.000000000000000000, -0.000000000000000000 ) ) ;
#1594 = ORIENTED_EDGE ( 'NONE', *, *, #1407, .T. ) ;
#1595 = AXIS2_PLACEMENT_3D ( 'NONE', #1211, #205, #218 ) ;
#1596 = DIRECTION ( 'NONE',  ( 0.000000000000000000, 0.000000000000000000, 1.000000000000000000 ) ) ;
#1597 = LINE ( 'NONE', #2606, #3140 ) ;
#1598 = CARTESIAN_POINT ( 'NONE',  ( 3.500000000000000444, 15.09338662244782903, 16.49999999999999289 ) ) ;
#1599 = FACE_OUTER_BOUND ( 'NONE', #849, .T. ) ;
#1600 = ORIENTED_EDGE ( 'NONE', *, *, #2508, .T. ) ;
#1601 = ADVANCED_FACE ( 'NONE', ( #1078 ), #2545, .T. ) ;
#1602 = FACE_OUTER_BOUND ( 'NONE', #1119, .T. ) ;
#1603 = CIRCLE ( 'NONE', #3191, 0.2499999999999993616 ) ;
#1604 = EDGE_LOOP ( 'NONE', ( #686, #785, #2862, #3183 ) ) ;
#1605 = DIRECTION ( 'NONE',  ( 1.000000000000000000, 0.000000000000000000, 0.000000000000000000 ) ) ;
#1606 = VERTEX_POINT ( 'NONE', #1017 ) ;
#1607 = CARTESIAN_POINT ( 'NONE',  ( -2.123875591785903350, 0.000000000000000000, -18.88092032901510109 ) ) ;
#1608 = ORIENTED_EDGE ( 'NONE', *, *, #1394, .F. ) ;
#1609 = ORIENTED_EDGE ( 'NONE', *, *, #2166, .T. ) ;
#1611 = EDGE_CURVE ( 'NONE', #2095, #1675, #2940, .T. ) ;
#1610 = CARTESIAN_POINT ( 'NONE',  ( 8.500000000000003553, 15.09338662244782903, 22.24999999999999645 ) ) ;
#1612 = CARTESIAN_POINT ( 'NONE',  ( 3.500000000000000888, 15.09338662244782903, -28.24999999999998934 ) ) ;
#1613 = DIRECTION ( 'NONE',  ( -0.000000000000000000, -1.000000000000000000, -0.000000000000000000 ) ) ;
#1614 = CARTESIAN_POINT ( 'NONE',  ( -8.500000000000003553, 15.09338662244782903, 22.24999999999999645 ) ) ;
#1615 = EDGE_LOOP ( 'NONE', ( #2616, #67, #2493, #1136 ) ) ;
#1616 = DIRECTION ( 'NONE',  ( -1.000000000000000000, -0.000000000000000000, -0.000000000000000000 ) ) ;
#1618 = EDGE_CURVE ( 'NONE', #997, #1171, #2232, .T. ) ;
#1617 = CARTESIAN_POINT ( 'NONE',  ( -3.500000000000000444, 2.999999999999999112, 16.49999999999999289 ) ) ;
#1619 = FACE_OUTER_BOUND ( 'NONE', #587, .T. ) ;
#1620 = VERTEX_POINT ( 'NONE', #2904 ) ;
#1621 = FACE_OUTER_BOUND ( 'NONE', #2981, .T. ) ;
#1622 = ORIENTED_EDGE ( 'NONE', *, *, #307, .T. ) ;
#1623 = ORIENTED_EDGE ( 'NONE', *, *, #1330, .F. ) ;
#1624 = CARTESIAN_POINT ( 'NONE',  ( 8.500000000000001776, 2.999999999999999112, -25.49999999999998934 ) ) ;
#1625 = DIRECTION ( 'NONE',  ( -0.000000000000000000, -1.000000000000000000, -0.000000000000000000 ) ) ;
#1626 = DIRECTION ( 'NONE',  ( -0.000000000000000000, -1.000000000000000000, -0.000000000000000000 ) ) ;
#1627 = CARTESIAN_POINT ( 'NONE',  ( 3.500000000000000444, 0.000000000000000000, 16.49999999999999289 ) ) ;
#1628 = ORIENTED_EDGE ( 'NONE', *, *, #2046, .F. ) ;
#1629 = ADVANCED_FACE ( 'NONE', ( #2417 ), #1651, .F. ) ;
#1630 = FACE_OUTER_BOUND ( 'NONE', #2471, .T. ) ;
#1631 = FACE_OUTER_BOUND ( 'NONE', #2948, .T. ) ;
#1632 = CARTESIAN_POINT ( 'NONE',  ( -3.500000000000000444, 0.000000000000000000, 19.25000000000000000 ) ) ;
#1633 = ORIENTED_EDGE ( 'NONE', *, *, #2000, .F. ) ;
#1634 = AXIS2_PLACEMENT_3D ( 'NONE', #906, #1916, #632 ) ;
#1635 = EDGE_CURVE ( 'NONE', #2157, #2078, #1099, .T. ) ;
#1636 = DIRECTION ( 'NONE',  ( 0.000000000000000000, 0.000000000000000000, -1.000000000000000000 ) ) ;
#1637 = AXIS2_PLACEMENT_3D ( 'NONE', #2236, #2019, #2470 ) ;
#1638 = AXIS2_PLACEMENT_3D ( 'NONE', #1598, #226, #1250 ) ;
#1639 = ORIENTED_EDGE ( 'NONE', *, *, #870, .T. ) ;
#1640 = ORIENTED_EDGE ( 'NONE', *, *, #2314, .F. ) ;
#1641 = VECTOR ( 'NONE', #2757, 1000.000000000000000 ) ;
#1642 = EDGE_CURVE ( 'NONE', #385, #2175, #2492, .T. ) ;
#1643 = EDGE_CURVE ( 'NONE', #86, #452, #2063, .T. ) ;
#1644 = ORIENTED_EDGE ( 'NONE', *, *, #1324, .T. ) ;
#1645 = VECTOR ( 'NONE', #2126, 1000.000000000000000 ) ;
#1646 = CARTESIAN_POINT ( 'NONE',  ( -3.250000000000001776, -2.755455298081545271E-16, -29.49999999999998579 ) ) ;
#1647 = AXIS2_PLACEMENT_3D ( 'NONE', #1868, #1329, #2627 ) ;
#1648 = VECTOR ( 'NONE', #3093, 1000.000000000000000 ) ;
#1649 = AXIS2_PLACEMENT_3D ( 'NONE', #2827, #532, #798 ) ;
#1650 = CARTESIAN_POINT ( 'NONE',  ( 3.500000000000000888, 15.09338662244782903, -28.49999999999998934 ) ) ;
#1651 = CYLINDRICAL_SURFACE ( 'NONE', #1908, 0.2500000000000002220 ) ;
#1652 = DIRECTION ( 'NONE',  ( 0.000000000000000000, 0.000000000000000000, 1.000000000000000000 ) ) ;
#1653 = ORIENTED_EDGE ( 'NONE', *, *, #850, .T. ) ;
#1654 = CARTESIAN_POINT ( 'NONE',  ( -8.910822310920377021, 0.000000000000000000, 16.78085950549625949 ) ) ;
#1655 = CARTESIAN_POINT ( 'NONE',  ( 8.500000000000000000, 2.999999999999999112, -25.74999999999998224 ) ) ;
#1656 = DIRECTION ( 'NONE',  ( -0.000000000000000000, -1.000000000000000000, -0.000000000000000000 ) ) ;
#1657 = VECTOR ( 'NONE', #2791, 1000.000000000000000 ) ;
#1658 = FACE_OUTER_BOUND ( 'NONE', #150, .T. ) ;
#1659 = ORIENTED_EDGE ( 'NONE', *, *, #852, .T. ) ;
#1660 = VECTOR ( 'NONE', #1927, 1000.000000000000000 ) ;
#1661 = ORIENTED_EDGE ( 'NONE', *, *, #552, .F. ) ;
#1662 = ORIENTED_EDGE ( 'NONE', *, *, #3242, .F. ) ;
#1663 = CARTESIAN_POINT ( 'NONE',  ( -3.500000000000000444, 2.999999999999999112, -16.49999999999999289 ) ) ;
#1664 = EDGE_CURVE ( 'NONE', #1971, #1088, #106, .T. ) ;
#1665 = FACE_OUTER_BOUND ( 'NONE', #34, .T. ) ;
#1666 = DIRECTION ( 'NONE',  ( -1.000000000000000000, 0.000000000000000000, 1.387778780781445676E-15 ) ) ;
#1667 = CARTESIAN_POINT ( 'NONE',  ( -3.500000000000000888, 0.000000000000000000, -28.49999999999998934 ) ) ;
#1668 = EDGE_CURVE ( 'NONE', #2967, #2157, #1349, .T. ) ;
#1669 = CARTESIAN_POINT ( 'NONE',  ( 8.500000000000001776, 2.999999999999999112, -22.74999999999998579 ) ) ;
#1670 = DIRECTION ( 'NONE',  ( -1.000000000000000000, 0.000000000000000000, -1.387778780781445676E-15 ) ) ;
#1671 = CARTESIAN_POINT ( 'NONE',  ( -8.500000000000001776, 15.09338662244782903, 19.49999999999999645 ) ) ;
#1672 = ADVANCED_FACE ( 'NONE', ( #2623 ), #124, .F. ) ;
#1673 = ORIENTED_EDGE ( 'NONE', *, *, #687, .T. ) ;
#1674 = DIRECTION ( 'NONE',  ( 1.000000000000000000, 0.000000000000000000, -0.000000000000000000 ) ) ;
#1675 = VERTEX_POINT ( 'NONE', #3141 ) ;
#1676 = ORIENTED_EDGE ( 'NONE', *, *, #2530, .T. ) ;
#1677 = VERTEX_POINT ( 'NONE', #376 ) ;
#1678 = CARTESIAN_POINT ( 'NONE',  ( -3.500000000000000888, 0.000000000000000000, 28.24999999999998934 ) ) ;
#1679 = CARTESIAN_POINT ( 'NONE',  ( 3.500000000000000888, 0.000000000000000000, -28.49999999999998934 ) ) ;
#1680 = CARTESIAN_POINT ( 'NONE',  ( 0.000000000000000000, 3.000000000000000000, 11.59999999999998543 ) ) ;
#1681 = CARTESIAN_POINT ( 'NONE',  ( 3.250000000000000000, 0.000000000000000000, -31.99999999999998579 ) ) ;
#1682 = ORIENTED_EDGE ( 'NONE', *, *, #1147, .F. ) ;
#1683 = FACE_OUTER_BOUND ( 'NONE', #985, .T. ) ;
#1684 = DIRECTION ( 'NONE',  ( 1.000000000000000000, 0.000000000000000000, -0.000000000000000000 ) ) ;
#1685 = VERTEX_POINT ( 'NONE', #2688 ) ;
#1686 = CARTESIAN_POINT ( 'NONE',  ( 3.250000000000001776, 15.09338662244782903, -28.49999999999998934 ) ) ;
#1687 = ORIENTED_EDGE ( 'NONE', *, *, #2600, .F. ) ;
#1688 = VECTOR ( 'NONE', #445, 1000.000000000000000 ) ;
#1689 = ORIENTED_EDGE ( 'NONE', *, *, #1094, .F. ) ;
#1690 = VECTOR ( 'NONE', #2148, 1000.000000000000000 ) ;
#1691 = EDGE_LOOP ( 'NONE', ( #959, #3200, #2715, #1572 ) ) ;
#1692 = VECTOR ( 'NONE', #932, 1000.000000000000000 ) ;
#1693 = EDGE_CURVE ( 'NONE', #1685, #978, #2659, .T. ) ;
#1694 = AXIS2_PLACEMENT_3D ( 'NONE', #1544, #2537, #1278 ) ;
#1695 = AXIS2_PLACEMENT_3D ( 'NONE', #2499, #183, #2717 ) ;
#1696 = VECTOR ( 'NONE', #707, 1000.000000000000000 ) ;
#1697 = LINE ( 'NONE', #1960, #1898 ) ;
#1698 = PLANE ( 'NONE',  #777 ) ;
#1699 = DIRECTION ( 'NONE',  ( -1.000000000000000000, 0.000000000000000000, 0.000000000000000000 ) ) ;
#1700 = AXIS2_PLACEMENT_3D ( 'NONE', #3193, #2391, #326 ) ;
#1701 = AXIS2_PLACEMENT_3D ( 'NONE', #1071, #2882, #1057 ) ;
#1702 = VERTEX_POINT ( 'NONE', #1680 ) ;
#1703 = DIRECTION ( 'NONE',  ( -1.000000000000000000, 0.000000000000000000, 0.000000000000000000 ) ) ;
#1704 = DIRECTION ( 'NONE',  ( -0.000000000000000000, -1.000000000000000000, -0.000000000000000000 ) ) ;
#1705 = EDGE_CURVE ( 'NONE', #1258, #3142, #866, .T. ) ;
#1706 = EDGE_LOOP ( 'NONE', ( #2579, #1609, #691, #1059, #1020, #2454, #2619, #1397, #1682, #253, #167, #2138, #2745, #45, #989, #2560, #3010, #912, #418, #3049, #3124, #2098 ) ) ;
#1707 = DIRECTION ( 'NONE',  ( 0.000000000000000000, 0.000000000000000000, -1.000000000000000000 ) ) ;
#1708 = EDGE_LOOP ( 'NONE', ( #2905, #1373, #2239, #1276, #2101, #3052, #1673, #1064 ) ) ;
#1709 = VERTEX_POINT ( 'NONE', #3190 ) ;
#1710 = DIRECTION ( 'NONE',  ( -1.000000000000000000, 0.000000000000000000, 0.000000000000000000 ) ) ;
#1711 = ORIENTED_EDGE ( 'NONE', *, *, #2494, .F. ) ;
#1712 = VECTOR ( 'NONE', #1840, 1000.000000000000000 ) ;
#1713 = CARTESIAN_POINT ( 'NONE',  ( 0.7500000000000015543, 15.09338662244782903, 28.49999999999998934 ) ) ;
#1714 = EDGE_CURVE ( 'NONE', #1677, #818, #346, .T. ) ;
#1715 = VECTOR ( 'NONE', #1455, 1000.000000000000000 ) ;
#1716 = DIRECTION ( 'NONE',  ( 0.000000000000000000, 1.000000000000000000, 0.000000000000000000 ) ) ;
#1717 = LINE ( 'NONE', #1457, #2645 ) ;
#1718 = DIRECTION ( 'NONE',  ( -0.000000000000000000, -1.000000000000000000, -0.000000000000000000 ) ) ;
#1719 = EDGE_LOOP ( 'NONE', ( #3315, #703, #1622, #1972 ) ) ;
#1720 = LINE ( 'NONE', #177, #1688 ) ;
#1721 = CARTESIAN_POINT ( 'NONE',  ( 3.500000000000000444, 15.09338662244782903, 19.25000000000000000 ) ) ;
#1722 = ORIENTED_EDGE ( 'NONE', *, *, #975, .T. ) ;
#1723 = EDGE_CURVE ( 'NONE', #3178, #1434, #2891, .T. ) ;
#1724 = PLANE ( 'NONE',  #1418 ) ;
#1725 = ORIENTED_EDGE ( 'NONE', *, *, #2737, .F. ) ;
#1726 = ORIENTED_EDGE ( 'NONE', *, *, #2004, .F. ) ;
#1727 = DIRECTION ( 'NONE',  ( -0.000000000000000000, -0.000000000000000000, 1.000000000000000000 ) ) ;
#1728 = EDGE_LOOP ( 'NONE', ( #2424, #1160, #724, #2534 ) ) ;
#1729 = DIRECTION ( 'NONE',  ( -1.000000000000000000, 0.000000000000000000, 1.387778780781445676E-15 ) ) ;
#1730 = CARTESIAN_POINT ( 'NONE',  ( -8.500000000000000000, 0.000000000000000000, 19.74999999999999289 ) ) ;
#1731 = CARTESIAN_POINT ( 'NONE',  ( 3.500000000000000888, 2.999999999999999112, 22.25000000000000000 ) ) ;
#1732 = CARTESIAN_POINT ( 'NONE',  ( -3.500000000000000444, 0.000000000000000000, 25.24999999999998934 ) ) ;
#1733 = VERTEX_POINT ( 'NONE', #389 ) ;
#1734 = DIRECTION ( 'NONE',  ( 0.000000000000000000, 0.000000000000000000, -1.000000000000000000 ) ) ;
#1735 = FACE_OUTER_BOUND ( 'NONE', #971, .T. ) ;
#1736 = VERTEX_POINT ( 'NONE', #1863 ) ;
#1737 = FACE_BOUND ( 'NONE', #672, .T. ) ;
#1738 = ORIENTED_EDGE ( 'NONE', *, *, #1062, .T. ) ;
#1739 = ORIENTED_EDGE ( 'NONE', *, *, #3083, .T. ) ;
#1740 = LINE ( 'NONE', #674, #2536 ) ;
#1741 = ORIENTED_EDGE ( 'NONE', *, *, #1110, .T. ) ;
#1742 = CARTESIAN_POINT ( 'NONE',  ( 3.250000000000001776, -2.755455298081545271E-16, 29.49999999999998579 ) ) ;
#1743 = AXIS2_PLACEMENT_3D ( 'NONE', #2440, #2165, #2408 ) ;
#1744 = VECTOR ( 'NONE', #1125, 1000.000000000000000 ) ;
#1745 = DIRECTION ( 'NONE',  ( 1.000000000000000000, 0.000000000000000000, 0.000000000000000000 ) ) ;
#1746 = CIRCLE ( 'NONE', #2011, 2.749999999999999112 ) ;
#1747 = DIRECTION ( 'NONE',  ( -0.000000000000000000, -1.000000000000000000, -0.000000000000000000 ) ) ;
#1748 = DIRECTION ( 'NONE',  ( 0.000000000000000000, 0.000000000000000000, 1.000000000000000000 ) ) ;
#1749 = CIRCLE ( 'NONE', #1145, 2.749999999999999112 ) ;
#1750 = CIRCLE ( 'NONE', #2805, 0.2499999999999967526 ) ;
#1751 = ORIENTED_EDGE ( 'NONE', *, *, #1305, .F. ) ;
#1752 = DIRECTION ( 'NONE',  ( -1.000000000000000000, 0.000000000000000000, -0.000000000000000000 ) ) ;
#1753 = CARTESIAN_POINT ( 'NONE',  ( -8.500000000000001776, 2.999999999999999112, -22.74999999999998579 ) ) ;
#1754 = AXIS2_PLACEMENT_3D ( 'NONE', #1275, #3097, #3080 ) ;
#1755 = ORIENTED_EDGE ( 'NONE', *, *, #2422, .T. ) ;
#1756 = FACE_OUTER_BOUND ( 'NONE', #353, .T. ) ;
#1757 = ORIENTED_EDGE ( 'NONE', *, *, #1333, .F. ) ;
#1758 = ORIENTED_EDGE ( 'NONE', *, *, #2116, .T. ) ;
#1759 = CARTESIAN_POINT ( 'NONE',  ( 8.500000000000001776, 15.09338662244782903, 19.25000000000000000 ) ) ;
#1760 = ORIENTED_EDGE ( 'NONE', *, *, #2919, .T. ) ;
#1761 = AXIS2_PLACEMENT_3D ( 'NONE', #679, #2453, #1150 ) ;
#1762 = ADVANCED_FACE ( 'NONE', ( #1421 ), #579, .F. ) ;
#1763 = CARTESIAN_POINT ( 'NONE',  ( 3.500000000000000444, 15.09338662244782903, 25.24999999999998934 ) ) ;
#1764 = CARTESIAN_POINT ( 'NONE',  ( -3.500000000000000444, 2.999999999999999112, -25.24999999999998934 ) ) ;
#1765 = CARTESIAN_POINT ( 'NONE',  ( 3.250000000000000000, 2.999999999999999112, 31.99999999999999289 ) ) ;
#1766 = VERTEX_POINT ( 'NONE', #2194 ) ;
#1767 = DIRECTION ( 'NONE',  ( -0.000000000000000000, -1.000000000000000000, -0.000000000000000000 ) ) ;
#1768 = DIRECTION ( 'NONE',  ( 0.000000000000000000, 0.000000000000000000, -1.000000000000000000 ) ) ;
#1769 = EDGE_CURVE ( 'NONE', #2752, #739, #1386, .T. ) ;
#1770 = ORIENTED_EDGE ( 'NONE', *, *, #2384, .F. ) ;
#1771 = FACE_BOUND ( 'NONE', #2750, .T. ) ;
#1772 = ORIENTED_EDGE ( 'NONE', *, *, #114, .F. ) ;
#1773 = EDGE_CURVE ( 'NONE', #3110, #997, #2161, .T. ) ;
#1774 = CARTESIAN_POINT ( 'NONE',  ( -8.500000000000001776, 15.09338662244782903, -25.49999999999998934 ) ) ;
#1775 = VERTEX_POINT ( 'NONE', #2388 ) ;
#1776 = DIRECTION ( 'NONE',  ( 0.000000000000000000, 0.000000000000000000, 1.000000000000000000 ) ) ;
#1777 = DIRECTION ( 'NONE',  ( -1.000000000000000000, 0.000000000000000000, 1.387778780781445478E-15 ) ) ;
#1778 = DIRECTION ( 'NONE',  ( -0.000000000000000000, -1.000000000000000000, -0.000000000000000000 ) ) ;
#1779 = EDGE_CURVE ( 'NONE', #621, #2294, #3240, .T. ) ;
#1780 = ORIENTED_EDGE ( 'NONE', *, *, #2570, .F. ) ;
#1781 = DIRECTION ( 'NONE',  ( 1.000000000000000000, 0.000000000000000000, -1.387778780781445676E-15 ) ) ;
#1782 = LINE ( 'NONE', #277, #890 ) ;
#1783 = VERTEX_POINT ( 'NONE', #1764 ) ;
#1784 = ADVANCED_FACE ( 'NONE', ( #1180 ), #917, .F. ) ;
#1785 = EDGE_CURVE ( 'NONE', #2144, #741, #968, .T. ) ;
#1786 = CYLINDRICAL_SURFACE ( 'NONE', #2231, 0.2500000000000002220 ) ;
#1787 = DIRECTION ( 'NONE',  ( 6.938893903907318308E-15, 0.000000000000000000, 1.000000000000000000 ) ) ;
#1788 = LINE ( 'NONE', #252, #3232 ) ;
#1789 = VERTEX_POINT ( 'NONE', #2489 ) ;
#1790 = DIRECTION ( 'NONE',  ( -0.000000000000000000, -1.000000000000000000, -0.000000000000000000 ) ) ;
#1791 = LINE ( 'NONE', #456, #1039 ) ;
#1792 = CARTESIAN_POINT ( 'NONE',  ( 3.500000000000000444, 2.999999999999999112, -25.74999999999998934 ) ) ;
#1793 = VECTOR ( 'NONE', #1513, 999.9999999999998863 ) ;
#1794 = VERTEX_POINT ( 'NONE', #2522 ) ;
#1795 = CARTESIAN_POINT ( 'NONE',  ( 3.500000000000000444, 0.000000000000000000, 19.25000000000000000 ) ) ;
#1796 = DIRECTION ( 'NONE',  ( -0.000000000000000000, -1.000000000000000000, -0.000000000000000000 ) ) ;
#1797 = CIRCLE ( 'NONE', #2803, 0.2499999999999993616 ) ;
#1798 = ORIENTED_EDGE ( 'NONE', *, *, #529, .T. ) ;
#1799 = DIRECTION ( 'NONE',  ( -1.000000000000000000, 0.000000000000000000, 0.000000000000000000 ) ) ;
#1800 = VECTOR ( 'NONE', #1184, 1000.000000000000000 ) ;
#1802 = ADVANCED_FACE ( 'NONE', ( #1961 ), #1698, .T. ) ;
#1801 = VERTEX_POINT ( 'NONE', #2989 ) ;
#1803 = CARTESIAN_POINT ( 'NONE',  ( 3.500000000000000444, 2.999999999999999112, -25.24999999999998934 ) ) ;
#1804 = EDGE_CURVE ( 'NONE', #2582, #1343, #194, .T. ) ;
#1805 = CIRCLE ( 'NONE', #2865, 2.749999999999999112 ) ;
#1806 = VECTOR ( 'NONE', #3023, 1000.000000000000000 ) ;
#1807 = CARTESIAN_POINT ( 'NONE',  ( -3.500000000000000444, 15.09338662244782903, -19.25000000000000000 ) ) ;
#1808 = ORIENTED_EDGE ( 'NONE', *, *, #3083, .F. ) ;
#1809 = ADVANCED_FACE ( 'NONE', ( #2709 ), #2261, .T. ) ;
#1810 = DIRECTION ( 'NONE',  ( 0.000000000000000000, -1.000000000000000000, 0.000000000000000000 ) ) ;
#1811 = CARTESIAN_POINT ( 'NONE',  ( 3.250000000000000000, 6.999999999999999112, 38.99999999999999289 ) ) ;
#1812 = FACE_OUTER_BOUND ( 'NONE', #1708, .T. ) ;
#1813 = AXIS2_PLACEMENT_3D ( 'NONE', #1368, #1564, #1827 ) ;
#1814 = EDGE_CURVE ( 'NONE', #668, #723, #30, .T. ) ;
#1815 = ORIENTED_EDGE ( 'NONE', *, *, #2887, .T. ) ;
#1816 = CYLINDRICAL_SURFACE ( 'NONE', #880, 2.749999999999999112 ) ;
#1817 = LINE ( 'NONE', #1066, #3073 ) ;
#1818 = ORIENTED_EDGE ( 'NONE', *, *, #2102, .T. ) ;
#1819 = ADVANCED_FACE ( 'NONE', ( #2012 ), #478, .T. ) ;
#1820 = LINE ( 'NONE', #2089, #1648 ) ;
#1821 = ORIENTED_EDGE ( 'NONE', *, *, #2150, .T. ) ;
#1822 = CYLINDRICAL_SURFACE ( 'NONE', #614, 2.749999999999999112 ) ;
#1823 = DIRECTION ( 'NONE',  ( -0.000000000000000000, -0.000000000000000000, -1.000000000000000000 ) ) ;
#1824 = ORIENTED_EDGE ( 'NONE', *, *, #366, .F. ) ;
#1825 = CARTESIAN_POINT ( 'NONE',  ( -3.500000000000000444, 2.999999999999999112, -19.25000000000000000 ) ) ;
#1826 = CARTESIAN_POINT ( 'NONE',  ( -3.469446951953614189E-15, 2.999999999999999112, -8.000000000000000000 ) ) ;
#1827 = DIRECTION ( 'NONE',  ( 0.000000000000000000, 0.000000000000000000, 1.000000000000000000 ) ) ;
#1828 = ORIENTED_EDGE ( 'NONE', *, *, #597, .F. ) ;
#1829 = CARTESIAN_POINT ( 'NONE',  ( -3.500000000000000888, 2.999999999999999112, 22.50000000000000000 ) ) ;
#1831 = EDGE_CURVE ( 'NONE', #2668, #3222, #1956, .T. ) ;
#1830 = LINE ( 'NONE', #2794, #1037 ) ;
#1832 = ORIENTED_EDGE ( 'NONE', *, *, #1083, .F. ) ;
#1833 = LINE ( 'NONE', #534, #1096 ) ;
#1834 = ORIENTED_EDGE ( 'NONE', *, *, #2842, .F. ) ;
#1835 = DIRECTION ( 'NONE',  ( -0.000000000000000000, -1.000000000000000000, -0.000000000000000000 ) ) ;
#1836 = CARTESIAN_POINT ( 'NONE',  ( 3.500000000000000444, 2.999999999999999112, 19.25000000000000000 ) ) ;
#1837 = ORIENTED_EDGE ( 'NONE', *, *, #2402, .F. ) ;
#1838 = DIRECTION ( 'NONE',  ( 0.000000000000000000, 1.000000000000000000, 0.000000000000000000 ) ) ;
#1839 = EDGE_CURVE ( 'NONE', #2334, #978, #988, .T. ) ;
#1840 = DIRECTION ( 'NONE',  ( 1.000000000000000000, 0.000000000000000000, 1.387778780781445478E-15 ) ) ;
#1841 = ORIENTED_EDGE ( 'NONE', *, *, #1199, .F. ) ;
#1842 = CARTESIAN_POINT ( 'NONE',  ( 3.500000000000000444, 0.000000000000000000, 19.25000000000000000 ) ) ;
#1843 = DIRECTION ( 'NONE',  ( 0.000000000000000000, 0.000000000000000000, -1.000000000000000000 ) ) ;
#1844 = ORIENTED_EDGE ( 'NONE', *, *, #50, .F. ) ;
#1845 = CIRCLE ( 'NONE', #2007, 2.749999999999999112 ) ;
#1846 = PLANE ( 'NONE',  #994 ) ;
#1847 = ORIENTED_EDGE ( 'NONE', *, *, #2918, .F. ) ;
#1848 = DIRECTION ( 'NONE',  ( -0.000000000000000000, -1.000000000000000000, -0.000000000000000000 ) ) ;
#1849 = VECTOR ( 'NONE', #1727, 1000.000000000000000 ) ;
#1850 = VECTOR ( 'NONE', #143, 1000.000000000000000 ) ;
#1851 = ORIENTED_EDGE ( 'NONE', *, *, #3303, .F. ) ;
#1852 = CIRCLE ( 'NONE', #1482, 19.00000000000000000 ) ;
#1853 = EDGE_CURVE ( 'NONE', #54, #1188, #1245, .T. ) ;
#1854 = CIRCLE ( 'NONE', #397, 6.999999999999999112 ) ;
#1855 = CARTESIAN_POINT ( 'NONE',  ( 0.7500000000000015543, 0.000000000000000000, 29.49999999999998579 ) ) ;
#1856 = ORIENTED_EDGE ( 'NONE', *, *, #2541, .T. ) ;
#1857 = AXIS2_PLACEMENT_3D ( 'NONE', #3143, #363, #567 ) ;
#1858 = VERTEX_POINT ( 'NONE', #409 ) ;
#1859 = LINE ( 'NONE', #70, #2328 ) ;
#1860 = CARTESIAN_POINT ( 'NONE',  ( 8.500000000000001776, 15.09338662244782903, -19.49999999999999645 ) ) ;
#1861 = EDGE_CURVE ( 'NONE', #2787, #1325, #556, .T. ) ;
#1862 = CARTESIAN_POINT ( 'NONE',  ( -8.500000000000001776, 2.999999999999999112, -19.49999999999999645 ) ) ;
#1863 = CARTESIAN_POINT ( 'NONE',  ( 0.7500000000000015543, 2.999999999999999556, 28.49999999999998934 ) ) ;
#1864 = ORIENTED_EDGE ( 'NONE', *, *, #2504, .F. ) ;
#1865 = DIRECTION ( 'NONE',  ( -0.000000000000000000, -1.000000000000000000, -0.000000000000000000 ) ) ;
#1866 = AXIS2_PLACEMENT_3D ( 'NONE', #90, #2356, #1319 ) ;
#1867 = DIRECTION ( 'NONE',  ( 0.000000000000000000, 1.000000000000000000, 0.000000000000000000 ) ) ;
#1868 = CARTESIAN_POINT ( 'NONE',  ( 0.000000000000000000, 2.999999999999999112, 8.000000000000000000 ) ) ;
#1869 = LINE ( 'NONE', #382, #1206 ) ;
#1870 = ORIENTED_EDGE ( 'NONE', *, *, #6, .F. ) ;
#1871 = ORIENTED_EDGE ( 'NONE', *, *, #745, .T. ) ;
#1872 = DIRECTION ( 'NONE',  ( -1.387778780781445676E-15, 0.000000000000000000, 1.000000000000000000 ) ) ;
#1873 = DIRECTION ( 'NONE',  ( 0.000000000000000000, 0.000000000000000000, -1.000000000000000000 ) ) ;
#1874 = CYLINDRICAL_SURFACE ( 'NONE', #392, 2.749999999999999112 ) ;
#1875 = CARTESIAN_POINT ( 'NONE',  ( -3.500000000000000444, 15.09338662244782903, 19.25000000000000000 ) ) ;
#1876 = EDGE_CURVE ( 'NONE', #2095, #1425, #678, .T. ) ;
#1877 = ORIENTED_EDGE ( 'NONE', *, *, #2834, .F. ) ;
#1878 = CARTESIAN_POINT ( 'NONE',  ( -3.500000000000000444, 0.000000000000000000, 22.74999999999998579 ) ) ;
#1879 = DIRECTION ( 'NONE',  ( -0.000000000000000000, -1.000000000000000000, -0.000000000000000000 ) ) ;
#1880 = DIRECTION ( 'NONE',  ( 0.000000000000000000, 0.000000000000000000, 1.000000000000000000 ) ) ;
#1881 = ORIENTED_EDGE ( 'NONE', *, *, #2849, .F. ) ;
#1882 = DIRECTION ( 'NONE',  ( 1.000000000000000000, -0.000000000000000000, 1.387778780781445676E-15 ) ) ;
#1883 = ORIENTED_EDGE ( 'NONE', *, *, #1032, .F. ) ;
#1884 = EDGE_LOOP ( 'NONE', ( #1975, #637, #3094, #2949 ) ) ;
#1885 = DIRECTION ( 'NONE',  ( 0.000000000000000000, 0.000000000000000000, 1.000000000000000000 ) ) ;
#1886 = CARTESIAN_POINT ( 'NONE',  ( -8.500000000000001776, 0.000000000000000000, 19.49999999999999645 ) ) ;
#1887 = DIRECTION ( 'NONE',  ( 1.387778780781445676E-15, 0.000000000000000000, -1.000000000000000000 ) ) ;
#1888 = ORIENTED_EDGE ( 'NONE', *, *, #2000, .T. ) ;
#1889 = EDGE_CURVE ( 'NONE', #497, #1620, #1717, .T. ) ;
#1890 = CIRCLE ( 'NONE', #441, 0.2499999999999967526 ) ;
#1891 = CARTESIAN_POINT ( 'NONE',  ( 3.500000000000000888, 0.000000000000000000, 28.24999999999998934 ) ) ;
#1892 = DIRECTION ( 'NONE',  ( -0.000000000000000000, -1.000000000000000000, -0.000000000000000000 ) ) ;
#1893 = DIRECTION ( 'NONE',  ( 1.000000000000000000, 0.000000000000000000, 0.000000000000000000 ) ) ;
#1894 = VECTOR ( 'NONE', #1767, 1000.000000000000000 ) ;
#1895 = EDGE_CURVE ( 'NONE', #1581, #2371, #126, .T. ) ;
#1896 = FACE_OUTER_BOUND ( 'NONE', #2041, .T. ) ;
#1897 = AXIS2_PLACEMENT_3D ( 'NONE', #611, #2404, #848 ) ;
#1898 = VECTOR ( 'NONE', #1745, 1000.000000000000000 ) ;
#1899 = VERTEX_POINT ( 'NONE', #1731 ) ;
#1900 = ORIENTED_EDGE ( 'NONE', *, *, #2844, .F. ) ;
#1901 = VECTOR ( 'NONE', #947, 1000.000000000000000 ) ;
#1902 = CIRCLE ( 'NONE', #2015, 2.749999999999999112 ) ;
#1903 = ORIENTED_EDGE ( 'NONE', *, *, #2394, .F. ) ;
#1904 = DIRECTION ( 'NONE',  ( -0.000000000000000000, -1.000000000000000000, -0.000000000000000000 ) ) ;
#1905 = VECTOR ( 'NONE', #2199, 1000.000000000000000 ) ;
#1906 = EDGE_CURVE ( 'NONE', #2565, #2698, #184, .T. ) ;
#1907 = CARTESIAN_POINT ( 'NONE',  ( 8.500000000000001776, 0.000000000000000000, -25.24999999999998934 ) ) ;
#1908 = AXIS2_PLACEMENT_3D ( 'NONE', #835, #2876, #93 ) ;
#1909 = EDGE_CURVE ( 'NONE', #2792, #3110, #1220, .T. ) ;
#1910 = LINE ( 'NONE', #122, #3014 ) ;
#1911 = CARTESIAN_POINT ( 'NONE',  ( -8.500000000000000000, 15.09338662244782903, -25.74999999999998224 ) ) ;
#1912 = CARTESIAN_POINT ( 'NONE',  ( -8.500000000000001776, 0.000000000000000000, -25.24999999999998934 ) ) ;
#1913 = ORIENTED_EDGE ( 'NONE', *, *, #2887, .F. ) ;
#1914 = EDGE_CURVE ( 'NONE', #1995, #497, #2068, .T. ) ;
#1915 = CARTESIAN_POINT ( 'NONE',  ( 3.500000000000000888, 15.09338662244782903, 28.49999999999998934 ) ) ;
#1916 = DIRECTION ( 'NONE',  ( -0.000000000000000000, -1.000000000000000000, -0.000000000000000000 ) ) ;
#1917 = DIRECTION ( 'NONE',  ( -1.734723475976805517E-15, 0.000000000000000000, 1.000000000000000000 ) ) ;
#1918 = EDGE_CURVE ( 'NONE', #1425, #2157, #2376, .T. ) ;
#1919 = EDGE_LOOP ( 'NONE', ( #1689, #2413, #16, #64 ) ) ;
#1920 = VECTOR ( 'NONE', #1126, 1000.000000000000000 ) ;
#1921 = CARTESIAN_POINT ( 'NONE',  ( -3.250000000000000000, 2.999999999999999112, -31.99999999999999289 ) ) ;
#1922 = ORIENTED_EDGE ( 'NONE', *, *, #1318, .T. ) ;
#1923 = ORIENTED_EDGE ( 'NONE', *, *, #3256, .F. ) ;
#1924 = ADVANCED_FACE ( 'NONE', ( #273 ), #793, .F. ) ;
#1925 = ORIENTED_EDGE ( 'NONE', *, *, #2340, .T. ) ;
#1926 = CARTESIAN_POINT ( 'NONE',  ( -3.500000000000000444, 2.999999999999999112, 22.74999999999998579 ) ) ;
#1927 = DIRECTION ( 'NONE',  ( -0.000000000000000000, -1.000000000000000000, -0.000000000000000000 ) ) ;
#1928 = CARTESIAN_POINT ( 'NONE',  ( -3.469446951953614189E-15, 0.000000000000000000, -9.600000000000001421 ) ) ;
#1929 = DIRECTION ( 'NONE',  ( -1.000000000000000000, 0.000000000000000000, 0.000000000000000000 ) ) ;
#1930 = DIRECTION ( 'NONE',  ( 0.000000000000000000, 0.000000000000000000, 1.000000000000000000 ) ) ;
#1931 = CARTESIAN_POINT ( 'NONE',  ( -3.500000000000000444, 15.09338662244782903, 22.74999999999998579 ) ) ;
#1932 = LINE ( 'NONE', #2678, #498 ) ;
#1933 = CARTESIAN_POINT ( 'NONE',  ( -8.500000000000001776, 0.000000000000000000, -19.49999999999999645 ) ) ;
#1934 = ORIENTED_EDGE ( 'NONE', *, *, #2127, .T. ) ;
#1935 = DIRECTION ( 'NONE',  ( -1.000000000000000000, 0.000000000000000000, 1.387778780781445676E-15 ) ) ;
#1936 = ORIENTED_EDGE ( 'NONE', *, *, #1618, .T. ) ;
#1937 = ORIENTED_EDGE ( 'NONE', *, *, #862, .T. ) ;
#1938 = VERTEX_POINT ( 'NONE', #1026 ) ;
#1939 = CARTESIAN_POINT ( 'NONE',  ( 3.250000000000000000, 13.06217782649106596, -35.50000000000000000 ) ) ;
#1940 = SHAPE_DEFINITION_REPRESENTATION ( #1543, #804 ) ;
#1941 = ADVANCED_FACE ( 'NONE', ( #290 ), #1295, .T. ) ;
#1942 = DIRECTION ( 'NONE',  ( 0.000000000000000000, 0.000000000000000000, 1.000000000000000000 ) ) ;
#1943 = DIRECTION ( 'NONE',  ( -1.000000000000000000, 0.000000000000000000, 3.784851220313029214E-15 ) ) ;
#1944 = EDGE_CURVE ( 'NONE', #2994, #2022, #1545, .T. ) ;
#1945 = DIRECTION ( 'NONE',  ( -1.000000000000000000, 0.000000000000000000, 0.000000000000000000 ) ) ;
#1946 = ORIENTED_EDGE ( 'NONE', *, *, #1577, .T. ) ;
#1947 = DIRECTION ( 'NONE',  ( 0.000000000000000000, 0.000000000000000000, 1.000000000000000000 ) ) ;
#1948 = CARTESIAN_POINT ( 'NONE',  ( 3.500000000000000444, 0.000000000000000000, 25.24999999999998934 ) ) ;
#1949 = ORIENTED_EDGE ( 'NONE', *, *, #1773, .F. ) ;
#1950 = ORIENTED_EDGE ( 'NONE', *, *, #850, .F. ) ;
#1951 = CIRCLE ( 'NONE', #1743, 3.999999999999996447 ) ;
#1952 = EDGE_LOOP ( 'NONE', ( #228, #1106, #300, #936 ) ) ;
#1953 = AXIS2_PLACEMENT_3D ( 'NONE', #1886, #2924, #628 ) ;
#1954 = DIRECTION ( 'NONE',  ( -0.000000000000000000, -1.000000000000000000, -0.000000000000000000 ) ) ;
#1955 = ORIENTED_EDGE ( 'NONE', *, *, #31, .T. ) ;
#1956 = CIRCLE ( 'NONE', #2426, 2.749999999999999556 ) ;
#1957 = VECTOR ( 'NONE', #288, 1000.000000000000000 ) ;
#1958 = CARTESIAN_POINT ( 'NONE',  ( -8.500000000000001776, 15.09338662244782903, 19.49999999999999645 ) ) ;
#1959 = VECTOR ( 'NONE', #1656, 1000.000000000000000 ) ;
#1960 = CARTESIAN_POINT ( 'NONE',  ( 3.500000000000000444, 0.000000000000000000, -25.24999999999998934 ) ) ;
#1961 = FACE_OUTER_BOUND ( 'NONE', #2064, .T. ) ;
#1962 = LINE ( 'NONE', #174, #2503 ) ;
#1963 = AXIS2_PLACEMENT_3D ( 'NONE', #1034, #3054, #2311 ) ;
#1964 = AXIS2_PLACEMENT_3D ( 'NONE', #1552, #1568, #1051 ) ;
#1965 = ADVANCED_FACE ( 'NONE', ( #1563 ), #779, .T. ) ;
#1966 = ORIENTED_EDGE ( 'NONE', *, *, #2444, .T. ) ;
#1967 = CARTESIAN_POINT ( 'NONE',  ( -8.500000000000003553, 0.000000000000000000, 22.24999999999999645 ) ) ;
#1968 = CARTESIAN_POINT ( 'NONE',  ( 3.500000000000000444, 15.09338662244782903, -22.74999999999998579 ) ) ;
#1969 = VERTEX_POINT ( 'NONE', #2319 ) ;
#1970 = CARTESIAN_POINT ( 'NONE',  ( 8.500000000000000000, 15.09338662244782903, -25.74999999999998224 ) ) ;
#1971 = VERTEX_POINT ( 'NONE', #2341 ) ;
#1972 = ORIENTED_EDGE ( 'NONE', *, *, #2189, .F. ) ;
#1973 = AXIS2_PLACEMENT_3D ( 'NONE', #1347, #3101, #808 ) ;
#1974 = LINE ( 'NONE', #1189, #2121 ) ;
#1975 = ORIENTED_EDGE ( 'NONE', *, *, #1195, .F. ) ;
#1976 = DIRECTION ( 'NONE',  ( -1.000000000000000000, 0.000000000000000000, 0.000000000000000000 ) ) ;
#1977 = DIRECTION ( 'NONE',  ( 0.000000000000000000, 0.000000000000000000, 1.000000000000000000 ) ) ;
#1978 = CARTESIAN_POINT ( 'NONE',  ( 3.500000000000000888, 0.000000000000000000, 22.50000000000000000 ) ) ;
#1979 = DIRECTION ( 'NONE',  ( 0.000000000000000000, 0.000000000000000000, -1.000000000000000000 ) ) ;
#1980 = ORIENTED_EDGE ( 'NONE', *, *, #254, .T. ) ;
#1982 = EDGE_CURVE ( 'NONE', #3142, #3110, #1797, .T. ) ;
#1981 = DIRECTION ( 'NONE',  ( 0.000000000000000000, 1.000000000000000000, 0.000000000000000000 ) ) ;
#1983 = DIRECTION ( 'NONE',  ( -0.000000000000000000, 0.000000000000000000, 1.000000000000000000 ) ) ;
#1984 = ORIENTED_EDGE ( 'NONE', *, *, #2672, .T. ) ;
#1985 = CYLINDRICAL_SURFACE ( 'NONE', #939, 2.749999999999999112 ) ;
#1986 = ORIENTED_EDGE ( 'NONE', *, *, #88, .F. ) ;
#1987 = EDGE_CURVE ( 'NONE', #2638, #2783, #1749, .T. ) ;
#1988 = VERTEX_POINT ( 'NONE', #2836 ) ;
#1989 = DIRECTION ( 'NONE',  ( -1.387778780781445676E-15, 0.000000000000000000, 1.000000000000000000 ) ) ;
#1990 = EDGE_LOOP ( 'NONE', ( #899, #1984, #87, #2347 ) ) ;
#1991 = LINE ( 'NONE', #3001, #1696 ) ;
#1992 = CARTESIAN_POINT ( 'NONE',  ( 3.500000000000000444, 15.09338662244782903, 25.74999999999998934 ) ) ;
#1993 = CARTESIAN_POINT ( 'NONE',  ( 8.500000000000003553, 15.09338662244782903, -22.24999999999999645 ) ) ;
#1994 = CARTESIAN_POINT ( 'NONE',  ( 3.500000000000000444, 2.999999999999999112, -16.49999999999999289 ) ) ;
#1995 = VERTEX_POINT ( 'NONE', #492 ) ;
#1996 = PLANE ( 'NONE',  #656 ) ;
#1997 = LINE ( 'NONE', #2782, #343 ) ;
#1998 = PRODUCT_RELATED_PRODUCT_CATEGORY ( 'part', '', ( #3159 ) ) ;
#1999 = ORIENTED_EDGE ( 'NONE', *, *, #3265, .T. ) ;
#2000 = EDGE_CURVE ( 'NONE', #2703, #384, #1047, .T. ) ;
#2001 = LINE ( 'NONE', #2268, #396 ) ;
#2002 = ORIENTED_EDGE ( 'NONE', *, *, #88, .T. ) ;
#2003 = ORIENTED_EDGE ( 'NONE', *, *, #1352, .F. ) ;
#2004 = EDGE_CURVE ( 'NONE', #1789, #2468, #1522, .T. ) ;
#2005 = CARTESIAN_POINT ( 'NONE',  ( -3.500000000000000888, 0.000000000000000000, 22.25000000000000000 ) ) ;
#2006 = EDGE_LOOP ( 'NONE', ( #2285, #225, #2323, #191 ) ) ;
#2007 = AXIS2_PLACEMENT_3D ( 'NONE', #3174, #3144, #1354 ) ;
#2008 = EDGE_CURVE ( 'NONE', #2163, #2668, #2043, .T. ) ;
#2009 = VECTOR ( 'NONE', #1000, 1000.000000000000000 ) ;
#2010 = LINE ( 'NONE', #967, #2802 ) ;
#2011 = AXIS2_PLACEMENT_3D ( 'NONE', #1862, #1613, #2622 ) ;
#2012 = FACE_OUTER_BOUND ( 'NONE', #206, .T. ) ;
#2013 = CARTESIAN_POINT ( 'NONE',  ( 0.7500000000000024425, 2.999999999999999112, 29.49999999999998579 ) ) ;
#2014 = VECTOR ( 'NONE', #2040, 1000.000000000000000 ) ;
#2015 = AXIS2_PLACEMENT_3D ( 'NONE', #422, #437, #1493 ) ;
#2016 = EDGE_CURVE ( 'NONE', #1685, #2595, #1280, .T. ) ;
#2017 = ORIENTED_EDGE ( 'NONE', *, *, #2788, .F. ) ;
#2018 = CARTESIAN_POINT ( 'NONE',  ( -3.500000000000000888, 0.000000000000000000, -28.49999999999998934 ) ) ;
#2019 = DIRECTION ( 'NONE',  ( -0.000000000000000000, 1.000000000000000000, -0.000000000000000000 ) ) ;
#2020 = VECTOR ( 'NONE', #752, 1000.000000000000000 ) ;
#2021 = VECTOR ( 'NONE', #2644, 1000.000000000000000 ) ;
#2022 = VERTEX_POINT ( 'NONE', #3046 ) ;
#2023 = DIRECTION ( 'NONE',  ( 1.000000000000000000, 0.000000000000000000, -0.000000000000000000 ) ) ;
#2024 = ORIENTED_EDGE ( 'NONE', *, *, #472, .T. ) ;
#2025 = DIRECTION ( 'NONE',  ( -0.000000000000000000, -0.000000000000000000, 1.000000000000000000 ) ) ;
#2026 = ORIENTED_EDGE ( 'NONE', *, *, #50, .T. ) ;
#2027 = ADVANCED_FACE ( 'NONE', ( #2790 ), #2909, .F. ) ;
#2028 = AXIS2_PLACEMENT_3D ( 'NONE', #630, #2306, #1748 ) ;
#2029 = LINE ( 'NONE', #3034, #1531 ) ;
#2030 = CARTESIAN_POINT ( 'NONE',  ( 8.500000000000001776, 2.999999999999999112, 19.49999999999999645 ) ) ;
#2031 = AXIS2_PLACEMENT_3D ( 'NONE', #3165, #121, #864 ) ;
#2032 = DIRECTION ( 'NONE',  ( -1.000000000000000000, 0.000000000000000000, 0.000000000000000000 ) ) ;
#2033 = UNCERTAINTY_MEASURE_WITH_UNIT (LENGTH_MEASURE( 1.000000000000000082E-05 ), #3215, 'distance_accuracy_value', 'NONE');
#2034 = ORIENTED_EDGE ( 'NONE', *, *, #1094, .T. ) ;
#2035 = DIRECTION ( 'NONE',  ( -1.000000000000000000, -0.000000000000000000, -0.000000000000000000 ) ) ;
#2036 = PLANE ( 'NONE',  #1207 ) ;
#2037 = ORIENTED_EDGE ( 'NONE', *, *, #6, .T. ) ;
#2038 = CARTESIAN_POINT ( 'NONE',  ( 8.910822310920380573, 2.999999999999999112, 16.78085950549624172 ) ) ;
#2039 = ORIENTED_EDGE ( 'NONE', *, *, #3019, .F. ) ;
#2040 = DIRECTION ( 'NONE',  ( -0.000000000000000000, -0.000000000000000000, -1.000000000000000000 ) ) ;
#2041 = EDGE_LOOP ( 'NONE', ( #1828, #371, #1722, #416 ) ) ;
#2042 = CARTESIAN_POINT ( 'NONE',  ( -3.500000000000000444, 0.000000000000000000, -19.75000000000000000 ) ) ;
#2043 = LINE ( 'NONE', #2806, #3062 ) ;
#2044 = CARTESIAN_POINT ( 'NONE',  ( -3.500000000000000444, 2.999999999999999112, -25.24999999999998934 ) ) ;
#2045 = EDGE_CURVE ( 'NONE', #484, #773, #1791, .T. ) ;
#2046 = EDGE_CURVE ( 'NONE', #767, #294, #287, .T. ) ;
#2047 = VERTEX_POINT ( 'NONE', #2005 ) ;
#2048 = EDGE_CURVE ( 'NONE', #2698, #3249, #1477, .T. ) ;
#2049 = CARTESIAN_POINT ( 'NONE',  ( -3.250000000000000000, 2.999999999999999112, 31.99999999999999289 ) ) ;
#2050 = DIRECTION ( 'NONE',  ( -0.000000000000000000, -1.000000000000000000, -0.000000000000000000 ) ) ;
#2051 = EDGE_LOOP ( 'NONE', ( #2867, #2850, #1549, #2997 ) ) ;
#2052 = CARTESIAN_POINT ( 'NONE',  ( -8.500000000000001776, 2.999999999999999112, 19.49999999999999645 ) ) ;
#2053 = ORIENTED_EDGE ( 'NONE', *, *, #2109, .T. ) ;
#2054 = CARTESIAN_POINT ( 'NONE',  ( 8.500000000000003553, 15.09338662244782903, 28.24999999999998224 ) ) ;
#2055 = DIRECTION ( 'NONE',  ( -0.000000000000000000, -1.000000000000000000, -0.000000000000000000 ) ) ;
#2056 = ORIENTED_EDGE ( 'NONE', *, *, #2694, .F. ) ;
#2057 = EDGE_CURVE ( 'NONE', #1240, #2703, #2270, .T. ) ;
#2058 = EDGE_CURVE ( 'NONE', #369, #3295, #1215, .T. ) ;
#2059 = DIRECTION ( 'NONE',  ( -0.000000000000000000, -1.000000000000000000, -0.000000000000000000 ) ) ;
#2060 = DIRECTION ( 'NONE',  ( 0.000000000000000000, 0.000000000000000000, 1.000000000000000000 ) ) ;
#2061 = AXIS2_PLACEMENT_3D ( 'NONE', #414, #2235, #665 ) ;
#2062 = DIRECTION ( 'NONE',  ( -0.000000000000000000, -1.000000000000000000, -0.000000000000000000 ) ) ;
#2063 = CIRCLE ( 'NONE', #2547, 2.750000000000003109 ) ;
#2064 = EDGE_LOOP ( 'NONE', ( #874, #2457, #2460, #2942 ) ) ;
#2065 = LINE ( 'NONE', #1322, #3227 ) ;
#2066 = DIRECTION ( 'NONE',  ( -0.000000000000000000, -1.000000000000000000, -0.000000000000000000 ) ) ;
#2067 = EDGE_CURVE ( 'NONE', #2411, #664, #1740, .T. ) ;
#2068 = CIRCLE ( 'NONE', #503, 2.749999999999999112 ) ;
#2069 = ORIENTED_EDGE ( 'NONE', *, *, #1193, .T. ) ;
#2070 = AXIS2_PLACEMENT_3D ( 'NONE', #20, #2059, #2835 ) ;
#2071 = CARTESIAN_POINT ( 'NONE',  ( 3.500000000000000444, 0.000000000000000000, 19.75000000000000000 ) ) ;
#2072 = AXIS2_PLACEMENT_3D ( 'NONE', #2650, #3197, #1935 ) ;
#2073 = CIRCLE ( 'NONE', #2333, 0.2500000000000002220 ) ;
#2074 = CARTESIAN_POINT ( 'NONE',  ( 0.000000000000000000, 3.000000000000000000, -19.00000000000000000 ) ) ;
#2075 = VECTOR ( 'NONE', #905, 1000.000000000000000 ) ;
#2076 = AXIS2_PLACEMENT_3D ( 'NONE', #2346, #2859, #565 ) ;
#2077 = CARTESIAN_POINT ( 'NONE',  ( -0.7500000000000015543, 2.999999999999999556, -28.49999999999998934 ) ) ;
#2078 = VERTEX_POINT ( 'NONE', #488 ) ;
#2079 = EDGE_CURVE ( 'NONE', #555, #1258, #451, .T. ) ;
#2080 = CARTESIAN_POINT ( 'NONE',  ( 8.500000000000000000, 0.000000000000000000, -19.74999999999999289 ) ) ;
#2081 = DIRECTION ( 'NONE',  ( 1.000000000000000000, 0.000000000000000000, 0.000000000000000000 ) ) ;
#2082 = CARTESIAN_POINT ( 'NONE',  ( -3.250000000000001776, -2.755455298081545271E-16, 29.49999999999998579 ) ) ;
#2083 = CIRCLE ( 'NONE', #466, 1.599999999999999867 ) ;
#2084 = ORIENTED_EDGE ( 'NONE', *, *, #2530, .F. ) ;
#2085 = CARTESIAN_POINT ( 'NONE',  ( -3.500000000000000888, 0.000000000000000000, -22.25000000000000000 ) ) ;
#2086 = CIRCLE ( 'NONE', #2187, 2.749999999999997335 ) ;
#2087 = DIRECTION ( 'NONE',  ( 0.000000000000000000, -0.000000000000000000, 1.000000000000000000 ) ) ;
#2088 = EDGE_LOOP ( 'NONE', ( #2037, #2280 ) ) ;
#2089 = CARTESIAN_POINT ( 'NONE',  ( 4.408728476930453895E-16, 2.999999999999999112, 4.400000000000014566 ) ) ;
#2090 = ORIENTED_EDGE ( 'NONE', *, *, #682, .T. ) ;
#2091 = DIRECTION ( 'NONE',  ( -0.000000000000000000, -1.000000000000000000, -0.000000000000000000 ) ) ;
#2092 = EDGE_CURVE ( 'NONE', #1459, #3306, #3234, .T. ) ;
#2093 = DIRECTION ( 'NONE',  ( -1.000000000000000000, 0.000000000000000000, 0.000000000000000000 ) ) ;
#2094 = EDGE_CURVE ( 'NONE', #1171, #2798, #420, .T. ) ;
#2095 = VERTEX_POINT ( 'NONE', #2774 ) ;
#2096 = CYLINDRICAL_SURFACE ( 'NONE', #1090, 2.749999999999999112 ) ;
#2097 = DIRECTION ( 'NONE',  ( -0.000000000000000000, -1.000000000000000000, -0.000000000000000000 ) ) ;
#2098 = ORIENTED_EDGE ( 'NONE', *, *, #1499, .F. ) ;
#2099 = DIRECTION ( 'NONE',  ( 0.000000000000000000, 0.000000000000000000, -1.000000000000000000 ) ) ;
#2100 = DIRECTION ( 'NONE',  ( 1.000000000000000000, 0.000000000000000000, -1.387778780781445676E-15 ) ) ;
#2101 = ORIENTED_EDGE ( 'NONE', *, *, #3018, .T. ) ;
#2102 = EDGE_CURVE ( 'NONE', #2985, #1620, #3013, .T. ) ;
#2103 = CARTESIAN_POINT ( 'NONE',  ( -8.500000000000003553, 0.000000000000000000, -22.24999999999999645 ) ) ;
#2104 = ORIENTED_EDGE ( 'NONE', *, *, #1514, .T. ) ;
#2105 = DIRECTION ( 'NONE',  ( 1.000000000000000000, 0.000000000000000000, -1.387778780781445676E-15 ) ) ;
#2106 = CARTESIAN_POINT ( 'NONE',  ( 1.959434878635764984E-16, 13.26313972081440440, 9.600000000000001421 ) ) ;
#2107 = ORIENTED_EDGE ( 'NONE', *, *, #2092, .F. ) ;
#2108 = ORIENTED_EDGE ( 'NONE', *, *, #2340, .F. ) ;
#2109 = EDGE_CURVE ( 'NONE', #1801, #1971, #2479, .T. ) ;
#2110 = DIRECTION ( 'NONE',  ( -1.000000000000000000, 0.000000000000000000, 1.387778780781445676E-15 ) ) ;
#2111 = CARTESIAN_POINT ( 'NONE',  ( 0.000000000000000000, 3.000000000000000000, 0.000000000000000000 ) ) ;
#2112 = APPLICATION_CONTEXT ( 'automotive_design' ) ;
#2113 = CARTESIAN_POINT ( 'NONE',  ( 8.500000000000003553, 0.000000000000000000, -28.24999999999998224 ) ) ;
#2114 = DIRECTION ( 'NONE',  ( -0.000000000000000000, -0.000000000000000000, -1.000000000000000000 ) ) ;
#2115 = VERTEX_POINT ( 'NONE', #1242 ) ;
#2116 = EDGE_CURVE ( 'NONE', #1858, #5, #690, .T. ) ;
#2117 = CIRCLE ( 'NONE', #1087, 3.999999999999996447 ) ;
#2118 = DIRECTION ( 'NONE',  ( 0.000000000000000000, 1.000000000000000000, 0.000000000000000000 ) ) ;
#2119 = CARTESIAN_POINT ( 'NONE',  ( -3.500000000000000888, 2.999999999999999112, -28.49999999999998934 ) ) ;
#2120 = LINE ( 'NONE', #2868, #3180 ) ;
#2121 = VECTOR ( 'NONE', #2222, 1000.000000000000000 ) ;
#2122 = CIRCLE ( 'NONE', #722, 2.749999999999999556 ) ;
#2123 = VERTEX_POINT ( 'NONE', #2242 ) ;
#2124 = AXIS2_PLACEMENT_3D ( 'NONE', #2410, #2946, #65 ) ;
#2125 = AXIS2_PLACEMENT_3D ( 'NONE', #2665, #595, #2908 ) ;
#2126 = DIRECTION ( 'NONE',  ( -0.000000000000000000, -1.000000000000000000, -0.000000000000000000 ) ) ;
#2127 = EDGE_CURVE ( 'NONE', #2959, #1049, #3299, .T. ) ;
#2128 = EDGE_LOOP ( 'NONE', ( #1871, #1946 ) ) ;
#2129 = VECTOR ( 'NONE', #582, 1000.000000000000000 ) ;
#2130 = VERTEX_POINT ( 'NONE', #2755 ) ;
#2131 = CIRCLE ( 'NONE', #2706, 3.999999999999996447 ) ;
#2132 = EDGE_CURVE ( 'NONE', #813, #1988, #3282, .T. ) ;
#2133 = CARTESIAN_POINT ( 'NONE',  ( 8.500000000000000000, 15.09338662244782903, 19.74999999999999289 ) ) ;
#2134 = PLANE ( 'NONE',  #410 ) ;
#2135 = ADVANCED_FACE ( 'NONE', ( #2257 ), #2999, .F. ) ;
#2136 = CARTESIAN_POINT ( 'NONE',  ( -3.469446951953614189E-15, 13.26313972081440440, -8.000000000000000000 ) ) ;
#2137 = CARTESIAN_POINT ( 'NONE',  ( -0.7500000000000015543, 15.09338662244782903, -28.49999999999998934 ) ) ;
#2138 = ORIENTED_EDGE ( 'NONE', *, *, #1362, .F. ) ;
#2139 = CARTESIAN_POINT ( 'NONE',  ( 3.500000000000000888, 2.999999999999999112, 22.50000000000000000 ) ) ;
#2140 = VECTOR ( 'NONE', #2062, 1000.000000000000000 ) ;
#2141 = CARTESIAN_POINT ( 'NONE',  ( -8.500000000000001776, 15.09338662244782903, -19.49999999999999645 ) ) ;
#2142 = DIRECTION ( 'NONE',  ( 1.000000000000000000, 0.000000000000000000, -1.387778780781445478E-15 ) ) ;
#2143 = EDGE_CURVE ( 'NONE', #2047, #2843, #824, .T. ) ;
#2144 = VERTEX_POINT ( 'NONE', #2966 ) ;
#2145 = ADVANCED_FACE ( 'NONE', ( #2462 ), #2722, .T. ) ;
#2146 = LINE ( 'NONE', #2368, #1419 ) ;
#2147 = EDGE_CURVE ( 'NONE', #1606, #1553, #1974, .T. ) ;
#2148 = DIRECTION ( 'NONE',  ( -1.000000000000000000, 0.000000000000000000, -1.387778780781445676E-15 ) ) ;
#2149 = DIRECTION ( 'NONE',  ( -0.000000000000000000, -0.000000000000000000, 1.000000000000000000 ) ) ;
#2150 = EDGE_CURVE ( 'NONE', #2690, #1049, #662, .T. ) ;
#2151 = DIRECTION ( 'NONE',  ( -0.000000000000000000, -1.000000000000000000, -0.000000000000000000 ) ) ;
#2152 = FACE_OUTER_BOUND ( 'NONE', #42, .T. ) ;
#2153 = LINE ( 'NONE', #83, #2649 ) ;
#2154 = CARTESIAN_POINT ( 'NONE',  ( 3.250000000000000000, 2.999999999999999112, 31.99999999999999289 ) ) ;
#2155 = ORIENTED_EDGE ( 'NONE', *, *, #230, .F. ) ;
#2156 = ORIENTED_EDGE ( 'NONE', *, *, #265, .F. ) ;
#2157 = VERTEX_POINT ( 'NONE', #2077 ) ;
#2158 = FACE_OUTER_BOUND ( 'NONE', #3131, .T. ) ;
#2159 = DIRECTION ( 'NONE',  ( 0.000000000000000000, 0.000000000000000000, -1.000000000000000000 ) ) ;
#2160 = CARTESIAN_POINT ( 'NONE',  ( 3.500000000000000888, 15.09338662244782903, -28.49999999999998934 ) ) ;
#2161 = LINE ( 'NONE', #1372, #1097 ) ;
#2162 = CARTESIAN_POINT ( 'NONE',  ( -3.500000000000000888, 15.09338662244782903, -22.50000000000000000 ) ) ;
#2163 = VERTEX_POINT ( 'NONE', #2799 ) ;
#2164 = DIRECTION ( 'NONE',  ( 0.000000000000000000, 0.000000000000000000, -1.000000000000000000 ) ) ;
#2166 = EDGE_CURVE ( 'NONE', #1587, #753, #2581, .T. ) ;
#2165 = DIRECTION ( 'NONE',  ( 1.000000000000000000, 0.000000000000000000, -0.000000000000000000 ) ) ;
#2167 = CARTESIAN_POINT ( 'NONE',  ( 3.500000000000000444, 0.000000000000000000, -22.74999999999998579 ) ) ;
#2168 = ORIENTED_EDGE ( 'NONE', *, *, #1110, .F. ) ;
#2169 = AXIS2_PLACEMENT_3D ( 'NONE', #2746, #1236, #1947 ) ;
#2170 = AXIS2_PLACEMENT_3D ( 'NONE', #227, #1251, #2282 ) ;
#2171 = ORIENTED_EDGE ( 'NONE', *, *, #1449, .F. ) ;
#2172 = ORIENTED_EDGE ( 'NONE', *, *, #3053, .T. ) ;
#2173 = AXIS2_PLACEMENT_3D ( 'NONE', #2288, #3015, #1491 ) ;
#2174 = VECTOR ( 'NONE', #355, 1000.000000000000000 ) ;
#2175 = VERTEX_POINT ( 'NONE', #1836 ) ;
#2176 = VECTOR ( 'NONE', #2091, 1000.000000000000000 ) ;
#2177 = CARTESIAN_POINT ( 'NONE',  ( 3.250000000000000000, 6.999999999999999112, 31.99999999999999289 ) ) ;
#2178 = DIRECTION ( 'NONE',  ( -1.000000000000000000, 0.000000000000000000, 1.387778780781445478E-15 ) ) ;
#2179 = DIRECTION ( 'NONE',  ( 1.000000000000000000, 0.000000000000000000, 0.000000000000000000 ) ) ;
#2180 = CARTESIAN_POINT ( 'NONE',  ( 3.500000000000000888, 2.999999999999999112, -28.49999999999998934 ) ) ;
#2181 = LINE ( 'NONE', #379, #388 ) ;
#2182 = CYLINDRICAL_SURFACE ( 'NONE', #775, 0.2499999999999967526 ) ;
#2183 = ORIENTED_EDGE ( 'NONE', *, *, #757, .F. ) ;
#2184 = VECTOR ( 'NONE', #2523, 1000.000000000000000 ) ;
#2185 = CARTESIAN_POINT ( 'NONE',  ( 3.500000000000000444, 15.09338662244782903, -25.24999999999998934 ) ) ;
#2186 = ORIENTED_EDGE ( 'NONE', *, *, #3087, .T. ) ;
#2187 = AXIS2_PLACEMENT_3D ( 'NONE', #901, #1123, #881 ) ;
#2188 = ORIENTED_EDGE ( 'NONE', *, *, #3099, .F. ) ;
#2189 = EDGE_CURVE ( 'NONE', #1425, #2327, #505, .T. ) ;
#2190 = ORIENTED_EDGE ( 'NONE', *, *, #3115, .T. ) ;
#2191 = DIRECTION ( 'NONE',  ( 0.000000000000000000, -1.000000000000000000, 0.000000000000000000 ) ) ;
#2192 = CYLINDRICAL_SURFACE ( 'NONE', #737, 2.749999999999999112 ) ;
#2193 = CARTESIAN_POINT ( 'NONE',  ( -8.500000000000003553, 15.09338662244782903, 28.24999999999998224 ) ) ;
#2194 = CARTESIAN_POINT ( 'NONE',  ( -2.123875591785903350, 2.999999999999999112, -18.88092032901510109 ) ) ;
#2195 = DIRECTION ( 'NONE',  ( 0.000000000000000000, 0.000000000000000000, 1.000000000000000000 ) ) ;
#2196 = EDGE_CURVE ( 'NONE', #2204, #489, #282, .T. ) ;
#2197 = ORIENTED_EDGE ( 'NONE', *, *, #608, .T. ) ;
#2198 = DIRECTION ( 'NONE',  ( 0.000000000000000000, 0.000000000000000000, 1.000000000000000000 ) ) ;
#2199 = DIRECTION ( 'NONE',  ( 1.000000000000000000, 0.000000000000000000, -1.387778780781445676E-15 ) ) ;
#2200 = VERTEX_POINT ( 'NONE', #755 ) ;
#2201 = DIRECTION ( 'NONE',  ( 0.000000000000000000, 0.000000000000000000, -1.000000000000000000 ) ) ;
#2202 = ORIENTED_EDGE ( 'NONE', *, *, #1914, .T. ) ;
#2203 = ORIENTED_EDGE ( 'NONE', *, *, #2977, .T. ) ;
#2204 = VERTEX_POINT ( 'NONE', #1008 ) ;
#2205 = DIRECTION ( 'NONE',  ( -0.000000000000000000, -1.000000000000000000, -0.000000000000000000 ) ) ;
#2206 = EDGE_CURVE ( 'NONE', #1088, #2468, #1365, .T. ) ;
#2207 = DIRECTION ( 'NONE',  ( -0.000000000000000000, -1.000000000000000000, -0.000000000000000000 ) ) ;
#2208 = CARTESIAN_POINT ( 'NONE',  ( 3.500000000000000444, 15.09338662244782903, 19.75000000000000000 ) ) ;
#2209 = CARTESIAN_POINT ( 'NONE',  ( -3.500000000000000444, 15.09338662244782903, -19.75000000000000000 ) ) ;
#2210 = DIRECTION ( 'NONE',  ( -1.000000000000000000, 0.000000000000000000, 0.000000000000000000 ) ) ;
#2211 = ORIENTED_EDGE ( 'NONE', *, *, #2838, .F. ) ;
#2212 = DIRECTION ( 'NONE',  ( -1.000000000000000000, -0.000000000000000000, -0.000000000000000000 ) ) ;
#2213 = FACE_OUTER_BOUND ( 'NONE', #1289, .T. ) ;
#2214 = ORIENTED_EDGE ( 'NONE', *, *, #180, .F. ) ;
#2215 = DIRECTION ( 'NONE',  ( -1.000000000000000000, -0.000000000000000000, -0.000000000000000000 ) ) ;
#2216 = ORIENTED_EDGE ( 'NONE', *, *, #1330, .T. ) ;
#2217 = AXIS2_PLACEMENT_3D ( 'NONE', #148, #327, #2881 ) ;
#2218 = VERTEX_POINT ( 'NONE', #553 ) ;
#2219 = CIRCLE ( 'NONE', #179, 2.749999999999999112 ) ;
#2220 = ADVANCED_FACE ( 'NONE', ( #1574 ), #51, .F. ) ;
#2221 = CIRCLE ( 'NONE', #770, 2.749999999999999556 ) ;
#2222 = DIRECTION ( 'NONE',  ( -0.000000000000000000, -1.000000000000000000, -0.000000000000000000 ) ) ;
#2223 = ORIENTED_EDGE ( 'NONE', *, *, #1944, .F. ) ;
#2224 = DIRECTION ( 'NONE',  ( 0.000000000000000000, 0.000000000000000000, -1.000000000000000000 ) ) ;
#2225 = VECTOR ( 'NONE', #3086, 1000.000000000000000 ) ;
#2226 = VECTOR ( 'NONE', #1976, 1000.000000000000000 ) ;
#2227 = EDGE_CURVE ( 'NONE', #791, #2883, #2567, .T. ) ;
#2228 = DIRECTION ( 'NONE',  ( -0.000000000000000000, -1.000000000000000000, -0.000000000000000000 ) ) ;
#2229 = DIRECTION ( 'NONE',  ( 1.000000000000000000, 0.000000000000000000, 0.000000000000000000 ) ) ;
#2230 = DIRECTION ( 'NONE',  ( 0.000000000000000000, 0.000000000000000000, 1.000000000000000000 ) ) ;
#2231 = AXIS2_PLACEMENT_3D ( 'NONE', #1019, #264, #3296 ) ;
#2232 = CIRCLE ( 'NONE', #1897, 2.749999999999997335 ) ;
#2233 = EDGE_CURVE ( 'NONE', #3249, #2382, #1788, .T. ) ;
#2234 = ORIENTED_EDGE ( 'NONE', *, *, #1261, .F. ) ;
#2235 = DIRECTION ( 'NONE',  ( 0.000000000000000000, -1.000000000000000000, 0.000000000000000000 ) ) ;
#2236 = CARTESIAN_POINT ( 'NONE',  ( -3.469446951953614189E-15, 2.999999999999999112, -8.000000000000000000 ) ) ;
#2237 = ORIENTED_EDGE ( 'NONE', *, *, #3251, .T. ) ;
#2238 = CARTESIAN_POINT ( 'NONE',  ( -3.028574104260567813E-15, 2.999999999999999112, -11.59999999999999254 ) ) ;
#2239 = ORIENTED_EDGE ( 'NONE', *, *, #329, .T. ) ;
#2240 = ORIENTED_EDGE ( 'NONE', *, *, #2394, .T. ) ;
#2241 = CIRCLE ( 'NONE', #305, 6.999999999999999112 ) ;
#2242 = CARTESIAN_POINT ( 'NONE',  ( 0.000000000000000000, 1.000000000000021760, 6.400000000000000355 ) ) ;
#2243 = ORIENTED_EDGE ( 'NONE', *, *, #2987, .T. ) ;
#2244 = PRODUCT_DEFINITION_FORMATION_WITH_SPECIFIED_SOURCE ( 'ANY', '', #3159, .NOT_KNOWN. ) ;
#2245 = DIRECTION ( 'NONE',  ( 1.000000000000000000, 0.000000000000000000, 0.000000000000000000 ) ) ;
#2246 = CARTESIAN_POINT ( 'NONE',  ( 3.500000000000000444, 15.09338662244782903, 22.74999999999998579 ) ) ;
#2247 = CYLINDRICAL_SURFACE ( 'NONE', #38, 2.749999999999999112 ) ;
#2248 = ORIENTED_EDGE ( 'NONE', *, *, #754, .F. ) ;
#2249 = DIRECTION ( 'NONE',  ( -1.000000000000000000, 0.000000000000000000, 1.387778780781445676E-15 ) ) ;
#2250 = PLANE ( 'NONE',  #2589 ) ;
#2251 = EDGE_CURVE ( 'NONE', #2123, #2921, #2485, .T. ) ;
#2252 = ORIENTED_EDGE ( 'NONE', *, *, #198, .T. ) ;
#2253 = EDGE_CURVE ( 'NONE', #5, #2468, #2315, .T. ) ;
#2254 = DIRECTION ( 'NONE',  ( -1.000000000000000000, -0.000000000000000000, -0.000000000000000000 ) ) ;
#2255 = ORIENTED_EDGE ( 'NONE', *, *, #2364, .T. ) ;
#2256 = ORIENTED_EDGE ( 'NONE', *, *, #1668, .T. ) ;
#2257 = FACE_OUTER_BOUND ( 'NONE', #1243, .T. ) ;
#2258 = ORIENTED_EDGE ( 'NONE', *, *, #438, .T. ) ;
#2259 = ADVANCED_FACE ( 'NONE', ( #2301 ), #790, .T. ) ;
#2260 = DIRECTION ( 'NONE',  ( -1.000000000000000000, -0.000000000000000000, -0.000000000000000000 ) ) ;
#2261 = PLANE ( 'NONE',  #1487 ) ;
#2262 = FACE_OUTER_BOUND ( 'NONE', #1990, .T. ) ;
#2263 = ORIENTED_EDGE ( 'NONE', *, *, #863, .F. ) ;
#2264 = CARTESIAN_POINT ( 'NONE',  ( -3.500000000000000444, 15.09338662244782903, 19.75000000000000000 ) ) ;
#2265 = FACE_OUTER_BOUND ( 'NONE', #1952, .T. ) ;
#2266 = ORIENTED_EDGE ( 'NONE', *, *, #550, .F. ) ;
#2267 = EDGE_CURVE ( 'NONE', #514, #1517, #3314, .T. ) ;
#2268 = CARTESIAN_POINT ( 'NONE',  ( 3.500000000000000444, 15.09338662244782903, -22.74999999999998579 ) ) ;
#2269 = VERTEX_POINT ( 'NONE', #3057 ) ;
#2270 = LINE ( 'NONE', #2738, #19 ) ;
#2271 = AXIS2_PLACEMENT_3D ( 'NONE', #1169, #1981, #2198 ) ;
#2272 = ORIENTED_EDGE ( 'NONE', *, *, #438, .F. ) ;
#2273 = VECTOR ( 'NONE', #2643, 1000.000000000000000 ) ;
#2274 = AXIS2_PLACEMENT_3D ( 'NONE', #1774, #2786, #3252 ) ;
#2275 = CARTESIAN_POINT ( 'NONE',  ( -8.500000000000003553, 15.09338662244782903, 22.24999999999999645 ) ) ;
#2276 = CIRCLE ( 'NONE', #557, 1.499999999999994449 ) ;
#2277 = DIRECTION ( 'NONE',  ( 0.000000000000000000, 0.000000000000000000, 1.000000000000000000 ) ) ;
#2278 = CARTESIAN_POINT ( 'NONE',  ( 3.500000000000000444, 0.000000000000000000, 22.74999999999998579 ) ) ;
#2279 = VECTOR ( 'NONE', #991, 1000.000000000000000 ) ;
#2280 = ORIENTED_EDGE ( 'NONE', *, *, #1352, .T. ) ;
#2281 = FACE_OUTER_BOUND ( 'NONE', #1009, .T. ) ;
#2282 = DIRECTION ( 'NONE',  ( 0.000000000000000000, 0.000000000000000000, 1.000000000000000000 ) ) ;
#2283 = AXIS2_PLACEMENT_3D ( 'NONE', #3192, #644, #2927 ) ;
#2284 = CIRCLE ( 'NONE', #832, 2.749999999999997335 ) ;
#2285 = ORIENTED_EDGE ( 'NONE', *, *, #3116, .F. ) ;
#2286 = DIRECTION ( 'NONE',  ( -0.000000000000000000, -1.000000000000000000, -0.000000000000000000 ) ) ;
#2287 = ORIENTED_EDGE ( 'NONE', *, *, #109, .T. ) ;
#2288 = CARTESIAN_POINT ( 'NONE',  ( 3.250000000000000000, 6.999999999999999112, -31.99999999999999289 ) ) ;
#2289 = ORIENTED_EDGE ( 'NONE', *, *, #2737, .T. ) ;
#2290 = VECTOR ( 'NONE', #224, 1000.000000000000000 ) ;
#2291 = LINE ( 'NONE', #2275, #1364 ) ;
#2292 = DIRECTION ( 'NONE',  ( -0.000000000000000000, -1.000000000000000000, -0.000000000000000000 ) ) ;
#2293 = DIRECTION ( 'NONE',  ( -1.000000000000000000, -0.000000000000000000, -0.000000000000000000 ) ) ;
#2294 = VERTEX_POINT ( 'NONE', #772 ) ;
#2295 = DIRECTION ( 'NONE',  ( 0.000000000000000000, 1.000000000000000000, 0.000000000000000000 ) ) ;
#2296 = DIRECTION ( 'NONE',  ( 1.387778780781445676E-15, 0.000000000000000000, -1.000000000000000000 ) ) ;
#2297 = ORIENTED_EDGE ( 'NONE', *, *, #298, .T. ) ;
#2298 = DIRECTION ( 'NONE',  ( -0.000000000000000000, -1.000000000000000000, -0.000000000000000000 ) ) ;
#2299 = ORIENTED_EDGE ( 'NONE', *, *, #2143, .F. ) ;
#2300 = CARTESIAN_POINT ( 'NONE',  ( -3.500000000000000444, 0.000000000000000000, -22.74999999999998579 ) ) ;
#2301 = FACE_OUTER_BOUND ( 'NONE', #2991, .T. ) ;
#2302 = VERTEX_POINT ( 'NONE', #1607 ) ;
#2303 = EDGE_CURVE ( 'NONE', #791, #448, #303, .T. ) ;
#2304 = DIRECTION ( 'NONE',  ( 0.000000000000000000, 0.000000000000000000, -1.000000000000000000 ) ) ;
#2305 = DIRECTION ( 'NONE',  ( -0.000000000000000000, -1.000000000000000000, -0.000000000000000000 ) ) ;
#2306 = DIRECTION ( 'NONE',  ( -0.000000000000000000, -1.000000000000000000, -0.000000000000000000 ) ) ;
#2307 = EDGE_LOOP ( 'NONE', ( #1999, #2439 ) ) ;
#2308 = DIRECTION ( 'NONE',  ( -1.000000000000000000, 0.000000000000000000, 1.387778780781445676E-15 ) ) ;
#2309 = CARTESIAN_POINT ( 'NONE',  ( -8.500000000000001776, 2.999999999999999112, -25.49999999999998934 ) ) ;
#2310 = ORIENTED_EDGE ( 'NONE', *, *, #3242, .T. ) ;
#2311 = DIRECTION ( 'NONE',  ( 0.000000000000000000, 0.000000000000000000, -1.000000000000000000 ) ) ;
#2312 = ORIENTED_EDGE ( 'NONE', *, *, #1876, .T. ) ;
#2313 = LINE ( 'NONE', #2847, #2965 ) ;
#2314 = EDGE_CURVE ( 'NONE', #3092, #1168, #2353, .T. ) ;
#2315 = LINE ( 'NONE', #803, #886 ) ;
#2316 = ORIENTED_EDGE ( 'NONE', *, *, #1384, .F. ) ;
#2317 = EDGE_CURVE ( 'NONE', #2921, #1120, #3111, .T. ) ;
#2318 = DIRECTION ( 'NONE',  ( -0.000000000000000000, -1.000000000000000000, -0.000000000000000000 ) ) ;
#2319 = CARTESIAN_POINT ( 'NONE',  ( 8.500000000000000000, 2.999999999999999112, 19.74999999999999289 ) ) ;
#2320 = AXIS2_PLACEMENT_3D ( 'NONE', #2018, #428, #1204 ) ;
#2321 = DIRECTION ( 'NONE',  ( -0.000000000000000000, 1.000000000000000000, -0.000000000000000000 ) ) ;
#2322 = VECTOR ( 'NONE', #2149, 1000.000000000000000 ) ;
#2323 = ORIENTED_EDGE ( 'NONE', *, *, #2694, .T. ) ;
#2324 = DIRECTION ( 'NONE',  ( -0.000000000000000000, -1.000000000000000000, -0.000000000000000000 ) ) ;
#2325 = CARTESIAN_POINT ( 'NONE',  ( -3.500000000000000444, 15.09338662244782903, 25.24999999999998934 ) ) ;
#2326 = AXIS2_PLACEMENT_3D ( 'NONE', #435, #2505, #474 ) ;
#2327 = VERTEX_POINT ( 'NONE', #524 ) ;
#2328 = VECTOR ( 'NONE', #2414, 1000.000000000000000 ) ;
#2329 = ADVANCED_FACE ( 'NONE', ( #14 ), #1041, .T. ) ;
#2330 = ADVANCED_FACE ( 'NONE', ( #136 ), #873, .T. ) ;
#2331 = CARTESIAN_POINT ( 'NONE',  ( -3.500000000000000444, 15.09338662244782903, 22.74999999999998579 ) ) ;
#2332 = CIRCLE ( 'NONE', #507, 0.2499999999999967526 ) ;
#2333 = AXIS2_PLACEMENT_3D ( 'NONE', #267, #2816, #12 ) ;
#2334 = VERTEX_POINT ( 'NONE', #2380 ) ;
#2335 = CARTESIAN_POINT ( 'NONE',  ( -0.7500000000000015543, 0.000000000000000000, 28.49999999999998934 ) ) ;
#2336 = CARTESIAN_POINT ( 'NONE',  ( -3.500000000000000888, 0.000000000000000000, 28.49999999999998934 ) ) ;
#2337 = VERTEX_POINT ( 'NONE', #1393 ) ;
#2338 = EDGE_CURVE ( 'NONE', #1988, #506, #3146, .T. ) ;
#2340 = EDGE_CURVE ( 'NONE', #1733, #2474, #2332, .T. ) ;
#2339 = CARTESIAN_POINT ( 'NONE',  ( -3.469446951953614189E-15, 0.000000000000000000, -8.000000000000000000 ) ) ;
#2341 = CARTESIAN_POINT ( 'NONE',  ( -8.500000000000003553, 0.000000000000000000, 28.24999999999998224 ) ) ;
#2342 = DIRECTION ( 'NONE',  ( 0.000000000000000000, 0.000000000000000000, 1.000000000000000000 ) ) ;
#2343 = AXIS2_PLACEMENT_3D ( 'NONE', #1994, #3004, #1246 ) ;
#2344 = ORIENTED_EDGE ( 'NONE', *, *, #3217, .F. ) ;
#2345 = DIRECTION ( 'NONE',  ( 0.000000000000000000, 0.000000000000000000, 1.000000000000000000 ) ) ;
#2346 = CARTESIAN_POINT ( 'NONE',  ( 0.000000000000000000, 3.000000000000000000, 8.000000000000000000 ) ) ;
#2347 = ORIENTED_EDGE ( 'NONE', *, *, #712, .F. ) ;
#2348 = CARTESIAN_POINT ( 'NONE',  ( 8.500000000000001776, 15.09338662244782903, -25.49999999999998934 ) ) ;
#2350 = ADVANCED_FACE ( 'NONE', ( #1135 ), #894, .F. ) ;
#2349 = ORIENTED_EDGE ( 'NONE', *, *, #23, .T. ) ;
#2351 = LINE ( 'NONE', #1341, #1314 ) ;
#2352 = ORIENTED_EDGE ( 'NONE', *, *, #1432, .F. ) ;
#2353 = LINE ( 'NONE', #1072, #2761 ) ;
#2354 = ORIENTED_EDGE ( 'NONE', *, *, #1664, .F. ) ;
#2355 = CARTESIAN_POINT ( 'NONE',  ( -3.250000000000000000, 6.999999999999999112, -31.99999999999999289 ) ) ;
#2356 = DIRECTION ( 'NONE',  ( -0.000000000000000000, -1.000000000000000000, -0.000000000000000000 ) ) ;
#2357 = DIRECTION ( 'NONE',  ( 0.000000000000000000, -1.000000000000000000, 0.000000000000000000 ) ) ;
#2358 = CARTESIAN_POINT ( 'NONE',  ( 0.7500000000000024425, -2.755455298081545271E-16, 29.49999999999998579 ) ) ;
#2359 = ORIENTED_EDGE ( 'NONE', *, *, #254, .F. ) ;
#2360 = CARTESIAN_POINT ( 'NONE',  ( -8.910822310920377021, 1.499999999999997780, -16.78085950549625949 ) ) ;
#2361 = ORIENTED_EDGE ( 'NONE', *, *, #641, .T. ) ;
#2362 = DIRECTION ( 'NONE',  ( -1.000000000000000000, 0.000000000000000000, -1.387778780781445478E-15 ) ) ;
#2363 = EDGE_LOOP ( 'NONE', ( #2524, #2310, #3012, #2003 ) ) ;
#2364 = EDGE_CURVE ( 'NONE', #324, #1789, #1043, .T. ) ;
#2365 = DIRECTION ( 'NONE',  ( 0.000000000000000000, -1.000000000000000000, 0.000000000000000000 ) ) ;
#2366 = ORIENTED_EDGE ( 'NONE', *, *, #1384, .T. ) ;
#2367 = VERTEX_POINT ( 'NONE', #857 ) ;
#2368 = CARTESIAN_POINT ( 'NONE',  ( -3.250000000000001776, 15.09338662244782903, -28.49999999999998934 ) ) ;
#2369 = DIRECTION ( 'NONE',  ( -0.000000000000000000, -1.000000000000000000, -0.000000000000000000 ) ) ;
#2370 = DIRECTION ( 'NONE',  ( -0.000000000000000000, -1.000000000000000000, -0.000000000000000000 ) ) ;
#2371 = VERTEX_POINT ( 'NONE', #115 ) ;
#2372 = AXIS2_PLACEMENT_3D ( 'NONE', #2488, #195, #2245 ) ;
#2373 = LINE ( 'NONE', #615, #1537 ) ;
#2374 = CARTESIAN_POINT ( 'NONE',  ( 0.000000000000000000, 3.000000000000000000, 0.000000000000000000 ) ) ;
#2375 = LINE ( 'NONE', #3158, #26 ) ;
#2376 = CIRCLE ( 'NONE', #2855, 2.749999999999999112 ) ;
#2377 = CIRCLE ( 'NONE', #935, 2.750000000000002665 ) ;
#2378 = AXIS2_PLACEMENT_3D ( 'NONE', #85, #2425, #1636 ) ;
#2379 = AXIS2_PLACEMENT_3D ( 'NONE', #3224, #2747, #973 ) ;
#2380 = CARTESIAN_POINT ( 'NONE',  ( -2.123875591785903350, 0.000000000000000000, 18.88092032901510109 ) ) ;
#2381 = AXIS2_PLACEMENT_3D ( 'NONE', #3125, #80, #593 ) ;
#2382 = VERTEX_POINT ( 'NONE', #1921 ) ;
#2383 = DIRECTION ( 'NONE',  ( 0.000000000000000000, 0.000000000000000000, -1.000000000000000000 ) ) ;
#2384 = EDGE_CURVE ( 'NONE', #1396, #2967, #635, .T. ) ;
#2385 = ADVANCED_FACE ( 'NONE', ( #1621 ), #2629, .F. ) ;
#2386 = DIRECTION ( 'NONE',  ( -0.000000000000000000, -1.000000000000000000, -0.000000000000000000 ) ) ;
#2387 = DIRECTION ( 'NONE',  ( 0.000000000000000000, -0.000000000000000000, 1.000000000000000000 ) ) ;
#2388 = CARTESIAN_POINT ( 'NONE',  ( 3.500000000000000444, 2.999999999999999112, -22.74999999999998579 ) ) ;
#2389 = AXIS2_PLACEMENT_3D ( 'NONE', #3136, #780, #1873 ) ;
#2390 = ORIENTED_EDGE ( 'NONE', *, *, #1785, .T. ) ;
#2391 = DIRECTION ( 'NONE',  ( -0.000000000000000000, -1.000000000000000000, -0.000000000000000000 ) ) ;
#2392 = DIRECTION ( 'NONE',  ( -0.000000000000000000, -1.000000000000000000, -0.000000000000000000 ) ) ;
#2393 = DIRECTION ( 'NONE',  ( -0.000000000000000000, -1.000000000000000000, -0.000000000000000000 ) ) ;
#2394 = EDGE_CURVE ( 'NONE', #1002, #318, #1256, .T. ) ;
#2395 = EDGE_LOOP ( 'NONE', ( #581, #3300, #2683, #1121 ) ) ;
#2396 = DIRECTION ( 'NONE',  ( 0.000000000000000000, 0.000000000000000000, 1.000000000000000000 ) ) ;
#2397 = ORIENTED_EDGE ( 'NONE', *, *, #688, .T. ) ;
#2398 = ORIENTED_EDGE ( 'NONE', *, *, #1317, .T. ) ;
#2399 = VERTEX_POINT ( 'NONE', #2681 ) ;
#2400 = PLANE ( 'NONE',  #1146 ) ;
#2401 = LINE ( 'NONE', #2434, #1715 ) ;
#2402 = EDGE_CURVE ( 'NONE', #2574, #3148, #1869, .T. ) ;
#2403 = CARTESIAN_POINT ( 'NONE',  ( -8.500000000000003553, 2.999999999999999112, -28.24999999999998224 ) ) ;
#2404 = DIRECTION ( 'NONE',  ( -0.000000000000000000, -1.000000000000000000, -0.000000000000000000 ) ) ;
#2405 = CARTESIAN_POINT ( 'NONE',  ( -3.250000000000000000, 0.000000000000000000, -31.99999999999998579 ) ) ;
#2406 = ORIENTED_EDGE ( 'NONE', *, *, #1132, .F. ) ;
#2407 = LINE ( 'NONE', #1931, #1369 ) ;
#2408 = DIRECTION ( 'NONE',  ( 0.000000000000000000, 0.000000000000000000, 1.000000000000000000 ) ) ;
#2409 = DIRECTION ( 'NONE',  ( -0.000000000000000000, -1.000000000000000000, -0.000000000000000000 ) ) ;
#2410 = CARTESIAN_POINT ( 'NONE',  ( -3.500000000000000888, 2.999999999999999112, 28.49999999999998934 ) ) ;
#2411 = VERTEX_POINT ( 'NONE', #2154 ) ;
#2412 = ORIENTED_EDGE ( 'NONE', *, *, #851, .F. ) ;
#2413 = ORIENTED_EDGE ( 'NONE', *, *, #2758, .T. ) ;
#2414 = DIRECTION ( 'NONE',  ( 1.000000000000000000, 0.000000000000000000, 1.387778780781445478E-15 ) ) ;
#2415 = EDGE_CURVE ( 'NONE', #2638, #1995, #1852, .T. ) ;
#2416 = CARTESIAN_POINT ( 'NONE',  ( 3.250000000000000000, -2.755455298081545271E-16, -29.49999999999998579 ) ) ;
#2417 = FACE_OUTER_BOUND ( 'NONE', #1604, .T. ) ;
#2418 = CARTESIAN_POINT ( 'NONE',  ( -8.500000000000001776, 2.999999999999999112, -19.25000000000000000 ) ) ;
#2419 = CARTESIAN_POINT ( 'NONE',  ( 0.7500000000000015543, 0.000000000000000000, -29.49999999999998579 ) ) ;
#2420 = DIRECTION ( 'NONE',  ( -1.000000000000000000, 0.000000000000000000, -1.387778780781445676E-15 ) ) ;
#2421 = DIRECTION ( 'NONE',  ( 0.000000000000000000, 0.000000000000000000, 1.000000000000000000 ) ) ;
#2422 = EDGE_CURVE ( 'NONE', #1794, #1049, #2667, .T. ) ;
#2423 = ADVANCED_FACE ( 'NONE', ( #1896 ), #1409, .F. ) ;
#2424 = ORIENTED_EDGE ( 'NONE', *, *, #298, .F. ) ;
#2425 = DIRECTION ( 'NONE',  ( -0.000000000000000000, -1.000000000000000000, -0.000000000000000000 ) ) ;
#2426 = AXIS2_PLACEMENT_3D ( 'NONE', #1978, #1475, #425 ) ;
#2427 = VECTOR ( 'NONE', #2811, 1000.000000000000000 ) ;
#2428 = ORIENTED_EDGE ( 'NONE', *, *, #1010, .F. ) ;
#2429 = ORIENTED_EDGE ( 'NONE', *, *, #1056, .T. ) ;
#2430 = CIRCLE ( 'NONE', #2910, 3.999999999999996447 ) ;
#2431 = ORIENTED_EDGE ( 'NONE', *, *, #2938, .T. ) ;
#2432 = CIRCLE ( 'NONE', #2283, 2.749999999999999112 ) ;
#2433 = PRESENTATION_STYLE_ASSIGNMENT (( #2969 ) ) ;
#2434 = CARTESIAN_POINT ( 'NONE',  ( -3.250000000000001776, 2.999999999999999112, -29.49999999999998579 ) ) ;
#2435 = ADVANCED_FACE ( 'NONE', ( #1658 ), #841, .T. ) ;
#2436 = FACE_OUTER_BOUND ( 'NONE', #1271, .T. ) ;
#2437 = CARTESIAN_POINT ( 'NONE',  ( -8.500000000000003553, 0.000000000000000000, 28.24999999999998224 ) ) ;
#2438 = DIRECTION ( 'NONE',  ( 0.000000000000000000, 0.000000000000000000, -1.000000000000000000 ) ) ;
#2439 = ORIENTED_EDGE ( 'NONE', *, *, #3130, .T. ) ;
#2440 = CARTESIAN_POINT ( 'NONE',  ( 3.250000000000000000, 6.999999999999999112, 31.99999999999999289 ) ) ;
#2441 = CARTESIAN_POINT ( 'NONE',  ( 3.250000000000000000, -2.755455298081545271E-16, 29.49999999999998579 ) ) ;
#2442 = ORIENTED_EDGE ( 'NONE', *, *, #2166, .F. ) ;
#2443 = CIRCLE ( 'NONE', #1761, 0.2499999999999993616 ) ;
#2444 = EDGE_CURVE ( 'NONE', #2527, #664, #2648, .T. ) ;
#2445 = DIRECTION ( 'NONE',  ( -0.000000000000000000, -1.000000000000000000, -0.000000000000000000 ) ) ;
#2446 = EDGE_LOOP ( 'NONE', ( #2156, #2670, #761, #402 ) ) ;
#2447 = ORIENTED_EDGE ( 'NONE', *, *, #2860, .T. ) ;
#2448 = EDGE_LOOP ( 'NONE', ( #1500, #600, #2258, #2498 ) ) ;
#2449 = PLANE ( 'NONE',  #2863 ) ;
#2450 = ADVANCED_FACE ( 'NONE', ( #2914 ), #620, .F. ) ;
#2451 = DIRECTION ( 'NONE',  ( 0.000000000000000000, 0.000000000000000000, 1.000000000000000000 ) ) ;
#2452 = DIRECTION ( 'NONE',  ( 0.000000000000000000, 1.000000000000000000, 0.000000000000000000 ) ) ;
#2453 = DIRECTION ( 'NONE',  ( 0.000000000000000000, 1.000000000000000000, 0.000000000000000000 ) ) ;
#2454 = ORIENTED_EDGE ( 'NONE', *, *, #1344, .F. ) ;
#2455 = DIRECTION ( 'NONE',  ( -0.000000000000000000, -1.000000000000000000, -0.000000000000000000 ) ) ;
#2456 = DIRECTION ( 'NONE',  ( 0.000000000000000000, 1.000000000000000000, 0.000000000000000000 ) ) ;
#2457 = ORIENTED_EDGE ( 'NONE', *, *, #1723, .T. ) ;
#2458 = CARTESIAN_POINT ( 'NONE',  ( 3.250000000000000000, 6.999999999999999112, -31.99999999999999289 ) ) ;
#2459 = ORIENTED_EDGE ( 'NONE', *, *, #953, .T. ) ;
#2460 = ORIENTED_EDGE ( 'NONE', *, *, #851, .T. ) ;
#2461 = ADVANCED_FACE ( 'NONE', ( #2770, #2472, #3228, #1737, #1771 ), #431, .T. ) ;
#2462 = FACE_OUTER_BOUND ( 'NONE', #186, .T. ) ;
#2463 = ORIENTED_EDGE ( 'NONE', *, *, #2817, .F. ) ;
#2464 = CYLINDRICAL_SURFACE ( 'NONE', #3064, 2.750000000000002665 ) ;
#2465 = DIRECTION ( 'NONE',  ( 0.000000000000000000, 0.000000000000000000, 1.000000000000000000 ) ) ;
#2466 = DIRECTION ( 'NONE',  ( 1.000000000000000000, -0.000000000000000000, 0.000000000000000000 ) ) ;
#2467 = DIRECTION ( 'NONE',  ( -1.000000000000000000, -0.000000000000000000, -0.000000000000000000 ) ) ;
#2468 = VERTEX_POINT ( 'NONE', #3263 ) ;
#2469 = FACE_OUTER_BOUND ( 'NONE', #1351, .T. ) ;
#2470 = DIRECTION ( 'NONE',  ( 0.000000000000000000, 0.000000000000000000, 1.000000000000000000 ) ) ;
#2471 = EDGE_LOOP ( 'NONE', ( #1074, #1966, #1031, #1847 ) ) ;
#2472 = FACE_BOUND ( 'NONE', #2307, .T. ) ;
#2473 = EDGE_CURVE ( 'NONE', #2204, #1005, #2749, .T. ) ;
#2474 = VERTEX_POINT ( 'NONE', #151 ) ;
#2475 = AXIS2_PLACEMENT_3D ( 'NONE', #646, #2691, #1375 ) ;
#2476 = ORIENTED_EDGE ( 'NONE', *, *, #1362, .T. ) ;
#2477 = VECTOR ( 'NONE', #144, 1000.000000000000000 ) ;
#2478 = CIRCLE ( 'NONE', #1525, 2.749999999999999556 ) ;
#2479 = LINE ( 'NONE', #3267, #1142 ) ;
#2480 = ADVANCED_FACE ( 'NONE', ( #2784 ), #1227, .T. ) ;
#2481 = ORIENTED_EDGE ( 'NONE', *, *, #91, .T. ) ;
#2482 =( NAMED_UNIT ( * ) PLANE_ANGLE_UNIT ( ) SI_UNIT ( $, .RADIAN. ) );
#2483 = VECTOR ( 'NONE', #2823, 1000.000000000000000 ) ;
#2484 = AXIS2_PLACEMENT_3D ( 'NONE', #807, #2620, #89 ) ;
#2485 = CIRCLE ( 'NONE', #1754, 1.600000000000000755 ) ;
#2486 = AXIS2_PLACEMENT_3D ( 'NONE', #1481, #2456, #164 ) ;
#2487 = EDGE_CURVE ( 'NONE', #2846, #2520, #2734, .T. ) ;
#2488 = CARTESIAN_POINT ( 'NONE',  ( 8.500000000000001776, 0.000000000000000000, -25.49999999999998934 ) ) ;
#2489 = CARTESIAN_POINT ( 'NONE',  ( -3.250000000000001776, 2.999999999999999112, 28.49999999999998934 ) ) ;
#2490 = CARTESIAN_POINT ( 'NONE',  ( 0.7500000000000015543, 0.000000000000000000, -29.49999999999998579 ) ) ;
#2491 = AXIS2_PLACEMENT_3D ( 'NONE', #2139, #2118, #837 ) ;
#2492 = CIRCLE ( 'NONE', #769, 2.750000000000002665 ) ;
#2493 = ORIENTED_EDGE ( 'NONE', *, *, #2048, .F. ) ;
#2494 = EDGE_CURVE ( 'NONE', #2915, #2736, #1313, .T. ) ;
#2495 = CARTESIAN_POINT ( 'NONE',  ( -3.250000000000000000, 11.76313972081440795, -33.25000000000000711 ) ) ;
#2496 = DIRECTION ( 'NONE',  ( -0.000000000000000000, -1.000000000000000000, -0.000000000000000000 ) ) ;
#2497 = ADVANCED_FACE ( 'NONE', ( #1756 ), #486, .T. ) ;
#2498 = ORIENTED_EDGE ( 'NONE', *, *, #2834, .T. ) ;
#2499 = CARTESIAN_POINT ( 'NONE',  ( 0.000000000000000000, 3.000000000000000000, 0.000000000000000000 ) ) ;
#2500 = ORIENTED_EDGE ( 'NONE', *, *, #599, .F. ) ;
#2501 = ADVANCED_FACE ( 'NONE', ( #1504 ), #1724, .T. ) ;
#2502 = ORIENTED_EDGE ( 'NONE', *, *, #2573, .F. ) ;
#2503 = VECTOR ( 'NONE', #2973, 1000.000000000000000 ) ;
#2504 = EDGE_CURVE ( 'NONE', #2302, #448, #2598, .T. ) ;
#2505 = DIRECTION ( 'NONE',  ( -0.000000000000000000, -1.000000000000000000, -0.000000000000000000 ) ) ;
#2506 = ORIENTED_EDGE ( 'NONE', *, *, #1714, .T. ) ;
#2507 = AXIS2_PLACEMENT_3D ( 'NONE', #915, #640, #373 ) ;
#2508 = EDGE_CURVE ( 'NONE', #1775, #1343, #2001, .T. ) ;
#2509 = CARTESIAN_POINT ( 'NONE',  ( -8.910822310920377021, 2.999999999999999112, 16.78085950549625949 ) ) ;
#2510 = DIRECTION ( 'NONE',  ( 0.000000000000000000, -0.000000000000000000, 1.000000000000000000 ) ) ;
#2511 = CARTESIAN_POINT ( 'NONE',  ( -0.7500000000000015543, 0.000000000000000000, -29.49999999999998579 ) ) ;
#2512 = EDGE_CURVE ( 'NONE', #1240, #370, #3211, .T. ) ;
#2513 = VERTEX_POINT ( 'NONE', #450 ) ;
#2514 = CARTESIAN_POINT ( 'NONE',  ( -3.500000000000000444, 2.999999999999999112, 28.24999999999998934 ) ) ;
#2515 = PLANE ( 'NONE',  #1044 ) ;
#2516 = ORIENTED_EDGE ( 'NONE', *, *, #2573, .T. ) ;
#2517 = DIRECTION ( 'NONE',  ( 0.000000000000000000, 0.000000000000000000, 1.000000000000000000 ) ) ;
#2518 = ORIENTED_EDGE ( 'NONE', *, *, #1635, .F. ) ;
#2519 = CARTESIAN_POINT ( 'NONE',  ( -8.500000000000001776, 0.000000000000000000, 25.49999999999998934 ) ) ;
#2520 = VERTEX_POINT ( 'NONE', #3009 ) ;
#2521 = DIRECTION ( 'NONE',  ( -1.000000000000000000, 0.000000000000000000, -0.000000000000000000 ) ) ;
#2522 = CARTESIAN_POINT ( 'NONE',  ( 3.250000000000001776, 2.999999999999999112, -28.49999999999998934 ) ) ;
#2523 = DIRECTION ( 'NONE',  ( -0.000000000000000000, -0.000000000000000000, 1.000000000000000000 ) ) ;
#2524 = ORIENTED_EDGE ( 'NONE', *, *, #2317, .F. ) ;
#2525 = DIRECTION ( 'NONE',  ( 0.000000000000000000, 0.000000000000000000, -1.000000000000000000 ) ) ;
#2526 = CARTESIAN_POINT ( 'NONE',  ( 8.500000000000001776, 2.999999999999999112, -25.24999999999998934 ) ) ;
#2527 = VERTEX_POINT ( 'NONE', #3029 ) ;
#2528 = CARTESIAN_POINT ( 'NONE',  ( 8.910822310920377021, 1.499999999999997780, -16.78085950549625949 ) ) ;
#2530 = EDGE_CURVE ( 'NONE', #840, #484, #827, .T. ) ;
#2529 = ORIENTED_EDGE ( 'NONE', *, *, #1909, .F. ) ;
#2531 = ADVANCED_FACE ( 'NONE', ( #720 ), #1985, .T. ) ;
#2532 = DIRECTION ( 'NONE',  ( -0.000000000000000000, -0.000000000000000000, -1.000000000000000000 ) ) ;
#2533 = CIRCLE ( 'NONE', #1085, 6.999999999999999112 ) ;
#2534 = ORIENTED_EDGE ( 'NONE', *, *, #608, .F. ) ;
#2535 = VECTOR ( 'NONE', #1420, 1000.000000000000000 ) ;
#2536 = VECTOR ( 'NONE', #2532, 1000.000000000000000 ) ;
#2537 = DIRECTION ( 'NONE',  ( -0.000000000000000000, -1.000000000000000000, -0.000000000000000000 ) ) ;
#2538 = AXIS2_PLACEMENT_3D ( 'NONE', #2339, #256, #1776 ) ;
#2539 = DIRECTION ( 'NONE',  ( -0.000000000000000000, 1.000000000000000000, -0.000000000000000000 ) ) ;
#2540 = LINE ( 'NONE', #1266, #2979 ) ;
#2541 = EDGE_CURVE ( 'NONE', #1188, #1971, #1091, .T. ) ;
#2542 = VECTOR ( 'NONE', #2362, 1000.000000000000000 ) ;
#2543 = ORIENTED_EDGE ( 'NONE', *, *, #966, .T. ) ;
#2544 = DIRECTION ( 'NONE',  ( 1.387778780781445676E-15, -0.000000000000000000, 1.000000000000000000 ) ) ;
#2545 = PLANE ( 'NONE',  #670 ) ;
#2546 = VECTOR ( 'NONE', #2864, 1000.000000000000000 ) ;
#2547 = AXIS2_PLACEMENT_3D ( 'NONE', #1627, #2675, #643 ) ;
#2548 = ORIENTED_EDGE ( 'NONE', *, *, #1138, .F. ) ;
#2549 = DIRECTION ( 'NONE',  ( 0.000000000000000000, 0.000000000000000000, -1.000000000000000000 ) ) ;
#2550 = CARTESIAN_POINT ( 'NONE',  ( 0.000000000000000000, 0.000000000000000000, 8.000000000000000000 ) ) ;
#2551 = CARTESIAN_POINT ( 'NONE',  ( 3.250000000000001776, 0.000000000000000000, -28.49999999999998934 ) ) ;
#2552 = EDGE_CURVE ( 'NONE', #232, #1171, #2996, .T. ) ;
#2553 = CARTESIAN_POINT ( 'NONE',  ( -3.500000000000000444, 2.999999999999999112, -19.25000000000000000 ) ) ;
#2554 = EDGE_LOOP ( 'NONE', ( #2936, #332, #2711, #887 ) ) ;
#2555 = CIRCLE ( 'NONE', #3082, 0.2499999999999967526 ) ;
#2556 = LINE ( 'NONE', #999, #1592 ) ;
#2557 = DIRECTION ( 'NONE',  ( -1.000000000000000000, -0.000000000000000000, -0.000000000000000000 ) ) ;
#2558 =( GEOMETRIC_REPRESENTATION_CONTEXT ( 3 ) GLOBAL_UNCERTAINTY_ASSIGNED_CONTEXT ( ( #2033 ) ) GLOBAL_UNIT_ASSIGNED_CONTEXT ( ( #3215, #2686, #1164 ) ) REPRESENTATION_CONTEXT ( 'NONE', 'WORKASPACE' ) );
#2559 = CARTESIAN_POINT ( 'NONE',  ( -3.469446951953614189E-15, 3.000000000000000000, -8.000000000000000000 ) ) ;
#2560 = ORIENTED_EDGE ( 'NONE', *, *, #1779, .T. ) ;
#2561 = DIRECTION ( 'NONE',  ( 0.000000000000000000, -0.000000000000000000, 1.000000000000000000 ) ) ;
#2562 = DIRECTION ( 'NONE',  ( 0.000000000000000000, 0.7071067811865462405, 0.7071067811865489050 ) ) ;
#2563 = ORIENTED_EDGE ( 'NONE', *, *, #423, .F. ) ;
#2564 = FACE_OUTER_BOUND ( 'NONE', #27, .T. ) ;
#2565 = VERTEX_POINT ( 'NONE', #249 ) ;
#2566 = DIRECTION ( 'NONE',  ( 1.387778780781445676E-15, -0.000000000000000000, 1.000000000000000000 ) ) ;
#2567 = LINE ( 'NONE', #2553, #3123 ) ;
#2568 = VERTEX_POINT ( 'NONE', #2829 ) ;
#2569 = CARTESIAN_POINT ( 'NONE',  ( -8.500000000000001776, 15.09338662244782903, 25.49999999999998934 ) ) ;
#2570 = EDGE_CURVE ( 'NONE', #2833, #1396, #1833, .T. ) ;
#2571 = DIRECTION ( 'NONE',  ( 0.000000000000000000, 0.000000000000000000, 1.000000000000000000 ) ) ;
#2572 = CYLINDRICAL_SURFACE ( 'NONE', #573, 0.2499999999999967526 ) ;
#2573 = EDGE_CURVE ( 'NONE', #1733, #767, #3041, .T. ) ;
#2574 = VERTEX_POINT ( 'NONE', #1516 ) ;
#2575 = DIRECTION ( 'NONE',  ( 0.000000000000000000, 1.000000000000000000, 0.000000000000000000 ) ) ;
#2576 = DIRECTION ( 'NONE',  ( 0.000000000000000000, 0.000000000000000000, 1.000000000000000000 ) ) ;
#2577 = ORIENTED_EDGE ( 'NONE', *, *, #1611, .F. ) ;
#2578 = CYLINDRICAL_SURFACE ( 'NONE', #509, 0.2499999999999967526 ) ;
#2579 = ORIENTED_EDGE ( 'NONE', *, *, #914, .F. ) ;
#2580 = DIRECTION ( 'NONE',  ( -0.000000000000000000, -1.000000000000000000, -0.000000000000000000 ) ) ;
#2581 = LINE ( 'NONE', #1855, #2014 ) ;
#2582 = VERTEX_POINT ( 'NONE', #519 ) ;
#2583 = PRODUCT_DEFINITION ( 'UNKNOWN', '', #2244, #781 ) ;
#2584 = CARTESIAN_POINT ( 'NONE',  ( 3.250000000000000000, 2.999999999999999112, 29.49999999999998579 ) ) ;
#2585 = CARTESIAN_POINT ( 'NONE',  ( -8.500000000000003553, 0.000000000000000000, -22.24999999999999645 ) ) ;
#2586 = VECTOR ( 'NONE', #2957, 1000.000000000000000 ) ;
#2587 = CARTESIAN_POINT ( 'NONE',  ( -8.500000000000001776, 2.999999999999999112, -19.49999999999999645 ) ) ;
#2588 = EDGE_CURVE ( 'NONE', #2568, #2399, #1006, .T. ) ;
#2589 = AXIS2_PLACEMENT_3D ( 'NONE', #3261, #3007, #215 ) ;
#2590 = VECTOR ( 'NONE', #387, 1000.000000000000000 ) ;
#2591 = ORIENTED_EDGE ( 'NONE', *, *, #2928, .T. ) ;
#2592 = FACE_OUTER_BOUND ( 'NONE', #2892, .T. ) ;
#2593 = CARTESIAN_POINT ( 'NONE',  ( 0.7500000000000015543, 2.999999999999999556, 29.49999999999998579 ) ) ;
#2594 = VECTOR ( 'NONE', #659, 1000.000000000000000 ) ;
#2595 = VERTEX_POINT ( 'NONE', #3310 ) ;
#2596 = AXIS2_PLACEMENT_3D ( 'NONE', #2133, #1075, #1334 ) ;
#2597 = CARTESIAN_POINT ( 'NONE',  ( 3.250000000000000000, 10.46410161513774995, -34.00000000000000000 ) ) ;
#2598 = CIRCLE ( 'NONE', #1595, 2.750000000000003109 ) ;
#2599 = VECTOR ( 'NONE', #2393, 1000.000000000000000 ) ;
#2600 = EDGE_CURVE ( 'NONE', #2698, #1361, #499, .T. ) ;
#2601 = ORIENTED_EDGE ( 'NONE', *, *, #2920, .T. ) ;
#2602 = LINE ( 'NONE', #365, #1905 ) ;
#2603 = CARTESIAN_POINT ( 'NONE',  ( -3.500000000000000444, 15.09338662244782903, 25.74999999999998934 ) ) ;
#2604 = ORIENTED_EDGE ( 'NONE', *, *, #764, .T. ) ;
#2605 = FACE_OUTER_BOUND ( 'NONE', #248, .T. ) ;
#2606 = CARTESIAN_POINT ( 'NONE',  ( 3.500000000000000888, 15.09338662244782903, 22.25000000000000000 ) ) ;
#2607 = AXIS2_PLACEMENT_3D ( 'NONE', #2511, #2778, #479 ) ;
#2608 = DIRECTION ( 'NONE',  ( 1.000000000000000000, 0.000000000000000000, -0.000000000000000000 ) ) ;
#2609 = AXIS2_PLACEMENT_3D ( 'NONE', #2587, #291, #2342 ) ;
#2610 = CYLINDRICAL_SURFACE ( 'NONE', #3238, 0.2499999999999967526 ) ;
#2611 = ADVANCED_FACE ( 'NONE', ( #2564 ), #1786, .F. ) ;
#2612 = ORIENTED_EDGE ( 'NONE', *, *, #653, .T. ) ;
#2613 = LINE ( 'NONE', #1390, #2075 ) ;
#2614 = ORIENTED_EDGE ( 'NONE', *, *, #826, .F. ) ;
#2615 = PLANE ( 'NONE',  #1424 ) ;
#2616 = ORIENTED_EDGE ( 'NONE', *, *, #922, .T. ) ;
#2617 = CARTESIAN_POINT ( 'NONE',  ( -3.500000000000000444, 15.09338662244782903, -25.74999999999998934 ) ) ;
#2618 = VERTEX_POINT ( 'NONE', #1571 ) ;
#2619 = ORIENTED_EDGE ( 'NONE', *, *, #1831, .F. ) ;
#2620 = DIRECTION ( 'NONE',  ( 1.387778780781445676E-15, -0.000000000000000000, 1.000000000000000000 ) ) ;
#2621 = FACE_OUTER_BOUND ( 'NONE', #2395, .T. ) ;
#2622 = DIRECTION ( 'NONE',  ( 6.308085367188391227E-16, 0.000000000000000000, 1.000000000000000000 ) ) ;
#2623 = FACE_OUTER_BOUND ( 'NONE', #1719, .T. ) ;
#2624 = ORIENTED_EDGE ( 'NONE', *, *, #3096, .F. ) ;
#2625 = DIRECTION ( 'NONE',  ( 0.000000000000000000, 0.000000000000000000, 1.000000000000000000 ) ) ;
#2626 = LINE ( 'NONE', #1391, #3058 ) ;
#2627 = DIRECTION ( 'NONE',  ( 0.000000000000000000, 0.000000000000000000, 1.000000000000000000 ) ) ;
#2628 = ADVANCED_FACE ( 'NONE', ( #1304 ), #2578, .F. ) ;
#2629 = CYLINDRICAL_SURFACE ( 'NONE', #77, 0.2500000000000002220 ) ;
#2630 = ORIENTED_EDGE ( 'NONE', *, *, #412, .T. ) ;
#2631 = ORIENTED_EDGE ( 'NONE', *, *, #2541, .F. ) ;
#2632 = CARTESIAN_POINT ( 'NONE',  ( -8.500000000000001776, 2.999999999999999112, -25.49999999999998934 ) ) ;
#2633 = CYLINDRICAL_SURFACE ( 'NONE', #3298, 19.00000000000000000 ) ;
#2634 = ADVANCED_FACE ( 'NONE', ( #3075 ), #1846, .F. ) ;
#2635 = CARTESIAN_POINT ( 'NONE',  ( 8.500000000000003553, 2.999999999999999112, -22.24999999999999645 ) ) ;
#2636 = CIRCLE ( 'NONE', #2271, 19.00000000000000000 ) ;
#2637 = DIRECTION ( 'NONE',  ( -0.000000000000000000, -1.000000000000000000, -0.000000000000000000 ) ) ;
#2638 = VERTEX_POINT ( 'NONE', #2038 ) ;
#2639 = EDGE_CURVE ( 'NONE', #2595, #2574, #831, .T. ) ;
#2640 = AXIS2_PLACEMENT_3D ( 'NONE', #1614, #1887, #1166 ) ;
#2641 = VECTOR ( 'NONE', #3218, 1000.000000000000000 ) ;
#2642 = CARTESIAN_POINT ( 'NONE',  ( 8.500000000000001776, 2.999999999999999112, -19.25000000000000000 ) ) ;
#2643 = DIRECTION ( 'NONE',  ( -0.000000000000000000, -1.000000000000000000, -0.000000000000000000 ) ) ;
#2644 = DIRECTION ( 'NONE',  ( -1.000000000000000000, -0.000000000000000000, -0.000000000000000000 ) ) ;
#2645 = VECTOR ( 'NONE', #694, 1000.000000000000000 ) ;
#2646 = ORIENTED_EDGE ( 'NONE', *, *, #2838, .T. ) ;
#2647 = ADVANCED_FACE ( 'NONE', ( #2815 ), #1053, .T. ) ;
#2648 = CIRCLE ( 'NONE', #1151, 0.2500000000000002220 ) ;
#2649 = VECTOR ( 'NONE', #131, 1000.000000000000000 ) ;
#2650 = CARTESIAN_POINT ( 'NONE',  ( -8.500000000000003553, 15.09338662244782903, -28.24999999999998224 ) ) ;
#2651 = VERTEX_POINT ( 'NONE', #1533 ) ;
#2652 = AXIS2_PLACEMENT_3D ( 'NONE', #1326, #1069, #3106 ) ;
#2653 = EDGE_LOOP ( 'NONE', ( #680, #1653, #1216, #1360 ) ) ;
#2654 = CIRCLE ( 'NONE', #2170, 2.749999999999999112 ) ;
#2655 = EDGE_LOOP ( 'NONE', ( #1760, #162 ) ) ;
#2656 = DIRECTION ( 'NONE',  ( -0.000000000000000000, -1.000000000000000000, -0.000000000000000000 ) ) ;
#2657 = APPLICATION_PROTOCOL_DEFINITION ( 'draft international standard', 'automotive_design', 1998, #795 ) ;
#2658 = DIRECTION ( 'NONE',  ( 1.000000000000000000, -0.000000000000000000, 1.387778780781445676E-15 ) ) ;
#2659 = LINE ( 'NONE', #1875, #2753 ) ;
#2660 = CIRCLE ( 'NONE', #201, 2.749999999999999112 ) ;
#2661 = DIRECTION ( 'NONE',  ( 0.000000000000000000, 1.000000000000000000, 0.000000000000000000 ) ) ;
#2662 = ORIENTED_EDGE ( 'NONE', *, *, #585, .F. ) ;
#2663 = CARTESIAN_POINT ( 'NONE',  ( 0.7500000000000015543, 0.000000000000000000, 29.49999999999998579 ) ) ;
#2664 = DIRECTION ( 'NONE',  ( 0.000000000000000000, 0.000000000000000000, 1.000000000000000000 ) ) ;
#2665 = CARTESIAN_POINT ( 'NONE',  ( 0.000000000000000000, 0.000000000000000000, 0.000000000000000000 ) ) ;
#2666 = ORIENTED_EDGE ( 'NONE', *, *, #1804, .T. ) ;
#2667 = LINE ( 'NONE', #1686, #454 ) ;
#2668 = VERTEX_POINT ( 'NONE', #2071 ) ;
#2669 = VERTEX_POINT ( 'NONE', #46 ) ;
#2670 = ORIENTED_EDGE ( 'NONE', *, *, #1441, .T. ) ;
#2671 = DIRECTION ( 'NONE',  ( 0.000000000000000000, 1.000000000000000000, 0.000000000000000000 ) ) ;
#2672 = EDGE_CURVE ( 'NONE', #514, #3092, #1423, .T. ) ;
#2673 = EDGE_CURVE ( 'NONE', #2123, #1468, #1820, .T. ) ;
#2674 = CYLINDRICAL_SURFACE ( 'NONE', #3117, 0.2500000000000002220 ) ;
#2675 = DIRECTION ( 'NONE',  ( 0.000000000000000000, 1.000000000000000000, 0.000000000000000000 ) ) ;
#2676 = DIRECTION ( 'NONE',  ( -0.000000000000000000, -1.000000000000000000, -0.000000000000000000 ) ) ;
#2677 = LINE ( 'NONE', #2360, #240 ) ;
#2678 = CARTESIAN_POINT ( 'NONE',  ( -0.7500000000000015543, 0.000000000000000000, 29.49999999999998579 ) ) ;
#2679 = FACE_OUTER_BOUND ( 'NONE', #181, .T. ) ;
#2680 = ORIENTED_EDGE ( 'NONE', *, *, #2233, .T. ) ;
#2681 = CARTESIAN_POINT ( 'NONE',  ( 2.123875591785903350, 0.000000000000000000, -18.88092032901510109 ) ) ;
#2682 = ORIENTED_EDGE ( 'NONE', *, *, #2849, .T. ) ;
#2683 = ORIENTED_EDGE ( 'NONE', *, *, #970, .T. ) ;
#2684 = ORIENTED_EDGE ( 'NONE', *, *, #1178, .T. ) ;
#2685 = LINE ( 'NONE', #913, #293 ) ;
#2686 =( NAMED_UNIT ( * ) PLANE_ANGLE_UNIT ( ) SI_UNIT ( $, .RADIAN. ) );
#2687 = LINE ( 'NONE', #2708, #1038 ) ;
#2688 = CARTESIAN_POINT ( 'NONE',  ( -3.500000000000000444, 2.999999999999999112, 19.25000000000000000 ) ) ;
#2689 = CARTESIAN_POINT ( 'NONE',  ( 3.250000000000000000, 6.999999999999999112, 31.99999999999999289 ) ) ;
#2690 = VERTEX_POINT ( 'NONE', #2797 ) ;
#2691 = DIRECTION ( 'NONE',  ( -0.000000000000000000, -1.000000000000000000, -0.000000000000000000 ) ) ;
#2692 = PLANE ( 'NONE',  #1535 ) ;
#2693 = ORIENTED_EDGE ( 'NONE', *, *, #1291, .T. ) ;
#2694 = EDGE_CURVE ( 'NONE', #673, #2956, #800, .T. ) ;
#2695 = DIRECTION ( 'NONE',  ( -0.000000000000000000, -1.000000000000000000, -0.000000000000000000 ) ) ;
#2696 = AXIS2_PLACEMENT_3D ( 'NONE', #1518, #1954, #1710 ) ;
#2697 = VECTOR ( 'NONE', #3166, 1000.000000000000000 ) ;
#2698 = VERTEX_POINT ( 'NONE', #2597 ) ;
#2699 = ORIENTED_EDGE ( 'NONE', *, *, #1499, .T. ) ;
#2700 = AXIS2_PLACEMENT_3D ( 'NONE', #2458, #2215, #2517 ) ;
#2701 = VECTOR ( 'NONE', #2922, 1000.000000000000000 ) ;
#2702 = EDGE_CURVE ( 'NONE', #3311, #2302, #776, .T. ) ;
#2703 = VERTEX_POINT ( 'NONE', #2103 ) ;
#2704 = AXIS2_PLACEMENT_3D ( 'NONE', #547, #766, #786 ) ;
#2705 = CARTESIAN_POINT ( 'NONE',  ( -8.500000000000000000, 2.999999999999999112, 25.74999999999998224 ) ) ;
#2706 = AXIS2_PLACEMENT_3D ( 'NONE', #871, #1684, #2931 ) ;
#2707 = PRODUCT_CONTEXT ( 'NONE', #2112, 'mechanical' ) ;
#2708 = CARTESIAN_POINT ( 'NONE',  ( 3.500000000000000444, 2.999999999999999112, 25.24999999999998934 ) ) ;
#2709 = FACE_OUTER_BOUND ( 'NONE', #3297, .T. ) ;
#2710 = FACE_OUTER_BOUND ( 'NONE', #170, .T. ) ;
#2711 = ORIENTED_EDGE ( 'NONE', *, *, #2552, .T. ) ;
#2713 = EDGE_CURVE ( 'NONE', #1995, #2985, #814, .T. ) ;
#2712 = CYLINDRICAL_SURFACE ( 'NONE', #2061, 1.599999999999999867 ) ;
#2714 = DIRECTION ( 'NONE',  ( -1.000000000000000000, 0.000000000000000000, -1.387778780781445676E-15 ) ) ;
#2715 = ORIENTED_EDGE ( 'NONE', *, *, #3288, .T. ) ;
#2716 = VECTOR ( 'NONE', #3036, 1000.000000000000000 ) ;
#2717 = DIRECTION ( 'NONE',  ( 0.000000000000000000, -0.000000000000000000, 1.000000000000000000 ) ) ;
#2719 = EDGE_CURVE ( 'NONE', #1208, #3235, #2373, .T. ) ;
#2718 = ORIENTED_EDGE ( 'NONE', *, *, #1282, .T. ) ;
#2720 = EDGE_CURVE ( 'NONE', #3005, #1988, #1805, .T. ) ;
#2721 = ORIENTED_EDGE ( 'NONE', *, *, #4, .F. ) ;
#2722 = PLANE ( 'NONE',  #1252 ) ;
#2723 = EDGE_LOOP ( 'NONE', ( #2500, #1937, #101, #1986 ) ) ;
#2724 = CARTESIAN_POINT ( 'NONE',  ( -3.028574104260567813E-15, 3.000000000000000000, -11.59999999999999254 ) ) ;
#2725 = LINE ( 'NONE', #407, #1660 ) ;
#2726 = CARTESIAN_POINT ( 'NONE',  ( 0.000000000000000000, 0.000000000000000000, 0.000000000000000000 ) ) ;
#2727 = DIRECTION ( 'NONE',  ( -1.387778780781445676E-15, 0.000000000000000000, 1.000000000000000000 ) ) ;
#2728 = CYLINDRICAL_SURFACE ( 'NONE', #950, 3.999999999999996447 ) ;
#2729 = ADVANCED_FACE ( 'NONE', ( #1374 ), #2880, .F. ) ;
#2730 = EDGE_LOOP ( 'NONE', ( #2188, #1028, #622, #1127, #1117, #765, #1834, #1286, #895, #1161, #2202, #1594, #237, #1453, #2447, #3028, #1023, #2211, #2680, #602, #3102, #1507, #1100, #911, #801, #675, #1661, #624, #535, #1738, #566, #1511, #2287, #732, #2255, #37 ) ) ;
#2731 = CARTESIAN_POINT ( 'NONE',  ( 3.250000000000001776, 15.09338662244782903, 28.49999999999998934 ) ) ;
#2732 = FACE_OUTER_BOUND ( 'NONE', #2006, .T. ) ;
#2733 = ORIENTED_EDGE ( 'NONE', *, *, #2512, .T. ) ;
#2734 = LINE ( 'NONE', #470, #3067 ) ;
#2735 = ORIENTED_EDGE ( 'NONE', *, *, #523, .T. ) ;
#2736 = VERTEX_POINT ( 'NONE', #1654 ) ;
#2737 = EDGE_CURVE ( 'NONE', #1587, #3098, #111, .T. ) ;
#2738 = CARTESIAN_POINT ( 'NONE',  ( -8.500000000000003553, 15.09338662244782903, -22.24999999999999645 ) ) ;
#2739 = ORIENTED_EDGE ( 'NONE', *, *, #2116, .F. ) ;
#2740 = DIRECTION ( 'NONE',  ( 1.000000000000000000, -0.000000000000000000, 1.387778780781445676E-15 ) ) ;
#2741 = CARTESIAN_POINT ( 'NONE',  ( 0.000000000000000000, 3.000000000000000000, 0.000000000000000000 ) ) ;
#2742 = CARTESIAN_POINT ( 'NONE',  ( 3.250000000000000000, 11.76313972081440795, -34.75000000000000000 ) ) ;
#2743 = CARTESIAN_POINT ( 'NONE',  ( -8.500000000000000000, 0.000000000000000000, -19.74999999999999289 ) ) ;
#2744 = EDGE_CURVE ( 'NONE', #2843, #1188, #2613, .T. ) ;
#2745 = ORIENTED_EDGE ( 'NONE', *, *, #1839, .T. ) ;
#2746 = CARTESIAN_POINT ( 'NONE',  ( -3.250000000000000000, 11.76313972081440795, -34.75000000000000000 ) ) ;
#2747 = DIRECTION ( 'NONE',  ( -0.000000000000000000, -1.000000000000000000, -0.000000000000000000 ) ) ;
#2748 = ORIENTED_EDGE ( 'NONE', *, *, #653, .F. ) ;
#2749 = LINE ( 'NONE', #2238, #1591 ) ;
#2750 = EDGE_LOOP ( 'NONE', ( #469, #404, #421, #1338, #910, #1190, #1297, #156, #875, #1159, #475, #1395, #1503, #2459, #689, #3113, #3230, #2682, #304, #453, #2312, #1226, #867 ) ) ;
#2751 = EDGE_CURVE ( 'NONE', #2218, #2843, #2407, .T. ) ;
#2752 = VERTEX_POINT ( 'NONE', #631 ) ;
#2753 = VECTOR ( 'NONE', #3153, 1000.000000000000000 ) ;
#2754 = AXIS2_PLACEMENT_3D ( 'NONE', #1336, #1626, #3189 ) ;
#2755 = CARTESIAN_POINT ( 'NONE',  ( 8.500000000000001776, 2.999999999999999112, 25.24999999999998934 ) ) ;
#2756 = ORIENTED_EDGE ( 'NONE', *, *, #3217, .T. ) ;
#2757 = DIRECTION ( 'NONE',  ( -0.000000000000000000, -0.000000000000000000, -1.000000000000000000 ) ) ;
#2758 = EDGE_CURVE ( 'NONE', #1174, #2204, #192, .T. ) ;
#2759 = VECTOR ( 'NONE', #220, 1000.000000000000000 ) ;
#2760 = AXIS2_PLACEMENT_3D ( 'NONE', #2569, #242, #272 ) ;
#2761 = VECTOR ( 'NONE', #2818, 1000.000000000000000 ) ;
#2762 = VECTOR ( 'NONE', #1435, 1000.000000000000000 ) ;
#2763 = FACE_OUTER_BOUND ( 'NONE', #2554, .T. ) ;
#2764 = CARTESIAN_POINT ( 'NONE',  ( -8.500000000000000000, 0.000000000000000000, 19.74999999999999289 ) ) ;
#2765 = FACE_OUTER_BOUND ( 'NONE', #1569, .T. ) ;
#2766 = ORIENTED_EDGE ( 'NONE', *, *, #216, .F. ) ;
#2767 = CARTESIAN_POINT ( 'NONE',  ( -8.500000000000000000, 0.000000000000000000, -25.74999999999998224 ) ) ;
#2768 = DIRECTION ( 'NONE',  ( 1.000000000000000000, 0.000000000000000000, -0.000000000000000000 ) ) ;
#2769 = VERTEX_POINT ( 'NONE', #853 ) ;
#2770 = FACE_BOUND ( 'NONE', #2128, .T. ) ;
#2771 = EDGE_LOOP ( 'NONE', ( #2412, #517, #1955, #1113 ) ) ;
#2772 = ORIENTED_EDGE ( 'NONE', *, *, #1068, .T. ) ;
#2773 = VECTOR ( 'NONE', #2467, 1000.000000000000000 ) ;
#2774 = CARTESIAN_POINT ( 'NONE',  ( -8.500000000000000000, 2.999999999999999112, -25.74999999999998224 ) ) ;
#2775 = ORIENTED_EDGE ( 'NONE', *, *, #189, .F. ) ;
#2776 = FACE_OUTER_BOUND ( 'NONE', #278, .T. ) ;
#2777 = DIRECTION ( 'NONE',  ( 0.000000000000000000, 0.000000000000000000, 1.000000000000000000 ) ) ;
#2778 = DIRECTION ( 'NONE',  ( 1.000000000000000000, -0.000000000000000000, 0.000000000000000000 ) ) ;
#2779 = ADVANCED_FACE ( 'NONE', ( #1602 ), #1128, .T. ) ;
#2780 = EDGE_LOOP ( 'NONE', ( #1881, #2390, #2591, #1042 ) ) ;
#2781 = CARTESIAN_POINT ( 'NONE',  ( -8.500000000000001776, 0.000000000000000000, 19.49999999999999645 ) ) ;
#2782 = CARTESIAN_POINT ( 'NONE',  ( 8.500000000000003553, 2.999999999999999112, -22.24999999999999645 ) ) ;
#2783 = VERTEX_POINT ( 'NONE', #2929 ) ;
#2784 = FACE_OUTER_BOUND ( 'NONE', #810, .T. ) ;
#2785 = ORIENTED_EDGE ( 'NONE', *, *, #2127, .F. ) ;
#2786 = DIRECTION ( 'NONE',  ( -0.000000000000000000, -1.000000000000000000, -0.000000000000000000 ) ) ;
#2787 = VERTEX_POINT ( 'NONE', #2642 ) ;
#2788 = EDGE_CURVE ( 'NONE', #1396, #2078, #3156, .T. ) ;
#2789 = CARTESIAN_POINT ( 'NONE',  ( -8.500000000000001776, 15.09338662244782903, 19.25000000000000000 ) ) ;
#2790 = FACE_OUTER_BOUND ( 'NONE', #284, .T. ) ;
#2791 = DIRECTION ( 'NONE',  ( 1.000000000000000000, 0.000000000000000000, -1.387778780781445478E-15 ) ) ;
#2792 = VERTEX_POINT ( 'NONE', #1101 ) ;
#2793 = DIRECTION ( 'NONE',  ( 0.000000000000000000, 0.000000000000000000, -1.000000000000000000 ) ) ;
#2794 = CARTESIAN_POINT ( 'NONE',  ( -8.500000000000001776, 15.09338662244782903, -25.24999999999998934 ) ) ;
#2795 = ADVANCED_FACE ( 'NONE', ( #1630 ), #1153, .F. ) ;
#2796 = ORIENTED_EDGE ( 'NONE', *, *, #2842, .T. ) ;
#2797 = CARTESIAN_POINT ( 'NONE',  ( 3.500000000000000888, 0.000000000000000000, -28.24999999999998934 ) ) ;
#2798 = VERTEX_POINT ( 'NONE', #1891 ) ;
#2799 = CARTESIAN_POINT ( 'NONE',  ( 8.500000000000000000, 0.000000000000000000, 19.74999999999999289 ) ) ;
#2800 = AXIS2_PLACEMENT_3D ( 'NONE', #3260, #937, #2525 ) ;
#2801 = ORIENTED_EDGE ( 'NONE', *, *, #1982, .F. ) ;
#2802 = VECTOR ( 'NONE', #3002, 1000.000000000000000 ) ;
#2803 = AXIS2_PLACEMENT_3D ( 'NONE', #743, #1579, #2081 ) ;
#2804 = DIRECTION ( 'NONE',  ( -0.000000000000000000, -1.000000000000000000, -0.000000000000000000 ) ) ;
#2805 = AXIS2_PLACEMENT_3D ( 'NONE', #1624, #1838, #3135 ) ;
#2806 = CARTESIAN_POINT ( 'NONE',  ( 8.500000000000000000, 0.000000000000000000, 19.74999999999999289 ) ) ;
#2807 = PLANE ( 'NONE',  #1107 ) ;
#2808 = VECTOR ( 'NONE', #2848, 1000.000000000000000 ) ;
#2809 = CIRCLE ( 'NONE', #562, 0.2500000000000002220 ) ;
#2810 = ORIENTED_EDGE ( 'NONE', *, *, #1705, .F. ) ;
#2811 = DIRECTION ( 'NONE',  ( 1.000000000000000000, 0.000000000000000000, 0.000000000000000000 ) ) ;
#2812 = CARTESIAN_POINT ( 'NONE',  ( 8.500000000000000000, 15.09338662244782903, 25.74999999999998224 ) ) ;
#2813 = AXIS2_PLACEMENT_3D ( 'NONE', #1915, #2151, #2164 ) ;
#2814 = VERTEX_POINT ( 'NONE', #1669 ) ;
#2815 = FACE_OUTER_BOUND ( 'NONE', #1884, .T. ) ;
#2816 = DIRECTION ( 'NONE',  ( -0.000000000000000000, -1.000000000000000000, -0.000000000000000000 ) ) ;
#2817 = EDGE_CURVE ( 'NONE', #2769, #2915, #2677, .T. ) ;
#2818 = DIRECTION ( 'NONE',  ( -0.000000000000000000, -1.000000000000000000, -0.000000000000000000 ) ) ;
#2819 = VERTEX_POINT ( 'NONE', #3173 ) ;
#2820 = EDGE_CURVE ( 'NONE', #2371, #1267, #378, .T. ) ;
#2821 = VECTOR ( 'NONE', #1778, 1000.000000000000000 ) ;
#2822 = LINE ( 'NONE', #490, #185 ) ;
#2823 = DIRECTION ( 'NONE',  ( -0.000000000000000000, -1.000000000000000000, -0.000000000000000000 ) ) ;
#2824 = PLANE ( 'NONE',  #520 ) ;
#2825 = ORIENTED_EDGE ( 'NONE', *, *, #1547, .T. ) ;
#2826 = DIRECTION ( 'NONE',  ( -0.000000000000000000, -1.000000000000000000, -0.000000000000000000 ) ) ;
#2827 = CARTESIAN_POINT ( 'NONE',  ( 3.500000000000000444, 15.09338662244782903, -16.49999999999999289 ) ) ;
#2828 = ORIENTED_EDGE ( 'NONE', *, *, #1441, .F. ) ;
#2829 = CARTESIAN_POINT ( 'NONE',  ( 2.123875591785900685, 2.999999999999999112, -18.88092032901510819 ) ) ;
#2830 = ORIENTED_EDGE ( 'NONE', *, *, #3271, .F. ) ;
#2831 = CARTESIAN_POINT ( 'NONE',  ( -8.500000000000001776, 15.09338662244782903, -25.49999999999998934 ) ) ;
#2832 = CARTESIAN_POINT ( 'NONE',  ( 3.250000000000000000, 6.999999999999999112, 31.99999999999999289 ) ) ;
#2833 = VERTEX_POINT ( 'NONE', #2419 ) ;
#2834 = EDGE_CURVE ( 'NONE', #840, #2974, #128, .T. ) ;
#2835 = DIRECTION ( 'NONE',  ( 0.000000000000000000, 0.000000000000000000, -1.000000000000000000 ) ) ;
#2836 = CARTESIAN_POINT ( 'NONE',  ( 0.7500000000000015543, 2.999999999999999556, -28.49999999999998934 ) ) ;
#2837 = DIRECTION ( 'NONE',  ( -1.000000000000000000, 0.000000000000000000, 0.000000000000000000 ) ) ;
#2838 = EDGE_CURVE ( 'NONE', #3249, #1794, #1353, .T. ) ;
#2839 = ORIENTED_EDGE ( 'NONE', *, *, #2338, .T. ) ;
#2840 = FACE_BOUND ( 'NONE', #2088, .T. ) ;
#2841 = FACE_OUTER_BOUND ( 'NONE', #925, .T. ) ;
#2842 = EDGE_CURVE ( 'NONE', #1899, #2792, #3236, .T. ) ;
#2843 = VERTEX_POINT ( 'NONE', #1878 ) ;
#2844 = EDGE_CURVE ( 'NONE', #2022, #2520, #1045, .T. ) ;
#2845 = CARTESIAN_POINT ( 'NONE',  ( -3.500000000000000444, 0.000000000000000000, -25.24999999999998934 ) ) ;
#2846 = VERTEX_POINT ( 'NONE', #411 ) ;
#2847 = CARTESIAN_POINT ( 'NONE',  ( -0.7500000000000015543, 2.999999999999999556, 29.49999999999998579 ) ) ;
#2848 = DIRECTION ( 'NONE',  ( -0.000000000000000000, -1.000000000000000000, -0.000000000000000000 ) ) ;
#2849 = EDGE_CURVE ( 'NONE', #2144, #1783, #2432, .T. ) ;
#2850 = ORIENTED_EDGE ( 'NONE', *, *, #748, .T. ) ;
#2851 = ADVANCED_FACE ( 'NONE', ( #1458 ), #2954, .F. ) ;
#2852 = LINE ( 'NONE', #2901, #1478 ) ;
#2853 = AXIS2_PLACEMENT_3D ( 'NONE', #2374, #82, #1102 ) ;
#2854 = CARTESIAN_POINT ( 'NONE',  ( 3.500000000000000444, 0.000000000000000000, -25.24999999999998934 ) ) ;
#2855 = AXIS2_PLACEMENT_3D ( 'NONE', #257, #3065, #759 ) ;
#2856 = AXIS2_PLACEMENT_3D ( 'NONE', #2136, #2357, #642 ) ;
#2857 = ORIENTED_EDGE ( 'NONE', *, *, #1577, .F. ) ;
#2858 = FACE_OUTER_BOUND ( 'NONE', #530, .T. ) ;
#2859 = DIRECTION ( 'NONE',  ( -0.000000000000000000, -1.000000000000000000, -0.000000000000000000 ) ) ;
#2860 = EDGE_CURVE ( 'NONE', #2814, #1606, #2660, .T. ) ;
#2861 = AXIS2_PLACEMENT_3D ( 'NONE', #2832, #1593, #1559 ) ;
#2862 = ORIENTED_EDGE ( 'NONE', *, *, #2143, .T. ) ;
#2863 = AXIS2_PLACEMENT_3D ( 'NONE', #676, #949, #1729 ) ;
#2864 = DIRECTION ( 'NONE',  ( -0.000000000000000000, -1.000000000000000000, -0.000000000000000000 ) ) ;
#2865 = AXIS2_PLACEMENT_3D ( 'NONE', #2180, #344, #2625 ) ;
#2866 = CIRCLE ( 'NONE', #400, 0.2499999999999985012 ) ;
#2867 = ORIENTED_EDGE ( 'NONE', *, *, #1062, .F. ) ;
#2868 = CARTESIAN_POINT ( 'NONE',  ( 8.500000000000000000, 15.09338662244782903, -19.74999999999999289 ) ) ;
#2869 = DIRECTION ( 'NONE',  ( -0.000000000000000000, -1.000000000000000000, -0.000000000000000000 ) ) ;
#2870 = VERTEX_POINT ( 'NONE', #1401 ) ;
#2871 = ORIENTED_EDGE ( 'NONE', *, *, #480, .F. ) ;
#2872 = LINE ( 'NONE', #1646, #2962 ) ;
#2873 = CARTESIAN_POINT ( 'NONE',  ( 3.250000000000001776, -2.755455298081545271E-16, -29.49999999999998579 ) ) ;
#2874 = CIRCLE ( 'NONE', #2028, 2.749999999999999112 ) ;
#2875 = CARTESIAN_POINT ( 'NONE',  ( -8.500000000000003553, 2.999999999999999112, 28.24999999999998224 ) ) ;
#2876 = DIRECTION ( 'NONE',  ( -0.000000000000000000, -1.000000000000000000, -0.000000000000000000 ) ) ;
#2877 = ORIENTED_EDGE ( 'NONE', *, *, #2045, .T. ) ;
#2878 = EDGE_CURVE ( 'NONE', #2130, #926, #2555, .T. ) ;
#2879 = EDGE_CURVE ( 'NONE', #2399, #3311, #1548, .T. ) ;
#2880 = PLANE ( 'NONE',  #2381 ) ;
#2881 = DIRECTION ( 'NONE',  ( 0.000000000000000000, 0.000000000000000000, -1.000000000000000000 ) ) ;
#2882 = DIRECTION ( 'NONE',  ( 0.000000000000000000, 1.000000000000000000, 0.000000000000000000 ) ) ;
#2883 = VERTEX_POINT ( 'NONE', #2418 ) ;
#2884 = DIRECTION ( 'NONE',  ( 0.000000000000000000, 0.000000000000000000, 1.000000000000000000 ) ) ;
#2885 = ORIENTED_EDGE ( 'NONE', *, *, #1032, .T. ) ;
#2886 = ORIENTED_EDGE ( 'NONE', *, *, #922, .F. ) ;
#2887 = EDGE_CURVE ( 'NONE', #2959, #2964, #612, .T. ) ;
#2888 = PLANE ( 'NONE',  #2596 ) ;
#2889 = DIRECTION ( 'NONE',  ( 1.000000000000000000, 0.000000000000000000, -0.000000000000000000 ) ) ;
#2890 = DIRECTION ( 'NONE',  ( -1.000000000000000000, -0.000000000000000000, -0.000000000000000000 ) ) ;
#2891 = LINE ( 'NONE', #903, #2917 ) ;
#2892 = EDGE_LOOP ( 'NONE', ( #697, #551, #2911, #2810 ) ) ;
#2893 = CARTESIAN_POINT ( 'NONE',  ( -3.250000000000000000, 6.999999999999999112, 31.99999999999999289 ) ) ;
#2895 = ADVANCED_FACE ( 'NONE', ( #2710 ), #2728, .F. ) ;
#2894 = DIRECTION ( 'NONE',  ( 0.000000000000000000, 0.000000000000000000, 1.000000000000000000 ) ) ;
#2896 = CARTESIAN_POINT ( 'NONE',  ( -3.250000000000000000, 10.46410161513774995, -34.00000000000000000 ) ) ;
#2897 = ORIENTED_EDGE ( 'NONE', *, *, #2673, .T. ) ;
#2898 = CARTESIAN_POINT ( 'NONE',  ( 0.7500000000000015543, 15.09338662244782903, -28.49999999999998934 ) ) ;
#2899 = ORIENTED_EDGE ( 'NONE', *, *, #2067, .F. ) ;
#2900 = ORIENTED_EDGE ( 'NONE', *, *, #2132, .F. ) ;
#2901 = CARTESIAN_POINT ( 'NONE',  ( 8.500000000000003553, 2.999999999999999112, 22.24999999999999645 ) ) ;
#2902 = LINE ( 'NONE', #105, #2697 ) ;
#2903 = AXIS2_PLACEMENT_3D ( 'NONE', #1550, #2544, #1781 ) ;
#2904 = CARTESIAN_POINT ( 'NONE',  ( 8.500000000000003553, 0.000000000000000000, -22.24999999999999645 ) ) ;
#2905 = ORIENTED_EDGE ( 'NONE', *, *, #2004, .T. ) ;
#2906 = DIRECTION ( 'NONE',  ( -0.000000000000000000, -1.000000000000000000, -0.000000000000000000 ) ) ;
#2907 = CARTESIAN_POINT ( 'NONE',  ( -8.500000000000001776, 2.999999999999999112, 22.74999999999998579 ) ) ;
#2908 = DIRECTION ( 'NONE',  ( 0.000000000000000000, 0.000000000000000000, 1.000000000000000000 ) ) ;
#2909 = CONICAL_SURFACE ( 'NONE', #1415, 3.599999999999992095, 0.7853981633974468357 ) ;
#2910 = AXIS2_PLACEMENT_3D ( 'NONE', #2355, #1383, #2383 ) ;
#2911 = ORIENTED_EDGE ( 'NONE', *, *, #3271, .T. ) ;
#2912 = AXIS2_PLACEMENT_3D ( 'NONE', #1086, #1674, #368 ) ;
#2913 = CIRCLE ( 'NONE', #1483, 2.750000000000003109 ) ;
#2914 = FACE_OUTER_BOUND ( 'NONE', #1615, .T. ) ;
#2915 = VERTEX_POINT ( 'NONE', #125 ) ;
#2916 = ORIENTED_EDGE ( 'NONE', *, *, #262, .F. ) ;
#2917 = VECTOR ( 'NONE', #1929, 1000.000000000000000 ) ;
#2918 = EDGE_CURVE ( 'NONE', #2798, #1173, #2443, .T. ) ;
#2919 = EDGE_CURVE ( 'NONE', #489, #1187, #2083, .T. ) ;
#2920 = EDGE_CURVE ( 'NONE', #2367, #1084, #1603, .T. ) ;
#2921 = VERTEX_POINT ( 'NONE', #3206 ) ;
#2922 = DIRECTION ( 'NONE',  ( -0.000000000000000000, -1.000000000000000000, -0.000000000000000000 ) ) ;
#2923 = LINE ( 'NONE', #158, #357 ) ;
#2924 = DIRECTION ( 'NONE',  ( 0.000000000000000000, 1.000000000000000000, 0.000000000000000000 ) ) ;
#2925 = DIRECTION ( 'NONE',  ( 0.000000000000000000, 1.000000000000000000, 0.000000000000000000 ) ) ;
#2926 = CIRCLE ( 'NONE', #145, 2.749999999999999556 ) ;
#2927 = DIRECTION ( 'NONE',  ( 0.000000000000000000, 0.000000000000000000, 1.000000000000000000 ) ) ;
#2928 = EDGE_CURVE ( 'NONE', #741, #673, #2926, .T. ) ;
#2929 = CARTESIAN_POINT ( 'NONE',  ( 8.500000000000003553, 2.999999999999999112, 22.24999999999999645 ) ) ;
#2930 = DIRECTION ( 'NONE',  ( 0.000000000000000000, 0.000000000000000000, 1.000000000000000000 ) ) ;
#2931 = DIRECTION ( 'NONE',  ( 0.000000000000000000, 0.000000000000000000, 1.000000000000000000 ) ) ;
#2932 = ORIENTED_EDGE ( 'NONE', *, *, #1785, .F. ) ;
#2933 = CARTESIAN_POINT ( 'NONE',  ( -8.500000000000001776, 2.999999999999999112, 25.49999999999998934 ) ) ;
#2934 = VERTEX_POINT ( 'NONE', #107 ) ;
#2935 = ORIENTED_EDGE ( 'NONE', *, *, #2402, .T. ) ;
#2936 = ORIENTED_EDGE ( 'NONE', *, *, #1178, .F. ) ;
#2937 =( NAMED_UNIT ( * ) SI_UNIT ( $, .STERADIAN. ) SOLID_ANGLE_UNIT ( ) );
#2938 = EDGE_CURVE ( 'NONE', #2964, #1002, #2241, .T. ) ;
#2939 = CYLINDRICAL_SURFACE ( 'NONE', #2856, 1.600000000000000755 ) ;
#2940 = LINE ( 'NONE', #1911, #447 ) ;
#2941 = CARTESIAN_POINT ( 'NONE',  ( 8.500000000000001776, 2.999999999999999112, -25.49999999999998934 ) ) ;
#2942 = ORIENTED_EDGE ( 'NONE', *, *, #966, .F. ) ;
#2943 = CYLINDRICAL_SURFACE ( 'NONE', #2475, 19.00000000000000000 ) ;
#2944 = DIRECTION ( 'NONE',  ( -1.000000000000000000, 0.000000000000000000, 0.000000000000000000 ) ) ;
#2945 = ORIENTED_EDGE ( 'NONE', *, *, #2147, .F. ) ;
#2946 = DIRECTION ( 'NONE',  ( -0.000000000000000000, -1.000000000000000000, -0.000000000000000000 ) ) ;
#2947 = EDGE_LOOP ( 'NONE', ( #2316, #2772, #11, #2563 ) ) ;
#2948 = EDGE_LOOP ( 'NONE', ( #2502, #1925, #944, #1628 ) ) ;
#2949 = ORIENTED_EDGE ( 'NONE', *, *, #1381, .F. ) ;
#2950 = LINE ( 'NONE', #1926, #2226 ) ;
#2951 = EDGE_CURVE ( 'NONE', #2337, #2334, #361, .T. ) ;
#2952 = CYLINDRICAL_SURFACE ( 'NONE', #658, 2.749999999999999112 ) ;
#2953 = CARTESIAN_POINT ( 'NONE',  ( -8.500000000000001776, 15.09338662244782903, 22.74999999999998579 ) ) ;
#2954 = CYLINDRICAL_SURFACE ( 'NONE', #900, 0.2500000000000002220 ) ;
#2955 = CIRCLE ( 'NONE', #1356, 2.749999999999999112 ) ;
#2956 = VERTEX_POINT ( 'NONE', #1912 ) ;
#2957 = DIRECTION ( 'NONE',  ( -0.000000000000000000, -1.000000000000000000, -0.000000000000000000 ) ) ;
#2958 = CARTESIAN_POINT ( 'NONE',  ( 0.000000000000000000, 0.000000000000000000, 8.000000000000000000 ) ) ;
#2959 = VERTEX_POINT ( 'NONE', #1388 ) ;
#2960 = CIRCLE ( 'NONE', #2372, 0.2499999999999985012 ) ;
#2961 = DIRECTION ( 'NONE',  ( -1.387778780781445676E-15, 0.000000000000000000, 1.000000000000000000 ) ) ;
#2962 = VECTOR ( 'NONE', #1122, 1000.000000000000000 ) ;
#2963 = ORIENTED_EDGE ( 'NONE', *, *, #406, .F. ) ;
#2964 = VERTEX_POINT ( 'NONE', #2405 ) ;
#2965 = VECTOR ( 'NONE', #549, 1000.000000000000000 ) ;
#2966 = CARTESIAN_POINT ( 'NONE',  ( -3.500000000000000444, 2.999999999999999112, -19.75000000000000000 ) ) ;
#2967 = VERTEX_POINT ( 'NONE', #377 ) ;
#2968 = VECTOR ( 'NONE', #2298, 1000.000000000000000 ) ;
#2969 = SURFACE_STYLE_USAGE ( .BOTH. , #1217 ) ;
#2970 = VECTOR ( 'NONE', #1496, 1000.000000000000000 ) ;
#2971 = LINE ( 'NONE', #708, #2535 ) ;
#2972 = DIRECTION ( 'NONE',  ( -1.387778780781445676E-15, 0.000000000000000000, -1.000000000000000000 ) ) ;
#2973 = DIRECTION ( 'NONE',  ( -0.000000000000000000, -1.000000000000000000, -0.000000000000000000 ) ) ;
#2974 = VERTEX_POINT ( 'NONE', #1167 ) ;
#2975 = DIRECTION ( 'NONE',  ( -1.000000000000000000, 0.000000000000000000, 0.000000000000000000 ) ) ;
#2976 = CARTESIAN_POINT ( 'NONE',  ( 3.500000000000000444, 0.000000000000000000, -16.49999999999999289 ) ) ;
#2977 = EDGE_CURVE ( 'NONE', #384, #1176, #1269, .T. ) ;
#2978 = ORIENTED_EDGE ( 'NONE', *, *, #2788, .T. ) ;
#2979 = VECTOR ( 'NONE', #969, 1000.000000000000000 ) ;
#2980 = DIRECTION ( 'NONE',  ( -1.000000000000000000, 0.000000000000000000, 0.000000000000000000 ) ) ;
#2981 = EDGE_LOOP ( 'NONE', ( #718, #700, #955, #1726 ) ) ;
#2982 = AXIS2_PLACEMENT_3D ( 'NONE', #542, #2321, #3088 ) ;
#2983 = ORIENTED_EDGE ( 'NONE', *, *, #704, .F. ) ;
#2984 = DIRECTION ( 'NONE',  ( -0.000000000000000000, -1.000000000000000000, -0.000000000000000000 ) ) ;
#2985 = VERTEX_POINT ( 'NONE', #3220 ) ;
#2986 = CARTESIAN_POINT ( 'NONE',  ( 8.500000000000001776, 0.000000000000000000, 22.74999999999998579 ) ) ;
#2987 = EDGE_CURVE ( 'NONE', #2513, #2752, #1962, .T. ) ;
#2988 = CARTESIAN_POINT ( 'NONE',  ( 8.500000000000001776, 15.09338662244782903, -22.74999999999998579 ) ) ;
#2989 = CARTESIAN_POINT ( 'NONE',  ( -8.500000000000003553, 2.999999999999999112, 28.24999999999998224 ) ) ;
#2990 = FACE_OUTER_BOUND ( 'NONE', #1560, .T. ) ;
#2991 = EDGE_LOOP ( 'NONE', ( #1798, #525, #153, #2739 ) ) ;
#2992 = DIRECTION ( 'NONE',  ( 1.000000000000000000, -0.000000000000000000, 0.000000000000000000 ) ) ;
#2993 = LINE ( 'NONE', #2812, #458 ) ;
#2994 = VERTEX_POINT ( 'NONE', #885 ) ;
#2995 = EDGE_CURVE ( 'NONE', #2819, #1208, #2874, .T. ) ;
#2996 = LINE ( 'NONE', #685, #345 ) ;
#2997 = ORIENTED_EDGE ( 'NONE', *, *, #3313, .F. ) ;
#2998 = ORIENTED_EDGE ( 'NONE', *, *, #711, .F. ) ;
#2999 = CYLINDRICAL_SURFACE ( 'NONE', #2274, 0.2499999999999967526 ) ;
#3000 = VERTEX_POINT ( 'NONE', #1732 ) ;
#3001 = CARTESIAN_POINT ( 'NONE',  ( 3.500000000000000444, 2.999999999999999112, -19.25000000000000000 ) ) ;
#3002 = DIRECTION ( 'NONE',  ( 1.000000000000000000, -0.000000000000000000, 0.000000000000000000 ) ) ;
#3003 = CARTESIAN_POINT ( 'NONE',  ( -3.500000000000000444, 0.000000000000000000, 16.49999999999999289 ) ) ;
#3004 = DIRECTION ( 'NONE',  ( -0.000000000000000000, -1.000000000000000000, -0.000000000000000000 ) ) ;
#3005 = VERTEX_POINT ( 'NONE', #1792 ) ;
#3006 = DIRECTION ( 'NONE',  ( -0.000000000000000000, -1.000000000000000000, -0.000000000000000000 ) ) ;
#3007 = DIRECTION ( 'NONE',  ( 1.387778780781445676E-15, 0.000000000000000000, -1.000000000000000000 ) ) ;
#3008 = EDGE_LOOP ( 'NONE', ( #570, #977, #487, #2406 ) ) ;
#3009 = CARTESIAN_POINT ( 'NONE',  ( -3.250000000000000000, 13.06217782649106596, 35.50000000000000000 ) ) ;
#3010 = ORIENTED_EDGE ( 'NONE', *, *, #406, .T. ) ;
#3011 = VECTOR ( 'NONE', #2992, 1000.000000000000000 ) ;
#3012 = ORIENTED_EDGE ( 'NONE', *, *, #754, .T. ) ;
#3013 = CIRCLE ( 'NONE', #721, 2.749999999999997335 ) ;
#3014 = VECTOR ( 'NONE', #578, 1000.000000000000000 ) ;
#3015 = DIRECTION ( 'NONE',  ( -1.000000000000000000, -0.000000000000000000, -0.000000000000000000 ) ) ;
#3016 = EDGE_LOOP ( 'NONE', ( #367, #2349, #3112, #1519 ) ) ;
#3017 = AXIS2_PLACEMENT_3D ( 'NONE', #2519, #979, #740 ) ;
#3018 = EDGE_CURVE ( 'NONE', #2520, #2974, #1218, .T. ) ;
#3019 = EDGE_CURVE ( 'NONE', #2669, #741, #463, .T. ) ;
#3020 = VECTOR ( 'NONE', #1331, 1000.000000000000000 ) ;
#3021 = CIRCLE ( 'NONE', #726, 0.2499999999999985012 ) ;
#3022 = DIRECTION ( 'NONE',  ( -0.000000000000000000, -1.000000000000000000, -0.000000000000000000 ) ) ;
#3023 = DIRECTION ( 'NONE',  ( -0.000000000000000000, -1.000000000000000000, -0.000000000000000000 ) ) ;
#3024 = LINE ( 'NONE', #1765, #2290 ) ;
#3025 = ORIENTED_EDGE ( 'NONE', *, *, #1906, .T. ) ;
#3026 = DIRECTION ( 'NONE',  ( 0.000000000000000000, 0.000000000000000000, -1.000000000000000000 ) ) ;
#3027 = LINE ( 'NONE', #483, #1793 ) ;
#3028 = ORIENTED_EDGE ( 'NONE', *, *, #57, .T. ) ;
#3029 = CARTESIAN_POINT ( 'NONE',  ( 3.500000000000000888, 2.999999999999999112, 28.24999999999998934 ) ) ;
#3030 = ORIENTED_EDGE ( 'NONE', *, *, #2879, .F. ) ;
#3031 = DIRECTION ( 'NONE',  ( -1.000000000000000000, -0.000000000000000000, -0.000000000000000000 ) ) ;
#3032 = ORIENTED_EDGE ( 'NONE', *, *, #476, .F. ) ;
#3033 = ADVANCED_FACE ( 'NONE', ( #2990 ), #2807, .T. ) ;
#3034 = CARTESIAN_POINT ( 'NONE',  ( -2.123875591785903794, 1.500000000000001332, -18.88092032901510109 ) ) ;
#3035 = CARTESIAN_POINT ( 'NONE',  ( -3.500000000000000444, 2.999999999999999112, 19.25000000000000000 ) ) ;
#3036 = DIRECTION ( 'NONE',  ( -0.000000000000000000, -1.000000000000000000, -0.000000000000000000 ) ) ;
#3037 = ORIENTED_EDGE ( 'NONE', *, *, #1914, .F. ) ;
#3038 = DIRECTION ( 'NONE',  ( 0.000000000000000000, 0.000000000000000000, 1.000000000000000000 ) ) ;
#3039 = DIRECTION ( 'NONE',  ( -0.000000000000000000, -1.000000000000000000, -0.000000000000000000 ) ) ;
#3040 = ORIENTED_EDGE ( 'NONE', *, *, #2057, .T. ) ;
#3041 = LINE ( 'NONE', #299, #2546 ) ;
#3042 = DIRECTION ( 'NONE',  ( -0.000000000000000000, -1.000000000000000000, -0.000000000000000000 ) ) ;
#3043 = CARTESIAN_POINT ( 'NONE',  ( 0.000000000000000000, 13.26313972081440440, 8.000000000000000000 ) ) ;
#3044 = ORIENTED_EDGE ( 'NONE', *, *, #1287, .F. ) ;
#3045 = LINE ( 'NONE', #2789, #663 ) ;
#3046 = CARTESIAN_POINT ( 'NONE',  ( -3.250000000000000000, 6.999999999999999112, 38.99999999999999289 ) ) ;
#3047 = DIRECTION ( 'NONE',  ( -1.000000000000000000, 0.000000000000000000, 0.000000000000000000 ) ) ;
#3048 = ADVANCED_FACE ( 'NONE', ( #2765 ), #3305, .T. ) ;
#3049 = ORIENTED_EDGE ( 'NONE', *, *, #958, .T. ) ;
#3050 = DIRECTION ( 'NONE',  ( -1.000000000000000000, 0.000000000000000000, 1.387778780781445676E-15 ) ) ;
#3051 = CARTESIAN_POINT ( 'NONE',  ( -3.500000000000000444, 2.999999999999999112, 25.24999999999998934 ) ) ;
#3052 = ORIENTED_EDGE ( 'NONE', *, *, #1333, .T. ) ;
#3053 = EDGE_CURVE ( 'NONE', #2565, #318, #1510, .T. ) ;
#3054 = DIRECTION ( 'NONE',  ( -0.000000000000000000, -1.000000000000000000, -0.000000000000000000 ) ) ;
#3055 = ORIENTED_EDGE ( 'NONE', *, *, #1693, .F. ) ;
#3056 = LINE ( 'NONE', #569, #888 ) ;
#3057 = CARTESIAN_POINT ( 'NONE',  ( -8.500000000000001776, 2.999999999999999112, -25.24999999999998934 ) ) ;
#3058 = VECTOR ( 'NONE', #2420, 1000.000000000000000 ) ;
#3059 = EDGE_LOOP ( 'NONE', ( #2463, #3107, #3040, #919 ) ) ;
#3060 = VECTOR ( 'NONE', #735, 1000.000000000000000 ) ;
#3061 = CIRCLE ( 'NONE', #2754, 0.2499999999999985012 ) ;
#3062 = VECTOR ( 'NONE', #1777, 1000.000000000000000 ) ;
#3063 = DIRECTION ( 'NONE',  ( -1.000000000000000000, -0.000000000000000000, -0.000000000000000000 ) ) ;
#3064 = AXIS2_PLACEMENT_3D ( 'NONE', #405, #157, #2224 ) ;
#3065 = DIRECTION ( 'NONE',  ( 0.000000000000000000, 1.000000000000000000, 0.000000000000000000 ) ) ;
#3066 = DIRECTION ( 'NONE',  ( 0.000000000000000000, 0.000000000000000000, -1.000000000000000000 ) ) ;
#3067 = VECTOR ( 'NONE', #2254, 1000.000000000000000 ) ;
#3068 = CIRCLE ( 'NONE', #2486, 0.2500000000000002220 ) ;
#3069 = ORIENTED_EDGE ( 'NONE', *, *, #2094, .T. ) ;
#3070 = FACE_OUTER_BOUND ( 'NONE', #3059, .T. ) ;
#3071 = LINE ( 'NONE', #544, #81 ) ;
#3072 = VECTOR ( 'NONE', #1616, 1000.000000000000000 ) ;
#3073 = VECTOR ( 'NONE', #2562, 1000.000000000000000 ) ;
#3074 = VERTEX_POINT ( 'NONE', #744 ) ;
#3075 = FACE_OUTER_BOUND ( 'NONE', #844, .T. ) ;
#3077 = EDGE_CURVE ( 'NONE', #324, #1088, #212, .T. ) ;
#3076 = ORIENTED_EDGE ( 'NONE', *, *, #711, .T. ) ;
#3078 = FACE_OUTER_BOUND ( 'NONE', #2771, .T. ) ;
#3079 = ADVANCED_FACE ( 'NONE', ( #2262 ), #2247, .T. ) ;
#3080 = DIRECTION ( 'NONE',  ( 0.000000000000000000, 0.000000000000000000, 1.000000000000000000 ) ) ;
#3081 = ORIENTED_EDGE ( 'NONE', *, *, #2744, .T. ) ;
#3082 = AXIS2_PLACEMENT_3D ( 'NONE', #3241, #2676, #660 ) ;
#3083 = EDGE_CURVE ( 'NONE', #2870, #2669, #760, .T. ) ;
#3084 = EDGE_CURVE ( 'NONE', #1208, #1459, #983, .T. ) ;
#3085 = PLANE ( 'NONE',  #234 ) ;
#3086 = DIRECTION ( 'NONE',  ( -1.000000000000000000, 0.000000000000000000, 0.000000000000000000 ) ) ;
#3087 = EDGE_CURVE ( 'NONE', #2833, #506, #1476, .T. ) ;
#3088 = DIRECTION ( 'NONE',  ( 0.000000000000000000, 0.000000000000000000, 1.000000000000000000 ) ) ;
#3089 = ORIENTED_EDGE ( 'NONE', *, *, #3077, .F. ) ;
#3090 = CARTESIAN_POINT ( 'NONE',  ( 2.123875591785903350, 2.999999999999999112, 18.88092032901510109 ) ) ;
#3091 = DIRECTION ( 'NONE',  ( 1.000000000000000000, 0.000000000000000000, -0.000000000000000000 ) ) ;
#3092 = VERTEX_POINT ( 'NONE', #3258 ) ;
#3093 = DIRECTION ( 'NONE',  ( 8.659560562354951347E-17, 0.7071067811865462405, -0.7071067811865489050 ) ) ;
#3094 = ORIENTED_EDGE ( 'NONE', *, *, #2719, .T. ) ;
#3095 = DIRECTION ( 'NONE',  ( 1.000000000000000000, -0.000000000000000000, 0.000000000000000000 ) ) ;
#3096 = EDGE_CURVE ( 'NONE', #2574, #621, #2540, .T. ) ;
#3097 = DIRECTION ( 'NONE',  ( -0.000000000000000000, 1.000000000000000000, -0.000000000000000000 ) ) ;
#3098 = VERTEX_POINT ( 'NONE', #2013 ) ;
#3099 = EDGE_CURVE ( 'NONE', #2411, #354, #3024, .T. ) ;
#3100 = PLANE ( 'NONE',  #2484 ) ;
#3101 = DIRECTION ( 'NONE',  ( -0.000000000000000000, -1.000000000000000000, -0.000000000000000000 ) ) ;
#3102 = ORIENTED_EDGE ( 'NONE', *, *, #68, .F. ) ;
#3103 = CARTESIAN_POINT ( 'NONE',  ( -3.500000000000000444, 0.000000000000000000, -19.25000000000000000 ) ) ;
#3104 = CARTESIAN_POINT ( 'NONE',  ( 8.500000000000001776, 15.09338662244782903, 19.49999999999999645 ) ) ;
#3105 = ORIENTED_EDGE ( 'NONE', *, *, #3109, .T. ) ;
#3106 = DIRECTION ( 'NONE',  ( 0.000000000000000000, 0.000000000000000000, 1.000000000000000000 ) ) ;
#3107 = ORIENTED_EDGE ( 'NONE', *, *, #552, .T. ) ;
#3108 = PLANE ( 'NONE',  #241 ) ;
#3109 = EDGE_CURVE ( 'NONE', #2568, #1709, #1104, .T. ) ;
#3110 = VERTEX_POINT ( 'NONE', #2278 ) ;
#3111 = LINE ( 'NONE', #2106, #134 ) ;
#3112 = ORIENTED_EDGE ( 'NONE', *, *, #154, .T. ) ;
#3113 = ORIENTED_EDGE ( 'NONE', *, *, #3256, .T. ) ;
#3114 = CARTESIAN_POINT ( 'NONE',  ( 3.500000000000000888, 0.000000000000000000, 28.49999999999998934 ) ) ;
#3115 = EDGE_CURVE ( 'NONE', #3178, #1176, #3291, .T. ) ;
#3116 = EDGE_CURVE ( 'NONE', #1783, #2269, #1027, .T. ) ;
#3117 = AXIS2_PLACEMENT_3D ( 'NONE', #1650, #2369, #339 ) ;
#3118 = DIRECTION ( 'NONE',  ( -0.000000000000000000, -1.000000000000000000, -0.000000000000000000 ) ) ;
#3119 = AXIS2_PLACEMENT_3D ( 'NONE', #3003, #1747, #1943 ) ;
#3120 = VECTOR ( 'NONE', #2740, 1000.000000000000000 ) ;
#3121 = FACE_OUTER_BOUND ( 'NONE', #3275, .T. ) ;
#3122 = CARTESIAN_POINT ( 'NONE',  ( 8.500000000000003553, 0.000000000000000000, -28.24999999999998224 ) ) ;
#3123 = VECTOR ( 'NONE', #2093, 1000.000000000000000 ) ;
#3124 = ORIENTED_EDGE ( 'NONE', *, *, #712, .T. ) ;
#3125 = CARTESIAN_POINT ( 'NONE',  ( -0.7500000000000015543, 0.000000000000000000, 29.49999999999998579 ) ) ;
#3126 = VECTOR ( 'NONE', #2286, 1000.000000000000000 ) ;
#3127 = CIRCLE ( 'NONE', #239, 1.600000000000000755 ) ;
#3128 = DIRECTION ( 'NONE',  ( -0.000000000000000000, -1.000000000000000000, -0.000000000000000000 ) ) ;
#3129 = LINE ( 'NONE', #1557, #2176 ) ;
#3130 = EDGE_CURVE ( 'NONE', #1005, #1231, #734, .T. ) ;
#3131 = EDGE_LOOP ( 'NONE', ( #436, #2398, #1079, #1073 ) ) ;
#3132 = DIRECTION ( 'NONE',  ( -1.000000000000000000, -0.000000000000000000, -0.000000000000000000 ) ) ;
#3133 = ORIENTED_EDGE ( 'NONE', *, *, #563, .F. ) ;
#3134 = ORIENTED_EDGE ( 'NONE', *, *, #2422, .F. ) ;
#3135 = DIRECTION ( 'NONE',  ( 0.000000000000000000, 0.000000000000000000, 1.000000000000000000 ) ) ;
#3136 = CARTESIAN_POINT ( 'NONE',  ( -3.469446951953614189E-15, 13.26313972081440440, -8.000000000000000000 ) ) ;
#3137 = VECTOR ( 'NONE', #3047, 1000.000000000000000 ) ;
#3138 = ADVANCED_FACE ( 'NONE', ( #710 ), #2633, .T. ) ;
#3139 = DIRECTION ( 'NONE',  ( 1.000000000000000000, 0.000000000000000000, -0.000000000000000000 ) ) ;
#3140 = VECTOR ( 'NONE', #2207, 1000.000000000000000 ) ;
#3141 = CARTESIAN_POINT ( 'NONE',  ( -8.500000000000000000, 0.000000000000000000, -25.74999999999998224 ) ) ;
#3142 = VERTEX_POINT ( 'NONE', #41 ) ;
#3143 = CARTESIAN_POINT ( 'NONE',  ( -3.469446951953614189E-15, 1.000000000000000888, -8.000000000000000000 ) ) ;
#3144 = DIRECTION ( 'NONE',  ( 0.000000000000000000, 1.000000000000000000, 0.000000000000000000 ) ) ;
#3145 = CARTESIAN_POINT ( 'NONE',  ( 8.500000000000003553, 0.000000000000000000, 22.24999999999999645 ) ) ;
#3146 = LINE ( 'NONE', #2898, #1645 ) ;
#3147 = ADVANCED_FACE ( 'NONE', ( #24 ), #2572, .F. ) ;
#3148 = VERTEX_POINT ( 'NONE', #1095 ) ;
#3149 = ORIENTED_EDGE ( 'NONE', *, *, #189, .T. ) ;
#3150 = FACE_OUTER_BOUND ( 'NONE', #823, .T. ) ;
#3151 = DIRECTION ( 'NONE',  ( -0.000000000000000000, -1.000000000000000000, -0.000000000000000000 ) ) ;
#3152 = DIRECTION ( 'NONE',  ( 0.000000000000000000, 0.000000000000000000, 1.000000000000000000 ) ) ;
#3153 = DIRECTION ( 'NONE',  ( -0.000000000000000000, -1.000000000000000000, -0.000000000000000000 ) ) ;
#3154 = EDGE_CURVE ( 'NONE', #219, #2047, #308, .T. ) ;
#3155 = ORIENTED_EDGE ( 'NONE', *, *, #1909, .T. ) ;
#3156 = LINE ( 'NONE', #312, #1209 ) ;
#3157 = CYLINDRICAL_SURFACE ( 'NONE', #2853, 19.00000000000000000 ) ;
#3158 = CARTESIAN_POINT ( 'NONE',  ( -8.500000000000003553, 0.000000000000000000, -28.24999999999998224 ) ) ;
#3159 = PRODUCT ( 'Phone spring clamp', 'Phone spring clamp', '', ( #2707 ) ) ;
#3160 = DIRECTION ( 'NONE',  ( -1.000000000000000000, 0.000000000000000000, -0.000000000000000000 ) ) ;
#3161 = ORIENTED_EDGE ( 'NONE', *, *, #2317, .T. ) ;
#3162 = ORIENTED_EDGE ( 'NONE', *, *, #2719, .F. ) ;
#3163 = EDGE_LOOP ( 'NONE', ( #1431, #3105, #2366, #2352 ) ) ;
#3164 = PLANE ( 'NONE',  #338 ) ;
#3165 = CARTESIAN_POINT ( 'NONE',  ( 3.500000000000000444, 15.09338662244782903, -19.25000000000000000 ) ) ;
#3166 = DIRECTION ( 'NONE',  ( -1.000000000000000000, 0.000000000000000000, 0.000000000000000000 ) ) ;
#3167 = CIRCLE ( 'NONE', #1139, 0.2499999999999985012 ) ;
#3168 = DIRECTION ( 'NONE',  ( 1.000000000000000000, 0.000000000000000000, 0.000000000000000000 ) ) ;
#3169 = CARTESIAN_POINT ( 'NONE',  ( -3.250000000000000000, 6.999999999999999112, -31.99999999999999289 ) ) ;
#3170 = ORIENTED_EDGE ( 'NONE', *, *, #3188, .F. ) ;
#3171 = AXIS2_PLACEMENT_3D ( 'NONE', #359, #2637, #884 ) ;
#3172 = AXIS2_PLACEMENT_3D ( 'NONE', #2177, #2890, #3152 ) ;
#3173 = CARTESIAN_POINT ( 'NONE',  ( 3.500000000000000444, 2.999999999999999112, -19.75000000000000000 ) ) ;
#3174 = CARTESIAN_POINT ( 'NONE',  ( -8.500000000000001776, 2.999999999999999112, 25.49999999999998934 ) ) ;
#3175 = LINE ( 'NONE', #348, #1959 ) ;
#3176 = VECTOR ( 'NONE', #2557, 1000.000000000000000 ) ;
#3177 = CIRCLE ( 'NONE', #1694, 3.599999999999986766 ) ;
#3178 = VERTEX_POINT ( 'NONE', #1335 ) ;
#3179 = AXIS2_PLACEMENT_3D ( 'NONE', #3276, #1172, #166 ) ;
#3180 = VECTOR ( 'NONE', #536, 1000.000000000000000 ) ;
#3181 = ADVANCED_FACE ( 'NONE', ( #846 ), #830, .T. ) ;
#3182 = DIRECTION ( 'NONE',  ( 0.000000000000000000, 0.000000000000000000, 1.000000000000000000 ) ) ;
#3183 = ORIENTED_EDGE ( 'NONE', *, *, #2751, .F. ) ;
#3184 = ORIENTED_EDGE ( 'NONE', *, *, #2079, .T. ) ;
#3185 = ORIENTED_EDGE ( 'NONE', *, *, #2878, .F. ) ;
#3186 =( LENGTH_UNIT ( ) NAMED_UNIT ( * ) SI_UNIT ( .MILLI., .METRE. ) );
#3187 = ADVANCED_FACE ( 'NONE', ( #56 ), #2134, .F. ) ;
#3188 = EDGE_CURVE ( 'NONE', #2200, #2690, #1048, .T. ) ;
#3189 = DIRECTION ( 'NONE',  ( -1.000000000000000000, 0.000000000000000000, 0.000000000000000000 ) ) ;
#3190 = CARTESIAN_POINT ( 'NONE',  ( 3.500000000000000444, 2.999999999999999112, -19.25000000000000000 ) ) ;
#3191 = AXIS2_PLACEMENT_3D ( 'NONE', #1667, #954, #1699 ) ;
#3192 = CARTESIAN_POINT ( 'NONE',  ( -3.500000000000000888, 2.999999999999999112, -22.50000000000000000 ) ) ;
#3193 = CARTESIAN_POINT ( 'NONE',  ( -3.500000000000000888, 15.09338662244782903, 22.50000000000000000 ) ) ;
#3194 = DIRECTION ( 'NONE',  ( 0.000000000000000000, 0.000000000000000000, -1.000000000000000000 ) ) ;
#3195 = CARTESIAN_POINT ( 'NONE',  ( 3.500000000000000888, 2.999999999999999112, 28.49999999999998934 ) ) ;
#3196 = ORIENTED_EDGE ( 'NONE', *, *, #2147, .T. ) ;
#3197 = DIRECTION ( 'NONE',  ( -1.387778780781445676E-15, 0.000000000000000000, -1.000000000000000000 ) ) ;
#3198 = ORIENTED_EDGE ( 'NONE', *, *, #1247, .F. ) ;
#3199 = ADVANCED_FACE ( 'NONE', ( #2621 ), #321, .T. ) ;
#3200 = ORIENTED_EDGE ( 'NONE', *, *, #374, .T. ) ;
#3201 = SURFACE_STYLE_FILL_AREA ( #171 ) ;
#3202 = FACE_OUTER_BOUND ( 'NONE', #592, .T. ) ;
#3203 = ADVANCED_FACE ( 'NONE', ( #274 ), #72, .F. ) ;
#3204 = DIRECTION ( 'NONE',  ( 1.387778780781445676E-15, 0.000000000000000000, -1.000000000000000000 ) ) ;
#3205 = CARTESIAN_POINT ( 'NONE',  ( -8.500000000000001776, 2.999999999999999112, 19.49999999999999645 ) ) ;
#3206 = CARTESIAN_POINT ( 'NONE',  ( 1.959434878635763751E-16, 1.000000000000021760, 9.600000000000001421 ) ) ;
#3207 = ORIENTED_EDGE ( 'NONE', *, *, #1214, .F. ) ;
#3208 = CARTESIAN_POINT ( 'NONE',  ( 3.500000000000000444, 2.999999999999999112, 19.25000000000000000 ) ) ;
#3209 = DIRECTION ( 'NONE',  ( -0.000000000000000000, -1.000000000000000000, -0.000000000000000000 ) ) ;
#3210 = ORIENTED_EDGE ( 'NONE', *, *, #764, .F. ) ;
#3211 = LINE ( 'NONE', #1239, #2279 ) ;
#3212 = ORIENTED_EDGE ( 'NONE', *, *, #2473, .T. ) ;
#3213 = ORIENTED_EDGE ( 'NONE', *, *, #1895, .T. ) ;
#3214 = ORIENTED_EDGE ( 'NONE', *, *, #269, .T. ) ;
#3215 =( LENGTH_UNIT ( ) NAMED_UNIT ( * ) SI_UNIT ( .MILLI., .METRE. ) );
#3216 = ADVANCED_FACE ( 'NONE', ( #1812 ), #2824, .F. ) ;
#3217 = EDGE_CURVE ( 'NONE', #2883, #684, #589, .T. ) ;
#3218 = DIRECTION ( 'NONE',  ( -0.000000000000000000, -1.000000000000000000, -0.000000000000000000 ) ) ;
#3219 = CARTESIAN_POINT ( 'NONE',  ( -8.500000000000000000, 2.999999999999999112, -25.74999999999998224 ) ) ;
#3220 = CARTESIAN_POINT ( 'NONE',  ( 8.910822310920377021, 0.000000000000000000, -16.78085950549625949 ) ) ;
#3221 = AXIS2_PLACEMENT_3D ( 'NONE', #1050, #783, #1582 ) ;
#3222 = VERTEX_POINT ( 'NONE', #336 ) ;
#3223 = FACE_OUTER_BOUND ( 'NONE', #1463, .T. ) ;
#3224 = CARTESIAN_POINT ( 'NONE',  ( 3.500000000000000888, 0.000000000000000000, -22.50000000000000000 ) ) ;
#3225 = VECTOR ( 'NONE', #2370, 1000.000000000000000 ) ;
#3226 = EDGE_LOOP ( 'NONE', ( #2223, #1035, #78, #1900 ) ) ;
#3227 = VECTOR ( 'NONE', #3050, 1000.000000000000000 ) ;
#3228 = FACE_OUTER_BOUND ( 'NONE', #2730, .T. ) ;
#3229 = VECTOR ( 'NONE', #55, 1000.000000000000000 ) ;
#3230 = ORIENTED_EDGE ( 'NONE', *, *, #1247, .T. ) ;
#3231 = EDGE_LOOP ( 'NONE', ( #1755, #2785, #2429, #1007, #3025, #1263, #2646 ) ) ;
#3232 = VECTOR ( 'NONE', #268, 1000.000000000000000 ) ;
#3233 = VECTOR ( 'NONE', #202, 1000.000000000000000 ) ;
#3234 = LINE ( 'NONE', #1262, #3280 ) ;
#3235 = VERTEX_POINT ( 'NONE', #2854 ) ;
#3236 = CIRCLE ( 'NONE', #2491, 0.2500000000000002220 ) ;
#3237 = DIRECTION ( 'NONE',  ( 1.000000000000000000, 0.000000000000000000, 0.000000000000000000 ) ) ;
#3238 = AXIS2_PLACEMENT_3D ( 'NONE', #3104, #1323, #1843 ) ;
#3239 = CARTESIAN_POINT ( 'NONE',  ( -8.500000000000001776, 0.000000000000000000, -19.25000000000000000 ) ) ;
#3240 = LINE ( 'NONE', #2764, #2970 ) ;
#3241 = CARTESIAN_POINT ( 'NONE',  ( 8.500000000000001776, 2.999999999999999112, 25.49999999999998934 ) ) ;
#3242 = EDGE_CURVE ( 'NONE', #2921, #2123, #3245, .T. ) ;
#3243 = ORIENTED_EDGE ( 'NONE', *, *, #3053, .F. ) ;
#3244 = CARTESIAN_POINT ( 'NONE',  ( -8.500000000000001776, 0.000000000000000000, -25.49999999999998934 ) ) ;
#3245 = CIRCLE ( 'NONE', #1813, 1.600000000000000755 ) ;
#3246 = CARTESIAN_POINT ( 'NONE',  ( -3.250000000000001776, -2.755455298081545271E-16, -29.49999999999998579 ) ) ;
#3247 = ORIENTED_EDGE ( 'NONE', *, *, #423, .T. ) ;
#3248 = DIRECTION ( 'NONE',  ( -0.000000000000000000, -1.000000000000000000, -0.000000000000000000 ) ) ;
#3249 = VERTEX_POINT ( 'NONE', #1296 ) ;
#3250 = EDGE_LOOP ( 'NONE', ( #3162, #927, #1466, #2662 ) ) ;
#3251 = EDGE_CURVE ( 'NONE', #2204, #1174, #575, .T. ) ;
#3252 = DIRECTION ( 'NONE',  ( 0.000000000000000000, 0.000000000000000000, -1.000000000000000000 ) ) ;
#3253 = ORIENTED_EDGE ( 'NONE', *, *, #641, .F. ) ;
#3254 = FACE_OUTER_BOUND ( 'NONE', #2653, .T. ) ;
#3256 = EDGE_CURVE ( 'NONE', #2883, #2870, #1554, .T. ) ;
#3255 = CARTESIAN_POINT ( 'NONE',  ( 8.500000000000001776, 15.09338662244782903, 25.49999999999998934 ) ) ;
#3257 = DIRECTION ( 'NONE',  ( 1.000000000000000000, 0.000000000000000000, 1.387778780781445676E-15 ) ) ;
#3258 = CARTESIAN_POINT ( 'NONE',  ( -0.7500000000000015543, 2.999999999999999556, 28.49999999999998934 ) ) ;
#3259 = ORIENTED_EDGE ( 'NONE', *, *, #53, .F. ) ;
#3260 = CARTESIAN_POINT ( 'NONE',  ( 0.000000000000000000, 3.000000000000000000, 0.000000000000000000 ) ) ;
#3261 = CARTESIAN_POINT ( 'NONE',  ( -8.500000000000000000, 15.09338662244782903, 25.74999999999998224 ) ) ;
#3262 = ORIENTED_EDGE ( 'NONE', *, *, #2928, .F. ) ;
#3263 = CARTESIAN_POINT ( 'NONE',  ( -3.250000000000001776, -2.755455298081545271E-16, 28.49999999999998934 ) ) ;
#3264 = ORIENTED_EDGE ( 'NONE', *, *, #2102, .F. ) ;
#3265 = EDGE_CURVE ( 'NONE', #1231, #1005, #1551, .T. ) ;
#3266 = ORIENTED_EDGE ( 'NONE', *, *, #1277, .T. ) ;
#3267 = CARTESIAN_POINT ( 'NONE',  ( -8.500000000000003553, 15.09338662244782903, 28.24999999999998224 ) ) ;
#3268 = ORIENTED_EDGE ( 'NONE', *, *, #265, .T. ) ;
#3269 = DIRECTION ( 'NONE',  ( 0.000000000000000000, 0.000000000000000000, 1.000000000000000000 ) ) ;
#3270 = DIRECTION ( 'NONE',  ( 1.000000000000000000, 0.000000000000000000, 0.000000000000000000 ) ) ;
#3271 = EDGE_CURVE ( 'NONE', #1899, #3142, #1597, .T. ) ;
#3272 = ORIENTED_EDGE ( 'NONE', *, *, #180, .T. ) ;
#3273 = FACE_OUTER_BOUND ( 'NONE', #2446, .T. ) ;
#3274 = DIRECTION ( 'NONE',  ( 1.000000000000000000, 0.000000000000000000, -3.784851220313029214E-15 ) ) ;
#3275 = EDGE_LOOP ( 'NONE', ( #471, #572, #2024, #2344 ) ) ;
#3276 = CARTESIAN_POINT ( 'NONE',  ( 0.000000000000000000, 0.000000000000000000, 0.000000000000000000 ) ) ;
#3277 = ORIENTED_EDGE ( 'NONE', *, *, #3265, .F. ) ;
#3278 = VECTOR ( 'NONE', #1670, 1000.000000000000000 ) ;
#3279 = EDGE_CURVE ( 'NONE', #1380, #1553, #2086, .T. ) ;
#3280 = VECTOR ( 'NONE', #236, 1000.000000000000000 ) ;
#3281 = CIRCLE ( 'NONE', #1254, 19.00000000000000000 ) ;
#3282 = LINE ( 'NONE', #705, #391 ) ;
#3283 = ORIENTED_EDGE ( 'NONE', *, *, #2713, .F. ) ;
#3284 = AXIS2_PLACEMENT_3D ( 'NONE', #2185, #1118, #3160 ) ;
#3285 = MECHANICAL_DESIGN_GEOMETRIC_PRESENTATION_REPRESENTATION (  '', ( #771 ), #1257 ) ;
#3286 = ADVANCED_FACE ( 'NONE', ( #3202 ), #2192, .T. ) ;
#3287 = AXIS2_PLACEMENT_3D ( 'NONE', #35, #3095, #802 ) ;
#3288 = EDGE_CURVE ( 'NONE', #2527, #2798, #2725, .T. ) ;
#3289 = CARTESIAN_POINT ( 'NONE',  ( 0.7500000000000015543, 0.000000000000000000, 28.49999999999998934 ) ) ;
#3290 = DIRECTION ( 'NONE',  ( -0.000000000000000000, -1.000000000000000000, -0.000000000000000000 ) ) ;
#3291 = LINE ( 'NONE', #1001, #2716 ) ;
#3292 = ORIENTED_EDGE ( 'NONE', *, *, #2206, .F. ) ;
#3293 = CYLINDRICAL_SURFACE ( 'NONE', #1248, 6.999999999999995559 ) ;
#3294 = CARTESIAN_POINT ( 'NONE',  ( 4.408728476930454881E-16, 3.000000000000000000, 4.400000000000014566 ) ) ;
#3295 = VERTEX_POINT ( 'NONE', #1436 ) ;
#3296 = DIRECTION ( 'NONE',  ( 0.000000000000000000, 0.000000000000000000, -1.000000000000000000 ) ) ;
#3297 = EDGE_LOOP ( 'NONE', ( #213, #2733, #3309, #1633 ) ) ;
#3298 = AXIS2_PLACEMENT_3D ( 'NONE', #2111, #2386, #1580 ) ;
#3299 = LINE ( 'NONE', #190, #1849 ) ;
#3300 = ORIENTED_EDGE ( 'NONE', *, *, #1987, .T. ) ;
#3301 = ADVANCED_FACE ( 'NONE', ( #142 ), #1417, .T. ) ;
#3302 = FACE_OUTER_BOUND ( 'NONE', #756, .T. ) ;
#3303 = EDGE_CURVE ( 'NONE', #2382, #266, #2401, .T. ) ;
#3304 = DIRECTION ( 'NONE',  ( 0.000000000000000000, 0.000000000000000000, 1.000000000000000000 ) ) ;
#3305 = PLANE ( 'NONE',  #2607 ) ;
#3306 = VERTEX_POINT ( 'NONE', #1907 ) ;
#3307 = DIRECTION ( 'NONE',  ( -1.000000000000000000, -0.000000000000000000, -0.000000000000000000 ) ) ;
#3308 = DIRECTION ( 'NONE',  ( -1.000000000000000000, 0.000000000000000000, -1.387778780781445676E-15 ) ) ;
#3309 = ORIENTED_EDGE ( 'NONE', *, *, #1287, .T. ) ;
#3310 = CARTESIAN_POINT ( 'NONE',  ( -8.500000000000001776, 2.999999999999999112, 19.25000000000000000 ) ) ;
#3311 = VERTEX_POINT ( 'NONE', #1144 ) ;
#3312 = CARTESIAN_POINT ( 'NONE',  ( 1.959434878635763751E-16, 0.000000000000000000, 9.600000000000001421 ) ) ;
#3313 = EDGE_CURVE ( 'NONE', #2934, #2047, #2923, .T. ) ;
#3314 = LINE ( 'NONE', #2603, #292 ) ;
#3315 = ORIENTED_EDGE ( 'NONE', *, *, #1876, .F. ) ;
ENDSEC;
END-ISO-10303-21;
