ISO-10303-21;
HEADER;
FILE_DESCRIPTION (( 'STEP AP214' ),
    '1' );
FILE_NAME ('Upper arm.STEP',
    '2025-12-15T14:12:15',
    ( '' ),
    ( '' ),
    'SwSTEP 2.0',
    'SolidWorks 2025',
    '' );
FILE_SCHEMA (( 'AUTOMOTIVE_DESIGN' ));
ENDSEC;

DATA;
#1 = AXIS2_PLACEMENT_3D ( 'NONE', #520, #2834, #1454 ) ;
#2 = CARTESIAN_POINT ( 'NONE',  ( 2.416626265427431530, 1.726421592026352592, 4.000000000000000888 ) ) ;
#3 = DIRECTION ( 'NONE',  ( -0.9659258262890680902, 0.2588190451025211836, -0.000000000000000000 ) ) ;
#4 = CARTESIAN_POINT ( 'NONE',  ( 2.432322117826033026, 3.259918544888204650, 6.397701078189609980 ) ) ;
#5 = ORIENTED_EDGE ( 'NONE', *, *, #1919, .T. ) ;
#6 = EDGE_CURVE ( 'NONE', #2177, #504, #719, .T. ) ;
#7 = CARTESIAN_POINT ( 'NONE',  ( -1.378758473167078336, -1.905149365471340284, 4.000000000000000888 ) ) ;
#8 = ORIENTED_EDGE ( 'NONE', *, *, #1818, .T. ) ;
#9 = B_SPLINE_CURVE_WITH_KNOTS ( 'NONE', 3,
 ( #79, #982, #1889, #761 ),
 .UNSPECIFIED., .F., .F.,
 ( 4, 4 ),
 ( 7.112366251504909087E-17, 0.001951922129481411736 ),
 .UNSPECIFIED. ) ;
#10 = CARTESIAN_POINT ( 'NONE',  ( 1.417288373487124442, 3.082515001708761027, -10.79442308374875736 ) ) ;
#11 = CARTESIAN_POINT ( 'NONE',  ( 0.000000000000000000, -3.000000000000000000, 0.000000000000000000 ) ) ;
#12 = B_SPLINE_CURVE_WITH_KNOTS ( 'NONE', 3,
 ( #1182, #276, #1849, #1401, #2539, #1863, #2321, #69, #753, #2555 ),
 .UNSPECIFIED., .F., .F.,
 ( 4, 2, 2, 2, 4 ),
 ( 0.9055017804688848537, 0.9437384412167819647, 0.9628567715907305757, 0.9724159367777047702, 0.9819751737392213853 ),
 .UNSPECIFIED. ) ;
#13 = EDGE_LOOP ( 'NONE', ( #1556, #852, #541, #2286 ) ) ;
#14 = CARTESIAN_POINT ( 'NONE',  ( 1.056291746747675120, 1.571082376938451874, -6.797108584455815006 ) ) ;
#15 = B_SPLINE_CURVE_WITH_KNOTS ( 'NONE', 3,
 ( #1115, #1992, #872, #1061, #2213, #2890, #2668, #1797, #2443, #416, #1325, #1517, #166, #1782, #1547, #2200 ),
 .UNSPECIFIED., .F., .F.,
 ( 4, 2, 2, 2, 2, 2, 2, 4 ),
 ( 0.002930140904160049263, 0.006198955060584522558, 0.007833362138796758772, 0.009467769217008994986, 0.01110217629522123120, 0.01191937983432735104, 0.01273658337343347088, 0.01600539752985794678 ),
 .UNSPECIFIED. ) ;
#16 = CARTESIAN_POINT ( 'NONE',  ( 0.6582411434352138935, 1.465968691935146895, 9.459096249007441060 ) ) ;
#17 = CARTESIAN_POINT ( 'NONE',  ( 15.18466066418488047, 42.42386643581526329, -1.951922129594237942 ) ) ;
#18 = CARTESIAN_POINT ( 'NONE',  ( 1.922196784744196751, 3.161456198467283318, 5.663915405497821354 ) ) ;
#19 = ORIENTED_EDGE ( 'NONE', *, *, #288, .F. ) ;
#20 = CARTESIAN_POINT ( 'NONE',  ( 119.3617870145261435, 14.50968956044623681, -19.00000000000000000 ) ) ;
#21 = DIRECTION ( 'NONE',  ( 3.626631204076344464E-16, -1.000000000000000000, 0.000000000000000000 ) ) ;
#22 = EDGE_LOOP ( 'NONE', ( #1748, #1136, #1154, #133 ) ) ;
#23 = CARTESIAN_POINT ( 'NONE',  ( -6.350118653360408002E-15, 14.50968956044622082, -3.999999999999999112 ) ) ;
#24 = VERTEX_POINT ( 'NONE', #2087 ) ;
#25 = FACE_OUTER_BOUND ( 'NONE', #492, .T. ) ;
#26 = AXIS2_PLACEMENT_3D ( 'NONE', #274, #2305, #1368 ) ;
#27 = CARTESIAN_POINT ( 'NONE',  ( 26.42284851762487108, 67.36505994716902990, -2.939152317953647894E-15 ) ) ;
#28 = FACE_BOUND ( 'NONE', #730, .T. ) ;
#29 = EDGE_CURVE ( 'NONE', #2709, #2387, #1631, .T. ) ;
#30 = EDGE_CURVE ( 'NONE', #593, #1070, #913, .T. ) ;
#31 = CARTESIAN_POINT ( 'NONE',  ( 0.6393805692562097853, 3.017419827750905892, 4.882219229478535816 ) ) ;
#32 = VERTEX_POINT ( 'NONE', #306 ) ;
#33 = FACE_OUTER_BOUND ( 'NONE', #2703, .T. ) ;
#34 = AXIS2_PLACEMENT_3D ( 'NONE', #2205, #2391, #1721 ) ;
#35 = CARTESIAN_POINT ( 'NONE',  ( 1.119080607175097386, 1.592442233008020569, -6.856326091190405592 ) ) ;
#36 = ORIENTED_EDGE ( 'NONE', *, *, #605, .T. ) ;
#37 = CARTESIAN_POINT ( 'NONE',  ( 18.31318135188648455, 0.3942528350130216630, 5.075712181205764395 ) ) ;
#38 = CARTESIAN_POINT ( 'NONE',  ( 22.28174379598454991, 51.91024672654392447, 0.000000000000000000 ) ) ;
#39 = DIRECTION ( 'NONE',  ( -0.9659258262890682012, 0.2588190451025212391, -0.000000000000000000 ) ) ;
#40 = EDGE_CURVE ( 'NONE', #1127, #1541, #483, .T. ) ;
#41 = CARTESIAN_POINT ( 'NONE',  ( -1.048445852934807770E-15, -3.000000000000000888, 9.600000000000001421 ) ) ;
#42 = B_SPLINE_CURVE_WITH_KNOTS ( 'NONE', 3,
 ( #2489, #230, #461, #2465, #1330, #1998, #1342, #1789, #2026, #1150 ),
 .UNSPECIFIED., .F., .F.,
 ( 4, 2, 2, 2, 4 ),
 ( 0.9055017804688848537, 0.9437384412167819647, 0.9628567715907305757, 0.9724159367777047702, 0.9819751165950860727 ),
 .UNSPECIFIED. ) ;
#43 = CARTESIAN_POINT ( 'NONE',  ( 1.557972737843370759, 1.775679158100846200, -8.365268161131087510 ) ) ;
#44 = EDGE_CURVE ( 'NONE', #408, #1356, #101, .T. ) ;
#45 = CARTESIAN_POINT ( 'NONE',  ( 1.499999999999999778, -2.999999999999641176, 8.673617379884035472E-16 ) ) ;
#46 = ADVANCED_FACE ( 'NONE', ( #512 ), #57, .F. ) ;
#47 = CARTESIAN_POINT ( 'NONE',  ( 0.1048341394120334696, 1.401264652230185259, 9.597437872301851414 ) ) ;
#48 = CARTESIAN_POINT ( 'NONE',  ( 14.77948587179367657, 5.120545516996346080, -10.24104081558004253 ) ) ;
#49 = CARTESIAN_POINT ( 'NONE',  ( 2.433768888734928915, 3.260170264900410952, 9.601991558609606514 ) ) ;
#50 = VERTEX_POINT ( 'NONE', #41 ) ;
#51 = CARTESIAN_POINT ( 'NONE',  ( 13.96074311964576431, 3.934538292662311587, 12.19282776240782695 ) ) ;
#52 = CARTESIAN_POINT ( 'NONE',  ( 0.2907861565214885924, 1.412812750015332242, -6.426447185315435462 ) ) ;
#53 = ORIENTED_EDGE ( 'NONE', *, *, #2206, .F. ) ;
#54 = CARTESIAN_POINT ( 'NONE',  ( 16.30232161207796082, 0.6188789957538074482, 9.786222112300862364 ) ) ;
#55 = CARTESIAN_POINT ( 'NONE',  ( 22.75233037772640188, 68.34857231855862381, -2.939152317953647894E-15 ) ) ;
#56 = CARTESIAN_POINT ( 'NONE',  ( 0.6386398214231010506, 1.462278822886506457, 9.467256264215770045 ) ) ;
#57 = CYLINDRICAL_SURFACE ( 'NONE', #143, 1.600000000000015632 ) ;
#58 = CARTESIAN_POINT ( 'NONE',  ( 0.8479290875665274063, 1.509857546287183494, -6.642162429519883560 ) ) ;
#59 = CARTESIAN_POINT ( 'NONE',  ( 3.775936773628746579, -2.596480475369999930, 18.62874871913006203 ) ) ;
#60 = CARTESIAN_POINT ( 'NONE',  ( 1.235143780690222126, 1.634843483557702593, 9.017070774124974264 ) ) ;
#61 = CARTESIAN_POINT ( 'NONE',  ( 22.61362966948436437, 60.10352761804101362, 0.000000000000000000 ) ) ;
#62 = CARTESIAN_POINT ( 'NONE',  ( 1.485344349211105586, 3.095987302145675191, 5.281805776964137777 ) ) ;
#63 = ORIENTED_EDGE ( 'NONE', *, *, #1098, .F. ) ;
#64 = DIRECTION ( 'NONE',  ( -0.2588190451025113581, -0.9659258262890707547, -0.000000000000000000 ) ) ;
#65 = PLANE ( 'NONE',  #910 ) ;
#66 = ORIENTED_EDGE ( 'NONE', *, *, #1137, .F. ) ;
#67 = CARTESIAN_POINT ( 'NONE',  ( -8.000000000000000000, 3.000000000000000000, 9.797174393178823685E-16 ) ) ;
#68 = DIRECTION ( 'NONE',  ( -0.2588190451025113026, -0.9659258262890707547, 0.000000000000000000 ) ) ;
#69 = CARTESIAN_POINT ( 'NONE',  ( 1.508798424225882284, -2.803200219575887164, -3.999999999999999112 ) ) ;
#70 = ADVANCED_FACE ( 'NONE', ( #1198 ), #2505, .F. ) ;
#71 = CARTESIAN_POINT ( 'NONE',  ( 2.737351430068720504, 3.330235039970053990, -7.272125534380527334 ) ) ;
#72 = CARTESIAN_POINT ( 'NONE',  ( 11.40937590684819547, 1.227544781856012568, 15.19296354949329420 ) ) ;
#73 = EDGE_CURVE ( 'NONE', #1356, #2317, #481, .T. ) ;
#74 = CARTESIAN_POINT ( 'NONE',  ( 1.599953484484736732, 1.796525686588920756, 7.946966484152332200 ) ) ;
#75 = PLANE ( 'NONE',  #158 ) ;
#76 =( NAMED_UNIT ( * ) PLANE_ANGLE_UNIT ( ) SI_UNIT ( $, .RADIAN. ) );
#77 = VECTOR ( 'NONE', #153, 1000.000000000000000 ) ;
#78 = ORIENTED_EDGE ( 'NONE', *, *, #1125, .T. ) ;
#79 = CARTESIAN_POINT ( 'NONE',  ( 16.63354940361550405, 42.03563786815028891, 1.951922129481482804 ) ) ;
#80 = CARTESIAN_POINT ( 'NONE',  ( 1.323870008377348917, 1.670161140739838013, -7.101443605215443711 ) ) ;
#81 = ORIENTED_EDGE ( 'NONE', *, *, #1719, .T. ) ;
#82 = VECTOR ( 'NONE', #2792, 1000.000000000000114 ) ;
#83 = CARTESIAN_POINT ( 'NONE',  ( 17.98666595542649205, 0.4298442673030450356, 6.133194319880288070 ) ) ;
#84 = DIRECTION ( 'NONE',  ( 1.000000000000000000, 0.000000000000000000, -0.000000000000000000 ) ) ;
#85 = CARTESIAN_POINT ( 'NONE',  ( 1.423057755889637122, 1.712649689703988454, 8.731844330321347769 ) ) ;
#86 = CARTESIAN_POINT ( 'NONE',  ( -1.500000000000000444, -3.000000000000000000, 8.673617379884035472E-16 ) ) ;
#87 = CARTESIAN_POINT ( 'NONE',  ( 0.09316698005307182118, 3.000000041389989658, -4.800002791842942429 ) ) ;
#88 = CARTESIAN_POINT ( 'NONE',  ( 5.330561291884723829, -2.177483893479986055, 18.24469864238116301 ) ) ;
#89 = CARTESIAN_POINT ( 'NONE',  ( 1.316626503935642178, 1.667157513130355984, 7.090589121684545582 ) ) ;
#90 = DIRECTION ( 'NONE',  ( -0.000000000000000000, -0.000000000000000000, -1.000000000000000000 ) ) ;
#91 = ORIENTED_EDGE ( 'NONE', *, *, #2521, .T. ) ;
#92 = CARTESIAN_POINT ( 'NONE',  ( 23.82722511804702492, 51.49613625437989839, 0.000000000000000000 ) ) ;
#93 = CARTESIAN_POINT ( 'NONE',  ( 1.235143780690577842, 1.634843483557838706, -6.982929225875457391 ) ) ;
#94 = ORIENTED_EDGE ( 'NONE', *, *, #1719, .F. ) ;
#95 = VECTOR ( 'NONE', #1917, 999.9999999999998863 ) ;
#96 = CARTESIAN_POINT ( 'NONE',  ( 21.86763332382051672, 50.36476540448141748, 0.000000000000000000 ) ) ;
#97 = CARTESIAN_POINT ( 'NONE',  ( 16.09052732205488567, 45.80460682782402415, 4.000000000000000888 ) ) ;
#98 = DIRECTION ( 'NONE',  ( -1.000000000000000000, 0.000000000000000000, 0.000000000000000000 ) ) ;
#99 = EDGE_CURVE ( 'NONE', #1208, #2219, #2178, .T. ) ;
#100 = ORIENTED_EDGE ( 'NONE', *, *, #993, .F. ) ;
#101 = LINE ( 'NONE', #2783, #2512 ) ;
#102 = CARTESIAN_POINT ( 'NONE',  ( 1.094703857551990067, 1.583900758434959144, -9.168042297250728723 ) ) ;
#103 = DIRECTION ( 'NONE',  ( 0.2588190451025226824, 0.9659258262890678681, 0.000000000000000000 ) ) ;
#104 = CARTESIAN_POINT ( 'NONE',  ( 1.107737868389023772, 1.588468919695667170, 6.844993262351495744 ) ) ;
#105 = CIRCLE ( 'NONE', #1675, 4.500000000000003553 ) ;
#106 = DIRECTION ( 'NONE',  ( -0.9659258262890682012, 0.2588190451025212391, 0.000000000000000000 ) ) ;
#107 = ORIENTED_EDGE ( 'NONE', *, *, #1653, .F. ) ;
#108 = LINE ( 'NONE', #2592, #1612 ) ;
#109 = CARTESIAN_POINT ( 'NONE',  ( 1.362425486550111753, 1.686139631825721130, -7.159090019802887284 ) ) ;
#110 = VECTOR ( 'NONE', #1878, 1000.000000000000000 ) ;
#111 = ORIENTED_EDGE ( 'NONE', *, *, #778, .T. ) ;
#112 = DIRECTION ( 'NONE',  ( 0.2588190451025211836, 0.9659258262890680902, 0.000000000000000000 ) ) ;
#113 = B_SPLINE_CURVE_WITH_KNOTS ( 'NONE', 1,
 ( #1350, #2259 ),
 .UNSPECIFIED., .F., .F.,
 ( 2, 2 ),
 ( 0.000000000000000000, 1.000000000000000000 ),
 .UNSPECIFIED. ) ;
#114 = FACE_OUTER_BOUND ( 'NONE', #435, .T. ) ;
#115 = CARTESIAN_POINT ( 'NONE',  ( 1.640629312246645322, 3.117272961543431808, 10.59976791427213172 ) ) ;
#116 = VECTOR ( 'NONE', #2107, 1000.000000000000114 ) ;
#117 = ORIENTED_EDGE ( 'NONE', *, *, #2576, .F. ) ;
#118 = CARTESIAN_POINT ( 'NONE',  ( 26.00873804546084145, 65.81957862510650159, -2.939152317953647894E-15 ) ) ;
#119 = CARTESIAN_POINT ( 'NONE',  ( 0.8459134890813920782, 1.509330814378805785, -9.359097111514412148 ) ) ;
#120 = CARTESIAN_POINT ( 'NONE',  ( 15.38218839344265021, 0.7264195647784600363, -11.17745039251235184 ) ) ;
#121 = CARTESIAN_POINT ( 'NONE',  ( 1.546821445413087970, 1.770194451207652175, 7.587571932904150884 ) ) ;
#122 = DIRECTION ( 'NONE',  ( 1.000000000000000000, 0.000000000000000000, 0.000000000000000000 ) ) ;
#123 = EDGE_LOOP ( 'NONE', ( #1375, #1905, #2331, #380 ) ) ;
#124 = FACE_OUTER_BOUND ( 'NONE', #123, .T. ) ;
#125 = CARTESIAN_POINT ( 'NONE',  ( 1.267081875735867280, 1.647240595751542358, -8.977159058829519367 ) ) ;
#126 = EDGE_CURVE ( 'NONE', #2156, #2328, #2349, .T. ) ;
#127 = VERTEX_POINT ( 'NONE', #2747 ) ;
#128 = CARTESIAN_POINT ( 'NONE',  ( 1.573146887651402981, -2.492096640549263942, 4.000000000000000888 ) ) ;
#129 = VECTOR ( 'NONE', #1923, 1000.000000000000114 ) ;
#130 = CARTESIAN_POINT ( 'NONE',  ( 2.454721892580964848, 3.263881776386981404, -6.387984247410949834 ) ) ;
#131 = CARTESIAN_POINT ( 'NONE',  ( 1.537996453585067647, 1.765966533348000356, 7.558117729257657125 ) ) ;
#132 = CIRCLE ( 'NONE', #1648, 3.200000000000030376 ) ;
#133 = ORIENTED_EDGE ( 'NONE', *, *, #2576, .T. ) ;
#134 = CARTESIAN_POINT ( 'NONE',  ( 14.71896307540700022, 5.103559565029452294, -10.35012325474527373 ) ) ;
#135 = AXIS2_PLACEMENT_3D ( 'NONE', #1628, #1222, #494 ) ;
#136 = EDGE_CURVE ( 'NONE', #2317, #1492, #1420, .T. ) ;
#137 = CARTESIAN_POINT ( 'NONE',  ( 17.66059872131104314, 5.320528412007025310, -0.6469033782606260496 ) ) ;
#138 = CARTESIAN_POINT ( 'NONE',  ( 12.00055049198963530, 4.865336796340545611, -13.80207990881984337 ) ) ;
#139 = EDGE_CURVE ( 'NONE', #2221, #744, #12, .T. ) ;
#140 = CARTESIAN_POINT ( 'NONE',  ( 1.237310092682399443, 1.635676124727674541, 6.985570318557493330 ) ) ;
#141 = CARTESIAN_POINT ( 'NONE',  ( 14.77948587179835904, 5.120545517003722402, 10.24104081556607149 ) ) ;
#142 = CARTESIAN_POINT ( 'NONE',  ( 1.481881503392891153, 1.739405385004848092, -8.603460464626870419 ) ) ;
#143 = AXIS2_PLACEMENT_3D ( 'NONE', #989, #1167, #2307 ) ;
#144 = ORIENTED_EDGE ( 'NONE', *, *, #1385, .F. ) ;
#145 = CARTESIAN_POINT ( 'NONE',  ( 11.50968956044621372, 14.50968956044622971, 19.00000000000000000 ) ) ;
#146 = AXIS2_PLACEMENT_3D ( 'NONE', #2605, #789, #1671 ) ;
#147 = CARTESIAN_POINT ( 'NONE',  ( 1.497369579831252961, 1.746571515949200348, 7.433789335751288974 ) ) ;
#148 = ORIENTED_EDGE ( 'NONE', *, *, #570, .F. ) ;
#149 = CARTESIAN_POINT ( 'NONE',  ( 13.06487539743871373, 7.968523463444141974, -10.35012325474527373 ) ) ;
#150 = CARTESIAN_POINT ( 'NONE',  ( 17.39909020434268072, 5.304925417908354923, -3.259102874255593640 ) ) ;
#151 = CARTESIAN_POINT ( 'NONE',  ( 15.39812631392551623, 5.168892681370291342, -9.158586835111801605 ) ) ;
#152 = FACE_OUTER_BOUND ( 'NONE', #2923, .T. ) ;
#153 = DIRECTION ( 'NONE',  ( -0.000000000000000000, 1.000000000000000000, -0.000000000000000000 ) ) ;
#154 = ADVANCED_BREP_SHAPE_REPRESENTATION ( 'Upper arm', ( #833, #1192 ), #1479 ) ;
#155 = CARTESIAN_POINT ( 'NONE',  ( 2.116589669396209406, 3.195521861859249135, 5.885353938783273620 ) ) ;
#156 = ADVANCED_FACE ( 'NONE', ( #2163 ), #419, .F. ) ;
#157 = DIRECTION ( 'NONE',  ( 0.000000000000000000, 0.000000000000000000, 1.000000000000000000 ) ) ;
#158 = AXIS2_PLACEMENT_3D ( 'NONE', #1373, #2559, #536 ) ;
#159 = CARTESIAN_POINT ( 'NONE',  ( 1.516998305222983623, 1.755854987349556362, -7.488677133011995224 ) ) ;
#160 = EDGE_LOOP ( 'NONE', ( #1734, #405 ) ) ;
#161 = CARTESIAN_POINT ( 'NONE',  ( 1.500001850638394973, -2.882972093750761022, 4.000000000000000888 ) ) ;
#162 = DIRECTION ( 'NONE',  ( 0.2588190451028569150, 0.9659258262889781621, 0.000000000000000000 ) ) ;
#163 = CARTESIAN_POINT ( 'NONE',  ( 18.99910815776537021, 3.000014161028516035, 1.474016336497038449 ) ) ;
#164 = CARTESIAN_POINT ( 'NONE',  ( 17.15118749382053309, 43.96748952072845640, -3.999999999999999112 ) ) ;
#165 = DIRECTION ( 'NONE',  ( 0.000000000000000000, 0.000000000000000000, 1.000000000000000000 ) ) ;
#166 = CARTESIAN_POINT ( 'NONE',  ( 3.517041910525533055, -2.645264760002333571, -18.67358667416502627 ) ) ;
#167 = LINE ( 'NONE', #615, #1262 ) ;
#168 = CARTESIAN_POINT ( 'NONE',  ( -1.490408501626078408, -3.427104623499172220, 4.000000000000000888 ) ) ;
#169 = DIRECTION ( 'NONE',  ( -0.000000000000000000, -0.000000000000000000, -1.000000000000000000 ) ) ;
#170 = ORIENTED_EDGE ( 'NONE', *, *, #1836, .F. ) ;
#171 = EDGE_CURVE ( 'NONE', #714, #571, #1304, .T. ) ;
#172 = DIRECTION ( 'NONE',  ( -0.2588190451025209060, -0.9659258262890683122, 0.000000000000000000 ) ) ;
#173 = ORIENTED_EDGE ( 'NONE', *, *, #2903, .F. ) ;
#174 = EDGE_CURVE ( 'NONE', #2607, #1655, #383, .T. ) ;
#175 = CARTESIAN_POINT ( 'NONE',  ( 13.06487539744775184, 7.968523463444141974, 10.35012325473136485 ) ) ;
#176 = CARTESIAN_POINT ( 'NONE',  ( 2.360138314838716944, 3.244549083330212191, -9.736721447832721310 ) ) ;
#177 = CARTESIAN_POINT ( 'NONE',  ( 15.38571386172337085, 0.7260008418973461497, 11.17269599513714873 ) ) ;
#178 = CARTESIAN_POINT ( 'NONE',  ( 20.98021562191928169, 40.87095216520013707, -19.00000000000000000 ) ) ;
#179 = ORIENTED_EDGE ( 'NONE', *, *, #1102, .T. ) ;
#180 = CIRCLE ( 'NONE', #2350, 3.200000000000011724 ) ;
#181 = DIRECTION ( 'NONE',  ( 0.000000000000000000, 0.000000000000000000, -1.000000000000000000 ) ) ;
#182 = DIRECTION ( 'NONE',  ( -0.000000000000000000, -0.000000000000000000, -1.000000000000000000 ) ) ;
#183 = CARTESIAN_POINT ( 'NONE',  ( 0.000000000000000000, 3.000000000000000000, 4.799999999999988276 ) ) ;
#184 = CARTESIAN_POINT ( 'NONE',  ( -1.455987951504948752, -3.992530347183527617, -3.999999999999999112 ) ) ;
#185 = CARTESIAN_POINT ( 'NONE',  ( 15.34213601428375640, 6.069061606060174974, 8.265134570024462946 ) ) ;
#186 = EDGE_LOOP ( 'NONE', ( #883, #351, #1471, #208, #653, #887, #2577, #2777 ) ) ;
#187 = B_SPLINE_CURVE_WITH_KNOTS ( 'NONE', 3,
 ( #1074, #2002, #2240, #831 ),
 .UNSPECIFIED., .F., .F.,
 ( 4, 4 ),
 ( 2.168404344971008627E-19, 0.001951922129594237500 ),
 .UNSPECIFIED. ) ;
#188 = LINE ( 'NONE', #218, #2804 ) ;
#189 = VERTEX_POINT ( 'NONE', #2599 ) ;
#190 = CARTESIAN_POINT ( 'NONE',  ( 11.40937590684819369, 1.227544781856010347, -15.19296354949329597 ) ) ;
#191 = CARTESIAN_POINT ( 'NONE',  ( 1.162972633333302142, 3.058590719431898197, -10.91482627016476670 ) ) ;
#192 = ADVANCED_FACE ( 'NONE', ( #2843 ), #1498, .F. ) ;
#193 = CARTESIAN_POINT ( 'NONE',  ( 17.36173937459368943, 3.025324935759796663, 7.755796607067671822 ) ) ;
#194 = VERTEX_POINT ( 'NONE', #2828 ) ;
#195 = CARTESIAN_POINT ( 'NONE',  ( 17.50968956044621549, 14.50968956044622971, -19.00000000000000000 ) ) ;
#196 = CARTESIAN_POINT ( 'NONE',  ( 20.54307730866419490, 52.37612100772847867, 0.000000000000000000 ) ) ;
#197 = CARTESIAN_POINT ( 'NONE',  ( 2.719400603200508471, 3.325809071557333407, 8.830537212218612098 ) ) ;
#198 = CARTESIAN_POINT ( 'NONE',  ( 25.89777747886719794, 59.22354286469244755, 0.000000000000000000 ) ) ;
#199 = CARTESIAN_POINT ( 'NONE',  ( 14.77948587179367657, 5.120545516996346080, -10.24104081558004253 ) ) ;
#200 = CARTESIAN_POINT ( 'NONE',  ( 1.300204056936368646, 1.660354465963602033, 7.066065688087748597 ) ) ;
#201 = ORIENTED_EDGE ( 'NONE', *, *, #2701, .T. ) ;
#202 = CARTESIAN_POINT ( 'NONE',  ( 13.00968956044623681, 14.50968956043968738, -3.999999999999999112 ) ) ;
#203 = AXIS2_PLACEMENT_3D ( 'NONE', #1187, #931, #2106 ) ;
#204 = ORIENTED_EDGE ( 'NONE', *, *, #347, .F. ) ;
#205 = CONICAL_SURFACE ( 'NONE', #1726, 3.200000000000011280, 0.7853981633974431720 ) ;
#206 = VECTOR ( 'NONE', #2104, 1000.000000000000000 ) ;
#207 = EDGE_CURVE ( 'NONE', #272, #282, #395, .T. ) ;
#208 = ORIENTED_EDGE ( 'NONE', *, *, #2534, .T. ) ;
#209 = CARTESIAN_POINT ( 'NONE',  ( 0.8952148800611898771, 1.522832159704601951, 6.673862355096729537 ) ) ;
#210 = DIRECTION ( 'NONE',  ( 0.000000000000000000, 1.000000000000000000, 0.000000000000000000 ) ) ;
#211 = CARTESIAN_POINT ( 'NONE',  ( 22.61362966948436437, 60.10352761804101362, 4.000000000000000888 ) ) ;
#212 = AXIS2_PLACEMENT_3D ( 'NONE', #818, #804, #399 ) ;
#213 = DIRECTION ( 'NONE',  ( 0.9659258262890682012, -0.2588190451025212391, 0.000000000000000000 ) ) ;
#214 = DIRECTION ( 'NONE',  ( -0.000000000000000000, 1.000000000000000000, -0.000000000000000000 ) ) ;
#215 = EDGE_CURVE ( 'NONE', #2899, #1221, #815, .T. ) ;
#216 = CARTESIAN_POINT ( 'NONE',  ( 0.5656431814582244533, 1.448539221916016917, 6.502399628603551029 ) ) ;
#217 = EDGE_LOOP ( 'NONE', ( #1463, #2278, #1641, #2054 ) ) ;
#218 = CARTESIAN_POINT ( 'NONE',  ( 0.000000000000000000, 3.000000000000000000, -19.00000000000000000 ) ) ;
#219 = ORIENTED_EDGE ( 'NONE', *, *, #350, .T. ) ;
#220 = CARTESIAN_POINT ( 'NONE',  ( 2.437052352411149148, 3.260480202526917726, -9.605900657229035744 ) ) ;
#221 = EDGE_LOOP ( 'NONE', ( #2207, #1527, #144, #1942 ) ) ;
#222 = CARTESIAN_POINT ( 'NONE',  ( 13.64724476737872294, 0.9362790714368692813, 13.30095541891240707 ) ) ;
#223 = CARTESIAN_POINT ( 'NONE',  ( 1.867506953999617880E-15, 1.399999999999967271, -6.399999999999979039 ) ) ;
#224 = EDGE_CURVE ( 'NONE', #1560, #2883, #1798, .T. ) ;
#225 = AXIS2_PLACEMENT_3D ( 'NONE', #1219, #1903, #2820 ) ;
#226 = DIRECTION ( 'NONE',  ( -1.047258879323399559E-16, 2.806121709772840839E-17, 1.000000000000000000 ) ) ;
#227 = LINE ( 'NONE', #1362, #2282 ) ;
#228 = CARTESIAN_POINT ( 'NONE',  ( 0.4593987776269212731, 3.008819032223671641, 4.841341737549125668 ) ) ;
#229 = EDGE_LOOP ( 'NONE', ( #148, #949, #1025, #2907 ) ) ;
#230 = CARTESIAN_POINT ( 'NONE',  ( 1.350401836768556407, 1.524856079550750643, -3.999999999999999112 ) ) ;
#231 = ORIENTED_EDGE ( 'NONE', *, *, #2757, .F. ) ;
#232 = CARTESIAN_POINT ( 'NONE',  ( 11.50968956044621372, 14.50968956044622971, -19.00000000000000000 ) ) ;
#233 = ORIENTED_EDGE ( 'NONE', *, *, #2266, .F. ) ;
#234 = CARTESIAN_POINT ( 'NONE',  ( 1.457395389345778947, 1.728076300958268696, -8.662351087119226634 ) ) ;
#235 = CIRCLE ( 'NONE', #1802, 4.599999999999975664 ) ;
#236 = LINE ( 'NONE', #723, #1406 ) ;
#237 = CARTESIAN_POINT ( 'NONE',  ( 16.37846871616413225, 5.239627865607362267, 7.037581585394382166 ) ) ;
#238 = CIRCLE ( 'NONE', #2426, 2.599999999999991207 ) ;
#239 = CARTESIAN_POINT ( 'NONE',  ( 2.773086245397312855, 3.339045337219461285, 7.476156544125682757 ) ) ;
#240 = EDGE_CURVE ( 'NONE', #1455, #2156, #1666, .T. ) ;
#241 = ORIENTED_EDGE ( 'NONE', *, *, #1683, .F. ) ;
#242 = LINE ( 'NONE', #1377, #82 ) ;
#243 = DIRECTION ( 'NONE',  ( -0.000000000000000000, 1.000000000000000000, -0.000000000000000000 ) ) ;
#244 = VERTEX_POINT ( 'NONE', #2616 ) ;
#245 = AXIS2_PLACEMENT_3D ( 'NONE', #2077, #2722, #697 ) ;
#246 = CARTESIAN_POINT ( 'NONE',  ( 2.665251869911386073, 3.312604532348774722, -9.033778347208347270 ) ) ;
#247 = ORIENTED_EDGE ( 'NONE', *, *, #2675, .F. ) ;
#248 = CARTESIAN_POINT ( 'NONE',  ( 1.359233693701879631, 1.684816192666826584, -7.154313173046610963 ) ) ;
#249 = EDGE_CURVE ( 'NONE', #1021, #1939, #523, .T. ) ;
#250 = CARTESIAN_POINT ( 'NONE',  ( 0.1837924346117303376, 1.405058399983230233, 9.589628833766589366 ) ) ;
#251 = LINE ( 'NONE', #2326, #770 ) ;
#252 = CARTESIAN_POINT ( 'NONE',  ( 1.406920151050365941, 3.086025157212955339, 5.228208771166877433 ) ) ;
#253 = ORIENTED_EDGE ( 'NONE', *, *, #2086, .F. ) ;
#254 = CARTESIAN_POINT ( 'NONE',  ( 3.851859888774471706E-31, -3.000000000000000888, -6.399999999999999467 ) ) ;
#255 = CARTESIAN_POINT ( 'NONE',  ( 1.295779987980194559, 1.658691938535890920, -7.061318245347476541 ) ) ;
#256 = ADVANCED_FACE ( 'NONE', ( #1276 ), #1142, .F. ) ;
#257 = ORIENTED_EDGE ( 'NONE', *, *, #73, .T. ) ;
#258 = EDGE_CURVE ( 'NONE', #2387, #2479, #1709, .T. ) ;
#259 = DIRECTION ( 'NONE',  ( 0.000000000000000000, 0.000000000000000000, 1.000000000000000000 ) ) ;
#260 = EDGE_CURVE ( 'NONE', #1084, #2264, #238, .T. ) ;
#261 = CARTESIAN_POINT ( 'NONE',  ( 30.81533933581509643, 77.57613356418474382, 0.000000000000000000 ) ) ;
#262 = CARTESIAN_POINT ( 'NONE',  ( 15.18466066418488225, 42.42386643581527039, -19.00000000000000000 ) ) ;
#263 = CYLINDRICAL_SURFACE ( 'NONE', #2098, 11.50968956044622082 ) ;
#264 = AXIS2_PLACEMENT_3D ( 'NONE', #97, #971, #84 ) ;
#265 = LINE ( 'NONE', #905, #1369 ) ;
#266 = DIRECTION ( 'NONE',  ( -0.2588190451025212946, -0.9659258262890682012, 0.000000000000000000 ) ) ;
#267 = CARTESIAN_POINT ( 'NONE',  ( 2.786920537286727395, 3.342500261461581523, 8.418115676261752611 ) ) ;
#268 = EDGE_LOOP ( 'NONE', ( #2464, #1715, #2130, #179, #1094, #1689 ) ) ;
#269 = LINE ( 'NONE', #947, #1126 ) ;
#270 = AXIS2_PLACEMENT_3D ( 'NONE', #1446, #303, #715 ) ;
#271 = CARTESIAN_POINT ( 'NONE',  ( 0.8494817529989354687, 1.510524533189465890, -6.644003256167335003 ) ) ;
#272 = VERTEX_POINT ( 'NONE', #783 ) ;
#273 = CARTESIAN_POINT ( 'NONE',  ( 19.28415517335261242, 55.40516624628509135, 0.000000000000000000 ) ) ;
#274 = CARTESIAN_POINT ( 'NONE',  ( 3.851859888774471706E-31, -3.000000000000000888, -8.000000000000000000 ) ) ;
#275 = CARTESIAN_POINT ( 'NONE',  ( 1.301470767403924089, 1.660871168611073978, 8.932135371876311680 ) ) ;
#276 = CARTESIAN_POINT ( 'NONE',  ( 2.599313451843264122, -1.292179138524125914, -3.999999999999999112 ) ) ;
#277 = CARTESIAN_POINT ( 'NONE',  ( 1.497369579831254738, 1.746571515949199016, -8.566210664248709250 ) ) ;
#278 = LINE ( 'NONE', #1185, #2243 ) ;
#279 = CARTESIAN_POINT ( 'NONE',  ( 1.223023886360838475, 1.630209589712838802, 9.031620287520791379 ) ) ;
#280 = DIRECTION ( 'NONE',  ( -0.000000000000000000, 1.000000000000000000, -0.000000000000000000 ) ) ;
#281 = CARTESIAN_POINT ( 'NONE',  ( 2.715035978395093696, 3.324776343730677208, 8.829205971652822171 ) ) ;
#282 = VERTEX_POINT ( 'NONE', #828 ) ;
#283 = CARTESIAN_POINT ( 'NONE',  ( 12.87571796086865028, 2.611983971054699705, 13.87852146870217673 ) ) ;
#284 = DIRECTION ( 'NONE',  ( -0.000000000000000000, 0.000000000000000000, -1.000000000000000000 ) ) ;
#285 = ORIENTED_EDGE ( 'NONE', *, *, #1096, .F. ) ;
#286 = CARTESIAN_POINT ( 'NONE',  ( 18.65641202575584146, 0.3571744485082535836, -3.671174101259238043 ) ) ;
#287 = CARTESIAN_POINT ( 'NONE',  ( 2.973893889897611498, -1.221366187770110523, 4.000000000000000888 ) ) ;
#288 = EDGE_CURVE ( 'NONE', #2482, #1939, #1693, .T. ) ;
#289 = ORIENTED_EDGE ( 'NONE', *, *, #749, .F. ) ;
#290 = CARTESIAN_POINT ( 'NONE',  ( 2.113826062120873761, 3.195730195555195774, -5.891484528826775424 ) ) ;
#291 = CARTESIAN_POINT ( 'NONE',  ( 20.98021562191928169, 40.87095216520013707, 19.00000000000000000 ) ) ;
#292 = VECTOR ( 'NONE', #2875, 999.9999999999998863 ) ;
#293 = VECTOR ( 'NONE', #2523, 1000.000000000000227 ) ;
#294 = CARTESIAN_POINT ( 'NONE',  ( 0.9620124298840166954, 1.541943754743863915, 9.278554172503159947 ) ) ;
#295 = CARTESIAN_POINT ( 'NONE',  ( -1.419596293111310216E-16, 1.399999999999972600, 6.399999999999999467 ) ) ;
#296 = CYLINDRICAL_SURFACE ( 'NONE', #1294, 19.00000000000000000 ) ;
#297 = FACE_OUTER_BOUND ( 'NONE', #1596, .T. ) ;
#298 = ORIENTED_EDGE ( 'NONE', *, *, #1967, .F. ) ;
#299 = LINE ( 'NONE', #2499, #1404 ) ;
#300 = CARTESIAN_POINT ( 'NONE',  ( 1.255807997415658628, 1.642788391733560172, -7.008140200800054842 ) ) ;
#301 = EDGE_CURVE ( 'NONE', #1021, #272, #559, .T. ) ;
#302 = ORIENTED_EDGE ( 'NONE', *, *, #508, .T. ) ;
#303 = DIRECTION ( 'NONE',  ( -0.000000000000000000, 1.000000000000000000, -0.000000000000000000 ) ) ;
#304 = CARTESIAN_POINT ( 'NONE',  ( 0.1864808277707575290, 3.000000000000001332, -4.800005588086955655 ) ) ;
#305 = CARTESIAN_POINT ( 'NONE',  ( 0.2636213104483722813, 1.410502090727841829, 9.578354371270494383 ) ) ;
#306 = CARTESIAN_POINT ( 'NONE',  ( 0.000000000000000000, 3.000000000000000444, -19.00000000000000000 ) ) ;
#307 = CARTESIAN_POINT ( 'NONE',  ( 0.4628941716412992013, 3.009220340684351402, -4.843291257458999688 ) ) ;
#308 = PLANE ( 'NONE',  #1727 ) ;
#309 = CARTESIAN_POINT ( 'NONE',  ( 1.589693549635784686, 1.791361147942783782, 7.816806090633182436 ) ) ;
#310 = CARTESIAN_POINT ( 'NONE',  ( 1.500243938342380234, -3.000002639746879307, -3.999999999999999112 ) ) ;
#311 = ORIENTED_EDGE ( 'NONE', *, *, #2313, .F. ) ;
#312 = DIRECTION ( 'NONE',  ( 0.2588190451025211281, 0.9659258262890682012, 0.000000000000000000 ) ) ;
#313 = CARTESIAN_POINT ( 'NONE',  ( 1.030472157985221182, 1.562979118829056491, -6.775879610442368417 ) ) ;
#314 = ORIENTED_EDGE ( 'NONE', *, *, #1577, .T. ) ;
#315 = CARTESIAN_POINT ( 'NONE',  ( 16.66584336140059008, 0.5773078642861333432, 9.153296821253187332 ) ) ;
#316 = CARTESIAN_POINT ( 'NONE',  ( 1.545381134366730302, -2.596889004704521220, 4.000000000000000888 ) ) ;
#317 = CARTESIAN_POINT ( 'NONE',  ( 0.2113023192730029698, 1.406708576602927474, 9.586206821996636762 ) ) ;
#318 = ORIENTED_EDGE ( 'NONE', *, *, #2438, .T. ) ;
#319 = ORIENTED_EDGE ( 'NONE', *, *, #864, .F. ) ;
#320 = CARTESIAN_POINT ( 'NONE',  ( 1.358240010810148446, 1.684501038286122077, -8.846092858493696198 ) ) ;
#321 = CARTESIAN_POINT ( 'NONE',  ( 1.108089026203676442, -3.000000000000001776, 19.00000000000000711 ) ) ;
#322 = CARTESIAN_POINT ( 'NONE',  ( 1.600091134180522179, 1.796592611654384886, 8.101799742578114305 ) ) ;
#323 = CARTESIAN_POINT ( 'NONE',  ( -6.350118653360408002E-15, 14.50968956044622082, 0.000000000000000000 ) ) ;
#324 = ORIENTED_EDGE ( 'NONE', *, *, #734, .F. ) ;
#325 = DIRECTION ( 'NONE',  ( -0.9659258262890682012, 0.2588190451025212391, -0.000000000000000000 ) ) ;
#326 = CARTESIAN_POINT ( 'NONE',  ( 1.573870674855662788, 1.783503306841018210, -8.289061431013445613 ) ) ;
#327 = EDGE_LOOP ( 'NONE', ( #2028, #1332, #2805, #2773 ) ) ;
#328 = CONICAL_SURFACE ( 'NONE', #1996, 1.599999999999993872, 0.7853981633974523868 ) ;
#329 = DIRECTION ( 'NONE',  ( -0.000000000000000000, 1.000000000000000000, -0.000000000000000000 ) ) ;
#330 = CARTESIAN_POINT ( 'NONE',  ( 2.973893889897611498, -1.221366187770111189, -3.999999999999999112 ) ) ;
#331 = CARTESIAN_POINT ( 'NONE',  ( 1.163450116285526192, 3.058877974430940228, 10.91318265307061353 ) ) ;
#332 = DIRECTION ( 'NONE',  ( -0.000000000000000000, -0.000000000000000000, -1.000000000000000000 ) ) ;
#333 = PRODUCT_DEFINITION_CONTEXT ( 'detailed design', #1574, 'design' ) ;
#334 = CARTESIAN_POINT ( 'NONE',  ( 2.630864268517116855, 3.304654425348380720, -6.872414741615327394 ) ) ;
#335 = DIRECTION ( 'NONE',  ( 1.000000000000000000, 0.000000000000000000, -0.000000000000000000 ) ) ;
#336 = EDGE_CURVE ( 'NONE', #714, #2912, #1064, .T. ) ;
#337 = EDGE_CURVE ( 'NONE', #32, #1570, #1859, .T. ) ;
#338 = CARTESIAN_POINT ( 'NONE',  ( 1.143291524781880231, 1.600929825465723377, 6.880551284501586373 ) ) ;
#339 = CIRCLE ( 'NONE', #2327, 17.50968956044622260 ) ;
#340 = DIRECTION ( 'NONE',  ( 0.2588190451025226824, 0.9659258262890678681, 0.000000000000000000 ) ) ;
#341 = AXIS2_PLACEMENT_3D ( 'NONE', #643, #614, #427 ) ;
#342 = EDGE_LOOP ( 'NONE', ( #1414, #1511, #923, #1870 ) ) ;
#343 = FACE_OUTER_BOUND ( 'NONE', #2705, .T. ) ;
#344 = CARTESIAN_POINT ( 'NONE',  ( 1.597408110900071287, 1.795226186294201165, -8.105022321253864348 ) ) ;
#345 = VERTEX_POINT ( 'NONE', #118 ) ;
#346 = LINE ( 'NONE', #1704, #2448 ) ;
#347 = EDGE_CURVE ( 'NONE', #1426, #1390, #1557, .T. ) ;
#348 = CARTESIAN_POINT ( 'NONE',  ( 0.9077502269478039398, 3.035516340017618830, -4.969839022171055554 ) ) ;
#349 = CARTESIAN_POINT ( 'NONE',  ( 1.713792767447521292, 3.128083509986206767, 10.53778821224009299 ) ) ;
#350 = EDGE_CURVE ( 'NONE', #2691, #194, #853, .T. ) ;
#351 = ORIENTED_EDGE ( 'NONE', *, *, #2454, .T. ) ;
#352 = CARTESIAN_POINT ( 'NONE',  ( 15.18466066418488225, 42.42386643581527039, 19.00000000000000000 ) ) ;
#353 = CARTESIAN_POINT ( 'NONE',  ( 0.1860085481774238769, 3.001132249777128003, -4.805271366378953246 ) ) ;
#354 = CARTESIAN_POINT ( 'NONE',  ( 18.64440811204323722, 0.3584605510155849384, -3.734206162166141763 ) ) ;
#355 = CARTESIAN_POINT ( 'NONE',  ( 11.49157220313314731, 4.809730986620609272, -14.27718990678311251 ) ) ;
#356 = CARTESIAN_POINT ( 'NONE',  ( 1.302520985367679351, 1.661388703249856214, 7.070418859934417100 ) ) ;
#357 =( LENGTH_UNIT ( ) NAMED_UNIT ( * ) SI_UNIT ( .MILLI., .METRE. ) );
#358 = ORIENTED_EDGE ( 'NONE', *, *, #532, .F. ) ;
#359 = CARTESIAN_POINT ( 'NONE',  ( -8.000000000000000000, -3.000000000000000888, -1.599999999999998979 ) ) ;
#360 = CARTESIAN_POINT ( 'NONE',  ( 1.251909924563973986, 1.641316673150209571, -8.996398490271998227 ) ) ;
#361 = AXIS2_PLACEMENT_3D ( 'NONE', #563, #1669, #122 ) ;
#362 = EDGE_LOOP ( 'NONE', ( #550, #1834, #91, #1147 ) ) ;
#363 = LINE ( 'NONE', #1526, #1650 ) ;
#364 = CARTESIAN_POINT ( 'NONE',  ( 1.557972737843370759, 1.775679158100844868, 7.634731838868914267 ) ) ;
#365 = CIRCLE ( 'NONE', #2778, 3.199999999999973532 ) ;
#366 = CARTESIAN_POINT ( 'NONE',  ( 15.70229875438992551, 44.35571808839340946, 4.000000000000000888 ) ) ;
#367 = VECTOR ( 'NONE', #2596, 1000.000000000000000 ) ;
#368 = EDGE_CURVE ( 'NONE', #2899, #1256, #2075, .T. ) ;
#369 = CARTESIAN_POINT ( 'NONE',  ( 18.12503412450267959, 3.013703044100626727, 5.713977909164976055 ) ) ;
#370 = CARTESIAN_POINT ( 'NONE',  ( 26.42284851762487108, 67.36505994716902990, -2.939152317953647894E-15 ) ) ;
#371 = CARTESIAN_POINT ( 'NONE',  ( 1.356659211985001168, 1.683837151167141943, 7.151575751562944561 ) ) ;
#372 = CARTESIAN_POINT ( 'NONE',  ( 1.726928237215749951, 3.127236938478179074, 5.441483785142771090 ) ) ;
#373 = CARTESIAN_POINT ( 'NONE',  ( -1.048445852934807770E-15, -3.000000000000000888, 8.000000000000000000 ) ) ;
#374 = CARTESIAN_POINT ( 'NONE',  ( 0.9932665779760851965, 1.551306311871866406, -9.254693425640819981 ) ) ;
#375 = ORIENTED_EDGE ( 'NONE', *, *, #2698, .T. ) ;
#376 = CARTESIAN_POINT ( 'NONE',  ( 1.508798424225881396, -2.803200219575928021, 4.000000000000000888 ) ) ;
#377 = AXIS2_PLACEMENT_3D ( 'NONE', #742, #1654, #1937 ) ;
#378 = CARTESIAN_POINT ( 'NONE',  ( 0.3641314880736641335, 1.419841415600830770, 6.441109614738338429 ) ) ;
#379 = ADVANCED_FACE ( 'NONE', ( #721 ), #1438, .F. ) ;
#380 = ORIENTED_EDGE ( 'NONE', *, *, #1399, .F. ) ;
#381 = DIRECTION ( 'NONE',  ( -0.2588190451025212391, -0.9659258262890682012, 0.000000000000000000 ) ) ;
#382 = CARTESIAN_POINT ( 'NONE',  ( 1.711174598504666022, 3.127851489946442243, -10.53849641586520214 ) ) ;
#383 = CIRCLE ( 'NONE', #1287, 4.500000000000002665 ) ;
#384 = CARTESIAN_POINT ( 'NONE',  ( -8.000000000000000000, 3.000000000000000000, 3.200000000000012168 ) ) ;
#385 = CARTESIAN_POINT ( 'NONE',  ( 11.40937590684819369, 1.227544781856010347, -15.19296354949329597 ) ) ;
#386 = CARTESIAN_POINT ( 'NONE',  ( 16.60771291081439216, 41.93903311750258922, 8.892544994630586518E-22 ) ) ;
#387 = CARTESIAN_POINT ( 'NONE',  ( 1.718270803582554240, 3.127927409329941622, 10.54045954842764843 ) ) ;
#388 = CARTESIAN_POINT ( 'NONE',  ( 21.55111126056621984, 60.38822856765382596, 0.000000000000000000 ) ) ;
#389 = CIRCLE ( 'NONE', #1957, 103.3520974540799386 ) ;
#390 = CARTESIAN_POINT ( 'NONE',  ( 1.546450181923567202, 1.770046944214648921, -7.588728017097555956 ) ) ;
#391 = VERTEX_POINT ( 'NONE', #705 ) ;
#392 = DIRECTION ( 'NONE',  ( 0.8660254037844328234, 0.5000000000000099920, 0.000000000000000000 ) ) ;
#393 = VECTOR ( 'NONE', #2766, 1000.000000000000114 ) ;
#394 = ORIENTED_EDGE ( 'NONE', *, *, #2816, .F. ) ;
#395 = LINE ( 'NONE', #1724, #626 ) ;
#396 = CARTESIAN_POINT ( 'NONE',  ( 2.804778429718264299, 3.346972170596372198, -8.212024593935039363 ) ) ;
#397 = B_SPLINE_CURVE_WITH_KNOTS ( 'NONE', 1,
 ( #2608, #1701 ),
 .UNSPECIFIED., .F., .F.,
 ( 2, 2 ),
 ( 0.000000000000000000, 1.000000000000000000 ),
 .UNSPECIFIED. ) ;
#398 = CARTESIAN_POINT ( 'NONE',  ( 19.00047043801697200, 0.3204580648851836910, -0.7432017724731257990 ) ) ;
#399 = DIRECTION ( 'NONE',  ( -0.9659258262890962898, 0.2588190451024163785, 0.000000000000000000 ) ) ;
#400 = DIRECTION ( 'NONE',  ( 0.2588190451025190741, 0.9659258262890686453, 0.000000000000000000 ) ) ;
#401 = CYLINDRICAL_SURFACE ( 'NONE', #718, 107.8520974540799386 ) ;
#402 = DIRECTION ( 'NONE',  ( 0.000000000000000000, 0.000000000000000000, -1.000000000000000000 ) ) ;
#403 = FACE_OUTER_BOUND ( 'NONE', #2280, .T. ) ;
#404 = CARTESIAN_POINT ( 'NONE',  ( 16.19580870923648774, 7.854991195588985065, -0.9221840971608353810 ) ) ;
#405 = ORIENTED_EDGE ( 'NONE', *, *, #40, .T. ) ;
#406 = CARTESIAN_POINT ( 'NONE',  ( 17.77980722208571152, 42.06345664958234920, -3.999999999999999112 ) ) ;
#407 = ADVANCED_FACE ( 'NONE', ( #958 ), #678, .T. ) ;
#408 = VERTEX_POINT ( 'NONE', #2134 ) ;
#409 = CARTESIAN_POINT ( 'NONE',  ( 13.30794193725357921, 3.128361653322907721, -13.23625124912586415 ) ) ;
#410 = CIRCLE ( 'NONE', #2915, 1.599999999999993872 ) ;
#411 = CARTESIAN_POINT ( 'NONE',  ( 2.809529743810331492, 3.348171025737247231, -7.898075862323476137 ) ) ;
#412 = CARTESIAN_POINT ( 'NONE',  ( 13.77588113323844965, 3.073412175437775229, 13.17129658415963256 ) ) ;
#413 = ORIENTED_EDGE ( 'NONE', *, *, #337, .F. ) ;
#414 = VECTOR ( 'NONE', #2127, 1000.000000000000000 ) ;
#415 = CARTESIAN_POINT ( 'NONE',  ( 0.7257852737401228049, 1.480559722022000146, 6.573846023963542784 ) ) ;
#416 = CARTESIAN_POINT ( 'NONE',  ( 4.566748053892078829, -2.396089743449370424, -18.44492540683751614 ) ) ;
#417 = CARTESIAN_POINT ( 'NONE',  ( 0.6449005893114639898, 3.017718174079274007, 11.11633907589179771 ) ) ;
#418 = FACE_BOUND ( 'NONE', #2725, .T. ) ;
#419 =( BOUNDED_SURFACE ( )  B_SPLINE_SURFACE ( 3, 1, ( 
 ( #175, #624 ),
 ( #1290, #1926 ),
 ( #1083, #1026 ),
 ( #149, #134 ) ),
 .UNSPECIFIED., .F., .F., .T. ) 
 B_SPLINE_SURFACE_WITH_KNOTS ( ( 4, 4 ),
 ( 2, 2 ),
 ( 0.000000000000000000, 1.000000000000000000 ),
 ( 0.000000000000000000, 1.000000000000000000 ),
 .UNSPECIFIED. ) 
 GEOMETRIC_REPRESENTATION_ITEM ( )  RATIONAL_B_SPLINE_SURFACE ( (
 ( 1.000000000000000000, 1.000000000000000000),
 ( 0.8924018861943048275, 0.8924018861943048275),
 ( 0.8924018861943048275, 0.8924018861943048275),
 ( 1.000000000000000000, 1.000000000000000000) ) ) 
 REPRESENTATION_ITEM ( '' )  SURFACE ( )  );
#420 = CARTESIAN_POINT ( 'NONE',  ( 15.98089380443447638, 7.349288815113084183, 4.456292618923570537 ) ) ;
#421 = ORIENTED_EDGE ( 'NONE', *, *, #1667, .T. ) ;
#422 = CARTESIAN_POINT ( 'NONE',  ( -1.499768290659090786, -3.000000197475629182, 4.000000000000000000 ) ) ;
#423 = ORIENTED_EDGE ( 'NONE', *, *, #1172, .F. ) ;
#424 = DIRECTION ( 'NONE',  ( -0.2588190451025211836, -0.9659258262890680902, 0.000000000000000000 ) ) ;
#425 = ORIENTED_EDGE ( 'NONE', *, *, #2669, .T. ) ;
#426 = CARTESIAN_POINT ( 'NONE',  ( 27.53119152643226997, 78.45611831753332410, 0.000000000000000000 ) ) ;
#427 = DIRECTION ( 'NONE',  ( 0.2588190451025211836, 0.9659258262890680902, 0.000000000000000000 ) ) ;
#428 = DIRECTION ( 'NONE',  ( -0.000000000000000000, 1.000000000000000000, -0.000000000000000000 ) ) ;
#429 = EDGE_CURVE ( 'NONE', #1353, #744, #499, .T. ) ;
#430 = CARTESIAN_POINT ( 'NONE',  ( 16.00968956044622615, 14.50968956043968383, -3.999999999999999112 ) ) ;
#431 = CARTESIAN_POINT ( 'NONE',  ( 14.90798094862610768, 5.322810085933988411, 9.857750746074309234 ) ) ;
#432 = CARTESIAN_POINT ( 'NONE',  ( 0.7344130584726857869, 3.022035929346786887, 11.09583161228582782 ) ) ;
#433 = EDGE_LOOP ( 'NONE', ( #2453, #2502, #2001, #107, #1141, #2423 ) ) ;
#434 = FACE_OUTER_BOUND ( 'NONE', #217, .T. ) ;
#435 = EDGE_LOOP ( 'NONE', ( #1123, #1251, #1983 ) ) ;
#436 = AXIS2_PLACEMENT_3D ( 'NONE', #2031, #2059, #2928 ) ;
#437 = AXIS2_PLACEMENT_3D ( 'NONE', #609, #1512, #1464 ) ;
#438 = DIRECTION ( 'NONE',  ( -0.9659258262890682012, 0.2588190451025212391, 0.000000000000000000 ) ) ;
#439 = ADVANCED_FACE ( 'NONE', ( #1866 ), #263, .F. ) ;
#440 = CARTESIAN_POINT ( 'NONE',  ( 22.61362966948436437, 60.10352761804101362, 0.000000000000000000 ) ) ;
#441 = VERTEX_POINT ( 'NONE', #2734 ) ;
#442 = CARTESIAN_POINT ( 'NONE',  ( -1.499819947790050678, -3.000001182372153963, -3.999999999999999112 ) ) ;
#443 = DIRECTION ( 'NONE',  ( 0.000000000000000000, 0.000000000000000000, 1.000000000000000000 ) ) ;
#444 = DIRECTION ( 'NONE',  ( -0.9659258262890682012, 0.2588190451025212391, 0.000000000000000000 ) ) ;
#445 = CARTESIAN_POINT ( 'NONE',  ( 15.02652333571966992, 5.518618252254181122, 9.465376204720135078 ) ) ;
#446 = CARTESIAN_POINT ( 'NONE',  ( 1.245795331872632028, 3.067332978863627879, 5.129923693287417485 ) ) ;
#447 = VERTEX_POINT ( 'NONE', #2768 ) ;
#448 = DIRECTION ( 'NONE',  ( -0.9659258262890720870, 0.2588190451025069727, 0.000000000000000000 ) ) ;
#449 = EDGE_LOOP ( 'NONE', ( #576, #2102, #1676, #241 ) ) ;
#450 = PLANE ( 'NONE',  #2165 ) ;
#451 = DIRECTION ( 'NONE',  ( 0.000000000000000000, 0.000000000000000000, -1.000000000000000000 ) ) ;
#452 = VECTOR ( 'NONE', #1116, 1000.000000000000114 ) ;
#453 = ORIENTED_EDGE ( 'NONE', *, *, #1051, .F. ) ;
#454 = CARTESIAN_POINT ( 'NONE',  ( 1.515911397428215679, 1.755357659771606738, -7.485472418018244589 ) ) ;
#455 = EDGE_CURVE ( 'NONE', #2051, #1560, #278, .T. ) ;
#456 = CARTESIAN_POINT ( 'NONE',  ( 0.6035779047843797818, 1.455678988211122959, 9.481834645643621329 ) ) ;
#457 = DIRECTION ( 'NONE',  ( -0.2588190451025113581, -0.9659258262890707547, -0.000000000000000000 ) ) ;
#458 = CARTESIAN_POINT ( 'NONE',  ( 2.773288973039309102, 3.339095815672216805, 8.522376781879247076 ) ) ;
#459 = EDGE_LOOP ( 'NONE', ( #1508, #78, #2393, #2565 ) ) ;
#460 = CYLINDRICAL_SURFACE ( 'NONE', #1270, 19.00000000000000355 ) ;
#461 = CARTESIAN_POINT ( 'NONE',  ( 0.3518315502789577387, 0.9631322454956575685, -3.999999999999999112 ) ) ;
#462 = ORIENTED_EDGE ( 'NONE', *, *, #2230, .F. ) ;
#463 = ADVANCED_FACE ( 'NONE', ( #2352 ), #1169, .T. ) ;
#464 = DIRECTION ( 'NONE',  ( -0.000000000000000000, 1.000000000000000000, -0.000000000000000000 ) ) ;
#465 = CARTESIAN_POINT ( 'NONE',  ( 12.42100200691309198, 1.091357094094660196, 14.45185811707797185 ) ) ;
#466 = ORIENTED_EDGE ( 'NONE', *, *, #1617, .T. ) ;
#467 = CARTESIAN_POINT ( 'NONE',  ( 0.7100355192763732060, 1.477051994759632114, -6.565935329000308407 ) ) ;
#468 = CIRCLE ( 'NONE', #2276, 16.00968956043619684 ) ;
#469 = CARTESIAN_POINT ( 'NONE',  ( 1.178938264160888760, 1.613719330400587459, 9.082031156557256679 ) ) ;
#470 = FACE_BOUND ( 'NONE', #2888, .T. ) ;
#471 = CARTESIAN_POINT ( 'NONE',  ( 1.637184265598915722, 3.116973672008452656, 5.398969533161129597 ) ) ;
#472 = EDGE_CURVE ( 'NONE', #1275, #244, #1407, .T. ) ;
#473 = ORIENTED_EDGE ( 'NONE', *, *, #2757, .T. ) ;
#474 = DIRECTION ( 'NONE',  ( -0.2588190451025211836, -0.9659258262890680902, 0.000000000000000000 ) ) ;
#475 = CARTESIAN_POINT ( 'NONE',  ( 0.6582411434414504603, 1.465968691936297530, -6.540903750995153310 ) ) ;
#476 = EDGE_CURVE ( 'NONE', #1939, #1036, #1200, .T. ) ;
#477 = VERTEX_POINT ( 'NONE', #1422 ) ;
#478 = AXIS2_PLACEMENT_3D ( 'NONE', #61, #2296, #266 ) ;
#479 = LINE ( 'NONE', #914, #1551 ) ;
#480 = CARTESIAN_POINT ( 'NONE',  ( 11.49092730211001978, 4.809660529338758650, 14.27779186681149604 ) ) ;
#481 = LINE ( 'NONE', #2334, #1415 ) ;
#482 = CARTESIAN_POINT ( 'NONE',  ( 1.597339976301915598, 1.795205919216660062, -8.106012296963632124 ) ) ;
#483 = CIRCLE ( 'NONE', #2148, 1.600000000000000755 ) ;
#484 = CARTESIAN_POINT ( 'NONE',  ( -1.499768290659090786, -3.000000197475629182, 4.000000000000000000 ) ) ;
#485 = DIRECTION ( 'NONE',  ( 0.9659258262890689783, -0.2588190451025188521, 0.000000000000000000 ) ) ;
#486 = CARTESIAN_POINT ( 'NONE',  ( 16.68070406646135240, 5.259602778516939026, 6.192557963464754955 ) ) ;
#487 = CARTESIAN_POINT ( 'NONE',  ( 2.735653269825149891, 3.329828594653822194, 7.269463677736446527 ) ) ;
#488 = CONICAL_SURFACE ( 'NONE', #2154, 2.600000000000012079, 0.7853981633974463916 ) ;
#489 = ORIENTED_EDGE ( 'NONE', *, *, #2266, .T. ) ;
#490 = CARTESIAN_POINT ( 'NONE',  ( 17.15118749382052954, 43.96748952072843508, 4.000000000000000888 ) ) ;
#491 = DIRECTION ( 'NONE',  ( -0.000000000000000000, 1.000000000000000000, -0.000000000000000000 ) ) ;
#492 = EDGE_LOOP ( 'NONE', ( #1110, #2921, #473, #247 ) ) ;
#493 = EDGE_CURVE ( 'NONE', #345, #1708, #2324, .T. ) ;
#494 = DIRECTION ( 'NONE',  ( -0.2588190451025220162, -0.9659258262890679791, 0.000000000000000000 ) ) ;
#495 = DIRECTION ( 'NONE',  ( 0.9659258262890682012, -0.2588190451025212391, -0.000000000000000000 ) ) ;
#496 = CARTESIAN_POINT ( 'NONE',  ( 1.220914459524394147, 1.629372322610497026, 9.034433052317988100 ) ) ;
#497 = CARTESIAN_POINT ( 'NONE',  ( 17.50968956044621549, 14.50968956044622971, 19.00000000000000000 ) ) ;
#498 = CARTESIAN_POINT ( 'NONE',  ( 1.150476909128185232, 1.603450972178151801, -6.887752418570820545 ) ) ;
#499 = LINE ( 'NONE', #45, #2855 ) ;
#500 = CIRCLE ( 'NONE', #2824, 13.00968956043619862 ) ;
#501 = CARTESIAN_POINT ( 'NONE',  ( 0.5642391792019368912, 1.448644281790803401, 9.497269402028129193 ) ) ;
#502 = CARTESIAN_POINT ( 'NONE',  ( 16.68555977572032134, 5.259917801954314243, -6.176647390082647959 ) ) ;
#503 = CARTESIAN_POINT ( 'NONE',  ( 2.660280709323343373, 3.311626244501729044, 6.965852870650794948 ) ) ;
#504 = VERTEX_POINT ( 'NONE', #484 ) ;
#505 = CARTESIAN_POINT ( 'NONE',  ( 17.15118749382052954, 43.96748952072843508, -3.999999999999999112 ) ) ;
#506 = EDGE_CURVE ( 'NONE', #50, #662, #2472, .T. ) ;
#507 = CARTESIAN_POINT ( 'NONE',  ( -8.000000000000000000, 1.399999999999972378, 9.797174393178823685E-16 ) ) ;
#508 = EDGE_CURVE ( 'NONE', #1331, #1945, #1851, .T. ) ;
#509 = VERTEX_POINT ( 'NONE', #533 ) ;
#510 = DIRECTION ( 'NONE',  ( -0.000000000000000000, -0.000000000000000000, -1.000000000000000000 ) ) ;
#511 = CARTESIAN_POINT ( 'NONE',  ( 1.545381134366731191, -2.596889004704562520, -3.999999999999999112 ) ) ;
#512 = FACE_OUTER_BOUND ( 'NONE', #811, .T. ) ;
#513 = CARTESIAN_POINT ( 'NONE',  ( 1.385223628676183205, 1.696050681175526931, -8.801149460904520438 ) ) ;
#514 = AXIS2_PLACEMENT_3D ( 'NONE', #1478, #2585, #1071 ) ;
#515 = CARTESIAN_POINT ( 'NONE',  ( 16.00968956043620040, 14.50968956043968383, 4.000000000000000888 ) ) ;
#516 = ADVANCED_FACE ( 'NONE', ( #2336 ), #308, .T. ) ;
#517 = CARTESIAN_POINT ( 'NONE',  ( 1.438555226667223525E-15, 1.399999999999972600, 9.600000000000001421 ) ) ;
#518 = PRESENTATION_LAYER_ASSIGNMENT (  '', '', ( #1662 ) ) ;
#519 = CARTESIAN_POINT ( 'NONE',  ( 1.867506953999593031E-15, 1.399999999999972156, -6.399999999999999467 ) ) ;
#520 = CARTESIAN_POINT ( 'NONE',  ( 21.55111126056621984, 60.38822856765382596, 0.000000000000000000 ) ) ;
#521 = ORIENTED_EDGE ( 'NONE', *, *, #258, .F. ) ;
#522 = DIRECTION ( 'NONE',  ( 0.2588190451025209060, 0.9659258262890682012, 0.000000000000000000 ) ) ;
#523 = CIRCLE ( 'NONE', #2552, 103.3520974540799102 ) ;
#524 = DIRECTION ( 'NONE',  ( -1.000000000000000000, 0.000000000000000000, 0.000000000000000000 ) ) ;
#525 = EDGE_LOOP ( 'NONE', ( #1323, #981 ) ) ;
#526 = CARTESIAN_POINT ( 'NONE',  ( 18.82819370804906001, 0.3386379632117837435, 2.939902538958951261 ) ) ;
#527 = CARTESIAN_POINT ( 'NONE',  ( 1.538115270741745588, -3.801455491405754117, -3.999999999999999112 ) ) ;
#528 = CARTESIAN_POINT ( 'NONE',  ( 1.203838005953605794, 1.622939297177205198, 9.054257735586642042 ) ) ;
#529 = EDGE_LOOP ( 'NONE', ( #1436, #2533, #1193 ) ) ;
#530 = AXIS2_PLACEMENT_3D ( 'NONE', #1585, #1354, #2793 ) ;
#531 = CARTESIAN_POINT ( 'NONE',  ( 0.7094887299519925250, 1.476693158877423917, -9.435038153354842194 ) ) ;
#532 = EDGE_CURVE ( 'NONE', #2315, #2436, #2198, .T. ) ;
#533 = CARTESIAN_POINT ( 'NONE',  ( 1.438555226667223525E-15, 1.399999999999972600, 9.600000000000001421 ) ) ;
#534 = CARTESIAN_POINT ( 'NONE',  ( 1.558793399052848638, 1.776075238672443879, 8.361684874111803722 ) ) ;
#535 = CARTESIAN_POINT ( 'NONE',  ( -8.000000000000000000, 3.000000000000000000, -3.200000000000010392 ) ) ;
#536 = DIRECTION ( 'NONE',  ( 0.000000000000000000, -0.000000000000000000, -1.000000000000000000 ) ) ;
#537 = CARTESIAN_POINT ( 'NONE',  ( -6.350118653360408002E-15, 14.50968956044622082, 19.00000000000000000 ) ) ;
#538 = ORIENTED_EDGE ( 'NONE', *, *, #1804, .F. ) ;
#539 = LINE ( 'NONE', #1732, #95 ) ;
#540 = CARTESIAN_POINT ( 'NONE',  ( 0.2101269101256504901, 1.406639122409841791, -6.413634768713274426 ) ) ;
#541 = ORIENTED_EDGE ( 'NONE', *, *, #2009, .T. ) ;
#542 = CARTESIAN_POINT ( 'NONE',  ( 14.82487060816780122, 0.7932517231521188927, 11.88942305164017554 ) ) ;
#543 = CARTESIAN_POINT ( 'NONE',  ( 2.177459953625063616, -1.531889698066496441, 4.000000000000000888 ) ) ;
#544 = CARTESIAN_POINT ( 'NONE',  ( 1.269079723111427915, 1.647876735999974418, -8.975776567376527737 ) ) ;
#545 = B_SPLINE_CURVE_WITH_KNOTS ( 'NONE', 3,
 ( #183, #2187, #1087, #2684, #1518, #874, #372, #155, #820, #2624, #1063, #1756, #1783, #2229, #1966, #1744, #2417, #197, #2892, #1731, #1103, #1770, #387, #1297, #599, #657, #2655, #2201, #417, #630, #1563, #1978 ),
 .UNSPECIFIED., .F., .F.,
 ( 4, 2, 2, 2, 2, 2, 2, 2, 2, 2, 2, 2, 2, 2, 2, 4 ),
 ( 0.000000000000000000, 0.06249999999999986122, 0.1249999999999996947, 0.2499999999999994449, 0.3124999999999993339, 0.3749999999999992784, 0.4374999999999991673, 0.4999999999999991118, 0.5624999999999993339, 0.6249999999999994449, 0.7499999999999993339, 0.8124999999999993339, 0.8749999999999992228, 0.9062499999999994449, 0.9374999999999995559, 1.000000000000000000 ),
 .UNSPECIFIED. ) ;
#546 = DIRECTION ( 'NONE',  ( 0.2588190451025211836, 0.9659258262890680902, 0.000000000000000000 ) ) ;
#547 = CARTESIAN_POINT ( 'NONE',  ( 1.186833344010592928, 1.616653693594965802, 6.926875974302309835 ) ) ;
#548 = CARTESIAN_POINT ( 'NONE',  ( 22.10843504778828716, 58.21811562216070968, 19.00000000000000000 ) ) ;
#549 = CARTESIAN_POINT ( 'NONE',  ( 16.63354940361549339, 42.03563786815033154, 4.000000000000000888 ) ) ;
#550 = ORIENTED_EDGE ( 'NONE', *, *, #139, .F. ) ;
#551 = FACE_OUTER_BOUND ( 'NONE', #2142, .T. ) ;
#552 = CARTESIAN_POINT ( 'NONE',  ( 1.326343073553251317, 1.671181686740601524, -7.105088760682932048 ) ) ;
#553 = VERTEX_POINT ( 'NONE', #1529 ) ;
#554 = CIRCLE ( 'NONE', #2217, 19.00000000000000000 ) ;
#555 = CARTESIAN_POINT ( 'NONE',  ( -8.000000000000000000, 1.399999999999972378, 9.797174393178823685E-16 ) ) ;
#556 = CARTESIAN_POINT ( 'NONE',  ( 1.682826898744419708, -2.186093176131320259, -3.999999999999999112 ) ) ;
#557 = DIRECTION ( 'NONE',  ( -0.000000000000000000, 0.000000000000000000, -1.000000000000000000 ) ) ;
#558 = EDGE_CURVE ( 'NONE', #282, #1247, #2752, .T. ) ;
#559 = LINE ( 'NONE', #2424, #1339 ) ;
#560 = CARTESIAN_POINT ( 'NONE',  ( 2.498755278873363572, 3.274491692044141811, -6.536311339325796332 ) ) ;
#561 = CARTESIAN_POINT ( 'NONE',  ( 16.71561001253992274, 3.034790591781142854, -9.044576846136680004 ) ) ;
#562 = CARTESIAN_POINT ( 'NONE',  ( 1.524061277135680958, 1.759253467936487514, 7.512223824725808186 ) ) ;
#563 = CARTESIAN_POINT ( 'NONE',  ( 119.3617870145261435, 14.50968956044623681, 0.000000000000000000 ) ) ;
#564 =( LENGTH_UNIT ( ) NAMED_UNIT ( * ) SI_UNIT ( .MILLI., .METRE. ) );
#565 = CARTESIAN_POINT ( 'NONE',  ( 25.89777747886719794, 59.22354286469244755, 19.00000000000000000 ) ) ;
#566 = ORIENTED_EDGE ( 'NONE', *, *, #1181, .T. ) ;
#567 = ADVANCED_FACE ( 'NONE', ( #2414 ), #2250, .T. ) ;
#568 = LINE ( 'NONE', #2836, #1759 ) ;
#569 = CARTESIAN_POINT ( 'NONE',  ( 1.316626503943728155, 1.667157513133951996, -8.909410878303377856 ) ) ;
#570 = EDGE_CURVE ( 'NONE', #345, #1329, #965, .T. ) ;
#571 = VERTEX_POINT ( 'NONE', #2428 ) ;
#572 = EDGE_CURVE ( 'NONE', #391, #2051, #2832, .T. ) ;
#573 = DIRECTION ( 'NONE',  ( -0.9659258262890682012, 0.2588190451025211836, -0.000000000000000000 ) ) ;
#574 = CARTESIAN_POINT ( 'NONE',  ( 1.500001850638395862, -2.882972093750761022, -3.999999999999999112 ) ) ;
#575 = CARTESIAN_POINT ( 'NONE',  ( 1.546231053205037842, 1.769924577073108463, 8.414602985823313119 ) ) ;
#576 = ORIENTED_EDGE ( 'NONE', *, *, #126, .F. ) ;
#577 = CARTESIAN_POINT ( 'NONE',  ( 17.15118749382052954, 43.96748952072843508, 4.000000000000000888 ) ) ;
#578 = CARTESIAN_POINT ( 'NONE',  ( 1.288168821703671973, 3.072239457099499749, -5.155709798372428487 ) ) ;
#579 = CARTESIAN_POINT ( 'NONE',  ( 13.49303415682875240, 0.9555312549721410864, 13.45828861989813419 ) ) ;
#580 = DIRECTION ( 'NONE',  ( 0.000000000000000000, 0.000000000000000000, 1.000000000000000000 ) ) ;
#581 = CARTESIAN_POINT ( 'NONE',  ( 1.295779987984127635, 1.658691938537524946, 8.938681754647097577 ) ) ;
#582 = CARTESIAN_POINT ( 'NONE',  ( 0.000000000000000000, 0.000000000000000000, 0.000000000000000000 ) ) ;
#583 = CARTESIAN_POINT ( 'NONE',  ( 24.68418203030453739, 67.83093422835358410, -2.939152317953647894E-15 ) ) ;
#584 = CIRCLE ( 'NONE', #2611, 1.600000000000007860 ) ;
#585 = AXIS2_PLACEMENT_3D ( 'NONE', #2541, #772, #1634 ) ;
#586 = ORIENTED_EDGE ( 'NONE', *, *, #2743, .T. ) ;
#587 = LINE ( 'NONE', #2124, #2027 ) ;
#588 = CARTESIAN_POINT ( 'NONE',  ( 1.427071694647348066, 1.714405496256437456, -7.276016880720123758 ) ) ;
#589 = ORIENTED_EDGE ( 'NONE', *, *, #2144, .T. ) ;
#590 = CARTESIAN_POINT ( 'NONE',  ( 2.973893889896990661, -1.221366187766829592, 4.000000000000000888 ) ) ;
#591 = CARTESIAN_POINT ( 'NONE',  ( 0.8012503864539176623, 1.497983798739327632, 6.614104385581995871 ) ) ;
#592 = VECTOR ( 'NONE', #2815, 1000.000000000000000 ) ;
#593 = VERTEX_POINT ( 'NONE', #1308 ) ;
#594 = DIRECTION ( 'NONE',  ( 1.000000000000000000, 0.000000000000000000, 0.000000000000000000 ) ) ;
#595 = CARTESIAN_POINT ( 'NONE',  ( 1.300204056936368424, 1.660354465963603365, -8.933934311912254955 ) ) ;
#596 = CARTESIAN_POINT ( 'NONE',  ( 17.64393228249135603, 3.021066639735858317, 7.090358537365961666 ) ) ;
#597 = CARTESIAN_POINT ( 'NONE',  ( 12.48704525266869858, 4.914829386861704563, -13.29441735605814401 ) ) ;
#598 = CARTESIAN_POINT ( 'NONE',  ( 1.018372944186665796, 1.559181564932477615, 6.765929670090810255 ) ) ;
#599 = CARTESIAN_POINT ( 'NONE',  ( 1.248995108548148547, 3.066695554650341382, 10.87408879224690139 ) ) ;
#600 = CARTESIAN_POINT ( 'NONE',  ( 17.15118749382053309, 43.96748952072845640, 4.000000000000000888 ) ) ;
#601 = CARTESIAN_POINT ( 'NONE',  ( 1.018372944187004636, 1.559181564932576869, -9.234070329908917074 ) ) ;
#602 = EDGE_CURVE ( 'NONE', #1570, #1275, #612, .T. ) ;
#603 = CIRCLE ( 'NONE', #2020, 106.3520974540799102 ) ;
#604 = ORIENTED_EDGE ( 'NONE', *, *, #2019, .T. ) ;
#605 = EDGE_CURVE ( 'NONE', #2387, #2595, #2383, .T. ) ;
#606 = DIRECTION ( 'NONE',  ( 0.000000000000000000, 0.000000000000000000, -1.000000000000000000 ) ) ;
#607 = CARTESIAN_POINT ( 'NONE',  ( 0.6623206520893551996, 1.466735609055079381, 6.542586864913080724 ) ) ;
#608 = CIRCLE ( 'NONE', #980, 3.199999999999973532 ) ;
#609 = CARTESIAN_POINT ( 'NONE',  ( 22.75233037772640188, 68.34857231855862381, -2.939152317953647894E-15 ) ) ;
#610 = CARTESIAN_POINT ( 'NONE',  ( 0.9932161078907233431, 3.042615149135271757, -10.99520074280199111 ) ) ;
#611 = CARTESIAN_POINT ( 'NONE',  ( 18.11819215317395404, 0.4152896853481349293, -5.913045842930368501 ) ) ;
#612 = LINE ( 'NONE', #2210, #726 ) ;
#613 = CARTESIAN_POINT ( 'NONE',  ( 11.99836145337636495, 1.148688374057807327, -14.75065632732764875 ) ) ;
#614 = DIRECTION ( 'NONE',  ( 0.9659258262890683122, -0.2588190451025210170, 0.000000000000000000 ) ) ;
#615 = CARTESIAN_POINT ( 'NONE',  ( 0.000000000000000000, 3.000000000000000000, -19.00000000000000000 ) ) ;
#616 = ADVANCED_FACE ( 'NONE', ( #2620 ), #2223, .T. ) ;
#617 = FACE_OUTER_BOUND ( 'NONE', #1218, .T. ) ;
#618 = CARTESIAN_POINT ( 'NONE',  ( 0.9091348506417582520, 1.526703372297590677, -9.316628465491067601 ) ) ;
#619 = ORIENTED_EDGE ( 'NONE', *, *, #2886, .F. ) ;
#620 = DIRECTION ( 'NONE',  ( 1.000000000000000000, 0.000000000000000000, -0.000000000000000000 ) ) ;
#621 = CIRCLE ( 'NONE', #146, 19.00000000000000000 ) ;
#622 = AXIS2_PLACEMENT_3D ( 'NONE', #2215, #2433, #2473 ) ;
#623 = EDGE_LOOP ( 'NONE', ( #2261, #1809, #1286, #702 ) ) ;
#624 = CARTESIAN_POINT ( 'NONE',  ( 14.71896307541603832, 5.103559565029452294, 10.35012325473136485 ) ) ;
#625 = CARTESIAN_POINT ( 'NONE',  ( 2.660280709323343373, 3.311626244501728156, -9.034147129349204164 ) ) ;
#626 = VECTOR ( 'NONE', #1055, 1000.000000000000114 ) ;
#627 = CARTESIAN_POINT ( 'NONE',  ( 12.39930828301270438, 1.096414436911510748, -14.41529085686836709 ) ) ;
#628 = CYLINDRICAL_SURFACE ( 'NONE', #2873, 16.00968956043619684 ) ;
#629 = CARTESIAN_POINT ( 'NONE',  ( 16.63354940361550405, 42.03563786815028891, -3.999999999999999112 ) ) ;
#630 = CARTESIAN_POINT ( 'NONE',  ( 0.3710937739189227869, 3.004532432527103669, 11.17907848237510215 ) ) ;
#631 = ADVANCED_FACE ( 'NONE', ( #925 ), #2708, .T. ) ;
#632 = CARTESIAN_POINT ( 'NONE',  ( -1.378758473167078336, -1.905149365471340284, 4.000000000000000888 ) ) ;
#633 = AXIS2_PLACEMENT_3D ( 'NONE', #507, #491, #1161 ) ;
#634 = CARTESIAN_POINT ( 'NONE',  ( 0.3624215857497826709, 1.419963580838662365, -9.558625158679964429 ) ) ;
#635 = ORIENTED_EDGE ( 'NONE', *, *, #2924, .F. ) ;
#636 = DIRECTION ( 'NONE',  ( -0.000000000000000000, 1.000000000000000000, -0.000000000000000000 ) ) ;
#637 = ORIENTED_EDGE ( 'NONE', *, *, #2454, .F. ) ;
#638 = CARTESIAN_POINT ( 'NONE',  ( 12.17972233376857716, 1.920768862272706601, -14.56075917607963177 ) ) ;
#639 = CARTESIAN_POINT ( 'NONE',  ( 0.9054465864098621974, 3.035325940224440799, -11.03109400083236835 ) ) ;
#640 = CARTESIAN_POINT ( 'NONE',  ( 18.83235633923267116, 3.002683106189449003, 2.905423503950310682 ) ) ;
#641 = ORIENTED_EDGE ( 'NONE', *, *, #240, .T. ) ;
#642 = CARTESIAN_POINT ( 'NONE',  ( 0.8991396560166262653, 1.523918619868041224, 6.676525568146074008 ) ) ;
#643 = CARTESIAN_POINT ( 'NONE',  ( 22.28174379598454991, 51.91024672654392447, 0.000000000000000000 ) ) ;
#644 = DIRECTION ( 'NONE',  ( 0.000000000000000000, 0.000000000000000000, 1.000000000000000000 ) ) ;
#645 = CARTESIAN_POINT ( 'NONE',  ( -1.378758473167077447, -1.905149365471340284, -3.999999999999999112 ) ) ;
#646 = CARTESIAN_POINT ( 'NONE',  ( 0.3389353740936196790, 1.417433682178480980, -9.563914521072282682 ) ) ;
#647 = ORIENTED_EDGE ( 'NONE', *, *, #336, .F. ) ;
#648 = DIRECTION ( 'NONE',  ( 0.000000000000000000, 0.000000000000000000, 1.000000000000000000 ) ) ;
#649 = ORIENTED_EDGE ( 'NONE', *, *, #455, .T. ) ;
#650 = AXIS2_PLACEMENT_3D ( 'NONE', #2265, #495, #1397 ) ;
#651 = EDGE_CURVE ( 'NONE', #897, #2479, #2384, .T. ) ;
#652 = DIRECTION ( 'NONE',  ( -0.2588190451025212391, -0.9659258262890682012, 0.000000000000000000 ) ) ;
#653 = ORIENTED_EDGE ( 'NONE', *, *, #1653, .T. ) ;
#654 = VECTOR ( 'NONE', #1861, 1000.000000000000000 ) ;
#655 = DIRECTION ( 'NONE',  ( 0.9659258262890689783, -0.2588190451025188521, 0.000000000000000000 ) ) ;
#656 = FACE_OUTER_BOUND ( 'NONE', #449, .T. ) ;
#657 = CARTESIAN_POINT ( 'NONE',  ( 0.9940363534395970646, 3.042687676305431577, 10.99481650282572787 ) ) ;
#658 = CARTESIAN_POINT ( 'NONE',  ( -1.307689508199595174, -1.638233519085562806, -3.999999999999999112 ) ) ;
#659 = CARTESIAN_POINT ( 'NONE',  ( 15.03653857340597000, 5.525173111823341365, -9.474274101273405080 ) ) ;
#660 = CARTESIAN_POINT ( 'NONE',  ( 1.597530046475814425, 1.795301495821862270, 8.103491303408908664 ) ) ;
#661 = ADVANCED_FACE ( 'NONE', ( #1381 ), #2504, .T. ) ;
#662 = VERTEX_POINT ( 'NONE', #2456 ) ;
#663 = ADVANCED_FACE ( 'NONE', ( #2926 ), #900, .F. ) ;
#664 = CARTESIAN_POINT ( 'NONE',  ( 2.416626265426812026, 1.726421592029632635, 4.000000000000000888 ) ) ;
#665 = ORIENTED_EDGE ( 'NONE', *, *, #1096, .T. ) ;
#666 = DIRECTION ( 'NONE',  ( 0.000000000000000000, 0.000000000000000000, 1.000000000000000000 ) ) ;
#667 = CARTESIAN_POINT ( 'NONE',  ( 11.24238998505311038, 1.249958556008494703, 15.31694053732579874 ) ) ;
#668 = EDGE_LOOP ( 'NONE', ( #421, #2498 ) ) ;
#669 = DIRECTION ( 'NONE',  ( -1.000000000000000000, 8.042140658021965389E-17, 0.000000000000000000 ) ) ;
#670 = CYLINDRICAL_SURFACE ( 'NONE', #1581, 19.00000000000000355 ) ;
#671 = DIRECTION ( 'NONE',  ( -0.2588190451025211836, -0.9659258262890680902, 0.000000000000000000 ) ) ;
#672 = CARTESIAN_POINT ( 'NONE',  ( 16.06285505425228877, 7.538826779471930806, 3.570345266524348027 ) ) ;
#673 = CARTESIAN_POINT ( 'NONE',  ( 0.8459134890813920782, 1.509330814378804675, 6.640902888485590516 ) ) ;
#674 = EDGE_LOOP ( 'NONE', ( #1488, #1032, #298, #2067 ) ) ;
#675 = VECTOR ( 'NONE', #2435, 1000.000000000000114 ) ;
#676 = CARTESIAN_POINT ( 'NONE',  ( -1.499987399600578364, -2.744416676836931579, 4.000000000000000888 ) ) ;
#677 = ORIENTED_EDGE ( 'NONE', *, *, #651, .T. ) ;
#678 = CONICAL_SURFACE ( 'NONE', #1582, 2.600000000000012079, 0.7853981633974463916 ) ;
#679 = ADVANCED_FACE ( 'NONE', ( #2014 ), #1600, .T. ) ;
#680 = DIRECTION ( 'NONE',  ( 3.626631204076344464E-16, -1.000000000000000000, 0.000000000000000000 ) ) ;
#681 = CARTESIAN_POINT ( 'NONE',  ( 11.58274357615976591, 3.093470999753163753, 15.06712643151858089 ) ) ;
#682 = ORIENTED_EDGE ( 'NONE', *, *, #1877, .T. ) ;
#683 = DIRECTION ( 'NONE',  ( -0.2588190451025211836, -0.9659258262890680902, 0.000000000000000000 ) ) ;
#684 = CARTESIAN_POINT ( 'NONE',  ( 0.8494817529945619672, 1.510524533188582597, 9.355996743835428120 ) ) ;
#685 = CARTESIAN_POINT ( 'NONE',  ( 15.61148976837194802, 6.571487453986653904, 7.032902837645846894 ) ) ;
#686 = FACE_OUTER_BOUND ( 'NONE', #1589, .T. ) ;
#687 = ORIENTED_EDGE ( 'NONE', *, *, #347, .T. ) ;
#688 = PLANE ( 'NONE',  #1148 ) ;
#689 = ORIENTED_EDGE ( 'NONE', *, *, #2659, .T. ) ;
#690 = CARTESIAN_POINT ( 'NONE',  ( 3.851859888774471706E-31, -3.000000000000000888, -8.000000000000000000 ) ) ;
#691 = DIRECTION ( 'NONE',  ( -0.9659258262890682012, 0.2588190451025212391, -0.000000000000000000 ) ) ;
#692 = VERTEX_POINT ( 'NONE', #1005 ) ;
#693 = CARTESIAN_POINT ( 'NONE',  ( 0.2113023192730039412, 1.406708576602926586, -6.413793178003365014 ) ) ;
#694 = CIRCLE ( 'NONE', #1453, 107.8520974540799386 ) ;
#695 = CARTESIAN_POINT ( 'NONE',  ( 1.119080607152556972, 1.592442233000247453, 9.143673908832157693 ) ) ;
#696 = LINE ( 'NONE', #1503, #1504 ) ;
#697 = DIRECTION ( 'NONE',  ( 0.000000000000000000, 0.000000000000000000, 1.000000000000000000 ) ) ;
#698 = CARTESIAN_POINT ( 'NONE',  ( 2.454998702271097066, 3.264849561745323925, 6.443218361935548977 ) ) ;
#699 = EDGE_LOOP ( 'NONE', ( #1606, #2715, #2742, #2680, #2610, #1774, #2226, #2235 ) ) ;
#700 = FACE_BOUND ( 'NONE', #1442, .T. ) ;
#701 = CARTESIAN_POINT ( 'NONE',  ( 0.1048341394116951014, 1.401264652230184149, -6.402562127698125494 ) ) ;
#702 = ORIENTED_EDGE ( 'NONE', *, *, #894, .F. ) ;
#703 = ORIENTED_EDGE ( 'NONE', *, *, #506, .T. ) ;
#704 = CARTESIAN_POINT ( 'NONE',  ( 1.498294704431349489, 1.747005444291475529, -7.436207370828713970 ) ) ;
#705 = CARTESIAN_POINT ( 'NONE',  ( 20.98021562191928879, 40.87095216520012997, -19.00000000000000000 ) ) ;
#706 = AXIS2_PLACEMENT_3D ( 'NONE', #809, #1717, #1131 ) ;
#707 = CARTESIAN_POINT ( 'NONE',  ( 1.076652134971949781, 1.578048594194801035, 9.183634289853069177 ) ) ;
#708 = CARTESIAN_POINT ( 'NONE',  ( 15.66327063673378639, 5.189031057585530071, 8.676584804492998515 ) ) ;
#709 = CARTESIAN_POINT ( 'NONE',  ( 2.498755278873366681, 3.274491692044142255, 9.463688660674201003 ) ) ;
#710 = ADVANCED_FACE ( 'NONE', ( #1418 ), #1165, .F. ) ;
#711 = ORIENTED_EDGE ( 'NONE', *, *, #1098, .T. ) ;
#712 = CARTESIAN_POINT ( 'NONE',  ( 20.04896497269033162, 43.19103238543057444, 4.000000000000000888 ) ) ;
#713 = CARTESIAN_POINT ( 'NONE',  ( 0.5642391792014881391, 1.448644281790741450, -6.502730597971702053 ) ) ;
#714 = VERTEX_POINT ( 'NONE', #733 ) ;
#715 = DIRECTION ( 'NONE',  ( 0.000000000000000000, 0.000000000000000000, 1.000000000000000000 ) ) ;
#716 = CIRCLE ( 'NONE', #1530, 11.50968956044622082 ) ;
#717 = DIRECTION ( 'NONE',  ( 0.000000000000000000, 0.000000000000000000, 1.000000000000000000 ) ) ;
#718 = AXIS2_PLACEMENT_3D ( 'NONE', #1310, #182, #2308 ) ;
#719 = LINE ( 'NONE', #86, #110 ) ;
#720 = CARTESIAN_POINT ( 'NONE',  ( 1.386047574317126996, 1.696337393611284439, -7.199004220663706377 ) ) ;
#721 = FACE_OUTER_BOUND ( 'NONE', #1113, .T. ) ;
#722 = ADVANCED_FACE ( 'NONE', ( #953 ), #2218, .T. ) ;
#723 = CARTESIAN_POINT ( 'NONE',  ( 13.00968956043620040, 14.50968956043968383, 4.000000000000000888 ) ) ;
#724 = CARTESIAN_POINT ( 'NONE',  ( 15.23627859099288351, 5.156632639041498045, -9.464128167346984810 ) ) ;
#725 = CARTESIAN_POINT ( 'NONE',  ( 16.63354940361550405, 42.03563786815028891, 4.000000000000000888 ) ) ;
#726 = VECTOR ( 'NONE', #1712, 1000.000000000000000 ) ;
#727 = ORIENTED_EDGE ( 'NONE', *, *, #873, .T. ) ;
#728 = DIRECTION ( 'NONE',  ( -0.2588190451025113026, -0.9659258262890707547, 0.000000000000000000 ) ) ;
#729 = CARTESIAN_POINT ( 'NONE',  ( 0.2627578866071247909, 1.410432846947597296, -6.421498730307733105 ) ) ;
#730 = EDGE_LOOP ( 'NONE', ( #1855, #711 ) ) ;
#731 = CARTESIAN_POINT ( 'NONE',  ( 18.95724250914812359, 0.3250447700804437456, -1.472457579164555552 ) ) ;
#732 = CARTESIAN_POINT ( 'NONE',  ( 0.3710937738945906950, 3.004532432525932606, -4.820921517624889852 ) ) ;
#733 = CARTESIAN_POINT ( 'NONE',  ( 23.42525989499296202, 70.85997946691020388, -2.939152317953647894E-15 ) ) ;
#734 = EDGE_CURVE ( 'NONE', #282, #856, #2297, .T. ) ;
#735 = EDGE_LOOP ( 'NONE', ( #2580, #1017, #2079, #2126 ) ) ;
#736 = ADVANCED_FACE ( 'NONE', ( #686 ), #488, .T. ) ;
#737 = CARTESIAN_POINT ( 'NONE',  ( 0.6625925818190872008, 1.467062796323498564, -6.543408673465034298 ) ) ;
#738 = AXIS2_PLACEMENT_3D ( 'NONE', #1468, #1014, #2370 ) ;
#739 = CARTESIAN_POINT ( 'NONE',  ( 5.829822968381481729, -2.009159480092398642, 18.09080418236140630 ) ) ;
#740 = CARTESIAN_POINT ( 'NONE',  ( 1.255807997418490807, 1.642788391734649522, 8.991859799196486591 ) ) ;
#741 = CARTESIAN_POINT ( 'NONE',  ( 17.65922950355477283, 5.320447628891207259, 1.816473168666376203 ) ) ;
#742 = CARTESIAN_POINT ( 'NONE',  ( -8.000000000000000000, -3.000000000000000888, 9.797174393178823685E-16 ) ) ;
#743 = VECTOR ( 'NONE', #776, 1000.000000000000114 ) ;
#744 = VERTEX_POINT ( 'NONE', #310 ) ;
#745 = CARTESIAN_POINT ( 'NONE',  ( 22.61362966948436437, 60.10352761804101362, 0.000000000000000000 ) ) ;
#746 = AXIS2_PLACEMENT_3D ( 'NONE', #555, #1735, #606 ) ;
#747 = CARTESIAN_POINT ( 'NONE',  ( 1.178938264096190291, 1.613719330377269445, -6.917968843372245047 ) ) ;
#748 = ORIENTED_EDGE ( 'NONE', *, *, #136, .T. ) ;
#749 = EDGE_CURVE ( 'NONE', #2264, #2082, #1915, .T. ) ;
#750 = CARTESIAN_POINT ( 'NONE',  ( 15.70137177308244070, 0.6889978750833235521, 10.70518018237795488 ) ) ;
#751 = CARTESIAN_POINT ( 'NONE',  ( 0.9940363534207380392, 3.042687676303654332, -5.005183497167187134 ) ) ;
#752 = CARTESIAN_POINT ( 'NONE',  ( 1.056291746747674232, 1.571082376938452985, 9.202891415544186771 ) ) ;
#753 = CARTESIAN_POINT ( 'NONE',  ( 1.500001850638395862, -2.882972093750761022, -3.999999999999999112 ) ) ;
#754 = CARTESIAN_POINT ( 'NONE',  ( 0.9745253185280816632, 1.545624548275952304, -9.269248207932955452 ) ) ;
#755 = DIRECTION ( 'NONE',  ( 0.000000000000000000, 1.000000000000000000, 0.000000000000000000 ) ) ;
#756 = CARTESIAN_POINT ( 'NONE',  ( 1.497515790003159264, 1.746696102693508390, 7.436412515477513807 ) ) ;
#757 = DIRECTION ( 'NONE',  ( 0.000000000000000000, 0.000000000000000000, 1.000000000000000000 ) ) ;
#758 = DIRECTION ( 'NONE',  ( -0.000000000000000000, 0.000000000000000000, -1.000000000000000000 ) ) ;
#759 = FILL_AREA_STYLE ('',( #1699 ) ) ;
#760 = ORIENTED_EDGE ( 'NONE', *, *, #1351, .T. ) ;
#761 = CARTESIAN_POINT ( 'NONE',  ( 16.60771291081439216, 41.93903311750258922, 8.892544994630586518E-22 ) ) ;
#762 = AXIS2_PLACEMENT_3D ( 'NONE', #1449, #2569, #1895 ) ;
#763 = CARTESIAN_POINT ( 'NONE',  ( 1.157679168182716323, 1.605976774516920225, -6.894963980793122005 ) ) ;
#764 = ORIENTED_EDGE ( 'NONE', *, *, #875, .T. ) ;
#765 = CARTESIAN_POINT ( 'NONE',  ( 1.959434878635769667E-16, -3.000000000000000888, -9.600000000000001421 ) ) ;
#766 = FACE_OUTER_BOUND ( 'NONE', #837, .T. ) ;
#767 = DIRECTION ( 'NONE',  ( -0.2588190451025212946, -0.9659258262890682012, 0.000000000000000000 ) ) ;
#768 = EDGE_CURVE ( 'NONE', #1545, #509, #1250, .T. ) ;
#769 = CARTESIAN_POINT ( 'NONE',  ( 22.61362966948436437, 60.10352761804101362, 0.000000000000000000 ) ) ;
#770 = VECTOR ( 'NONE', #280, 1000.000000000000000 ) ;
#771 = CARTESIAN_POINT ( 'NONE',  ( 0.4149264011063819590, 1.425903728723971753, -9.546153987963904797 ) ) ;
#772 = DIRECTION ( 'NONE',  ( -0.000000000000000000, 0.000000000000000000, -1.000000000000000000 ) ) ;
#773 = CARTESIAN_POINT ( 'NONE',  ( 1.251909924557027765, 1.641316673147457994, 7.003601509719311835 ) ) ;
#774 = CARTESIAN_POINT ( 'NONE',  ( 27.96832983968737096, 66.95094947500500382, -2.939152317953647894E-15 ) ) ;
#775 = ORIENTED_EDGE ( 'NONE', *, *, #904, .T. ) ;
#776 = DIRECTION ( 'NONE',  ( 0.2588190451025211836, 0.9659258262890680902, 0.000000000000000000 ) ) ;
#777 = CARTESIAN_POINT ( 'NONE',  ( 1.546821445412148943, 1.770194451206786646, -8.412428067099375184 ) ) ;
#778 = EDGE_CURVE ( 'NONE', #1275, #1079, #621, .T. ) ;
#779 = ORIENTED_EDGE ( 'NONE', *, *, #2776, .T. ) ;
#780 = CARTESIAN_POINT ( 'NONE',  ( 23.49361442283294465, 63.38767542742387917, -2.375814790345867160E-15 ) ) ;
#781 = LINE ( 'NONE', #1691, #129 ) ;
#782 = ORIENTED_EDGE ( 'NONE', *, *, #1385, .T. ) ;
#783 = CARTESIAN_POINT ( 'NONE',  ( 19.53132688248530613, 41.25918073285242116, 4.000000000000000888 ) ) ;
#784 = CARTESIAN_POINT ( 'NONE',  ( 0.9095477179219821906, 3.034740027164042342, -4.965180450414624858 ) ) ;
#785 = CARTESIAN_POINT ( 'NONE',  ( 16.35727403342710673, 3.039910026412312227, -9.678145426250431171 ) ) ;
#786 = EDGE_CURVE ( 'NONE', #1997, #2584, #2036, .T. ) ;
#787 = CARTESIAN_POINT ( 'NONE',  ( 1.212720602652216373, 1.626259155126733136, 6.955977498402067027 ) ) ;
#788 = CARTESIAN_POINT ( 'NONE',  ( 0.000000000000000000, -3.000000000000000444, -19.00000000000000000 ) ) ;
#789 = DIRECTION ( 'NONE',  ( 0.000000000000000000, 1.000000000000000000, -0.000000000000000000 ) ) ;
#790 = ADVANCED_FACE ( 'NONE', ( #1263 ), #2575, .F. ) ;
#791 = ORIENTED_EDGE ( 'NONE', *, *, #1610, .T. ) ;
#792 = CIRCLE ( 'NONE', #650, 4.599999999999975664 ) ;
#793 = DIRECTION ( 'NONE',  ( -0.9659258262890682012, 0.2588190451025212391, -0.000000000000000000 ) ) ;
#794 = CARTESIAN_POINT ( 'NONE',  ( 1.401767913180252734, 1.703220833647435928, -8.771835200883819184 ) ) ;
#795 = ORIENTED_EDGE ( 'NONE', *, *, #1280, .F. ) ;
#796 = CIRCLE ( 'NONE', #1791, 4.599999999999924150 ) ;
#797 = DIRECTION ( 'NONE',  ( 0.000000000000000000, 1.000000000000000000, -0.000000000000000000 ) ) ;
#798 = CARTESIAN_POINT ( 'NONE',  ( 2.599313451843264122, -1.292179138524125914, -3.999999999999999112 ) ) ;
#799 = CARTESIAN_POINT ( 'NONE',  ( 1.410376041902405397, 3.086445531744554938, 10.76955450557373339 ) ) ;
#800 = EDGE_LOOP ( 'NONE', ( #727, #2819, #1601, #748 ) ) ;
#801 = DIRECTION ( 'NONE',  ( 0.000000000000000000, 0.000000000000000000, 1.000000000000000000 ) ) ;
#802 = CARTESIAN_POINT ( 'NONE',  ( 1.854748738981689682, 3.150202263657719381, -5.594217168913370841 ) ) ;
#803 = CARTESIAN_POINT ( 'NONE',  ( 16.72474459977574313, 3.034684601536748350, 9.049032790730437981 ) ) ;
#804 = DIRECTION ( 'NONE',  ( 0.000000000000000000, 0.000000000000000000, 1.000000000000000000 ) ) ;
#805 = CARTESIAN_POINT ( 'NONE',  ( 1.559166549170558858, 1.776256910933712962, 7.637368892360359318 ) ) ;
#806 = CARTESIAN_POINT ( 'NONE',  ( 119.3617870145261435, 14.50968956044623681, -3.999999999999999112 ) ) ;
#807 = PRODUCT_CONTEXT ( 'NONE', #959, 'mechanical' ) ;
#808 = EDGE_LOOP ( 'NONE', ( #2678, #2627, #665, #1821 ) ) ;
#809 = CARTESIAN_POINT ( 'NONE',  ( -6.350118653360408002E-15, 14.50968956044622082, -3.999999999999999112 ) ) ;
#810 = CARTESIAN_POINT ( 'NONE',  ( 1.586472974396940350, 1.789753503840748161, -8.209282179801224544 ) ) ;
#811 = EDGE_LOOP ( 'NONE', ( #1225, #2676, #2015, #1271 ) ) ;
#812 = CYLINDRICAL_SURFACE ( 'NONE', #839, 103.3520974540799244 ) ;
#813 = CARTESIAN_POINT ( 'NONE',  ( 1.558939851399392618, 1.776142104723924087, 8.363937232812826750 ) ) ;
#814 = VERTEX_POINT ( 'NONE', #565 ) ;
#815 = LINE ( 'NONE', #352, #1899 ) ;
#816 = CARTESIAN_POINT ( 'NONE',  ( 2.805112175027182353, 3.347056082351107076, -7.793017393173983898 ) ) ;
#817 = CARTESIAN_POINT ( 'NONE',  ( 18.95606910582933580, 0.3251688274408192081, -1.494525818604064415 ) ) ;
#818 = CARTESIAN_POINT ( 'NONE',  ( 119.3617870145261435, 14.50968956044623681, 4.000000000000000888 ) ) ;
#819 = CARTESIAN_POINT ( 'NONE',  ( 1.306834456165929081, 1.663167385535018417, 8.923279308045913183 ) ) ;
#820 = CARTESIAN_POINT ( 'NONE',  ( 2.231822576727419793, 3.217971208809291550, 6.045026310998486530 ) ) ;
#821 = VECTOR ( 'NONE', #858, 1000.000000000000227 ) ;
#822 = VECTOR ( 'NONE', #1528, 1000.000000000000000 ) ;
#823 = DIRECTION ( 'NONE',  ( 0.9659258262890683122, -0.2588190451025210170, 0.000000000000000000 ) ) ;
#824 = CARTESIAN_POINT ( 'NONE',  ( 1.019224289554246932, 1.559450333495191243, -9.233364433900932866 ) ) ;
#825 = ORIENTED_EDGE ( 'NONE', *, *, #558, .F. ) ;
#826 = CARTESIAN_POINT ( 'NONE',  ( 18.21370590273945922, 43.68278857111921809, -3.999999999999999112 ) ) ;
#827 = CARTESIAN_POINT ( 'NONE',  ( 1.056117197609795610, 1.571021399181670164, 6.796937448844540874 ) ) ;
#828 = CARTESIAN_POINT ( 'NONE',  ( 16.63354940361550405, 42.03563786815028891, 4.000000000000000888 ) ) ;
#829 = EDGE_CURVE ( 'NONE', #1570, #2317, #2548, .T. ) ;
#830 = CARTESIAN_POINT ( 'NONE',  ( 12.71375778764595488, 3.084096600896358176, -14.14429787809503303 ) ) ;
#831 = CARTESIAN_POINT ( 'NONE',  ( 15.15882353979744757, 42.32726185438862387, -8.893302301099598689E-22 ) ) ;
#832 = DIRECTION ( 'NONE',  ( 0.9659258262890682012, -0.2588190451025210170, -0.000000000000000000 ) ) ;
#833 = MANIFOLD_SOLID_BREP ( 'Fillet2', #866 ) ;
#834 = DIRECTION ( 'NONE',  ( -0.9659258262890682012, 0.2588190451025212391, -0.000000000000000000 ) ) ;
#835 = CARTESIAN_POINT ( 'NONE',  ( 1.356659211990698610, 1.683837151169134350, -8.848424248428022665 ) ) ;
#836 = VECTOR ( 'NONE', #1076, 1000.000000000000114 ) ;
#837 = EDGE_LOOP ( 'NONE', ( #314, #2758, #1845 ) ) ;
#838 = PLANE ( 'NONE',  #1009 ) ;
#839 = AXIS2_PLACEMENT_3D ( 'NONE', #2408, #1461, #2613 ) ;
#840 = ORIENTED_EDGE ( 'NONE', *, *, #1319, .T. ) ;
#841 = DIRECTION ( 'NONE',  ( -0.000000000000000000, 0.000000000000000000, 1.000000000000000000 ) ) ;
#842 = B_SPLINE_SURFACE_WITH_KNOTS ( 'NONE', 1, 3, ( 
 ( #2, #1299, #1089, #1564, #876, #2202, #632, #1327, #2879, #1579, #168, #1077, #2231, #1979 ),
 ( #2005, #1312, #847, #1757, #1117, #658, #645, #1536, #1994, #2461, #2917, #1784, #184, #2893 ) ),
 .UNSPECIFIED., .F., .F., .F.,
 ( 2, 2 ),
 ( 4, 2, 2, 2, 2, 2, 4 ),
 ( 0.000000000000000000, 1.000000000000000000 ),
 ( 0.9055017804688848537, 0.9437384412167819647, 0.9628567715907305757, 0.9724159367777047702, 0.9819751019646790757, 0.9909875509823395934, 1.000000000000000000 ),
 .UNSPECIFIED. ) ;
#843 = CARTESIAN_POINT ( 'NONE',  ( 17.25717980564970588, 0.5104812995604721682, 7.983604579381105459 ) ) ;
#844 = CARTESIAN_POINT ( 'NONE',  ( 13.38725421898443102, 5.001355013969269514, -12.24778995445975660 ) ) ;
#845 = CARTESIAN_POINT ( 'NONE',  ( 26.42284851762487108, 67.36505994716902990, -2.939152317953647894E-15 ) ) ;
#846 = DIRECTION ( 'NONE',  ( -0.000000000000000000, 1.000000000000000000, -0.000000000000000000 ) ) ;
#847 = CARTESIAN_POINT ( 'NONE',  ( 0.3518315502789577387, 0.9631322454956575685, -3.999999999999999112 ) ) ;
#848 = CARTESIAN_POINT ( 'NONE',  ( 0.7948900705497857766, 1.496452996440120309, -9.389556578017547395 ) ) ;
#849 = EDGE_LOOP ( 'NONE', ( #1523, #2791, #170, #1068 ) ) ;
#850 = CARTESIAN_POINT ( 'NONE',  ( 17.69606781253645877, 41.75093691854871025, -19.00000000000000000 ) ) ;
#851 = AXIS2_PLACEMENT_3D ( 'NONE', #1745, #213, #2685 ) ;
#852 = ORIENTED_EDGE ( 'NONE', *, *, #2789, .T. ) ;
#853 = LINE ( 'NONE', #1763, #293 ) ;
#854 = CARTESIAN_POINT ( 'NONE',  ( 1.406920151050362167, 3.086025157212949122, -10.77179122883312168 ) ) ;
#855 = CARTESIAN_POINT ( 'NONE',  ( 15.15502154296181203, 3.056320104062907994, 11.48832548405158072 ) ) ;
#856 = VERTEX_POINT ( 'NONE', #1951 ) ;
#857 = DIRECTION ( 'NONE',  ( -0.9659258262890682012, 0.2588190451025211836, -0.000000000000000000 ) ) ;
#858 = DIRECTION ( 'NONE',  ( 0.1857558748233932577, -0.9825959265988210012, 0.000000000000000000 ) ) ;
#859 = DIRECTION ( 'NONE',  ( -0.000000000000000000, -0.000000000000000000, -1.000000000000000000 ) ) ;
#860 = DIRECTION ( 'NONE',  ( 0.2588190451025211281, 0.9659258262890682012, 0.000000000000000000 ) ) ;
#861 = CARTESIAN_POINT ( 'NONE',  ( 1.959434878635768928E-16, 1.399999999999972156, -9.600000000000001421 ) ) ;
#862 = ORIENTED_EDGE ( 'NONE', *, *, #829, .F. ) ;
#863 = ADVANCED_FACE ( 'NONE', ( #2560 ), #2386, .F. ) ;
#864 = EDGE_CURVE ( 'NONE', #1331, #1091, #1138, .T. ) ;
#865 = CARTESIAN_POINT ( 'NONE',  ( 48.52647370289763273, 63.09885331763109662, -2.743208830090069449E-15 ) ) ;
#866 = CLOSED_SHELL ( 'NONE', ( #1253, #2097, #1837, #407, #567, #2572, #70, #1771, #1747, #46, #710, #1621, #878, #1535, #1239, #1269, #661, #2347, #2842, #2867, #1952, #2477, #1494, #631, #2554, #516, #1264, #679, #463, #439, #2480, #2891, #2238, #663, #964, #1306, #863, #1431, #1938, #1525, #1485, #1067, #1963, #2839, #1496, #2711, #2176, #2192, #379, #1988, #790, #2449, #2671, #192, #1567, #960, #1459, #2300, #1716, #2852, #736, #2630, #2152, #256, #722, #1029, #2236, #1298, #156, #616 ) ) ;
#867 = ORIENTED_EDGE ( 'NONE', *, *, #2701, .F. ) ;
#868 = CARTESIAN_POINT ( 'NONE',  ( 0.6393805692562132270, 3.017419827750906336, -11.11778077052146685 ) ) ;
#869 = AXIS2_PLACEMENT_3D ( 'NONE', #1293, #1243, #2167 ) ;
#870 = ORIENTED_EDGE ( 'NONE', *, *, #136, .F. ) ;
#871 = CARTESIAN_POINT ( 'NONE',  ( 0.4374155218556912694, 1.429140471820654179, 6.460728172948105197 ) ) ;
#872 = CARTESIAN_POINT ( 'NONE',  ( 9.910776725854804070, 0.04022722970340079918, -16.23958057244454167 ) ) ;
#873 = EDGE_CURVE ( 'NONE', #1492, #1256, #2794, .T. ) ;
#874 = CARTESIAN_POINT ( 'NONE',  ( 1.417288373525934952, 3.082515001712412328, 5.205576916276963395 ) ) ;
#875 = EDGE_CURVE ( 'NONE', #2289, #571, #235, .T. ) ;
#876 = CARTESIAN_POINT ( 'NONE',  ( -1.027725073217150786, -0.8571423611605214488, 4.000000000000000888 ) ) ;
#877 = LINE ( 'NONE', #1337, #2749 ) ;
#878 = ADVANCED_FACE ( 'NONE', ( #297 ), #1204, .T. ) ;
#879 = CARTESIAN_POINT ( 'NONE',  ( 1.545056720419254903, 1.769385954172826292, 7.583470117417506096 ) ) ;
#880 = EDGE_LOOP ( 'NONE', ( #2528, #2037, #2545, #81 ) ) ;
#881 = CARTESIAN_POINT ( 'NONE',  ( 1.350401836768542640, 1.524856079550748866, 4.000000000000000888 ) ) ;
#882 = VECTOR ( 'NONE', #2244, 1000.000000000000000 ) ;
#883 = ORIENTED_EDGE ( 'NONE', *, *, #1658, .T. ) ;
#884 = AXIS2_PLACEMENT_3D ( 'NONE', #745, #2299, #474 ) ;
#885 = CARTESIAN_POINT ( 'NONE',  ( 1.922196784744202525, 3.161456198467282430, -10.33608459450217865 ) ) ;
#886 = VECTOR ( 'NONE', #64, 1000.000000000000114 ) ;
#887 = ORIENTED_EDGE ( 'NONE', *, *, #30, .F. ) ;
#888 = CIRCLE ( 'NONE', #746, 1.600000000000000089 ) ;
#889 = LINE ( 'NONE', #195, #929 ) ;
#890 = DIRECTION ( 'NONE',  ( -0.2588190451025211836, -0.9659258262890682012, 0.000000000000000000 ) ) ;
#891 = DIRECTION ( 'NONE',  ( 0.9659258262890709767, -0.2588190451025113581, 1.084202172485504557E-16 ) ) ;
#892 = CARTESIAN_POINT ( 'NONE',  ( 0.8419233359622405599, 1.508237340771735102, -9.361768011801702372 ) ) ;
#893 = CARTESIAN_POINT ( 'NONE',  ( 0.2616306603065277625, 1.410044995051652039, 6.420670868775500750 ) ) ;
#894 = EDGE_CURVE ( 'NONE', #1708, #1573, #975, .T. ) ;
#895 = ORIENTED_EDGE ( 'NONE', *, *, #1825, .F. ) ;
#896 = DIRECTION ( 'NONE',  ( -0.000000000000000000, -0.000000000000000000, -1.000000000000000000 ) ) ;
#897 = VERTEX_POINT ( 'NONE', #1548 ) ;
#898 = AXIS2_PLACEMENT_3D ( 'NONE', #2137, #1217, #1887 ) ;
#899 = CARTESIAN_POINT ( 'NONE',  ( 2.791112775933058288, 3.343489242546558327, -8.421090665873805392 ) ) ;
#900 = CYLINDRICAL_SURFACE ( 'NONE', #1776, 1.599999999999993872 ) ;
#901 = ORIENTED_EDGE ( 'NONE', *, *, #2323, .F. ) ;
#902 = VECTOR ( 'NONE', #1646, 1000.000000000000114 ) ;
#903 = CARTESIAN_POINT ( 'NONE',  ( 1.094886564276552843, 1.583959296176658427, -6.832111326032278775 ) ) ;
#904 = EDGE_CURVE ( 'NONE', #593, #1659, #2445, .T. ) ;
#905 = CARTESIAN_POINT ( 'NONE',  ( 20.98021562191928879, 40.87095216520013707, -19.00000000000000000 ) ) ;
#906 = CARTESIAN_POINT ( 'NONE',  ( 15.70229875438992551, 44.35571808839340946, -3.999999999999999112 ) ) ;
#907 = EDGE_CURVE ( 'NONE', #2607, #2709, #2641, .T. ) ;
#908 = CARTESIAN_POINT ( 'NONE',  ( 2.283035763977678378, 3.228578950332958275, 6.132131376175888882 ) ) ;
#909 = ORIENTED_EDGE ( 'NONE', *, *, #2497, .F. ) ;
#910 = AXIS2_PLACEMENT_3D ( 'NONE', #2515, #284, #524 ) ;
#911 = CARTESIAN_POINT ( 'NONE',  ( 119.3617870145261435, 14.50968956044623681, -19.00000000000000000 ) ) ;
#912 = ORIENTED_EDGE ( 'NONE', *, *, #224, .T. ) ;
#913 = CIRCLE ( 'NONE', #2050, 19.09999999999999787 ) ;
#914 = CARTESIAN_POINT ( 'NONE',  ( 22.69585426814857598, 53.45572804860642435, 0.000000000000000000 ) ) ;
#915 = ORIENTED_EDGE ( 'NONE', *, *, #2606, .T. ) ;
#916 = CARTESIAN_POINT ( 'NONE',  ( 0.2636213104483736691, 1.410502090727840940, -6.421645628729504729 ) ) ;
#917 = CARTESIAN_POINT ( 'NONE',  ( 0.8792164613880713020, 1.518461810476635421, 9.336797987074396232 ) ) ;
#918 = CARTESIAN_POINT ( 'NONE',  ( 15.16736065432802860, 42.35930192005805850, 1.301281419729492406 ) ) ;
#919 = CARTESIAN_POINT ( 'NONE',  ( 1.854442247147298550, 3.150148728060960135, 5.593874897689389947 ) ) ;
#920 = ORIENTED_EDGE ( 'NONE', *, *, #2521, .F. ) ;
#921 = CARTESIAN_POINT ( 'NONE',  ( 14.77948587179835904, 5.120545517003722402, 10.24104081556607149 ) ) ;
#922 = DIRECTION ( 'NONE',  ( -1.000000000000000000, 8.515894710754033591E-17, 0.000000000000000000 ) ) ;
#923 = ORIENTED_EDGE ( 'NONE', *, *, #532, .T. ) ;
#924 = CARTESIAN_POINT ( 'NONE',  ( 0.000000000000000000, 3.000000000000000000, -11.20000000000001172 ) ) ;
#925 = FACE_OUTER_BOUND ( 'NONE', #1539, .T. ) ;
#926 = ORIENTED_EDGE ( 'NONE', *, *, #1588, .T. ) ;
#927 = CARTESIAN_POINT ( 'NONE',  ( 1.558939851399392840, 1.776142104723921200, -7.636062767187175915 ) ) ;
#928 = EDGE_CURVE ( 'NONE', #2927, #1341, #167, .T. ) ;
#929 = VECTOR ( 'NONE', #181, 1000.000000000000000 ) ;
#930 = LINE ( 'NONE', #2295, #1272 ) ;
#931 = DIRECTION ( 'NONE',  ( 0.9659258262890677571, -0.2588190451025232930, 0.000000000000000000 ) ) ;
#932 = CARTESIAN_POINT ( 'NONE',  ( 2.519874698731744189, 3.279144402466948272, 6.581200071683880992 ) ) ;
#933 = EDGE_LOOP ( 'NONE', ( #466, #825, #2450, #2487 ) ) ;
#934 = DIRECTION ( 'NONE',  ( -0.9659258262890680902, 0.2588190451025211836, -0.000000000000000000 ) ) ;
#935 = CARTESIAN_POINT ( 'NONE',  ( 16.61624939376064347, 41.97107335240058035, -1.301281419654274574 ) ) ;
#936 = ORIENTED_EDGE ( 'NONE', *, *, #30, .T. ) ;
#937 = CARTESIAN_POINT ( 'NONE',  ( 15.05357098053671017, 0.7657866743443962898, 11.59851924610457807 ) ) ;
#938 = CARTESIAN_POINT ( 'NONE',  ( 16.63354940361547207, 42.03563786815028891, -1.951922129481411750 ) ) ;
#939 = CARTESIAN_POINT ( 'NONE',  ( 0.9760163831616213148, 1.545888822189042333, 9.268894106119164533 ) ) ;
#940 = DIRECTION ( 'NONE',  ( 1.000000000000000000, 1.836970198721030181E-16, -0.000000000000000000 ) ) ;
#941 = CARTESIAN_POINT ( 'NONE',  ( 1.545056720419255125, 1.769385954172824960, -8.416529882582491240 ) ) ;
#942 = CARTESIAN_POINT ( 'NONE',  ( 4.299682369568684770, -2.472341327783240228, 18.51476826100356732 ) ) ;
#943 = CARTESIAN_POINT ( 'NONE',  ( 0.8673139378533530897, 1.515264104251814015, 9.344550845980633014 ) ) ;
#944 = CARTESIAN_POINT ( 'NONE',  ( 17.41402382197526322, 5.306616311527210250, 3.587488792492385947 ) ) ;
#945 = CARTESIAN_POINT ( 'NONE',  ( 2.629239836937080632, 3.304273456718496149, 6.867578671497623688 ) ) ;
#946 = EDGE_LOOP ( 'NONE', ( #1394, #2838 ) ) ;
#947 = CARTESIAN_POINT ( 'NONE',  ( 13.00968956043620040, 14.50968956043968383, 4.000000000000000888 ) ) ;
#948 = CARTESIAN_POINT ( 'NONE',  ( 16.63354940361547207, 42.03563786815028891, -1.951922129481411750 ) ) ;
#949 = ORIENTED_EDGE ( 'NONE', *, *, #493, .T. ) ;
#950 = EDGE_CURVE ( 'NONE', #1341, #477, #545, .T. ) ;
#951 = CYLINDRICAL_SURFACE ( 'NONE', #135, 1.600000000000015632 ) ;
#952 = CARTESIAN_POINT ( 'NONE',  ( 0.9084973691744571145, 3.034646900570998618, -11.03530871785068967 ) ) ;
#953 = FACE_OUTER_BOUND ( 'NONE', #1750, .T. ) ;
#954 = CIRCLE ( 'NONE', #341, 1.599999999999993872 ) ;
#955 = AXIS2_PLACEMENT_3D ( 'NONE', #1386, #755, #2785 ) ;
#956 = DIRECTION ( 'NONE',  ( -0.9659258262890682012, 0.2588190451025212391, 0.000000000000000000 ) ) ;
#957 = CARTESIAN_POINT ( 'NONE',  ( 0.2895578549104145805, 1.412693934576457755, -6.426196319412660785 ) ) ;
#958 = FACE_OUTER_BOUND ( 'NONE', #221, .T. ) ;
#959 = APPLICATION_CONTEXT ( 'automotive_design' ) ;
#960 = ADVANCED_FACE ( 'NONE', ( #1534 ), #2004, .F. ) ;
#961 = DIRECTION ( 'NONE',  ( 1.084202172485504434E-16, 0.000000000000000000, -1.000000000000000000 ) ) ;
#962 = DIRECTION ( 'NONE',  ( 0.000000000000000000, 0.000000000000000000, 1.000000000000000000 ) ) ;
#963 = CARTESIAN_POINT ( 'NONE',  ( 2.700576797654260730, 3.321301367882271816, 7.116235458438061379 ) ) ;
#964 = ADVANCED_FACE ( 'NONE', ( #2214 ), #2460, .F. ) ;
#965 = CIRCLE ( 'NONE', #1633, 1.600000000000007194 ) ;
#966 = ORIENTED_EDGE ( 'NONE', *, *, #2534, .F. ) ;
#967 = CARTESIAN_POINT ( 'NONE',  ( 22.10843504778828716, 58.21811562216070968, 19.00000000000000000 ) ) ;
#968 = CARTESIAN_POINT ( 'NONE',  ( 0.5265491115878727646, 1.442213489080422573, -6.488710982618138168 ) ) ;
#969 = ORIENTED_EDGE ( 'NONE', *, *, #778, .F. ) ;
#970 = CARTESIAN_POINT ( 'NONE',  ( 18.10286912310488816, 0.4171430433238408342, 5.781141313379111857 ) ) ;
#971 = DIRECTION ( 'NONE',  ( 0.000000000000000000, 0.000000000000000000, 1.000000000000000000 ) ) ;
#972 = CARTESIAN_POINT ( 'NONE',  ( 0.7100355192763719847, 1.477051994759635223, 9.434064670999687152 ) ) ;
#973 = CARTESIAN_POINT ( 'NONE',  ( 3.851859888774471706E-31, -3.000000000000000888, -8.000000000000000000 ) ) ;
#974 = CARTESIAN_POINT ( 'NONE',  ( 1.959434878635769174E-16, 1.399999999999972378, -9.600000000000001421 ) ) ;
#975 = CIRCLE ( 'NONE', #2113, 3.200000000000030376 ) ;
#976 = CARTESIAN_POINT ( 'NONE',  ( 26.00873804546084145, 65.81957862510651580, -2.743208830090069449E-15 ) ) ;
#977 = CARTESIAN_POINT ( 'NONE',  ( 1.279247580402424367, 1.652067896845158534, 7.038908884987095327 ) ) ;
#978 = CARTESIAN_POINT ( 'NONE',  ( 0.000000000000000000, -3.000000000000000000, 0.000000000000000000 ) ) ;
#979 = DIRECTION ( 'NONE',  ( -1.000000000000000000, 8.515894710754033591E-17, 0.000000000000000000 ) ) ;
#980 = AXIS2_PLACEMENT_3D ( 'NONE', #2171, #1968, #2863 ) ;
#981 = ORIENTED_EDGE ( 'NONE', *, *, #99, .F. ) ;
#982 = CARTESIAN_POINT ( 'NONE',  ( 16.61624939376063992, 41.97107335240058035, 1.301281419654298332 ) ) ;
#983 = CARTESIAN_POINT ( 'NONE',  ( 1.047507420894011609, 1.568431557401758436, -6.790285979830556151 ) ) ;
#984 = EDGE_CURVE ( 'NONE', #1084, #441, #2902, .T. ) ;
#985 = ORIENTED_EDGE ( 'NONE', *, *, #2009, .F. ) ;
#986 = FACE_OUTER_BOUND ( 'NONE', #2196, .T. ) ;
#987 = CARTESIAN_POINT ( 'NONE',  ( 0.7326085799856223435, 3.023003953385492437, -4.908946262586571407 ) ) ;
#988 = CARTESIAN_POINT ( 'NONE',  ( 1.468136705381312135, 1.733043298580662084, 8.636608670662797138 ) ) ;
#989 = CARTESIAN_POINT ( 'NONE',  ( 48.11236323073359245, 61.55337199556858252, -2.939152317953647894E-15 ) ) ;
#990 = CARTESIAN_POINT ( 'NONE',  ( 2.285259988156874034, 3.229032590904892697, -6.135729256249442543 ) ) ;
#991 = CARTESIAN_POINT ( 'NONE',  ( 17.68967944782644608, 3.020504394400863379, -7.088427724914622807 ) ) ;
#992 = CARTESIAN_POINT ( 'NONE',  ( 8.181862007562228811, -0.9791774963656713071, 17.15536890867528541 ) ) ;
#993 = EDGE_CURVE ( 'NONE', #1659, #2607, #1505, .T. ) ;
#994 = CARTESIAN_POINT ( 'NONE',  ( 1.382103224083548243, 1.694650277541913219, 7.193079238015166688 ) ) ;
#995 = FACE_OUTER_BOUND ( 'NONE', #342, .T. ) ;
#996 = AXIS2_PLACEMENT_3D ( 'NONE', #1487, #106, #1016 ) ;
#997 = DIRECTION ( 'NONE',  ( 0.000000000000000000, 0.000000000000000000, 1.000000000000000000 ) ) ;
#998 = AXIS2_PLACEMENT_3D ( 'NONE', #198, #2245, #860 ) ;
#999 = ORIENTED_EDGE ( 'NONE', *, *, #1383, .F. ) ;
#1000 = PLANE ( 'NONE',  #225 ) ;
#1001 = CARTESIAN_POINT ( 'NONE',  ( 1.459275009737283746, 1.728986814692862417, -7.343751297402274503 ) ) ;
#1002 = EDGE_LOOP ( 'NONE', ( #586, #2410, #1830, #1379 ) ) ;
#1003 = CARTESIAN_POINT ( 'NONE',  ( 15.05605874734452954, 0.7651739878447176846, -11.61226207934865862 ) ) ;
#1004 = CARTESIAN_POINT ( 'NONE',  ( 1.500001850638394973, -2.882972093750761022, 4.000000000000000888 ) ) ;
#1005 = CARTESIAN_POINT ( 'NONE',  ( 24.65544606237508418, 54.58709889850489105, 0.000000000000000000 ) ) ;
#1006 = EDGE_CURVE ( 'NONE', #1341, #1545, #2809, .T. ) ;
#1007 = ORIENTED_EDGE ( 'NONE', *, *, #2147, .T. ) ;
#1008 = EDGE_LOOP ( 'NONE', ( #521, #1445, #1970, #100, #1474, #936, #1703, #641, #2738, #2476, #677 ) ) ;
#1009 = AXIS2_PLACEMENT_3D ( 'NONE', #1749, #2645, #620 ) ;
#1010 = CARTESIAN_POINT ( 'NONE',  ( 1.168176754416537122, 1.609651621983115177, -9.094560481846158950 ) ) ;
#1011 = EDGE_CURVE ( 'NONE', #814, #1455, #696, .T. ) ;
#1012 = DIRECTION ( 'NONE',  ( -0.000000000000000000, -1.084202172485504434E-16, -1.000000000000000000 ) ) ;
#1013 = CARTESIAN_POINT ( 'NONE',  ( 1.085935896208929385, 1.581109479989455835, 6.824660376760623315 ) ) ;
#1014 = DIRECTION ( 'NONE',  ( -0.000000000000000000, 1.000000000000000000, -0.000000000000000000 ) ) ;
#1015 = DIRECTION ( 'NONE',  ( 1.000000000000000000, 0.000000000000000000, 0.000000000000000000 ) ) ;
#1016 = DIRECTION ( 'NONE',  ( -0.2588190451025211281, -0.9659258262890682012, 0.000000000000000000 ) ) ;
#1017 = ORIENTED_EDGE ( 'NONE', *, *, #350, .F. ) ;
#1018 = CARTESIAN_POINT ( 'NONE',  ( 25.89777747886719794, 59.22354286469244755, 0.000000000000000000 ) ) ;
#1019 = CARTESIAN_POINT ( 'NONE',  ( 1.472956837684922471, 1.735275115844048033, -7.375031931789154171 ) ) ;
#1020 = AXIS2_PLACEMENT_3D ( 'NONE', #1833, #451, #2042 ) ;
#1021 = VERTEX_POINT ( 'NONE', #1282 ) ;
#1022 = DIRECTION ( 'NONE',  ( 0.4999999999999962808, -0.8660254037844408170, 8.659560562354968603E-17 ) ) ;
#1023 = CARTESIAN_POINT ( 'NONE',  ( 1.538115270741744700, -3.801455491405754117, 4.000000000000000888 ) ) ;
#1024 = CARTESIAN_POINT ( 'NONE',  ( 1.094703857551989401, 1.583900758434960476, 6.831957702749272165 ) ) ;
#1025 = ORIENTED_EDGE ( 'NONE', *, *, #1667, .F. ) ;
#1026 = CARTESIAN_POINT ( 'NONE',  ( 18.93093728912582563, 5.103559565029452294, -3.866017248835615039 ) ) ;
#1027 = CARTESIAN_POINT ( 'NONE',  ( 0.05305762251884761638, 1.400000117442378178, -9.599998516146088789 ) ) ;
#1028 = CARTESIAN_POINT ( 'NONE',  ( 16.62709811112718583, 5.256840642526758423, -6.426370427321205447 ) ) ;
#1029 = ADVANCED_FACE ( 'NONE', ( #995 ), #2911, .F. ) ;
#1030 = CARTESIAN_POINT ( 'NONE',  ( 1.401767913170160140, 1.703220833643534382, 7.228164799097852367 ) ) ;
#1031 = DIRECTION ( 'NONE',  ( 5.517193682775766791E-16, -1.000000000000000000, 0.000000000000000000 ) ) ;
#1032 = ORIENTED_EDGE ( 'NONE', *, *, #126, .T. ) ;
#1033 = CIRCLE ( 'NONE', #1695, 17.50968956044622260 ) ;
#1034 = CARTESIAN_POINT ( 'NONE',  ( 27.14010889535929749, 63.85998683087996852, -2.547265342226491792E-15 ) ) ;
#1035 = CARTESIAN_POINT ( 'NONE',  ( 1.589693549635139203, 1.791361147942779564, -8.183193909372429076 ) ) ;
#1036 = VERTEX_POINT ( 'NONE', #2574 ) ;
#1037 = AXIS2_PLACEMENT_3D ( 'NONE', #2536, #510, #2550 ) ;
#1038 = CARTESIAN_POINT ( 'NONE',  ( 1.682826898744418820, -2.186093176131320259, 4.000000000000000888 ) ) ;
#1039 = CARTESIAN_POINT ( 'NONE',  ( 1.411242058820003642, 3.085795300149217990, -5.225016493185999700 ) ) ;
#1040 = CARTESIAN_POINT ( 'NONE',  ( 1.579406521219788750, 1.786234646153209704, 8.261188390936531789 ) ) ;
#1041 = ORIENTED_EDGE ( 'NONE', *, *, #572, .F. ) ;
#1042 = CARTESIAN_POINT ( 'NONE',  ( 0.7344130584727260880, 3.022035929346792660, -4.904168387714181065 ) ) ;
#1043 = EDGE_CURVE ( 'NONE', #1541, #2795, #2186, .T. ) ;
#1044 = CARTESIAN_POINT ( 'NONE',  ( 16.88152357129104075, 5.272504761448558952, 5.486742011699688781 ) ) ;
#1045 = CARTESIAN_POINT ( 'NONE',  ( 13.80148084774887884, 5.038517695714958222, -11.70956626677608980 ) ) ;
#1046 = CARTESIAN_POINT ( 'NONE',  ( 1.022989369331463783, 1.560638559738897202, 6.769756638114269087 ) ) ;
#1047 = VECTOR ( 'NONE', #940, 1000.000000000000000 ) ;
#1048 = CARTESIAN_POINT ( 'NONE',  ( 2.416626265426812026, 1.726421592029631524, -3.999999999999999112 ) ) ;
#1049 = CARTESIAN_POINT ( 'NONE',  ( 1.043080574849476250, 1.567038796535122014, -9.213340539681340147 ) ) ;
#1050 = ORIENTED_EDGE ( 'NONE', *, *, #1137, .T. ) ;
#1051 = EDGE_CURVE ( 'NONE', #553, #2899, #1885, .T. ) ;
#1052 = CARTESIAN_POINT ( 'NONE',  ( -8.000000000000000000, 1.399999999999972378, 1.600000000000001199 ) ) ;
#1053 = CARTESIAN_POINT ( 'NONE',  ( 1.457395389345778947, 1.728076300958265810, 7.337648912880775143 ) ) ;
#1054 = EDGE_LOOP ( 'NONE', ( #969, #901 ) ) ;
#1055 = DIRECTION ( 'NONE',  ( -0.9659258262899341752, 0.2588190450992889358, -0.000000000000000000 ) ) ;
#1056 = CARTESIAN_POINT ( 'NONE',  ( 2.745900170938965879, 3.332343077082847049, -8.678832241731750941 ) ) ;
#1057 = CARTESIAN_POINT ( 'NONE',  ( 16.20930168059363297, 0.6295991955598424505, 9.940214578271678647 ) ) ;
#1058 = CARTESIAN_POINT ( 'NONE',  ( 15.99899504981692644, 0.6542127767861609655, -10.25519071778001745 ) ) ;
#1059 = CIRCLE ( 'NONE', #1811, 19.09999999999999787 ) ;
#1060 = CARTESIAN_POINT ( 'NONE',  ( 0.5128592906649429572, 1.439814024360480893, 6.483512039862326048 ) ) ;
#1061 = CARTESIAN_POINT ( 'NONE',  ( 8.627182288387603037, -0.7353376944642583402, -16.93542423096029026 ) ) ;
#1062 = APPLICATION_PROTOCOL_DEFINITION ( 'draft international standard', 'automotive_design', 1998, #959 ) ;
#1063 = CARTESIAN_POINT ( 'NONE',  ( 2.523036893525570257, 3.279704454026041827, 6.576654844470755990 ) ) ;
#1064 = CIRCLE ( 'NONE', #437, 2.600000000000012523 ) ;
#1065 = DIRECTION ( 'NONE',  ( 2.013969230354684010E-17, -1.065332638293849036E-16, -1.000000000000000000 ) ) ;
#1066 = CARTESIAN_POINT ( 'NONE',  ( 0.9398391238833611050, 1.535440858181025270, -9.294941825992552253 ) ) ;
#1067 = ADVANCED_FACE ( 'NONE', ( #1913 ), #2121, .F. ) ;
#1068 = ORIENTED_EDGE ( 'NONE', *, *, #768, .F. ) ;
#1069 = CARTESIAN_POINT ( 'NONE',  ( -8.000000000000000000, 3.000000000000000000, 3.200000000000012168 ) ) ;
#1070 = VERTEX_POINT ( 'NONE', #548 ) ;
#1071 = DIRECTION ( 'NONE',  ( -0.2588190451025211836, -0.9659258262890682012, 0.000000000000000000 ) ) ;
#1072 = CARTESIAN_POINT ( 'NONE',  ( 16.97144221242215778, 5.278257841430989750, 5.167376258140692791 ) ) ;
#1073 = CARTESIAN_POINT ( 'NONE',  ( 13.75915216559552334, 3.073263522125044833, -13.12916155488303716 ) ) ;
#1074 = CARTESIAN_POINT ( 'NONE',  ( 15.18466066418488047, 42.42386643581526329, -1.951922129594237942 ) ) ;
#1075 = LINE ( 'NONE', #2228, #821 ) ;
#1076 = DIRECTION ( 'NONE',  ( 0.2588190451025211836, 0.9659258262890680902, 0.000000000000000000 ) ) ;
#1077 = CARTESIAN_POINT ( 'NONE',  ( -1.468434992380290183, -3.813103877577460832, 4.000000000000000888 ) ) ;
#1078 = CARTESIAN_POINT ( 'NONE',  ( 0.2086638745759970548, 1.404981297917283767, -9.589890706926270880 ) ) ;
#1079 = VERTEX_POINT ( 'NONE', #788 ) ;
#1080 = PLANE ( 'NONE',  #34 ) ;
#1081 = CIRCLE ( 'NONE', #1832, 1.600000000000000755 ) ;
#1082 = VERTEX_POINT ( 'NONE', #535 ) ;
#1083 = CARTESIAN_POINT ( 'NONE',  ( 17.27684961115753737, 7.968523463444142862, -3.866017248835615039 ) ) ;
#1084 = VERTEX_POINT ( 'NONE', #1698 ) ;
#1085 = CARTESIAN_POINT ( 'NONE',  ( 0.6915906035932479767, 1.473058895333105633, 6.556817526740110758 ) ) ;
#1086 = DIRECTION ( 'NONE',  ( -0.9659258262890682012, 0.2588190451025212391, 0.000000000000000000 ) ) ;
#1087 = CARTESIAN_POINT ( 'NONE',  ( 0.3678689900038036309, 3.004445052510781089, 4.820556775050754972 ) ) ;
#1088 = EDGE_CURVE ( 'NONE', #2912, #2289, #1440, .T. ) ;
#1089 = CARTESIAN_POINT ( 'NONE',  ( 0.3518315502789574056, 0.9631322454957422785, 4.000000000000000888 ) ) ;
#1090 = CARTESIAN_POINT ( 'NONE',  ( 16.05484843555940699, 7.521024204660999857, -3.580086168922011147 ) ) ;
#1091 = VERTEX_POINT ( 'NONE', #1934 ) ;
#1092 = CYLINDRICAL_SURFACE ( 'NONE', #2661, 1.600000000000000089 ) ;
#1093 = AXIS2_PLACEMENT_3D ( 'NONE', #1799, #444, #671 ) ;
#1094 = ORIENTED_EDGE ( 'NONE', *, *, #2753, .F. ) ;
#1095 = CARTESIAN_POINT ( 'NONE',  ( 14.77948587179367657, 5.120545516996346080, -10.24104081558004253 ) ) ;
#1096 = EDGE_CURVE ( 'NONE', #1945, #2482, #603, .T. ) ;
#1097 = CARTESIAN_POINT ( 'NONE',  ( 0.7285716484930527814, 3.022742252949095043, -11.09230797592908502 ) ) ;
#1098 = EDGE_CURVE ( 'NONE', #1720, #1815, #2257, .T. ) ;
#1099 = EDGE_LOOP ( 'NONE', ( #413, #1916, #1873, #2364 ) ) ;
#1100 = LINE ( 'NONE', #1781, #1128 ) ;
#1101 = CARTESIAN_POINT ( 'NONE',  ( 22.75233037772640188, 68.34857231855862381, -2.939152317953647894E-15 ) ) ;
#1102 = EDGE_CURVE ( 'NONE', #1945, #1021, #2696, .T. ) ;
#1103 = CARTESIAN_POINT ( 'NONE',  ( 2.246694178222028437, 3.218342580675818354, 9.966189384610739666 ) ) ;
#1104 = CARTESIAN_POINT ( 'NONE',  ( 23.16644084989043506, 69.89405364062112369, -2.743208830090069449E-15 ) ) ;
#1105 = AXIS2_PLACEMENT_3D ( 'NONE', #2275, #1121, #1805 ) ;
#1106 = CARTESIAN_POINT ( 'NONE',  ( 0.5634540448073055430, 1.448127055299991639, -9.498503746732518849 ) ) ;
#1107 = AXIS2_PLACEMENT_3D ( 'NONE', #262, #1143, #683 ) ;
#1108 = VECTOR ( 'NONE', #1882, 999.9999999999998863 ) ;
#1109 = CARTESIAN_POINT ( 'NONE',  ( 1.168176754416534457, 1.609651621983115621, 6.905439518153841050 ) ) ;
#1110 = ORIENTED_EDGE ( 'NONE', *, *, #2181, .T. ) ;
#1111 = CARTESIAN_POINT ( 'NONE',  ( 20.04896497269033517, 43.19103238543056023, -3.999999999999999112 ) ) ;
#1112 = ORIENTED_EDGE ( 'NONE', *, *, #2290, .T. ) ;
#1113 = EDGE_LOOP ( 'NONE', ( #2355, #19, #2457, #2897 ) ) ;
#1114 = CARTESIAN_POINT ( 'NONE',  ( 0.8419233359612954271, 1.508237340771477086, 6.638231988197666134 ) ) ;
#1115 = CARTESIAN_POINT ( 'NONE',  ( 11.40937590684819369, 1.227544781856010347, -15.19296354949329597 ) ) ;
#1116 = DIRECTION ( 'NONE',  ( 0.2588190451025211836, 0.9659258262890680902, -0.000000000000000000 ) ) ;
#1117 = CARTESIAN_POINT ( 'NONE',  ( -1.027725073217149898, -0.8571423611604386261, -3.999999999999999112 ) ) ;
#1118 = CARTESIAN_POINT ( 'NONE',  ( 20.04896497269033162, 43.19103238543057444, -3.999999999999999112 ) ) ;
#1119 = CARTESIAN_POINT ( 'NONE',  ( 0.4628941716412960372, 3.009220340684351847, 11.15670874254100298 ) ) ;
#1120 = EDGE_LOOP ( 'NONE', ( #375, #1792 ) ) ;
#1121 = DIRECTION ( 'NONE',  ( -0.000000000000000000, -0.000000000000000000, -1.000000000000000000 ) ) ;
#1122 = VECTOR ( 'NONE', #2914, 1000.000000000000114 ) ;
#1123 = ORIENTED_EDGE ( 'NONE', *, *, #224, .F. ) ;
#1124 = CARTESIAN_POINT ( 'NONE',  ( 2.718811615583772046, 3.325665085043547631, -8.833247960351416239 ) ) ;
#1125 = EDGE_CURVE ( 'NONE', #127, #2239, #954, .T. ) ;
#1126 = VECTOR ( 'NONE', #1175, 1000.000000000000000 ) ;
#1127 = VERTEX_POINT ( 'NONE', #2255 ) ;
#1128 = VECTOR ( 'NONE', #165, 1000.000000000000000 ) ;
#1129 = CARTESIAN_POINT ( 'NONE',  ( 0.7336207143245393469, 1.482281702874362228, -6.577854899186116988 ) ) ;
#1130 = EDGE_CURVE ( 'NONE', #1091, #2479, #1347, .T. ) ;
#1131 = DIRECTION ( 'NONE',  ( 1.000000000000000000, -5.028284647008291405E-13, 0.000000000000000000 ) ) ;
#1132 = CARTESIAN_POINT ( 'NONE',  ( 0.6580780664250212020, 1.466226784424386365, -9.458451313558036588 ) ) ;
#1133 = CARTESIAN_POINT ( 'NONE',  ( 2.051208265927915608, 3.184064242997168837, 5.810879036308389978 ) ) ;
#1134 = EDGE_LOOP ( 'NONE', ( #840, #779, #2117, #635 ) ) ;
#1135 = CYLINDRICAL_SURFACE ( 'NONE', #1105, 101.8520974540799244 ) ;
#1136 = ORIENTED_EDGE ( 'NONE', *, *, #873, .F. ) ;
#1137 = EDGE_CURVE ( 'NONE', #1390, #1079, #15, .T. ) ;
#1138 = CIRCLE ( 'NONE', #1, 19.09999999999999787 ) ;
#1139 = CARTESIAN_POINT ( 'NONE',  ( 14.77948587179367657, 5.120545516996346080, -10.24104081558004253 ) ) ;
#1140 = VECTOR ( 'NONE', #226, 1000.000000000000000 ) ;
#1141 = ORIENTED_EDGE ( 'NONE', *, *, #215, .F. ) ;
#1142 = CONICAL_SURFACE ( 'NONE', #2799, 3.200000000000011724, 0.7853981633974432830 ) ;
#1143 = DIRECTION ( 'NONE',  ( -0.9659258262890682012, 0.2588190451025212391, 0.000000000000000000 ) ) ;
#1144 = CARTESIAN_POINT ( 'NONE',  ( 0.8080532470781499610, 1.499864451959048495, 9.381440707942855894 ) ) ;
#1145 = CARTESIAN_POINT ( 'NONE',  ( 15.65197163173111328, 5.187882346066635897, -8.665129197634906077 ) ) ;
#1146 = CARTESIAN_POINT ( 'NONE',  ( 2.577909664965432945, 3.292396319470396904, 9.273217341304551553 ) ) ;
#1147 = ORIENTED_EDGE ( 'NONE', *, *, #2055, .F. ) ;
#1148 = AXIS2_PLACEMENT_3D ( 'NONE', #1540, #1366, #1316 ) ;
#1149 = DIRECTION ( 'NONE',  ( -1.000000000000000000, 8.042140658021965389E-17, 0.000000000000000000 ) ) ;
#1150 = CARTESIAN_POINT ( 'NONE',  ( -1.499819947790050678, -3.000001182372153963, -3.999999999999999112 ) ) ;
#1151 = ORIENTED_EDGE ( 'NONE', *, *, #2564, .F. ) ;
#1152 = EDGE_CURVE ( 'NONE', #1700, #2221, #1075, .T. ) ;
#1153 = CARTESIAN_POINT ( 'NONE',  ( 2.809252130868050479, 3.348101130304091733, -8.213886937874729455 ) ) ;
#1154 = ORIENTED_EDGE ( 'NONE', *, *, #2086, .T. ) ;
#1155 = CARTESIAN_POINT ( 'NONE',  ( 1.457427284898119790, 1.728135725550631996, -7.339241704036879810 ) ) ;
#1156 = CARTESIAN_POINT ( 'NONE',  ( 1.030472157928159493, 1.562979118810990053, 9.224120389604546943 ) ) ;
#1157 = CARTESIAN_POINT ( 'NONE',  ( 22.07940086045985240, 65.83716517020705794, -2.620744150175336667E-15 ) ) ;
#1158 = CARTESIAN_POINT ( 'NONE',  ( 2.386686241877237880, 3.250055193470870574, 9.691373653908858188 ) ) ;
#1159 = ORIENTED_EDGE ( 'NONE', *, *, #2181, .F. ) ;
#1160 = CARTESIAN_POINT ( 'NONE',  ( 14.41018101318695877, 4.555652391717429417, 11.25035808628718925 ) ) ;
#1161 = DIRECTION ( 'NONE',  ( 0.000000000000000000, 0.000000000000000000, -1.000000000000000000 ) ) ;
#1162 = ORIENTED_EDGE ( 'NONE', *, *, #2057, .T. ) ;
#1163 = CARTESIAN_POINT ( 'NONE',  ( 16.65208451880458895, 0.5790006592412046960, -9.156643923299647270 ) ) ;
#1164 = CARTESIAN_POINT ( 'NONE',  ( 11.40937590684819369, 1.227544781856010347, -15.19296354949329597 ) ) ;
#1165 = CYLINDRICAL_SURFACE ( 'NONE', #2011, 19.09999999999999432 ) ;
#1166 = CIRCLE ( 'NONE', #2683, 2.600000000000012523 ) ;
#1167 = DIRECTION ( 'NONE',  ( -0.9659258262890682012, 0.2588190451025212391, -0.000000000000000000 ) ) ;
#1168 = CARTESIAN_POINT ( 'NONE',  ( 1.220914459524395035, 1.629372322610498580, -6.965566947682010124 ) ) ;
#1169 = PLANE ( 'NONE',  #1961 ) ;
#1170 = CARTESIAN_POINT ( 'NONE',  ( 0.05225655473621865915, 1.400000046430547096, 9.599999999999997868 ) ) ;
#1171 = LINE ( 'NONE', #2543, #2141 ) ;
#1172 = EDGE_CURVE ( 'NONE', #441, #2082, #1481, .T. ) ;
#1173 = CARTESIAN_POINT ( 'NONE',  ( 2.559048926500498311, 3.288035529656462508, 6.675297825766493887 ) ) ;
#1174 = ORIENTED_EDGE ( 'NONE', *, *, #1395, .F. ) ;
#1175 = DIRECTION ( 'NONE',  ( -1.000000000000000000, -0.000000000000000000, 0.000000000000000000 ) ) ;
#1176 = CARTESIAN_POINT ( 'NONE',  ( 1.076652135053923320, 1.578048594221901579, -6.816365710221494290 ) ) ;
#1177 = EDGE_LOOP ( 'NONE', ( #966, #2303, #1367 ) ) ;
#1178 = CARTESIAN_POINT ( 'NONE',  ( 11.40937590684819547, 1.227544781856012568, 15.19296354949329420 ) ) ;
#1179 = DIRECTION ( 'NONE',  ( 1.000000000000000000, -4.086051889522276077E-13, 0.000000000000000000 ) ) ;
#1180 = CARTESIAN_POINT ( 'NONE',  ( 1.434871253529084623, 1.717931561644157945, 8.708405377456484686 ) ) ;
#1181 = EDGE_CURVE ( 'NONE', #2584, #1997, #584, .T. ) ;
#1182 = CARTESIAN_POINT ( 'NONE',  ( 2.973893889896991105, -1.221366187766831368, -3.999999999999999112 ) ) ;
#1183 = CARTESIAN_POINT ( 'NONE',  ( 0.6386398214231010506, 1.462278822886505569, -6.532743735784228178 ) ) ;
#1184 = EDGE_CURVE ( 'NONE', #662, #50, #2751, .T. ) ;
#1185 = CARTESIAN_POINT ( 'NONE',  ( 15.18466066418488225, 42.42386643581527039, -19.00000000000000000 ) ) ;
#1186 = CARTESIAN_POINT ( 'NONE',  ( 1.227807892216094654, 1.632032650065242008, 9.025926204358905025 ) ) ;
#1187 = CARTESIAN_POINT ( 'NONE',  ( 18.61122565608611978, 52.89375909793350417, 0.000000000000000000 ) ) ;
#1188 = CARTESIAN_POINT ( 'NONE',  ( 2.712973960720311606, 3.324303458210569495, 7.166940234836390644 ) ) ;
#1189 = EDGE_LOOP ( 'NONE', ( #231, #1345, #1159, #311 ) ) ;
#1190 = DIRECTION ( 'NONE',  ( -0.000000000000000000, -1.000000000000000000, 0.000000000000000000 ) ) ;
#1191 = CARTESIAN_POINT ( 'NONE',  ( 0.8673139378559688861, 1.515264104252344701, -6.655449154021056302 ) ) ;
#1192 = AXIS2_PLACEMENT_3D ( 'NONE', #582, #1935, #1015 ) ;
#1193 = ORIENTED_EDGE ( 'NONE', *, *, #1794, .T. ) ;
#1194 = CARTESIAN_POINT ( 'NONE',  ( 15.49175476661315010, 0.7136689576572885496, 11.00641550276175984 ) ) ;
#1195 = CARTESIAN_POINT ( 'NONE',  ( 1.718270803588927587, 3.127927409330816033, -5.459540451579079523 ) ) ;
#1196 = CIRCLE ( 'NONE', #2854, 18.99999999999999645 ) ;
#1197 = VECTOR ( 'NONE', #1484, 999.9999999999998863 ) ;
#1198 = FACE_OUTER_BOUND ( 'NONE', #327, .T. ) ;
#1199 = CARTESIAN_POINT ( 'NONE',  ( 2.773288973039312211, 3.339095815672217693, -7.477623218120752036 ) ) ;
#1200 = LINE ( 'NONE', #515, #206 ) ;
#1201 = EDGE_CURVE ( 'NONE', #2156, #24, #1196, .T. ) ;
#1202 = CARTESIAN_POINT ( 'NONE',  ( 1.005136250315985524, 1.555046185766056022, 9.244874948425097827 ) ) ;
#1203 = FACE_OUTER_BOUND ( 'NONE', #2298, .T. ) ;
#1204 = CYLINDRICAL_SURFACE ( 'NONE', #2772, 17.50968956044622260 ) ;
#1205 = ORIENTED_EDGE ( 'NONE', *, *, #2055, .T. ) ;
#1206 = CARTESIAN_POINT ( 'NONE',  ( 20.04896497269033162, 43.19103238543056023, 4.000000000000000888 ) ) ;
#1207 = CARTESIAN_POINT ( 'NONE',  ( 1.306834456162557112, 1.663167385533587117, -7.076720691949283548 ) ) ;
#1208 = VERTEX_POINT ( 'NONE', #2682 ) ;
#1209 = CARTESIAN_POINT ( 'NONE',  ( -1.048445852934807770E-15, 3.000000000000000000, 8.000000000000000000 ) ) ;
#1210 = FACE_OUTER_BOUND ( 'NONE', #529, .T. ) ;
#1211 = EDGE_LOOP ( 'NONE', ( #63, #2008, #425, #1806 ) ) ;
#1212 = CARTESIAN_POINT ( 'NONE',  ( 0.5156578550190702437, 1.440236715971993542, -9.515547000416813006 ) ) ;
#1213 = DIRECTION ( 'NONE',  ( 1.000000000000000000, 0.000000000000000000, 0.000000000000000000 ) ) ;
#1214 = CARTESIAN_POINT ( 'NONE',  ( 1.586472974397631575, 1.789753503840751936, 7.790717820203908239 ) ) ;
#1215 = DIRECTION ( 'NONE',  ( 0.5000000000000000000, -0.8660254037844385966, 8.659560562354916834E-17 ) ) ;
#1216 = VECTOR ( 'NONE', #2581, 999.9999999999998863 ) ;
#1217 = DIRECTION ( 'NONE',  ( -0.000000000000000000, 1.000000000000000000, -0.000000000000000000 ) ) ;
#1218 = EDGE_LOOP ( 'NONE', ( #920, #94, #915, #2516 ) ) ;
#1219 = CARTESIAN_POINT ( 'NONE',  ( 16.09052732205488567, 45.80460682782402415, -3.999999999999999112 ) ) ;
#1220 = CARTESIAN_POINT ( 'NONE',  ( 1.205042204784871007, 1.623412456449419228, -6.947362836347182657 ) ) ;
#1221 = VERTEX_POINT ( 'NONE', #1755 ) ;
#1222 = DIRECTION ( 'NONE',  ( -0.9659258262890682012, 0.2588190451025212391, -0.000000000000000000 ) ) ;
#1223 = CARTESIAN_POINT ( 'NONE',  ( 1.508798424225881396, -2.803200219575928021, 4.000000000000000888 ) ) ;
#1224 = CARTESIAN_POINT ( 'NONE',  ( 1.150476909128183900, 1.603450972178151579, 9.112247581429178567 ) ) ;
#1225 = ORIENTED_EDGE ( 'NONE', *, *, #570, .T. ) ;
#1226 = VERTEX_POINT ( 'NONE', #386 ) ;
#1227 = CARTESIAN_POINT ( 'NONE',  ( 1.203050606561776981, 1.622519336672239243, -9.056112118824037438 ) ) ;
#1228 = CARTESIAN_POINT ( 'NONE',  ( 6.799089825816958310, -1.634398738595142841, 17.74926503683139956 ) ) ;
#1229 = CARTESIAN_POINT ( 'NONE',  ( 1.472956837685396092, 1.735275115844144400, 8.624968068209700078 ) ) ;
#1230 = DIRECTION ( 'NONE',  ( -0.9659258262890682012, 0.2588190451025212391, -0.000000000000000000 ) ) ;
#1231 = AXIS2_PLACEMENT_3D ( 'NONE', #2356, #2562, #1953 ) ;
#1232 = ORIENTED_EDGE ( 'NONE', *, *, #2753, .T. ) ;
#1233 = CARTESIAN_POINT ( 'NONE',  ( -8.000000000000000000, -3.000000000000000888, 1.600000000000001199 ) ) ;
#1234 = CARTESIAN_POINT ( 'NONE',  ( 1.302520985380342777, 1.661388703255248123, -8.929581140047842425 ) ) ;
#1235 = VERTEX_POINT ( 'NONE', #1768 ) ;
#1236 = LINE ( 'NONE', #850, #2781 ) ;
#1237 = CARTESIAN_POINT ( 'NONE',  ( 15.18466066418488225, 42.42386643581527039, -19.00000000000000000 ) ) ;
#1238 = CARTESIAN_POINT ( 'NONE',  ( 1.246755442390691249, 3.067648019856572095, 10.86812934199871705 ) ) ;
#1239 = ADVANCED_FACE ( 'NONE', ( #656 ), #670, .T. ) ;
#1240 = ORIENTED_EDGE ( 'NONE', *, *, #1315, .T. ) ;
#1241 = DIRECTION ( 'NONE',  ( 0.000000000000000000, 1.000000000000000000, -0.000000000000000000 ) ) ;
#1242 = CARTESIAN_POINT ( 'NONE',  ( 2.715035978395088812, 3.324776343730679429, -7.170794028347181381 ) ) ;
#1243 = DIRECTION ( 'NONE',  ( 0.9659258262890677571, -0.2588190451025232930, 0.000000000000000000 ) ) ;
#1244 = CARTESIAN_POINT ( 'NONE',  ( 1.043080574799641669, 1.567038796519270472, 6.786659460276039724 ) ) ;
#1245 = CARTESIAN_POINT ( 'NONE',  ( 3.851859888774471706E-31, -3.000000000000000888, -6.399999999999999467 ) ) ;
#1246 = CARTESIAN_POINT ( 'NONE',  ( 19.28415517335267637, 55.40516624628507714, 0.000000000000000000 ) ) ;
#1247 = VERTEX_POINT ( 'NONE', #2861 ) ;
#1248 = CARTESIAN_POINT ( 'NONE',  ( -6.350118653360408002E-15, 14.50968956044622082, 4.000000000000000888 ) ) ;
#1249 = CARTESIAN_POINT ( 'NONE',  ( 1.155943720242256889, 1.605436398363548012, -9.106361615450861535 ) ) ;
#1250 = CIRCLE ( 'NONE', #898, 1.600000000000000755 ) ;
#1251 = ORIENTED_EDGE ( 'NONE', *, *, #455, .F. ) ;
#1252 = CARTESIAN_POINT ( 'NONE',  ( 2.177459953625063616, -1.531889698066496441, 4.000000000000000888 ) ) ;
#1253 = ADVANCED_FACE ( 'NONE', ( #1742 ), #205, .F. ) ;
#1254 = CARTESIAN_POINT ( 'NONE',  ( 17.15118749382052954, 43.96748952072843508, 4.000000000000000888 ) ) ;
#1255 = CARTESIAN_POINT ( 'NONE',  ( 1.854748738981686795, 3.150202263657719826, 10.40578283108662916 ) ) ;
#1256 = VERTEX_POINT ( 'NONE', #2654 ) ;
#1257 = DIRECTION ( 'NONE',  ( -0.000000000000000000, 1.000000000000000000, -0.000000000000000000 ) ) ;
#1258 = CARTESIAN_POINT ( 'NONE',  ( 0.3247696202050603942, 3.004489342610893843, -4.821009351559929712 ) ) ;
#1259 = CARTESIAN_POINT ( 'NONE',  ( 17.00980683687427231, 5.280912133199799463, -5.181401057758830753 ) ) ;
#1260 = CARTESIAN_POINT ( 'NONE',  ( 11.82694161840808000, 1.171299369708044713, -14.88784554528850990 ) ) ;
#1261 = CARTESIAN_POINT ( 'NONE',  ( 1.539612317247612161, 1.766727744420880430, 8.436208259513728436 ) ) ;
#1262 = VECTOR ( 'NONE', #1326, 1000.000000000000000 ) ;
#1263 = FACE_OUTER_BOUND ( 'NONE', #933, .T. ) ;
#1264 = ADVANCED_FACE ( 'NONE', ( #2431 ), #401, .T. ) ;
#1265 = ORIENTED_EDGE ( 'NONE', *, *, #1707, .T. ) ;
#1266 = AXIS2_PLACEMENT_3D ( 'NONE', #20, #1842, #1149 ) ;
#1267 = DIRECTION ( 'NONE',  ( -0.9659258262899313996, 0.2588190450992993163, -0.000000000000000000 ) ) ;
#1268 = CARTESIAN_POINT ( 'NONE',  ( 1.563959915297433279, 1.778617208647497838, -7.661264768456525154 ) ) ;
#1269 = ADVANCED_FACE ( 'NONE', ( #2710 ), #2088, .T. ) ;
#1270 = AXIS2_PLACEMENT_3D ( 'NONE', #2759, #2094, #522 ) ;
#1271 = ORIENTED_EDGE ( 'NONE', *, *, #1588, .F. ) ;
#1272 = VECTOR ( 'NONE', #2269, 1000.000000000000000 ) ;
#1273 = CARTESIAN_POINT ( 'NONE',  ( 1.545381134366730302, -2.596889004704521220, 4.000000000000000888 ) ) ;
#1274 = CARTESIAN_POINT ( 'NONE',  ( 1.344114472625800971, 1.678544659950540474, 7.131639276083740597 ) ) ;
#1275 = VERTEX_POINT ( 'NONE', #1421 ) ;
#1276 = FACE_OUTER_BOUND ( 'NONE', #849, .T. ) ;
#1277 = CARTESIAN_POINT ( 'NONE',  ( 1.599601420840410348, 3.111632025583487060, -10.63119261215824984 ) ) ;
#1278 = CARTESIAN_POINT ( 'NONE',  ( 15.84998831459764190, 5.202378525341943671, 8.263917937472516684 ) ) ;
#1279 = CARTESIAN_POINT ( 'NONE',  ( 14.93823334836473116, 0.7792881113250780256, -11.76381878237573986 ) ) ;
#1280 = EDGE_CURVE ( 'NONE', #1815, #1720, #1858, .T. ) ;
#1281 = CARTESIAN_POINT ( 'NONE',  ( 1.469017028652219725, 1.733458659363526166, 8.634141059414050190 ) ) ;
#1282 = CARTESIAN_POINT ( 'NONE',  ( 19.53132688248530613, 41.25918073285242116, -3.999999999999999112 ) ) ;
#1283 =( GEOMETRIC_REPRESENTATION_CONTEXT ( 3 ) GLOBAL_UNCERTAINTY_ASSIGNED_CONTEXT ( ( #2732 ) ) GLOBAL_UNIT_ASSIGNED_CONTEXT ( ( #357, #76, #1685 ) ) REPRESENTATION_CONTEXT ( 'NONE', 'WORKASPACE' ) );
#1284 = DIRECTION ( 'NONE',  ( 0.2588190451025212946, 0.9659258262890680902, 0.000000000000000000 ) ) ;
#1285 = CARTESIAN_POINT ( 'NONE',  ( 1.497515790002434288, 1.746696102693021890, -8.563587484524406435 ) ) ;
#1286 = ORIENTED_EDGE ( 'NONE', *, *, #2358, .T. ) ;
#1287 = AXIS2_PLACEMENT_3D ( 'NONE', #366, #332, #162 ) ;
#1288 = DIRECTION ( 'NONE',  ( 0.000000000000000000, 0.000000000000000000, -1.000000000000000000 ) ) ;
#1289 = CARTESIAN_POINT ( 'NONE',  ( 1.358240010810148002, 1.684501038286119412, 7.153907141506302914 ) ) ;
#1290 = CARTESIAN_POINT ( 'NONE',  ( 17.27684961116091600, 7.968523463444142862, 3.866017248818028218 ) ) ;
#1291 = CARTESIAN_POINT ( 'NONE',  ( 1.637184265598918831, 3.116973672008454876, -10.60103046683887484 ) ) ;
#1292 = CARTESIAN_POINT ( 'NONE',  ( 18.06771812196430460, 0.4209814952806549826, 5.890500036829998010 ) ) ;
#1293 = CARTESIAN_POINT ( 'NONE',  ( 18.61122565608611978, 52.89375909793350417, 0.000000000000000000 ) ) ;
#1294 = AXIS2_PLACEMENT_3D ( 'NONE', #978, #1886, #962 ) ;
#1295 = CARTESIAN_POINT ( 'NONE',  ( 0.3624215857490405424, 1.419963580838591088, 6.441374841319864153 ) ) ;
#1296 = DIRECTION ( 'NONE',  ( 0.000000000000000000, 0.000000000000000000, 1.000000000000000000 ) ) ;
#1297 = CARTESIAN_POINT ( 'NONE',  ( 1.411242058826377432, 3.085795300150093290, 10.77498350680727413 ) ) ;
#1298 = ADVANCED_FACE ( 'NONE', ( #25 ), #1982, .T. ) ;
#1299 = CARTESIAN_POINT ( 'NONE',  ( 1.350401836768542640, 1.524856079550748866, 4.000000000000000888 ) ) ;
#1300 = CARTESIAN_POINT ( 'NONE',  ( 1.438453790973725388, 1.719431495272145449, -8.702554005193656295 ) ) ;
#1301 = ORIENTED_EDGE ( 'NONE', *, *, #864, .T. ) ;
#1302 = LINE ( 'NONE', #2361, #2488 ) ;
#1303 = VERTEX_POINT ( 'NONE', #1380 ) ;
#1304 = LINE ( 'NONE', #2197, #2277 ) ;
#1305 = CARTESIAN_POINT ( 'NONE',  ( 2.384941428387932660, 3.249778502778574829, -9.692185716986045918 ) ) ;
#1306 = ADVANCED_FACE ( 'NONE', ( #1571 ), #1831, .F. ) ;
#1307 = CARTESIAN_POINT ( 'NONE',  ( 14.91965317797467883, 5.132155338501537045, 10.03054890714054004 ) ) ;
#1308 = CARTESIAN_POINT ( 'NONE',  ( 17.77980722208571152, 42.06345664958234920, 4.000000000000000888 ) ) ;
#1309 = CARTESIAN_POINT ( 'NONE',  ( 0.9398391238876092624, 1.535440858182220758, 6.705058174010532390 ) ) ;
#1310 = CARTESIAN_POINT ( 'NONE',  ( 119.3617870145261435, 14.50968956044623681, 0.000000000000000000 ) ) ;
#1311 = DIRECTION ( 'NONE',  ( -1.000000000000000000, 0.000000000000000000, -0.000000000000000000 ) ) ;
#1312 = CARTESIAN_POINT ( 'NONE',  ( 1.350401836768556407, 1.524856079550750643, -3.999999999999999112 ) ) ;
#1313 = CARTESIAN_POINT ( 'NONE',  ( 16.17064320984503212, 7.792656094325677074, 1.782964005621473502 ) ) ;
#1314 = EDGE_LOOP ( 'NONE', ( #1568, #1586, #2421, #2822 ) ) ;
#1315 = EDGE_CURVE ( 'NONE', #1939, #2221, #2242, .T. ) ;
#1316 = DIRECTION ( 'NONE',  ( -1.000000000000000000, 0.000000000000000000, 0.000000000000000000 ) ) ;
#1317 = VECTOR ( 'NONE', #857, 999.9999999999998863 ) ;
#1318 = EDGE_LOOP ( 'NONE', ( #2644, #870, #862, #1909 ) ) ;
#1319 = EDGE_CURVE ( 'NONE', #2239, #127, #410, .T. ) ;
#1320 = CARTESIAN_POINT ( 'NONE',  ( 12.69057145696500122, 2.443291689034251757, -14.01665432954429846 ) ) ;
#1321 = PRODUCT_DEFINITION_SHAPE ( 'NONE', 'NONE',  #2429 ) ;
#1322 = CARTESIAN_POINT ( 'NONE',  ( 17.94716197801559687, 0.4341730669656460040, 6.248191872241402933 ) ) ;
#1323 = ORIENTED_EDGE ( 'NONE', *, *, #1928, .F. ) ;
#1324 = CARTESIAN_POINT ( 'NONE',  ( 0.6580780664241450140, 1.466226784424167207, 6.541548686441567284 ) ) ;
#1325 = CARTESIAN_POINT ( 'NONE',  ( 4.305322977145618069, -2.464587754121953633, -18.50773487489567515 ) ) ;
#1326 = DIRECTION ( 'NONE',  ( 0.000000000000000000, 0.000000000000000000, 1.000000000000000000 ) ) ;
#1327 = CARTESIAN_POINT ( 'NONE',  ( -1.474904449120714389, -2.447372571660038520, 4.000000000000000888 ) ) ;
#1328 = CARTESIAN_POINT ( 'NONE',  ( 0.5128592906661796347, 1.439814024360603906, -9.516487960137256508 ) ) ;
#1329 = VERTEX_POINT ( 'NONE', #1819 ) ;
#1330 = CARTESIAN_POINT ( 'NONE',  ( -1.027725073217149898, -0.8571423611604386261, -3.999999999999999112 ) ) ;
#1331 = VERTEX_POINT ( 'NONE', #938 ) ;
#1332 = ORIENTED_EDGE ( 'NONE', *, *, #2230, .T. ) ;
#1333 = FACE_OUTER_BOUND ( 'NONE', #623, .T. ) ;
#1334 = CARTESIAN_POINT ( 'NONE',  ( 17.77980722208571507, 42.06345664958234920, -3.999999999999999112 ) ) ;
#1335 = CARTESIAN_POINT ( 'NONE',  ( 17.93829613881955964, 50.38235194958193830, 3.184081677783107837E-16 ) ) ;
#1336 = DIRECTION ( 'NONE',  ( -0.000000000000000000, -0.000000000000000000, -1.000000000000000000 ) ) ;
#1337 = CARTESIAN_POINT ( 'NONE',  ( -1.048445852934807770E-15, -3.000000000000000888, 9.600000000000001421 ) ) ;
#1338 = AXIS2_PLACEMENT_3D ( 'NONE', #2901, #1532, #2017 ) ;
#1339 = VECTOR ( 'NONE', #2633, 1000.000000000000000 ) ;
#1340 = CARTESIAN_POINT ( 'NONE',  ( 1.398138094387029851, 1.701667174988788611, 7.221609180966541253 ) ) ;
#1341 = VERTEX_POINT ( 'NONE', #2707 ) ;
#1342 = CARTESIAN_POINT ( 'NONE',  ( -1.378758473167077447, -1.905149365471340284, -3.999999999999999112 ) ) ;
#1343 = ORIENTED_EDGE ( 'NONE', *, *, #429, .T. ) ;
#1344 = FACE_OUTER_BOUND ( 'NONE', #1411, .T. ) ;
#1345 = ORIENTED_EDGE ( 'NONE', *, *, #1610, .F. ) ;
#1346 = CARTESIAN_POINT ( 'NONE',  ( 16.82728728809299668, 0.5590838189129480051, -8.830488660285007896 ) ) ;
#1347 = LINE ( 'NONE', #1334, #292 ) ;
#1348 = FACE_OUTER_BOUND ( 'NONE', #880, .T. ) ;
#1349 = B_SPLINE_CURVE_WITH_KNOTS ( 'NONE', 3,
 ( #1409, #2770, #918, #1388 ),
 .UNSPECIFIED., .F., .F.,
 ( 4, 4 ),
 ( 0.001951922129594237500, 0.003903844259188475867 ),
 .UNSPECIFIED. ) ;
#1350 = CARTESIAN_POINT ( 'NONE',  ( 0.000000000000000000, 3.000000000000000000, -11.20000000000001172 ) ) ;
#1351 = EDGE_CURVE ( 'NONE', #504, #1353, #1357, .T. ) ;
#1352 = CARTESIAN_POINT ( 'NONE',  ( 0.9932161078907274510, 3.042615149135271313, 5.004799257198010665 ) ) ;
#1353 = VERTEX_POINT ( 'NONE', #2468 ) ;
#1354 = DIRECTION ( 'NONE',  ( 0.9659258262890683122, -0.2588190451025210170, 0.000000000000000000 ) ) ;
#1355 = AXIS2_PLACEMENT_3D ( 'NONE', #2432, #402, #1311 ) ;
#1356 = VERTEX_POINT ( 'NONE', #232 ) ;
#1357 = LINE ( 'NONE', #1629, #2066 ) ;
#1358 = AXIS2_PLACEMENT_3D ( 'NONE', #373, #1506, #157 ) ;
#1359 = ORIENTED_EDGE ( 'NONE', *, *, #1043, .T. ) ;
#1360 = CARTESIAN_POINT ( 'NONE',  ( 1.270490495264636976, 1.648434108177759150, -7.026057440570553148 ) ) ;
#1361 = DIRECTION ( 'NONE',  ( 0.000000000000000000, 1.000000000000000000, 0.000000000000000000 ) ) ;
#1362 = CARTESIAN_POINT ( 'NONE',  ( 44.38536898125727959, 47.64404009700598408, 1.959434878635754383E-16 ) ) ;
#1363 = CARTESIAN_POINT ( 'NONE',  ( 2.360138314838716500, 3.244549083330212191, 6.263278552167279578 ) ) ;
#1364 = ORIENTED_EDGE ( 'NONE', *, *, #1836, .T. ) ;
#1365 = FACE_OUTER_BOUND ( 'NONE', #1008, .T. ) ;
#1366 = DIRECTION ( 'NONE',  ( -0.000000000000000000, 0.000000000000000000, -1.000000000000000000 ) ) ;
#1367 = ORIENTED_EDGE ( 'NONE', *, *, #215, .T. ) ;
#1368 = DIRECTION ( 'NONE',  ( 0.000000000000000000, 0.000000000000000000, 1.000000000000000000 ) ) ;
#1369 = VECTOR ( 'NONE', #2283, 1000.000000000000114 ) ;
#1370 = ORIENTED_EDGE ( 'NONE', *, *, #2675, .T. ) ;
#1371 = CARTESIAN_POINT ( 'NONE',  ( 0.5179934768803375889, 1.439569353233610016, -6.482590225281146701 ) ) ;
#1372 = DIRECTION ( 'NONE',  ( 0.000000000000000000, 0.000000000000000000, 1.000000000000000000 ) ) ;
#1373 = CARTESIAN_POINT ( 'NONE',  ( 0.000000000000000000, -3.000000000000000000, 0.000000000000000000 ) ) ;
#1374 = CARTESIAN_POINT ( 'NONE',  ( 2.805112175027181465, 3.347056082351104411, 8.206982606826018767 ) ) ;
#1375 = ORIENTED_EDGE ( 'NONE', *, *, #1319, .F. ) ;
#1376 = CONICAL_SURFACE ( 'NONE', #530, 1.599999999999993872, 0.7853981633974523868 ) ;
#1377 = CARTESIAN_POINT ( 'NONE',  ( 17.15118749382052954, 43.96748952072843508, 4.000000000000000888 ) ) ;
#1378 = CARTESIAN_POINT ( 'NONE',  ( 0.7729474019762226922, 1.491411098766326715, -6.598843719717914169 ) ) ;
#1379 = ORIENTED_EDGE ( 'NONE', *, *, #2018, .T. ) ;
#1380 = CARTESIAN_POINT ( 'NONE',  ( 25.89777747886719794, 59.22354286469244755, -19.00000000000000000 ) ) ;
#1381 = FACE_OUTER_BOUND ( 'NONE', #1099, .T. ) ;
#1382 = ORIENTED_EDGE ( 'NONE', *, *, #1513, .F. ) ;
#1383 = EDGE_CURVE ( 'NONE', #1247, #194, #500, .T. ) ;
#1384 = CARTESIAN_POINT ( 'NONE',  ( 1.579291066486643080, 1.786177150527658020, -8.261921727895373380 ) ) ;
#1385 = EDGE_CURVE ( 'NONE', #571, #2289, #792, .T. ) ;
#1386 = CARTESIAN_POINT ( 'NONE',  ( -1.048445852934807770E-15, -3.000000000000000888, 8.000000000000000000 ) ) ;
#1387 = CARTESIAN_POINT ( 'NONE',  ( 0.7729474019673502339, 1.491411098764600762, 9.401156280286983247 ) ) ;
#1388 = CARTESIAN_POINT ( 'NONE',  ( 15.18466066418488047, 42.42386643581526329, 1.951922129594238164 ) ) ;
#1389 = CARTESIAN_POINT ( 'NONE',  ( -8.464414325267429199E-15, 3.000000000000000000, 4.799999999999988276 ) ) ;
#1390 = VERTEX_POINT ( 'NONE', #1164 ) ;
#1391 = PLANE ( 'NONE',  #884 ) ;
#1392 = CARTESIAN_POINT ( 'NONE',  ( 0.05225655473599306183, 1.400000046430546874, -6.400000000000000355 ) ) ;
#1393 = EDGE_CURVE ( 'NONE', #1079, #408, #1033, .T. ) ;
#1394 = ORIENTED_EDGE ( 'NONE', *, *, #2360, .T. ) ;
#1395 = EDGE_CURVE ( 'NONE', #1541, #1127, #2444, .T. ) ;
#1396 = DIRECTION ( 'NONE',  ( -0.000000000000000000, -1.000000000000000000, 0.000000000000000000 ) ) ;
#1397 = DIRECTION ( 'NONE',  ( -0.2588190451025217942, -0.9659258262890679791, 0.000000000000000000 ) ) ;
#1398 = CARTESIAN_POINT ( 'NONE',  ( 0.7336207143245385698, 1.482281702874362006, 9.422145100813883900 ) ) ;
#1399 = EDGE_CURVE ( 'NONE', #127, #692, #479, .T. ) ;
#1400 = AXIS2_PLACEMENT_3D ( 'NONE', #1237, #1678, #1661 ) ;
#1401 = CARTESIAN_POINT ( 'NONE',  ( 1.791155378055514280, -1.995152653801258502, -3.999999999999999112 ) ) ;
#1402 = UNCERTAINTY_MEASURE_WITH_UNIT (LENGTH_MEASURE( 1.000000000000000082E-05 ), #564, 'distance_accuracy_value', 'NONE');
#1403 = CARTESIAN_POINT ( 'NONE',  ( 1.579406521219790305, 1.786234646153209038, -7.738811609063466435 ) ) ;
#1404 = VECTOR ( 'NONE', #934, 1000.000000000000114 ) ;
#1405 = CARTESIAN_POINT ( 'NONE',  ( 22.75233037772642675, 68.34857231855862381, -2.939152317953647894E-15 ) ) ;
#1406 = VECTOR ( 'NONE', #961, 1000.000000000000000 ) ;
#1407 = B_SPLINE_CURVE_WITH_KNOTS ( 'NONE', 3,
 ( #2750, #321, #2802, #59, #942, #88, #739, #1228, #1616, #992, #1898, #1649, #2508, #72 ),
 .UNSPECIFIED., .F., .F.,
 ( 4, 2, 2, 2, 2, 2, 4 ),
 ( 9.392505434340667390E-18, 0.003267798572265805633, 0.004901697858398702812, 0.006535597144531599990, 0.008169496430664495434, 0.009803395716797390011, 0.01307119428906318090 ),
 .UNSPECIFIED. ) ;
#1408 = CARTESIAN_POINT ( 'NONE',  ( 0.7035038746657890085, 1.475416204759718131, 9.437994690641495765 ) ) ;
#1409 = CARTESIAN_POINT ( 'NONE',  ( 15.15882353979744757, 42.32726185438862387, -8.893302301099598689E-22 ) ) ;
#1410 = CARTESIAN_POINT ( 'NONE',  ( 1.599601420840415233, 3.111632025583488392, 5.368807387841749268 ) ) ;
#1411 = EDGE_LOOP ( 'NONE', ( #1584, #2689 ) ) ;
#1412 = CARTESIAN_POINT ( 'NONE',  ( 14.60659923951551065, 4.848404038779007941, 10.75674718298417964 ) ) ;
#1413 = FACE_OUTER_BOUND ( 'NONE', #808, .T. ) ;
#1414 = ORIENTED_EDGE ( 'NONE', *, *, #2290, .F. ) ;
#1415 = VECTOR ( 'NONE', #2292, 1000.000000000000000 ) ;
#1416 = FACE_OUTER_BOUND ( 'NONE', #13, .T. ) ;
#1417 = CARTESIAN_POINT ( 'NONE',  ( 1.506184054723797683, -3.281927161679507599, -3.999999999999999112 ) ) ;
#1418 = FACE_OUTER_BOUND ( 'NONE', #186, .T. ) ;
#1419 = EDGE_CURVE ( 'NONE', #2912, #714, #1166, .T. ) ;
#1420 = LINE ( 'NONE', #497, #1047 ) ;
#1421 = CARTESIAN_POINT ( 'NONE',  ( 0.000000000000000000, -3.000000000000000444, 19.00000000000000000 ) ) ;
#1422 = CARTESIAN_POINT ( 'NONE',  ( 0.000000000000000000, 3.000000000000000000, 11.20000000000001172 ) ) ;
#1423 = CARTESIAN_POINT ( 'NONE',  ( 0.2907861565212080390, 1.412812750015294716, 9.573552814684621382 ) ) ;
#1424 = DIRECTION ( 'NONE',  ( -0.9659258262890680902, 0.2588190451025211836, -0.000000000000000000 ) ) ;
#1425 = DIRECTION ( 'NONE',  ( -0.2588190451025217942, -0.9659258262890679791, 0.000000000000000000 ) ) ;
#1426 = VERTEX_POINT ( 'NONE', #1139 ) ;
#1427 = DIRECTION ( 'NONE',  ( 0.9659258262890682012, -0.2588190451025211836, 0.000000000000000000 ) ) ;
#1428 = CARTESIAN_POINT ( 'NONE',  ( 0.1837924346113936624, 1.405058399983228901, -6.410371166233371554 ) ) ;
#1429 = VECTOR ( 'NONE', #457, 1000.000000000000114 ) ;
#1430 = ORIENTED_EDGE ( 'NONE', *, *, #506, .F. ) ;
#1431 = ADVANCED_FACE ( 'NONE', ( #1344, #1847 ), #450, .T. ) ;
#1432 = LINE ( 'NONE', #765, #414 ) ;
#1433 = CARTESIAN_POINT ( 'NONE',  ( 2.599313451843263234, -1.292179138524125248, 4.000000000000000888 ) ) ;
#1434 = CARTESIAN_POINT ( 'NONE',  ( 0.5179934768803373668, 1.439569353233609572, 9.517409774718865734 ) ) ;
#1435 = EDGE_CURVE ( 'NONE', #1235, #2927, #2021, .T. ) ;
#1436 = ORIENTED_EDGE ( 'NONE', *, *, #993, .T. ) ;
#1437 = CARTESIAN_POINT ( 'NONE',  ( 0.9109836515344410524, 1.527150362545312223, -9.315596306080879074 ) ) ;
#1438 = PLANE ( 'NONE',  #585 ) ;
#1439 = CARTESIAN_POINT ( 'NONE',  ( 1.590026270358601668, 1.791473042602834020, 8.207873133197582050 ) ) ;
#1440 = LINE ( 'NONE', #2339, #1874 ) ;
#1441 = SURFACE_STYLE_FILL_AREA ( #759 ) ;
#1442 = EDGE_LOOP ( 'NONE', ( #782, #764 ) ) ;
#1443 = LINE ( 'NONE', #1489, #743 ) ;
#1444 = CARTESIAN_POINT ( 'NONE',  ( 0.9969186468194205508, 1.552500022771156063, -6.748505262030819907 ) ) ;
#1445 = ORIENTED_EDGE ( 'NONE', *, *, #29, .F. ) ;
#1446 = CARTESIAN_POINT ( 'NONE',  ( 3.851859888774471706E-31, 3.000000000000000000, -8.000000000000000000 ) ) ;
#1447 = CARTESIAN_POINT ( 'NONE',  ( 1.791155378055513614, -1.995152653801257614, 4.000000000000000888 ) ) ;
#1448 = CARTESIAN_POINT ( 'NONE',  ( 1.457427284898119568, 1.728135725550631552, 8.660758295963120190 ) ) ;
#1449 = CARTESIAN_POINT ( 'NONE',  ( 3.851859888774471706E-31, -3.000000000000000888, -8.000000000000000000 ) ) ;
#1450 = CARTESIAN_POINT ( 'NONE',  ( 0.2616306603065269853, 1.410044995051651595, -9.579329131224493921 ) ) ;
#1451 = DIRECTION ( 'NONE',  ( 0.000000000000000000, 0.000000000000000000, 1.000000000000000000 ) ) ;
#1452 = CARTESIAN_POINT ( 'NONE',  ( 1.459275009735502726, 1.728986814691733986, 8.656248702601702760 ) ) ;
#1453 = AXIS2_PLACEMENT_3D ( 'NONE', #2016, #2415, #669 ) ;
#1454 = DIRECTION ( 'NONE',  ( -0.2588190451025112471, -0.9659258262890708657, 0.000000000000000000 ) ) ;
#1455 = VERTEX_POINT ( 'NONE', #2319 ) ;
#1456 = B_SPLINE_CURVE_WITH_KNOTS ( 'NONE', 3,
 ( #2547, #2500, #935, #948 ),
 .UNSPECIFIED., .F., .F.,
 ( 4, 4 ),
 ( 0.001951922129481411736, 0.003903844258962823471 ),
 .UNSPECIFIED. ) ;
#1457 = LINE ( 'NONE', #600, #2637 ) ;
#1458 = CARTESIAN_POINT ( 'NONE',  ( 1.578713801626012936, 1.785899619666905691, -8.261454129494580911 ) ) ;
#1459 = ADVANCED_FACE ( 'NONE', ( #1210 ), #2764, .F. ) ;
#1460 = EDGE_LOOP ( 'NONE', ( #2058, #2273, #2895, #257, #2853, #453, #619 ) ) ;
#1461 = DIRECTION ( 'NONE',  ( 0.000000000000000000, 0.000000000000000000, 1.000000000000000000 ) ) ;
#1462 = CARTESIAN_POINT ( 'NONE',  ( 1.499998255204940012, -3.110334743472370267, 4.000000000000000888 ) ) ;
#1463 = ORIENTED_EDGE ( 'NONE', *, *, #2404, .F. ) ;
#1464 = DIRECTION ( 'NONE',  ( 0.000000000000000000, 0.000000000000000000, 1.000000000000000000 ) ) ;
#1465 = CARTESIAN_POINT ( 'NONE',  ( 0.9953164231071558454, 1.551949105631245329, -9.253011401907667022 ) ) ;
#1466 = CARTESIAN_POINT ( 'NONE',  ( 15.98063252372111620, 5.211539670704743443, -7.955596829307512330 ) ) ;
#1467 = CARTESIAN_POINT ( 'NONE',  ( 1.155943720296904731, 1.605436398382788843, 6.893638384605923264 ) ) ;
#1468 = CARTESIAN_POINT ( 'NONE',  ( -8.000000000000000000, 3.000000000000000000, 9.797174393178823685E-16 ) ) ;
#1469 =( NAMED_UNIT ( * ) SI_UNIT ( $, .STERADIAN. ) SOLID_ANGLE_UNIT ( ) );
#1470 = SURFACE_STYLE_USAGE ( .BOTH. , #2590 ) ;
#1471 = ORIENTED_EDGE ( 'NONE', *, *, #2886, .T. ) ;
#1472 = DIRECTION ( 'NONE',  ( 0.000000000000000000, -0.000000000000000000, -1.000000000000000000 ) ) ;
#1473 = CARTESIAN_POINT ( 'NONE',  ( 1.085935896263980238, 1.581109480007569790, -9.175339623188516924 ) ) ;
#1474 = ORIENTED_EDGE ( 'NONE', *, *, #904, .F. ) ;
#1475 = CARTESIAN_POINT ( 'NONE',  ( 16.71728881316775528, 42.34815759919511891, 4.000000000000000888 ) ) ;
#1476 = CARTESIAN_POINT ( 'NONE',  ( 1.499998255204940900, -3.110334743472370267, -3.999999999999999112 ) ) ;
#1477 = CARTESIAN_POINT ( 'NONE',  ( -1.419596293111307751E-16, 1.399999999999972378, 6.399999999999999467 ) ) ;
#1478 = CARTESIAN_POINT ( 'NONE',  ( 22.61362966948436437, 60.10352761804102073, 0.000000000000000000 ) ) ;
#1479 =( GEOMETRIC_REPRESENTATION_CONTEXT ( 3 ) GLOBAL_UNCERTAINTY_ASSIGNED_CONTEXT ( ( #1402 ) ) GLOBAL_UNIT_ASSIGNED_CONTEXT ( ( #564, #2862, #1469 ) ) REPRESENTATION_CONTEXT ( 'NONE', 'WORKASPACE' ) );
#1480 = CARTESIAN_POINT ( 'NONE',  ( 0.3641314880736645221, 1.419841415600831214, -9.558890385261662459 ) ) ;
#1481 = CIRCLE ( 'NONE', #1625, 4.599999999999924150 ) ;
#1482 = AXIS2_PLACEMENT_3D ( 'NONE', #2365, #1241, #2150 ) ;
#1483 = CARTESIAN_POINT ( 'NONE',  ( 12.51833388172151729, 4.921910714393161079, 13.31884044740727724 ) ) ;
#1484 = DIRECTION ( 'NONE',  ( 0.000000000000000000, 0.7071067811865511255, 0.7071067811865440200 ) ) ;
#1485 = ADVANCED_FACE ( 'NONE', ( #766 ), #1705, .F. ) ;
#1486 = CARTESIAN_POINT ( 'NONE',  ( 1.516998305220604193, 1.755854987348972385, 8.511322866995062242 ) ) ;
#1487 = CARTESIAN_POINT ( 'NONE',  ( 22.75233037772640188, 68.34857231855862381, -2.939152317953647894E-15 ) ) ;
#1488 = ORIENTED_EDGE ( 'NONE', *, *, #1201, .F. ) ;
#1489 = CARTESIAN_POINT ( 'NONE',  ( 20.98021562191928879, 40.87095216520013707, 19.00000000000000000 ) ) ;
#1490 = CARTESIAN_POINT ( 'NONE',  ( 1.469017028653172741, 1.733458659364153664, -7.365858940588176473 ) ) ;
#1491 = AXIS2_PLACEMENT_3D ( 'NONE', #11, #1820, #1559 ) ;
#1492 = VERTEX_POINT ( 'NONE', #2129 ) ;
#1493 = CARTESIAN_POINT ( 'NONE',  ( 2.599313451843263234, -1.292179138524125248, 4.000000000000000888 ) ) ;
#1494 = ADVANCED_FACE ( 'NONE', ( #114 ), #2798, .T. ) ;
#1495 = CARTESIAN_POINT ( 'NONE',  ( 0.05305762251884785924, 1.400000117442378178, 6.400001483853903217 ) ) ;
#1496 = ADVANCED_FACE ( 'NONE', ( #2567 ), #1769, .F. ) ;
#1497 = ORIENTED_EDGE ( 'NONE', *, *, #1967, .T. ) ;
#1498 = PLANE ( 'NONE',  #1524 ) ;
#1499 = CARTESIAN_POINT ( 'NONE',  ( 1.854442247147302991, 3.150148728060961467, -10.40612510231061627 ) ) ;
#1500 = CARTESIAN_POINT ( 'NONE',  ( 18.99904788589036286, 0.3206092919828417154, 1.522196568088412416 ) ) ;
#1501 = CARTESIAN_POINT ( 'NONE',  ( 14.24763180642950999, 3.067570565143811212, -12.59645351145314685 ) ) ;
#1502 = CARTESIAN_POINT ( 'NONE',  ( 1.444083139882023525, 1.722045890799658752, 8.689705943541376598 ) ) ;
#1503 = CARTESIAN_POINT ( 'NONE',  ( 25.89777747886719439, 59.22354286469244755, 19.00000000000000000 ) ) ;
#1504 = VECTOR ( 'NONE', #2402, 1000.000000000000114 ) ;
#1505 = LINE ( 'NONE', #211, #452 ) ;
#1506 = DIRECTION ( 'NONE',  ( -0.000000000000000000, 1.000000000000000000, -0.000000000000000000 ) ) ;
#1507 = CARTESIAN_POINT ( 'NONE',  ( 1.345198900597497582, 1.679028494667107907, -8.866308631908669469 ) ) ;
#1508 = ORIENTED_EDGE ( 'NONE', *, *, #2776, .F. ) ;
#1509 = FACE_OUTER_BOUND ( 'NONE', #1860, .T. ) ;
#1510 = CARTESIAN_POINT ( 'NONE',  ( 0.5156578550190704657, 1.440236715971993320, 6.484452999583191435 ) ) ;
#1511 = ORIENTED_EDGE ( 'NONE', *, *, #2438, .F. ) ;
#1512 = DIRECTION ( 'NONE',  ( -0.9659258262890682012, 0.2588190451025212391, 0.000000000000000000 ) ) ;
#1513 = EDGE_CURVE ( 'NONE', #1655, #272, #781, .T. ) ;
#1514 = CARTESIAN_POINT ( 'NONE',  ( 19.00044065909528967, 2.999993003038287309, -0.7196802720485534488 ) ) ;
#1515 = CARTESIAN_POINT ( 'NONE',  ( 11.58346899431724353, 3.093465630444570458, -15.06656866302218667 ) ) ;
#1516 = CARTESIAN_POINT ( 'NONE',  ( 0.1036713239460667763, 1.400000229475193647, 6.400000000000000355 ) ) ;
#1517 = CARTESIAN_POINT ( 'NONE',  ( 3.780752982216253777, -2.589076569800273120, -18.62197527182415868 ) ) ;
#1518 = CARTESIAN_POINT ( 'NONE',  ( 0.9084973691550516373, 3.034646900569172967, 4.964691282136452166 ) ) ;
#1519 = AXIS2_PLACEMENT_3D ( 'NONE', #1714, #90, #979 ) ;
#1520 = PLANE ( 'NONE',  #1093 ) ;
#1521 = CARTESIAN_POINT ( 'NONE',  ( 1.590026270358223304, 1.791473042602835353, -7.792126866800509255 ) ) ;
#1522 = CIRCLE ( 'NONE', #622, 1.599999999999993872 ) ;
#1523 = ORIENTED_EDGE ( 'NONE', *, *, #1006, .F. ) ;
#1524 = AXIS2_PLACEMENT_3D ( 'NONE', #577, #841, #594 ) ;
#1525 = ADVANCED_FACE ( 'NONE', ( #1856 ), #1871, .F. ) ;
#1526 = CARTESIAN_POINT ( 'NONE',  ( 17.69606781253645877, 41.75093691854871025, 19.00000000000000000 ) ) ;
#1527 = ORIENTED_EDGE ( 'NONE', *, *, #1088, .T. ) ;
#1528 = DIRECTION ( 'NONE',  ( 1.000000000000000000, 0.000000000000000000, 0.000000000000000000 ) ) ;
#1529 = CARTESIAN_POINT ( 'NONE',  ( 15.18466066418488047, 42.42386643581526329, 1.951922129594238164 ) ) ;
#1530 = AXIS2_PLACEMENT_3D ( 'NONE', #1785, #1592, #1565 ) ;
#1531 = DIRECTION ( 'NONE',  ( -0.000000000000000000, -0.000000000000000000, -1.000000000000000000 ) ) ;
#1532 = DIRECTION ( 'NONE',  ( 0.000000000000000000, 1.000000000000000000, 0.000000000000000000 ) ) ;
#1533 = B_SPLINE_CURVE_WITH_KNOTS ( 'NONE', 3,
 ( #590, #1493, #1252, #2160, #1038, #128, #1273, #376, #161, #1971 ),
 .UNSPECIFIED., .F., .F.,
 ( 4, 2, 2, 2, 4 ),
 ( 0.9055017804688848537, 0.9437384412167819647, 0.9628567715907305757, 0.9724159367777047702, 0.9819751016477932248 ),
 .UNSPECIFIED. ) ;
#1534 = FACE_OUTER_BOUND ( 'NONE', #268, .T. ) ;
#1535 = ADVANCED_FACE ( 'NONE', ( #1639, #700, #1365 ), #1391, .T. ) ;
#1536 = CARTESIAN_POINT ( 'NONE',  ( -1.474904449120713501, -2.447372571660038520, -3.999999999999999112 ) ) ;
#1537 = CARTESIAN_POINT ( 'NONE',  ( 15.75432322998325141, 6.863658264094642192, -6.192781179136541247 ) ) ;
#1538 = EDGE_CURVE ( 'NONE', #1356, #2051, #1929, .T. ) ;
#1539 = EDGE_LOOP ( 'NONE', ( #2359, #8, #2109, #1827, #649, #2731 ) ) ;
#1540 = CARTESIAN_POINT ( 'NONE',  ( 0.000000000000000000, -3.000000000000000000, -19.00000000000000000 ) ) ;
#1541 = VERTEX_POINT ( 'NONE', #254 ) ;
#1542 = CARTESIAN_POINT ( 'NONE',  ( 12.85354451360035455, 2.617310314714306863, -13.82732856602960680 ) ) ;
#1543 = CARTESIAN_POINT ( 'NONE',  ( 2.700576797654260730, 3.321301367882272260, -8.883764541561935957 ) ) ;
#1544 = CARTESIAN_POINT ( 'NONE',  ( 13.40460560953292912, 5.004585905210598540, 12.28202180540098887 ) ) ;
#1545 = VERTEX_POINT ( 'NONE', #1656 ) ;
#1546 = CARTESIAN_POINT ( 'NONE',  ( 0.9714825959307636927, 1.544714864096781159, 6.728422549841848621 ) ) ;
#1547 = CARTESIAN_POINT ( 'NONE',  ( 1.108004183443910939, -3.000000000000001332, -19.00000000000000355 ) ) ;
#1548 = CARTESIAN_POINT ( 'NONE',  ( 22.10843504778828716, 58.21811562216070968, -19.00000000000000000 ) ) ;
#1549 = DIRECTION ( 'NONE',  ( -1.000000000000000000, 0.000000000000000000, 0.000000000000000000 ) ) ;
#1550 = CARTESIAN_POINT ( 'NONE',  ( 0.4374155218569454884, 1.429140471820776082, -9.539271827051539532 ) ) ;
#1551 = VECTOR ( 'NONE', #2718, 999.9999999999998863 ) ;
#1552 = ORIENTED_EDGE ( 'NONE', *, *, #476, .F. ) ;
#1553 = CARTESIAN_POINT ( 'NONE',  ( -0.7521008947143140722, -0.3607238490283710686, 4.000000000000000888 ) ) ;
#1554 = EDGE_CURVE ( 'NONE', #244, #1803, #1883, .T. ) ;
#1555 = CIRCLE ( 'NONE', #1598, 1.600000000000007194 ) ;
#1556 = ORIENTED_EDGE ( 'NONE', *, *, #907, .T. ) ;
#1557 = B_SPLINE_CURVE_WITH_KNOTS ( 'NONE', 3,
 ( #1095, #2437, #2663, #409, #2884, #1542, #1320, #638, #2222, #190 ),
 .UNSPECIFIED., .F., .F.,
 ( 4, 2, 2, 2, 4 ),
 ( 0.000000000000000000, 0.003583822796049213923, 0.004479778495061520656, 0.005375734194073828257, 0.007167645592098445192 ),
 .UNSPECIFIED. ) ;
#1558 = CARTESIAN_POINT ( 'NONE',  ( 0.09316418381862777431, 3.000000103108896532, -11.19999703229219534 ) ) ;
#1559 = DIRECTION ( 'NONE',  ( 0.000000000000000000, 0.000000000000000000, 1.000000000000000000 ) ) ;
#1560 = VERTEX_POINT ( 'NONE', #2739 ) ;
#1561 = DIRECTION ( 'NONE',  ( 0.2588190451025190741, 0.9659258262890686453, 0.000000000000000000 ) ) ;
#1562 = CARTESIAN_POINT ( 'NONE',  ( -8.000000000000000000, -3.000000000000000888, 9.797174393178823685E-16 ) ) ;
#1563 = CARTESIAN_POINT ( 'NONE',  ( 0.1864808277951219284, 3.000000000000001776, 11.19999441191303724 ) ) ;
#1564 = CARTESIAN_POINT ( 'NONE',  ( -0.7521008947143140722, -0.3607238490283710686, 4.000000000000000888 ) ) ;
#1565 = DIRECTION ( 'NONE',  ( 5.517193682775766791E-16, -1.000000000000000000, 0.000000000000000000 ) ) ;
#1566 = CARTESIAN_POINT ( 'NONE',  ( 0.1860085481774259863, 3.001132249777128447, 11.19472863362105208 ) ) ;
#1567 = ADVANCED_FACE ( 'NONE', ( #33 ), #1607, .F. ) ;
#1568 = ORIENTED_EDGE ( 'NONE', *, *, #2467, .F. ) ;
#1569 = CARTESIAN_POINT ( 'NONE',  ( -1.307689508199596062, -1.638233519085520840, 4.000000000000000888 ) ) ;
#1570 = VERTEX_POINT ( 'NONE', #2287 ) ;
#1571 = FACE_OUTER_BOUND ( 'NONE', #1891, .T. ) ;
#1572 = CARTESIAN_POINT ( 'NONE',  ( 0.000000000000000000, 3.000000000000000000, 4.799999999999988276 ) ) ;
#1573 = VERTEX_POINT ( 'NONE', #2329 ) ;
#1574 = APPLICATION_CONTEXT ( 'automotive_design' ) ;
#1575 = PLANE ( 'NONE',  #2829 ) ;
#1576 = DIRECTION ( 'NONE',  ( 0.9659258262890682012, -0.2588190451025212391, -0.000000000000000000 ) ) ;
#1577 = EDGE_CURVE ( 'NONE', #2371, #282, #242, .T. ) ;
#1578 = AXIS2_PLACEMENT_3D ( 'NONE', #2788, #758, #2061 ) ;
#1579 = CARTESIAN_POINT ( 'NONE',  ( -1.500011879746314669, -3.240965777316010321, 4.000000000000000888 ) ) ;
#1580 = DIRECTION ( 'NONE',  ( 0.000000000000000000, 0.000000000000000000, 1.000000000000000000 ) ) ;
#1581 = AXIS2_PLACEMENT_3D ( 'NONE', #2471, #832, #1965 ) ;
#1582 = AXIS2_PLACEMENT_3D ( 'NONE', #1405, #1682, #103 ) ;
#1583 = CARTESIAN_POINT ( 'NONE',  ( 2.519498667177774820, 3.279128926670668243, 9.416810754912487980 ) ) ;
#1584 = ORIENTED_EDGE ( 'NONE', *, *, #2816, .T. ) ;
#1585 = CARTESIAN_POINT ( 'NONE',  ( 22.28174379598454635, 51.91024672654392447, 0.000000000000000000 ) ) ;
#1586 = ORIENTED_EDGE ( 'NONE', *, *, #2451, .F. ) ;
#1587 = CARTESIAN_POINT ( 'NONE',  ( 0.7309103568566389653, 3.021793807462715975, -11.09699580803010122 ) ) ;
#1588 = EDGE_CURVE ( 'NONE', #345, #2584, #299, .T. ) ;
#1589 = EDGE_LOOP ( 'NONE', ( #2149, #647, #2631, #2827 ) ) ;
#1590 = CARTESIAN_POINT ( 'NONE',  ( 0.1849584594452559627, 1.405113420970280469, -6.410504675780119399 ) ) ;
#1591 = CARTESIAN_POINT ( 'NONE',  ( 0.5893727072220291685, 1.453079550326634273, 9.487555486554340334 ) ) ;
#1592 = DIRECTION ( 'NONE',  ( 0.000000000000000000, 0.000000000000000000, 1.000000000000000000 ) ) ;
#1593 = CARTESIAN_POINT ( 'NONE',  ( 2.804778429718264743, 3.346972170596370866, 7.787975406064965078 ) ) ;
#1594 = ORIENTED_EDGE ( 'NONE', *, *, #2206, .T. ) ;
#1595 = CARTESIAN_POINT ( 'NONE',  ( 20.10222252113278429, 60.77645713530756666, 0.000000000000000000 ) ) ;
#1596 = EDGE_LOOP ( 'NONE', ( #2340, #2204, #1921, #687, #1050, #2761, #253, #909 ) ) ;
#1597 = DIRECTION ( 'NONE',  ( 0.9659258262890683122, -0.2588190451025210170, 0.000000000000000000 ) ) ;
#1598 = AXIS2_PLACEMENT_3D ( 'NONE', #27, #485, #2524 ) ;
#1599 = PRODUCT_RELATED_PRODUCT_CATEGORY ( 'part', '', ( #2876 ) ) ;
#1600 = PLANE ( 'NONE',  #2762 ) ;
#1601 = ORIENTED_EDGE ( 'NONE', *, *, #2108, .F. ) ;
#1602 = CARTESIAN_POINT ( 'NONE',  ( 0.4182531230839338643, 1.425099216754896814, -6.452084193883748320 ) ) ;
#1603 = CARTESIAN_POINT ( 'NONE',  ( 1.157679168227791155, 1.605976774532464901, 9.105036019161756755 ) ) ;
#1604 = CYLINDRICAL_SURFACE ( 'NONE', #478, 19.09999999999999432 ) ;
#1605 = CARTESIAN_POINT ( 'NONE',  ( 2.737351430068724056, 3.330235039970058430, 8.727874465619473554 ) ) ;
#1606 = ORIENTED_EDGE ( 'NONE', *, *, #928, .T. ) ;
#1607 = PLANE ( 'NONE',  #1645 ) ;
#1608 = CARTESIAN_POINT ( 'NONE',  ( 1.867506953999593031E-15, 1.399999999999972156, -6.399999999999999467 ) ) ;
#1609 = ORIENTED_EDGE ( 'NONE', *, *, #1794, .F. ) ;
#1610 = EDGE_CURVE ( 'NONE', #2927, #1235, #2400, .T. ) ;
#1611 = DIRECTION ( 'NONE',  ( -0.9659258262890682012, 0.2588190451025212391, 0.000000000000000000 ) ) ;
#1612 = VECTOR ( 'NONE', #2388, 1000.000000000000114 ) ;
#1613 = CARTESIAN_POINT ( 'NONE',  ( 12.74147236448679088, 3.084895315189103648, 14.17623316109425957 ) ) ;
#1614 = DIRECTION ( 'NONE',  ( 0.000000000000000000, 0.000000000000000000, 1.000000000000000000 ) ) ;
#1615 = CARTESIAN_POINT ( 'NONE',  ( 0.1059331057245582741, 1.401289647562004470, -6.402635683189184412 ) ) ;
#1616 = CARTESIAN_POINT ( 'NONE',  ( 7.269083141787652025, -1.427948247339520194, 17.56160523930859796 ) ) ;
#1617 = EDGE_CURVE ( 'NONE', #1036, #1247, #269, .T. ) ;
#1618 = CARTESIAN_POINT ( 'NONE',  ( 0.9105018488977587587, 1.527030428245886862, 9.315876094861112122 ) ) ;
#1619 = CARTESIAN_POINT ( 'NONE',  ( 15.84654673471526820, 5.202004145354843345, -8.257335943062418693 ) ) ;
#1620 = CARTESIAN_POINT ( 'NONE',  ( 2.384941428387933993, 3.249778502778573941, 6.307814283013954082 ) ) ;
#1621 = ADVANCED_FACE ( 'NONE', ( #2080 ), #460, .T. ) ;
#1622 = ORIENTED_EDGE ( 'NONE', *, *, #1793, .T. ) ;
#1623 = CARTESIAN_POINT ( 'NONE',  ( 3.851859888774471706E-31, 3.000000000000000000, -8.000000000000000000 ) ) ;
#1624 = CARTESIAN_POINT ( 'NONE',  ( 0.9779349090126810973, 1.546692565168603206, -6.733519954858095069 ) ) ;
#1625 = AXIS2_PLACEMENT_3D ( 'NONE', #196, #1576, #1977 ) ;
#1626 = EDGE_CURVE ( 'NONE', #1091, #1945, #2529, .T. ) ;
#1627 = ORIENTED_EDGE ( 'NONE', *, *, #1577, .F. ) ;
#1628 = CARTESIAN_POINT ( 'NONE',  ( 48.11236323073359245, 61.55337199556858252, -2.939152317953647894E-15 ) ) ;
#1629 = CARTESIAN_POINT ( 'NONE',  ( 2.416626265427431530, -2.999999999999999556, 4.000000000000000888 ) ) ;
#1630 = CARTESIAN_POINT ( 'NONE',  ( 0.4182531230839345859, 1.425099216754893039, 9.547915806116259674 ) ) ;
#1631 = LINE ( 'NONE', #2813, #393 ) ;
#1632 = CARTESIAN_POINT ( 'NONE',  ( 0.9343493086552207005, 1.533575463663733096, -6.700116042862665822 ) ) ;
#1633 = AXIS2_PLACEMENT_3D ( 'NONE', #370, #2602, #2398 ) ;
#1634 = DIRECTION ( 'NONE',  ( -1.000000000000000000, 0.000000000000000000, 0.000000000000000000 ) ) ;
#1635 = CARTESIAN_POINT ( 'NONE',  ( 15.18466066418487692, 42.42386643581527750, -19.00000000000000000 ) ) ;
#1636 = CARTESIAN_POINT ( 'NONE',  ( 14.77948587179835904, 5.120545517003722402, 10.24104081556607149 ) ) ;
#1637 = CARTESIAN_POINT ( 'NONE',  ( 22.75233037772642675, 68.34857231855862381, -2.939152317953647894E-15 ) ) ;
#1638 = ORIENTED_EDGE ( 'NONE', *, *, #2659, .F. ) ;
#1639 = FACE_BOUND ( 'NONE', #946, .T. ) ;
#1640 = CARTESIAN_POINT ( 'NONE',  ( 0.9620124299173411497, 1.541943754753606122, -6.721445827521914218 ) ) ;
#1641 = ORIENTED_EDGE ( 'NONE', *, *, #1399, .T. ) ;
#1642 = LINE ( 'NONE', #1677, #654 ) ;
#1643 = CARTESIAN_POINT ( 'NONE',  ( 1.573146887651403869, -2.492096640549263942, -3.999999999999999112 ) ) ;
#1644 = CARTESIAN_POINT ( 'NONE',  ( 0.05305921499297007460, 1.400000047143720394, 9.599998604078507469 ) ) ;
#1645 = AXIS2_PLACEMENT_3D ( 'NONE', #712, #1828, #2726 ) ;
#1646 = DIRECTION ( 'NONE',  ( 0.9659258262890680902, -0.2588190451025210170, -0.000000000000000000 ) ) ;
#1647 = CARTESIAN_POINT ( 'NONE',  ( 1.435085406002290176, 1.717949188782682990, -8.709399964155590368 ) ) ;
#1648 = AXIS2_PLACEMENT_3D ( 'NONE', #2110, #834, #2341 ) ;
#1649 = CARTESIAN_POINT ( 'NONE',  ( 9.910255870887919372, 0.03983865193472728439, 16.23992575185621945 ) ) ;
#1650 = VECTOR ( 'NONE', #1922, 1000.000000000000114 ) ;
#1651 = CARTESIAN_POINT ( 'NONE',  ( 0.2101269101259581606, 1.406639122409842679, 9.586365231286682942 ) ) ;
#1652 = CARTESIAN_POINT ( 'NONE',  ( 17.16906849059721907, 5.290908335653359273, -4.456325079621803020 ) ) ;
#1653 = EDGE_CURVE ( 'NONE', #1221, #1070, #2546, .T. ) ;
#1654 = DIRECTION ( 'NONE',  ( -0.000000000000000000, 1.000000000000000000, -0.000000000000000000 ) ) ;
#1655 = VERTEX_POINT ( 'NONE', #1206 ) ;
#1656 = CARTESIAN_POINT ( 'NONE',  ( -1.419596293111310216E-16, 1.399999999999972600, 6.399999999999999467 ) ) ;
#1657 = CARTESIAN_POINT ( 'NONE',  ( 1.227807892184832328, 1.632032650053340417, -6.974073795603588088 ) ) ;
#1658 = EDGE_CURVE ( 'NONE', #856, #1226, #9, .T. ) ;
#1659 = VERTEX_POINT ( 'NONE', #1673 ) ;
#1660 = LINE ( 'NONE', #1690, #1216 ) ;
#1661 = DIRECTION ( 'NONE',  ( -0.2588190451025211836, -0.9659258262890680902, 0.000000000000000000 ) ) ;
#1662 = STYLED_ITEM ( 'NONE', ( #2122 ), #833 ) ;
#1663 = DIRECTION ( 'NONE',  ( -0.2588190451025211836, -0.9659258262890680902, 0.000000000000000000 ) ) ;
#1664 = CARTESIAN_POINT ( 'NONE',  ( 1.758243559768726591E-15, 2.999999999999995115, -4.799999999999967848 ) ) ;
#1665 = CARTESIAN_POINT ( 'NONE',  ( 16.63354940361550405, 42.03563786815028891, 4.000000000000000888 ) ) ;
#1666 = CIRCLE ( 'NONE', #514, 18.99999999999999645 ) ;
#1667 = EDGE_CURVE ( 'NONE', #1573, #1708, #132, .T. ) ;
#1668 = CARTESIAN_POINT ( 'NONE',  ( 1.563959915297337133, 1.778617208647500281, 8.338735231543955351 ) ) ;
#1669 = DIRECTION ( 'NONE',  ( 0.000000000000000000, 0.000000000000000000, 1.000000000000000000 ) ) ;
#1670 = PLANE ( 'NONE',  #1578 ) ;
#1671 = DIRECTION ( 'NONE',  ( 0.000000000000000000, 0.000000000000000000, -1.000000000000000000 ) ) ;
#1672 = ORIENTED_EDGE ( 'NONE', *, *, #2360, .F. ) ;
#1673 = CARTESIAN_POINT ( 'NONE',  ( 18.21370590273945922, 43.68278857111921809, 4.000000000000000888 ) ) ;
#1674 = CARTESIAN_POINT ( 'NONE',  ( 1.212777309894618183, 1.626323380520407591, -6.956312990624250681 ) ) ;
#1675 = AXIS2_PLACEMENT_3D ( 'NONE', #906, #169, #2495 ) ;
#1676 = ORIENTED_EDGE ( 'NONE', *, *, #1011, .F. ) ;
#1677 = CARTESIAN_POINT ( 'NONE',  ( -8.525023650712311977E-16, -3.000000000000000888, 6.399999999999999467 ) ) ;
#1678 = DIRECTION ( 'NONE',  ( -0.9659258262890682012, 0.2588190451025212391, 0.000000000000000000 ) ) ;
#1679 = CARTESIAN_POINT ( 'NONE',  ( 1.359233693701878520, 1.684816192666827694, 8.845686826953389925 ) ) ;
#1680 = DIRECTION ( 'NONE',  ( -0.9659258262890682012, 0.2588190451025212391, 0.000000000000000000 ) ) ;
#1681 = CARTESIAN_POINT ( 'NONE',  ( 2.433768888734933800, 3.260170264900413617, -6.398008441390395262 ) ) ;
#1682 = DIRECTION ( 'NONE',  ( 0.9659258262890677571, -0.2588190451025225713, 0.000000000000000000 ) ) ;
#1683 = EDGE_CURVE ( 'NONE', #2328, #814, #2916, .T. ) ;
#1684 = CARTESIAN_POINT ( 'NONE',  ( 1.323870008378521312, 1.670161140740351380, 8.898556394782822565 ) ) ;
#1685 =( NAMED_UNIT ( * ) SI_UNIT ( $, .STERADIAN. ) SOLID_ANGLE_UNIT ( ) );
#1686 = EDGE_LOOP ( 'NONE', ( #2159, #1041, #117, #2729 ) ) ;
#1687 = CARTESIAN_POINT ( 'NONE',  ( 43.97125850909324640, 46.09855877494348420, 0.000000000000000000 ) ) ;
#1688 = CARTESIAN_POINT ( 'NONE',  ( 1.459386409371019599, 1.728998002249277688, -8.657562519912378463 ) ) ;
#1689 = ORIENTED_EDGE ( 'NONE', *, *, #605, .F. ) ;
#1690 = CARTESIAN_POINT ( 'NONE',  ( -8.000000000000000000, 3.000000000000000000, -3.200000000000010392 ) ) ;
#1691 = CARTESIAN_POINT ( 'NONE',  ( 20.04896497269033162, 43.19103238543057444, 4.000000000000000888 ) ) ;
#1692 = ORIENTED_EDGE ( 'NONE', *, *, #950, .F. ) ;
#1693 = LINE ( 'NONE', #1738, #822 ) ;
#1694 = CARTESIAN_POINT ( 'NONE',  ( 0.1056496603093224074, 1.401287894097472231, -9.597367699668119201 ) ) ;
#1695 = AXIS2_PLACEMENT_3D ( 'NONE', #2084, #259, #680 ) ;
#1696 = CARTESIAN_POINT ( 'NONE',  ( 16.19639039322491314, 0.6313303236635369187, -9.940635817362004190 ) ) ;
#1697 = CARTESIAN_POINT ( 'NONE',  ( 1.362425486547242492, 1.686139631824386420, 8.840909980201407947 ) ) ;
#1698 = CARTESIAN_POINT ( 'NONE',  ( 17.93829613881951701, 50.38235194958200935, 3.184081677783036839E-16 ) ) ;
#1699 = FILL_AREA_STYLE_COLOUR ( '', #2650 ) ;
#1700 = VERTEX_POINT ( 'NONE', #1048 ) ;
#1701 = CARTESIAN_POINT ( 'NONE',  ( 0.000000000000000000, 3.000000000000000000, 11.20000000000001172 ) ) ;
#1702 = CARTESIAN_POINT ( 'NONE',  ( 1.107737868424350181, 1.588468919707743510, -9.155006737613179624 ) ) ;
#1703 = ORIENTED_EDGE ( 'NONE', *, *, #2439, .F. ) ;
#1704 = CARTESIAN_POINT ( 'NONE',  ( 26.83695898978890426, 68.91054126923154399, -2.939152317953647894E-15 ) ) ;
#1705 = PLANE ( 'NONE',  #2532 ) ;
#1706 = CARTESIAN_POINT ( 'NONE',  ( 0.9095477179219739750, 3.034740027164041898, 11.03481954958538402 ) ) ;
#1707 = EDGE_CURVE ( 'NONE', #1902, #692, #365, .T. ) ;
#1708 = VERTEX_POINT ( 'NONE', #1034 ) ;
#1709 = LINE ( 'NONE', #2380, #2418 ) ;
#1710 = CARTESIAN_POINT ( 'NONE',  ( 2.661797520849596310, 3.311987276895070220, -6.970944836042676229 ) ) ;
#1711 = CARTESIAN_POINT ( 'NONE',  ( 17.49770556840015345, 5.310842448200900456, -2.605953160461946805 ) ) ;
#1712 = DIRECTION ( 'NONE',  ( 0.000000000000000000, -1.000000000000000000, -0.000000000000000000 ) ) ;
#1713 = CARTESIAN_POINT ( 'NONE',  ( 1.578713801626565383, 1.785899619666908356, 7.738545870508671598 ) ) ;
#1714 = CARTESIAN_POINT ( 'NONE',  ( 119.3617870145261435, 14.50968956044623681, 19.00000000000000000 ) ) ;
#1715 = ORIENTED_EDGE ( 'NONE', *, *, #1130, .F. ) ;
#1716 = ADVANCED_FACE ( 'NONE', ( #551 ), #1000, .F. ) ;
#1717 = DIRECTION ( 'NONE',  ( -0.000000000000000000, -0.000000000000000000, -1.000000000000000000 ) ) ;
#1718 = CARTESIAN_POINT ( 'NONE',  ( 1.332690458259054411, 1.673812199160131131, -8.885420513651142826 ) ) ;
#1719 = EDGE_CURVE ( 'NONE', #194, #1700, #587, .T. ) ;
#1720 = VERTEX_POINT ( 'NONE', #359 ) ;
#1721 = DIRECTION ( 'NONE',  ( 0.000000000000000000, -0.000000000000000000, -1.000000000000000000 ) ) ;
#1722 = CARTESIAN_POINT ( 'NONE',  ( 1.269079723111426139, 1.647876735999975528, 7.024223432623472263 ) ) ;
#1723 = ORIENTED_EDGE ( 'NONE', *, *, #337, .T. ) ;
#1724 = CARTESIAN_POINT ( 'NONE',  ( 16.63354940361550405, 42.03563786815028891, 4.000000000000000888 ) ) ;
#1725 = CARTESIAN_POINT ( 'NONE',  ( 0.6623206520893556437, 1.466735609055080047, -9.457413135086920164 ) ) ;
#1726 = AXIS2_PLACEMENT_3D ( 'NONE', #2639, #846, #1296 ) ;
#1727 = AXIS2_PLACEMENT_3D ( 'NONE', #1962, #580, #335 ) ;
#1728 = CARTESIAN_POINT ( 'NONE',  ( 17.55652860161625028, 0.4771894077549456714, 7.302766764077776251 ) ) ;
#1729 = CARTESIAN_POINT ( 'NONE',  ( 11.24312979411560498, 1.249859003755912079, -15.31639750178447912 ) ) ;
#1730 = CARTESIAN_POINT ( 'NONE',  ( 1.240665235778560804, 1.636967080519207363, 6.989671987344267201 ) ) ;
#1731 = CARTESIAN_POINT ( 'NONE',  ( 2.454721892591680721, 3.263881776389461642, 9.612015752563241477 ) ) ;
#1732 = CARTESIAN_POINT ( 'NONE',  ( 17.77980722208571507, 42.06345664958234920, 4.000000000000000888 ) ) ;
#1733 = CARTESIAN_POINT ( 'NONE',  ( 1.390402671004499879, 1.698192079628440210, -7.206576325581958820 ) ) ;
#1734 = ORIENTED_EDGE ( 'NONE', *, *, #1395, .T. ) ;
#1735 = DIRECTION ( 'NONE',  ( -0.000000000000000000, 1.000000000000000000, -0.000000000000000000 ) ) ;
#1736 = EDGE_CURVE ( 'NONE', #1256, #814, #1443, .T. ) ;
#1737 = CARTESIAN_POINT ( 'NONE',  ( 0.9745253185280779995, 1.545624548275953636, 6.730751792067047212 ) ) ;
#1738 = CARTESIAN_POINT ( 'NONE',  ( 13.00968956043620217, 14.50968956043968383, -3.999999999999999112 ) ) ;
#1739 = CARTESIAN_POINT ( 'NONE',  ( 18.82057106192660001, 0.3394383344840025130, 3.001425487126583302 ) ) ;
#1740 = CARTESIAN_POINT ( 'NONE',  ( 15.55108195271605886, 5.180335191952014640, -8.862319125599301017 ) ) ;
#1741 = CARTESIAN_POINT ( 'NONE',  ( -6.350118653360408002E-15, 14.50968956044622082, 0.000000000000000000 ) ) ;
#1742 = FACE_OUTER_BOUND ( 'NONE', #2112, .T. ) ;
#1743 = VECTOR ( 'NONE', #757, 1000.000000000000000 ) ;
#1744 = CARTESIAN_POINT ( 'NONE',  ( 2.809644009858636604, 3.348199769359422096, 8.208197219049923277 ) ) ;
#1745 = CARTESIAN_POINT ( 'NONE',  ( 20.98021562191928879, 40.87095216520013707, -19.00000000000000000 ) ) ;
#1746 = CARTESIAN_POINT ( 'NONE',  ( 1.337433049662223539, 1.675783954891610916, -8.878250286398696289 ) ) ;
#1747 = ADVANCED_FACE ( 'NONE', ( #2849 ), #2806, .F. ) ;
#1748 = ORIENTED_EDGE ( 'NONE', *, *, #1877, .F. ) ;
#1749 = CARTESIAN_POINT ( 'NONE',  ( 20.98021562191928879, 40.87095216520013707, 19.00000000000000000 ) ) ;
#1750 = EDGE_LOOP ( 'NONE', ( #1364, #1692, #2808, #2615 ) ) ;
#1751 = DIRECTION ( 'NONE',  ( -0.2588190451025211836, -0.9659258262890680902, 0.000000000000000000 ) ) ;
#1752 = CARTESIAN_POINT ( 'NONE',  ( 15.56218568748644948, 5.181483807236861416, 8.859293363871600491 ) ) ;
#1753 = CARTESIAN_POINT ( 'NONE',  ( 16.16984709312579227, 3.042547288878725276, -9.988338282441542759 ) ) ;
#1754 = CARTESIAN_POINT ( 'NONE',  ( 0.6266138847656113064, 1.460015005531958288, 6.527742495131108491 ) ) ;
#1755 = CARTESIAN_POINT ( 'NONE',  ( 19.59702789943670709, 58.89104513942726982, 19.00000000000000000 ) ) ;
#1756 = CARTESIAN_POINT ( 'NONE',  ( 2.665251869912009131, 3.312604532348919051, 6.966221652793363361 ) ) ;
#1757 = CARTESIAN_POINT ( 'NONE',  ( -0.7521008947143136281, -0.3607238490283297128, -3.999999999999999112 ) ) ;
#1758 = CARTESIAN_POINT ( 'NONE',  ( 0.4123414258855159775, 1.425881953285710324, -9.546168276607126302 ) ) ;
#1759 = VECTOR ( 'NONE', #1472, 1000.000000000000000 ) ;
#1760 = ORIENTED_EDGE ( 'NONE', *, *, #2531, .T. ) ;
#1761 = CARTESIAN_POINT ( 'NONE',  ( 21.86763332382051317, 50.36476540448141748, 1.959434878635754630E-16 ) ) ;
#1762 = EDGE_LOOP ( 'NONE', ( #324, #1888, #1925, #285, #2379, #1638, #2812 ) ) ;
#1763 = CARTESIAN_POINT ( 'NONE',  ( 2.416626265427431530, 1.726421592026352592, 4.000000000000000888 ) ) ;
#1764 = CARTESIAN_POINT ( 'NONE',  ( 18.17295080434833565, 3.012990180462001177, -5.733445021614583581 ) ) ;
#1765 = CONICAL_SURFACE ( 'NONE', #203, 2.599999999999991207, 0.7853981633974460586 ) ;
#1766 = ORIENTED_EDGE ( 'NONE', *, *, #2035, .F. ) ;
#1767 = CARTESIAN_POINT ( 'NONE',  ( 0.9242748541496764725, 1.530957146662255353, 6.693866417731474172 ) ) ;
#1768 = CARTESIAN_POINT ( 'NONE',  ( 0.000000000000000000, 3.000000000000000000, -11.20000000000001172 ) ) ;
#1769 = B_SPLINE_SURFACE_WITH_KNOTS ( 'NONE', 1, 3, ( 
 ( #330, #798, #2115, #1876, #556, #1643, #511, #2825, #574, #1476, #1417, #2551, #527, #1893 ),
 ( #287, #1433, #543, #1447, #2345, #2582, #316, #1223, #1004, #1462, #2145, #1907, #1023, #2811 ) ),
 .UNSPECIFIED., .F., .F., .F.,
 ( 2, 2 ),
 ( 4, 2, 2, 2, 2, 2, 4 ),
 ( 0.000000000000000000, 1.000000000000000000 ),
 ( 0.9055017804688848537, 0.9437384412167819647, 0.9628567715907305757, 0.9724159367777047702, 0.9819751019646790757, 0.9909875509823395934, 1.000000000000000000 ),
 .UNSPECIFIED. ) ;
#1770 = CARTESIAN_POINT ( 'NONE',  ( 1.858040717180449386, 3.150202870296450186, 10.40928914452071474 ) ) ;
#1771 = ADVANCED_FACE ( 'NONE', ( #343 ), #2625, .F. ) ;
#1772 = CYLINDRICAL_SURFACE ( 'NONE', #2796, 13.00968956043619862 ) ;
#1773 = CARTESIAN_POINT ( 'NONE',  ( 14.77948587179835904, 5.120545517003722402, 10.24104081556607149 ) ) ;
#1774 = ORIENTED_EDGE ( 'NONE', *, *, #2743, .F. ) ;
#1775 = FACE_OUTER_BOUND ( 'NONE', #1002, .T. ) ;
#1776 = AXIS2_PLACEMENT_3D ( 'NONE', #1808, #691, #424 ) ;
#1777 = ORIENTED_EDGE ( 'NONE', *, *, #6, .T. ) ;
#1778 = B_SPLINE_CURVE_WITH_KNOTS ( 'NONE', 1,
 ( #2185, #2430 ),
 .UNSPECIFIED., .F., .F.,
 ( 2, 2 ),
 ( 0.000000000000000000, 1.000000000000000000 ),
 .UNSPECIFIED. ) ;
#1779 = CARTESIAN_POINT ( 'NONE',  ( 1.485344349211115356, 3.095987302145677855, -10.71819422303586578 ) ) ;
#1780 = ORIENTED_EDGE ( 'NONE', *, *, #301, .T. ) ;
#1781 = CARTESIAN_POINT ( 'NONE',  ( 15.18466066418487515, 42.42386643581527039, -19.00000000000000000 ) ) ;
#1782 = CARTESIAN_POINT ( 'NONE',  ( 2.191319693606608165, -2.895837005720499846, -18.90388550662421707 ) ) ;
#1783 = CARTESIAN_POINT ( 'NONE',  ( 2.718811615583765384, 3.325665085043545410, 7.166752039646736350 ) ) ;
#1784 = CARTESIAN_POINT ( 'NONE',  ( -1.468434992380289295, -3.813103877577460832, -3.999999999999999112 ) ) ;
#1785 = CARTESIAN_POINT ( 'NONE',  ( -6.350118653360408002E-15, 14.50968956044622082, -19.00000000000000000 ) ) ;
#1786 = CARTESIAN_POINT ( 'NONE',  ( 1.563808416197382201, 1.778543187043758911, 7.660583879113229244 ) ) ;
#1787 = AXIS2_PLACEMENT_3D ( 'NONE', #490, #2774, #728 ) ;
#1788 = ORIENTED_EDGE ( 'NONE', *, *, #2256, .T. ) ;
#1789 = CARTESIAN_POINT ( 'NONE',  ( -1.474904449120713501, -2.447372571660038520, -3.999999999999999112 ) ) ;
#1790 = AXIS2_PLACEMENT_3D ( 'NONE', #1623, #1190, #2514 ) ;
#1791 = AXIS2_PLACEMENT_3D ( 'NONE', #2840, #2856, #172 ) ;
#1792 = ORIENTED_EDGE ( 'NONE', *, *, #2878, .T. ) ;
#1793 = EDGE_CURVE ( 'NONE', #692, #1902, #608, .T. ) ;
#1794 = EDGE_CURVE ( 'NONE', #1655, #1659, #1457, .T. ) ;
#1795 = ORIENTED_EDGE ( 'NONE', *, *, #749, .T. ) ;
#1796 = CARTESIAN_POINT ( 'NONE',  ( 26.42284851762487108, 67.36505994716902990, -2.939152317953647894E-15 ) ) ;
#1797 = CARTESIAN_POINT ( 'NONE',  ( 5.834787438857530262, -2.007370938860369769, -18.08917155856034853 ) ) ;
#1798 = CIRCLE ( 'NONE', #2039, 19.09999999999999787 ) ;
#1799 = CARTESIAN_POINT ( 'NONE',  ( 22.75233037772640188, 68.34857231855862381, -2.939152317953647894E-15 ) ) ;
#1800 = FACE_OUTER_BOUND ( 'NONE', #735, .T. ) ;
#1801 = CARTESIAN_POINT ( 'NONE',  ( 1.600045881288113092, 1.796571431174223799, 8.050962068842455466 ) ) ;
#1802 = AXIS2_PLACEMENT_3D ( 'NONE', #583, #2354, #1425 ) ;
#1803 = VERTEX_POINT ( 'NONE', #141 ) ;
#1804 = EDGE_CURVE ( 'NONE', #2436, #1082, #2501, .T. ) ;
#1805 = DIRECTION ( 'NONE',  ( -1.000000000000000000, 0.000000000000000000, 0.000000000000000000 ) ) ;
#1806 = ORIENTED_EDGE ( 'NONE', *, *, #2531, .F. ) ;
#1807 = DIRECTION ( 'NONE',  ( -0.2588190451025211836, -0.9659258262890680902, 0.000000000000000000 ) ) ;
#1808 = CARTESIAN_POINT ( 'NONE',  ( 43.97125850909324640, 46.09855877494348420, 0.000000000000000000 ) ) ;
#1809 = ORIENTED_EDGE ( 'NONE', *, *, #2057, .F. ) ;
#1810 = CARTESIAN_POINT ( 'NONE',  ( 1.423057755889638010, 1.712649689703988898, -7.268155669678648678 ) ) ;
#1811 = AXIS2_PLACEMENT_3D ( 'NONE', #1595, #2896, #2053 ) ;
#1812 = CARTESIAN_POINT ( 'NONE',  ( 0.000000000000000000, -3.000000000000000000, -19.00000000000000000 ) ) ;
#1813 = CARTESIAN_POINT ( 'NONE',  ( 0.6359021378524770673, 1.461820647324987066, -9.468255919996073189 ) ) ;
#1814 = DIRECTION ( 'NONE',  ( 1.047258879323402764E-16, -2.806121709772728673E-17, -1.000000000000000000 ) ) ;
#1815 = VERTEX_POINT ( 'NONE', #1233 ) ;
#1816 = CARTESIAN_POINT ( 'NONE',  ( -8.000000000000000000, -3.000000000000000888, 9.797174393178823685E-16 ) ) ;
#1817 = ORIENTED_EDGE ( 'NONE', *, *, #336, .T. ) ;
#1818 = EDGE_CURVE ( 'NONE', #24, #1303, #108, .T. ) ;
#1819 = CARTESIAN_POINT ( 'NONE',  ( 26.83695898978890426, 68.91054126923154399, -2.743208830090069449E-15 ) ) ;
#1820 = DIRECTION ( 'NONE',  ( 0.000000000000000000, 1.000000000000000000, 0.000000000000000000 ) ) ;
#1821 = ORIENTED_EDGE ( 'NONE', *, *, #288, .T. ) ;
#1822 = CARTESIAN_POINT ( 'NONE',  ( 1.168646087400476263, 1.609987597939378512, -6.906859489619630033 ) ) ;
#1823 = CARTESIAN_POINT ( 'NONE',  ( 1.086963633530426909, 1.581494002963955703, 9.174194484793273929 ) ) ;
#1824 = FACE_OUTER_BOUND ( 'NONE', #2561, .T. ) ;
#1825 = EDGE_CURVE ( 'NONE', #593, #2371, #539, .T. ) ;
#1826 = CARTESIAN_POINT ( 'NONE',  ( 1.711174598504668465, 3.127851489946443131, 5.461503584134797862 ) ) ;
#1827 = ORIENTED_EDGE ( 'NONE', *, *, #572, .T. ) ;
#1828 = DIRECTION ( 'NONE',  ( 0.9659258262890708657, -0.2588190451025113581, 1.084202172485504557E-16 ) ) ;
#1829 = CARTESIAN_POINT ( 'NONE',  ( 0.7035038746748947247, 1.475416204761443417, -6.562005309362961114 ) ) ;
#1830 = ORIENTED_EDGE ( 'NONE', *, *, #1393, .F. ) ;
#1831 = CYLINDRICAL_SURFACE ( 'NONE', #2096, 1.600000000000000755 ) ;
#1832 = AXIS2_PLACEMENT_3D ( 'NONE', #2193, #329, #1288 ) ;
#1833 = CARTESIAN_POINT ( 'NONE',  ( 20.98021562191928879, 40.87095216520013707, -19.00000000000000000 ) ) ;
#1834 = ORIENTED_EDGE ( 'NONE', *, *, #1152, .F. ) ;
#1835 = CARTESIAN_POINT ( 'NONE',  ( 1.587169787750353445, 1.790112355207283290, -7.790942161865023863 ) ) ;
#1836 = EDGE_CURVE ( 'NONE', #509, #477, #397, .T. ) ;
#1837 = ADVANCED_FACE ( 'NONE', ( #124 ), #328, .F. ) ;
#1838 = CARTESIAN_POINT ( 'NONE',  ( 1.047507420810232182, 1.568431557374659224, 9.209714020241992927 ) ) ;
#1839 = FACE_BOUND ( 'NONE', #2835, .T. ) ;
#1840 = CARTESIAN_POINT ( 'NONE',  ( 0.1855108447318481180, 3.001130710317558403, 4.805264600662701113 ) ) ;
#1841 = ORIENTED_EDGE ( 'NONE', *, *, #2594, .F. ) ;
#1842 = DIRECTION ( 'NONE',  ( -0.000000000000000000, -0.000000000000000000, -1.000000000000000000 ) ) ;
#1843 = CARTESIAN_POINT ( 'NONE',  ( 0.4889426482507226446, 1.436449026650512772, -6.476314688862627733 ) ) ;
#1844 = B_SPLINE_CURVE_WITH_KNOTS ( 'NONE', 3,
 ( #1636, #2270, #708, #237, #486, #944, #741, #2755, #2510, #2525, #1652, #502, #2091, #1619, #1145, #724, #1868, #48 ),
 .UNSPECIFIED., .F., .F.,
 ( 4, 2, 2, 2, 2, 2, 2, 2, 4 ),
 ( 3.468177335747148672E-15, 0.002683442793638926571, 0.005366885587274385430, 0.01073377117454529794, 0.01341721396818075333, 0.01610065676181621566, 0.01878409955545167279, 0.02012582095226940135, 0.02146754234908712644 ),
 .UNSPECIFIED. ) ;
#1845 = ORIENTED_EDGE ( 'NONE', *, *, #1932, .F. ) ;
#1846 = CARTESIAN_POINT ( 'NONE',  ( 18.40772054148401438, 0.3840164961710946234, 4.721209436630337208 ) ) ;
#1847 = FACE_BOUND ( 'NONE', #525, .T. ) ;
#1848 = CARTESIAN_POINT ( 'NONE',  ( 1.168646087400474709, 1.609987597939373405, 9.093140510380370856 ) ) ;
#1849 = CARTESIAN_POINT ( 'NONE',  ( 2.177459953625064060, -1.531889698066497330, -3.999999999999999112 ) ) ;
#1850 = CARTESIAN_POINT ( 'NONE',  ( 1.537996453585067869, 1.765966533348000356, -8.441882270742341987 ) ) ;
#1851 = LINE ( 'NONE', #1665, #2612 ) ;
#1852 = CARTESIAN_POINT ( 'NONE',  ( 0.2627578866073190245, 1.410432846947596630, 9.578501269692232256 ) ) ;
#1853 = FACE_OUTER_BOUND ( 'NONE', #362, .T. ) ;
#1854 = CARTESIAN_POINT ( 'NONE',  ( 0.9054465864098653061, 3.035325940224440355, 4.968905999167634313 ) ) ;
#1855 = ORIENTED_EDGE ( 'NONE', *, *, #1280, .T. ) ;
#1856 = FACE_OUTER_BOUND ( 'NONE', #2520, .T. ) ;
#1857 = CARTESIAN_POINT ( 'NONE',  ( 0.3643184125923645267, 1.419899473005772128, -6.441227312289832696 ) ) ;
#1858 = CIRCLE ( 'NONE', #436, 1.600000000000000089 ) ;
#1859 = CIRCLE ( 'NONE', #1482, 19.00000000000000000 ) ;
#1860 = EDGE_LOOP ( 'NONE', ( #2030, #2063, #2374, #2717 ) ) ;
#1861 = DIRECTION ( 'NONE',  ( -0.000000000000000000, 1.000000000000000000, -0.000000000000000000 ) ) ;
#1862 = CARTESIAN_POINT ( 'NONE',  ( 2.231822576692257698, 3.217971208802008043, -9.954973689097334599 ) ) ;
#1863 = CARTESIAN_POINT ( 'NONE',  ( 1.573146887651403869, -2.492096640549263942, -3.999999999999999112 ) ) ;
#1864 = CARTESIAN_POINT ( 'NONE',  ( 0.8032185392897611687, 1.498462610925155758, -6.615222747213340249 ) ) ;
#1865 = VECTOR ( 'NONE', #1814, 1000.000000000000000 ) ;
#1866 = FACE_OUTER_BOUND ( 'NONE', #699, .T. ) ;
#1867 = CARTESIAN_POINT ( 'NONE',  ( 0.4139720777008699115, 1.425808542164676895, 9.546400491949263767 ) ) ;
#1868 = CARTESIAN_POINT ( 'NONE',  ( 15.01476499128912856, 5.139477764648463065, -9.856286364915993303 ) ) ;
#1869 = CARTESIAN_POINT ( 'NONE',  ( 1.162972633333298589, 3.058590719431895977, 5.085173729835233303 ) ) ;
#1870 = ORIENTED_EDGE ( 'NONE', *, *, #2256, .F. ) ;
#1871 = PLANE ( 'NONE',  #1787 ) ;
#1872 = CARTESIAN_POINT ( 'NONE',  ( 1.014364303325827388, 1.557923909655584582, -6.762635692759070949 ) ) ;
#1873 = ORIENTED_EDGE ( 'NONE', *, *, #2323, .T. ) ;
#1874 = VECTOR ( 'NONE', #1215, 1000.000000000000227 ) ;
#1875 = CARTESIAN_POINT ( 'NONE',  ( 12.58735098051954360, 1.069831433314443636, 14.30834611586154459 ) ) ;
#1876 = CARTESIAN_POINT ( 'NONE',  ( 1.791155378055514280, -1.995152653801258502, -3.999999999999999112 ) ) ;
#1877 = EDGE_CURVE ( 'NONE', #1256, #391, #568, .T. ) ;
#1878 = DIRECTION ( 'NONE',  ( -0.000000000000000000, 1.084202172485504434E-16, 1.000000000000000000 ) ) ;
#1879 = CARTESIAN_POINT ( 'NONE',  ( 0.9323873316713440218, 1.533234568901627792, -9.300515233419076822 ) ) ;
#1880 = AXIS2_PLACEMENT_3D ( 'NONE', #1687, #793, #2578 ) ;
#1881 = B_SPLINE_CURVE_WITH_KNOTS ( 'NONE', 3,
 ( #199, #659, #2006, #2657, #1537, #2447, #2686, #1090, #2023, #2033, #404, #2713, #1313, #672, #420, #2905, #685, #185, #1995, #445, #431, #1773 ),
 .UNSPECIFIED., .F., .F.,
 ( 4, 2, 2, 2, 2, 2, 2, 2, 2, 2, 4 ),
 ( 0.004333802557310011822, 0.007042095046345759647, 0.009750387535381507473, 0.01110453377989938095, 0.01245868002441725617, 0.01516697251345300312, 0.01787526500248875008, 0.02058355749152450051, 0.02329184998056024747, 0.02464599622507812268, 0.02600014246959599443 ),
 .UNSPECIFIED. ) ;
#1882 = DIRECTION ( 'NONE',  ( 0.4999999999999935607, -0.8660254037844424824, 8.659560562355014209E-17 ) ) ;
#1883 = B_SPLINE_CURVE_WITH_KNOTS ( 'NONE', 3,
 ( #2052, #2064, #283, #2274, #51, #1160, #1412, #921 ),
 .UNSPECIFIED., .F., .F.,
 ( 4, 2, 2, 4 ),
 ( 6.505213034913026604E-19, 0.003581902199999160118, 0.005372853299998739743, 0.007163804399998319368 ),
 .UNSPECIFIED. ) ;
#1884 = CARTESIAN_POINT ( 'NONE',  ( 1.487734448659789877, 1.742125461428750022, 7.411076741595205242 ) ) ;
#1885 = LINE ( 'NONE', #2787, #1743 ) ;
#1886 = DIRECTION ( 'NONE',  ( 0.000000000000000000, 1.000000000000000000, 0.000000000000000000 ) ) ;
#1887 = DIRECTION ( 'NONE',  ( 0.000000000000000000, 0.000000000000000000, -1.000000000000000000 ) ) ;
#1888 = ORIENTED_EDGE ( 'NONE', *, *, #558, .T. ) ;
#1889 = CARTESIAN_POINT ( 'NONE',  ( 16.60771291081437795, 41.93903311750259633, 0.6506407098271135281 ) ) ;
#1890 = CARTESIAN_POINT ( 'NONE',  ( 0.6035779047828212507, 1.455678988210833635, -6.518165354355732077 ) ) ;
#1891 = EDGE_LOOP ( 'NONE', ( #462, #1174, #1359, #1370 ) ) ;
#1892 = CARTESIAN_POINT ( 'NONE',  ( 2.973893889896991105, -1.221366187766831368, -3.999999999999999112 ) ) ;
#1893 = CARTESIAN_POINT ( 'NONE',  ( 1.548520564232014562, -4.000000021382602355, -3.999999999999999112 ) ) ;
#1894 = CARTESIAN_POINT ( 'NONE',  ( 1.498294704431349933, 1.747005444291477083, 8.563792629171285142 ) ) ;
#1895 = DIRECTION ( 'NONE',  ( 0.000000000000000000, 0.000000000000000000, 1.000000000000000000 ) ) ;
#1896 = CARTESIAN_POINT ( 'NONE',  ( 1.922517600530567972, 3.161507591845611032, -5.664222652064231589 ) ) ;
#1897 = CIRCLE ( 'NONE', #706, 13.00968956043620040 ) ;
#1898 = CARTESIAN_POINT ( 'NONE',  ( 8.626020985864736090, -0.7360023724925892630, 16.93602231678055503 ) ) ;
#1899 = VECTOR ( 'NONE', #1959, 1000.000000000000114 ) ;
#1900 = CARTESIAN_POINT ( 'NONE',  ( 1.597408110900440992, 1.795226186294203830, 7.894977678751772920 ) ) ;
#1901 = DIRECTION ( 'NONE',  ( 1.000000000000000000, 0.000000000000000000, 0.000000000000000000 ) ) ;
#1902 = VERTEX_POINT ( 'NONE', #2189 ) ;
#1903 = DIRECTION ( 'NONE',  ( -0.000000000000000000, 0.000000000000000000, -1.000000000000000000 ) ) ;
#1904 = CARTESIAN_POINT ( 'NONE',  ( 1.600091134180530394, 1.796592611654389104, -7.898200257414358383 ) ) ;
#1905 = ORIENTED_EDGE ( 'NONE', *, *, #2404, .T. ) ;
#1906 = CARTESIAN_POINT ( 'NONE',  ( 14.12376663828939272, 0.8784026087456168197, -12.72983705905585694 ) ) ;
#1907 = CARTESIAN_POINT ( 'NONE',  ( 1.525274192100833703, -3.617275395464921051, 4.000000000000000888 ) ) ;
#1908 = CARTESIAN_POINT ( 'NONE',  ( 17.50968956044621194, 14.50968956044624569, -19.00000000000000000 ) ) ;
#1909 = ORIENTED_EDGE ( 'NONE', *, *, #602, .T. ) ;
#1910 = DIRECTION ( 'NONE',  ( -1.000000000000000000, -1.836970198721030181E-16, 0.000000000000000000 ) ) ;
#1911 = CARTESIAN_POINT ( 'NONE',  ( 1.056117197609796055, 1.571021399181669498, -9.203062551155463566 ) ) ;
#1912 = CARTESIAN_POINT ( 'NONE',  ( 1.056777411739120875, 1.571492066640876706, 6.798587705158694483 ) ) ;
#1913 = FACE_OUTER_BOUND ( 'NONE', #1762, .T. ) ;
#1914 = SHAPE_DEFINITION_REPRESENTATION ( #1321, #154 ) ;
#1915 = LINE ( 'NONE', #1246, #116 ) ;
#1916 = ORIENTED_EDGE ( 'NONE', *, *, #2018, .F. ) ;
#1917 = DIRECTION ( 'NONE',  ( -0.9659258262890682012, 0.2588190451025211836, -0.000000000000000000 ) ) ;
#1918 = CARTESIAN_POINT ( 'NONE',  ( 1.143291524764220357, 1.600929825459684652, -9.119448715516078607 ) ) ;
#1919 = EDGE_CURVE ( 'NONE', #1036, #2691, #468, .T. ) ;
#1920 = EDGE_CURVE ( 'NONE', #2482, #1700, #1897, .T. ) ;
#1921 = ORIENTED_EDGE ( 'NONE', *, *, #2698, .F. ) ;
#1922 = DIRECTION ( 'NONE',  ( -0.2588190451025211836, -0.9659258262890680902, 0.000000000000000000 ) ) ;
#1923 = DIRECTION ( 'NONE',  ( -0.2588190451025113581, -0.9659258262890707547, -0.000000000000000000 ) ) ;
#1924 = CARTESIAN_POINT ( 'NONE',  ( 1.579291066486641970, 1.786177150527657131, 7.738078272104632838 ) ) ;
#1925 = ORIENTED_EDGE ( 'NONE', *, *, #2045, .T. ) ;
#1926 = CARTESIAN_POINT ( 'NONE',  ( 18.93093728912920071, 5.103559565029452294, 3.866017248818028218 ) ) ;
#1927 = CARTESIAN_POINT ( 'NONE',  ( 1.163450116285526192, 3.058877974430940228, -5.086817346929385586 ) ) ;
#1928 = EDGE_CURVE ( 'NONE', #2219, #1208, #1522, .T. ) ;
#1929 = CIRCLE ( 'NONE', #1266, 107.8520974540799386 ) ;
#1930 = CARTESIAN_POINT ( 'NONE',  ( 17.65955643692461763, 5.320466917253027006, 1.324961991817592777 ) ) ;
#1931 = CARTESIAN_POINT ( 'NONE',  ( 12.15669577544412761, 3.089222372823466678, -14.62579695558656567 ) ) ;
#1932 = EDGE_CURVE ( 'NONE', #2371, #856, #2133, .T. ) ;
#1933 = CARTESIAN_POINT ( 'NONE',  ( 1.028760596113416081, 1.562465328677927756, 6.774562565980900786 ) ) ;
#1934 = CARTESIAN_POINT ( 'NONE',  ( 16.71728881316775528, 42.34815759919511891, -3.999999999999999112 ) ) ;
#1935 = DIRECTION ( 'NONE',  ( 0.000000000000000000, 0.000000000000000000, 1.000000000000000000 ) ) ;
#1936 = AXIS2_PLACEMENT_3D ( 'NONE', #67, #1396, #2304 ) ;
#1937 = DIRECTION ( 'NONE',  ( 0.000000000000000000, 0.000000000000000000, 1.000000000000000000 ) ) ;
#1938 = ADVANCED_FACE ( 'NONE', ( #2446, #2022 ), #1520, .T. ) ;
#1939 = VERTEX_POINT ( 'NONE', #430 ) ;
#1940 = DIRECTION ( 'NONE',  ( 0.2588190451025211836, 0.9659258262890680902, 0.000000000000000000 ) ) ;
#1941 = CARTESIAN_POINT ( 'NONE',  ( 1.524061277134570291, 1.759253467935622650, -8.487776175277669921 ) ) ;
#1942 = ORIENTED_EDGE ( 'NONE', *, *, #171, .F. ) ;
#1943 = LINE ( 'NONE', #1761, #2169 ) ;
#1944 = CARTESIAN_POINT ( 'NONE',  ( 1.597339976301915820, 1.795205919216659174, 7.893987703036370540 ) ) ;
#1945 = VERTEX_POINT ( 'NONE', #2656 ) ;
#1946 = DIRECTION ( 'NONE',  ( -0.9659258262890682012, 0.2588190451025212391, 0.000000000000000000 ) ) ;
#1947 = CARTESIAN_POINT ( 'NONE',  ( 2.559104932081882833, 3.288087701647354866, -6.678483408073261351 ) ) ;
#1948 = CARTESIAN_POINT ( 'NONE',  ( 17.13375204698655452, 5.288516829895824500, 4.529966368059011650 ) ) ;
#1949 = CARTESIAN_POINT ( 'NONE',  ( 14.56630418202193766, 5.103814204344266692, -10.60324803625049661 ) ) ;
#1950 = CARTESIAN_POINT ( 'NONE',  ( 1.438453790964537848, 1.719431495268243237, 7.297445994787534751 ) ) ;
#1951 = CARTESIAN_POINT ( 'NONE',  ( 16.63354940361550405, 42.03563786815028891, 1.951922129481482804 ) ) ;
#1952 = ADVANCED_FACE ( 'NONE', ( #418, #2699, #403 ), #2419, .T. ) ;
#1953 = DIRECTION ( 'NONE',  ( 0.000000000000000000, 0.000000000000000000, -1.000000000000000000 ) ) ;
#1954 = CARTESIAN_POINT ( 'NONE',  ( 1.028760596142748618, 1.562465328687175692, -9.225437433994546410 ) ) ;
#1955 = ORIENTED_EDGE ( 'NONE', *, *, #1419, .T. ) ;
#1956 = CARTESIAN_POINT ( 'NONE',  ( 30.81533933581510354, 77.57613356418474382, 0.000000000000000000 ) ) ;
#1957 = AXIS2_PLACEMENT_3D ( 'NONE', #2010, #2908, #448 ) ;
#1958 = CARTESIAN_POINT ( 'NONE',  ( 1.599952854145219483, 1.796524558713927799, 7.946193071746066039 ) ) ;
#1959 = DIRECTION ( 'NONE',  ( 0.2588190451025211836, 0.9659258262890680902, 0.000000000000000000 ) ) ;
#1960 = CARTESIAN_POINT ( 'NONE',  ( 2.559048926500494758, 3.288035529656464728, -9.324702174233507890 ) ) ;
#1961 = AXIS2_PLACEMENT_3D ( 'NONE', #2119, #2089, #2571 ) ;
#1962 = CARTESIAN_POINT ( 'NONE',  ( 17.50968956044621194, 14.50968956044624569, 19.00000000000000000 ) ) ;
#1963 = ADVANCED_FACE ( 'NONE', ( #617 ), #842, .F. ) ;
#1964 = CARTESIAN_POINT ( 'NONE',  ( 0.5634540448065040730, 1.448127055299909705, 6.501496253267147196 ) ) ;
#1965 = DIRECTION ( 'NONE',  ( 0.2588190451025209060, 0.9659258262890682012, 0.000000000000000000 ) ) ;
#1966 = CARTESIAN_POINT ( 'NONE',  ( 2.809252130868050923, 3.348101130304091289, 7.786113062127120621 ) ) ;
#1967 = EDGE_CURVE ( 'NONE', #1303, #2328, #2741, .T. ) ;
#1968 = DIRECTION ( 'NONE',  ( -0.9659258262890682012, 0.2588190451025212391, -0.000000000000000000 ) ) ;
#1969 = CARTESIAN_POINT ( 'NONE',  ( 1.539612317249642981, 1.766727744421463075, -7.563791740493434723 ) ) ;
#1970 = ORIENTED_EDGE ( 'NONE', *, *, #907, .F. ) ;
#1971 = CARTESIAN_POINT ( 'NONE',  ( 1.500735740361940795, -3.000000000000000000, 4.000000000000000888 ) ) ;
#1972 = CARTESIAN_POINT ( 'NONE',  ( 119.3617870145261435, 14.50968956044623681, -3.999999999999999112 ) ) ;
#1973 = CARTESIAN_POINT ( 'NONE',  ( 2.735653269825149003, 3.329828594653822194, -8.730536322263553473 ) ) ;
#1974 = CARTESIAN_POINT ( 'NONE',  ( 18.01164196371233572, 3.015449267525103227, 6.062332638931227535 ) ) ;
#1975 = CARTESIAN_POINT ( 'NONE',  ( 13.47896952122475511, 0.9584717729708650547, -13.41122056455691514 ) ) ;
#1976 = CARTESIAN_POINT ( 'NONE',  ( -1.419596293111310216E-16, 1.399999999999972600, 6.399999999999999467 ) ) ;
#1977 = DIRECTION ( 'NONE',  ( -0.2588190451025209060, -0.9659258262890683122, 0.000000000000000000 ) ) ;
#1978 = CARTESIAN_POINT ( 'NONE',  ( 0.000000000000000000, 3.000000000000000000, 11.20000000000001172 ) ) ;
#1979 = CARTESIAN_POINT ( 'NONE',  ( -1.447368040031183467, -4.157007890121431792, 4.000000000000000888 ) ) ;
#1980 = CARTESIAN_POINT ( 'NONE',  ( 0.8952148800610730817, 1.522832159704569532, -9.326137644903351287 ) ) ;
#1981 = AXIS2_PLACEMENT_3D ( 'NONE', #845, #655, #1561 ) ;
#1982 = B_SPLINE_SURFACE_WITH_KNOTS ( 'NONE', 1, 3, ( 
 ( #223, #2493, #1615, #1590, #693, #916, #957, #1602, #1371, #1183, #737, #467, #1129, #1864, #58, #1632, #2044, #14, #903, #498, #1822, #2720, #1168, #1360, #2281, #248, #720, #1810, #2483, #1155, #2733, #704, #454, #2522, #927, #1403, #1835, #2268, #2506, #2767, #482, #2293, #1384, #2073, #43, #941, #1850, #2748, #277, #234, #1647, #2540, #513, #320, #2151, #595, #544, #1227, #1010, #102, #1911, #1465, #754, #1879, #1437, #119, #2814, #531, #1725, #2132, #1212, #771, #1480, #1450, #2381, #1694, #1027, #974 ),
 ( #1664, #87, #353, #1258, #2366, #307, #2784, #1042, #784, #2335, #1927, #2600, #578, #2830, #2103, #2322, #2351, #802, #1896, #2118, #2587, #290, #2164, #2556, #990, #2801, #1681, #560, #2570, #1947, #2617, #334, #1710, #1242, #71, #1199, #2844, #816, #411, #2648, #396, #2634, #2013, #1056, #1973, #2224, #1543, #625, #2885, #1960, #2870, #2425, #2237, #1305, #176, #2455, #2910, #1987, #2692, #885, #1499, #2898, #382, #1291, #1277, #1779, #854, #2664, #191, #610, #639, #1097, #868, #2180, #2412, #2679, #1558, #2396 ) ),
 .UNSPECIFIED., .F., .F., .F.,
 ( 2, 2 ),
 ( 4, 2, 2, 2, 2, 2, 2, 2, 2, 2, 2, 2, 2, 2, 2, 2, 2, 2, 2, 2, 2, 2, 2, 2, 2, 2, 2, 2, 2, 2, 2, 2, 2, 2, 2, 2, 2, 2, 4 ),
 ( 0.000000000000000000, 1.000000000000000000 ),
 ( 0.000000000000000000, 0.0003137404280740883986, 0.0004706106421111325979, 0.0006274808561481767973, 0.001254961712296353595, 0.001411831926333397685, 0.001568702140370441993, 0.001882442568444530392, 0.002196182996518619007, 0.002509923424592707189, 0.002666793638629751280, 0.002823663852666795371, 0.003137404280740883986, 0.003451144708814972602, 0.003608014922852016693, 0.003764885136889060784, 0.004078625564963149833, 0.004392365993037238014, 0.004706106421111326196, 0.005019846849185414378, 0.005333587277259502560, 0.005647327705333590742, 0.005804197919370634833, 0.005961068133407678923, 0.006274808561481767973, 0.006588548989555857022, 0.006745419203592901113, 0.006902289417629945203, 0.007216029845704033385, 0.007529770273778121567, 0.007843510701852209749, 0.008000380915889254707, 0.008157251129926299665, 0.008470991558000387847, 0.008784731986074476029, 0.009098472414148564211, 0.009412212842222652392, 0.009725953270296740574, 0.01003969369837082876 ),
 .UNSPECIFIED. ) ;
#1983 = ORIENTED_EDGE ( 'NONE', *, *, #2135, .T. ) ;
#1984 = DIRECTION ( 'NONE',  ( 0.000000000000000000, 0.000000000000000000, -1.000000000000000000 ) ) ;
#1985 = ORIENTED_EDGE ( 'NONE', *, *, #768, .T. ) ;
#1986 = DIRECTION ( 'NONE',  ( -0.9659258262890682012, 0.2588190451025212391, 0.000000000000000000 ) ) ;
#1987 = CARTESIAN_POINT ( 'NONE',  ( 2.112443463011346889, 3.195361490025129481, -10.11222423764727374 ) ) ;
#1988 = ADVANCED_FACE ( 'NONE', ( #1348 ), #1772, .T. ) ;
#1989 = CARTESIAN_POINT ( 'NONE',  ( 14.56227673274812950, 5.103494365849419623, 10.60987452383265328 ) ) ;
#1990 = EDGE_LOOP ( 'NONE', ( #66, #1594, #2549, #111 ) ) ;
#1991 = FACE_OUTER_BOUND ( 'NONE', #229, .T. ) ;
#1992 = CARTESIAN_POINT ( 'NONE',  ( 10.69107663274719933, 0.6105249730488713222, -15.73238078729136546 ) ) ;
#1993 = CARTESIAN_POINT ( 'NONE',  ( 22.61362966948436437, 60.10352761804101362, 4.000000000000000888 ) ) ;
#1994 = CARTESIAN_POINT ( 'NONE',  ( -1.499987399600577698, -2.744416676836931579, -3.999999999999999112 ) ) ;
#1995 = CARTESIAN_POINT ( 'NONE',  ( 15.24347680985015252, 5.891558581197729794, 8.669387920508910383 ) ) ;
#1996 = AXIS2_PLACEMENT_3D ( 'NONE', #2405, #823, #1940 ) ;
#1997 = VERTEX_POINT ( 'NONE', #1104 ) ;
#1998 = CARTESIAN_POINT ( 'NONE',  ( -1.307689508199595174, -1.638233519085562806, -3.999999999999999112 ) ) ;
#1999 = ORIENTED_EDGE ( 'NONE', *, *, #2310, .T. ) ;
#2000 = VECTOR ( 'NONE', #243, 1000.000000000000000 ) ;
#2001 = ORIENTED_EDGE ( 'NONE', *, *, #2439, .T. ) ;
#2002 = CARTESIAN_POINT ( 'NONE',  ( 15.16736065432802860, 42.35930192005805139, -1.301281419729491962 ) ) ;
#2003 = DIRECTION ( 'NONE',  ( -0.9659258262890682012, 0.2588190451025212391, 0.000000000000000000 ) ) ;
#2004 = PLANE ( 'NONE',  #1355 ) ;
#2005 = CARTESIAN_POINT ( 'NONE',  ( 2.416626265427431530, 1.726421592026351703, -3.999999999999999112 ) ) ;
#2006 = CARTESIAN_POINT ( 'NONE',  ( 15.25122132615608095, 5.899554051513286268, -8.680503029994563136 ) ) ;
#2007 = CARTESIAN_POINT ( 'NONE',  ( 0.1056496603093228237, 1.401287894097472009, 6.402632300331880799 ) ) ;
#2008 = ORIENTED_EDGE ( 'NONE', *, *, #2903, .T. ) ;
#2009 = EDGE_CURVE ( 'NONE', #2595, #1655, #2904, .T. ) ;
#2010 = CARTESIAN_POINT ( 'NONE',  ( 119.3617870145261435, 14.50968956044623681, 4.000000000000000888 ) ) ;
#2011 = AXIS2_PLACEMENT_3D ( 'NONE', #2071, #39, #767 ) ;
#2012 = EDGE_LOOP ( 'NONE', ( #1817, #1955 ) ) ;
#2013 = CARTESIAN_POINT ( 'NONE',  ( 2.773086245397311966, 3.339045337219460841, -8.523843455874327901 ) ) ;
#2014 = FACE_OUTER_BOUND ( 'NONE', #1686, .T. ) ;
#2015 = ORIENTED_EDGE ( 'NONE', *, *, #786, .T. ) ;
#2016 = CARTESIAN_POINT ( 'NONE',  ( 119.3617870145261435, 14.50968956044623681, 19.00000000000000000 ) ) ;
#2017 = DIRECTION ( 'NONE',  ( 0.000000000000000000, 0.000000000000000000, 1.000000000000000000 ) ) ;
#2018 = EDGE_CURVE ( 'NONE', #1079, #32, #2032, .T. ) ;
#2019 = EDGE_CURVE ( 'NONE', #391, #1303, #265, .T. ) ;
#2020 = AXIS2_PLACEMENT_3D ( 'NONE', #806, #2604, #2241 ) ;
#2021 = B_SPLINE_CURVE_WITH_KNOTS ( 'NONE', 3,
 ( #924, #2745, #2252, #1587, #952, #10, #2925, #2279, #1862, #220, #2503, #246, #1124, #899, #1153, #2056, #2730, #2362, #2161, #130, #2537, #2597, #1195, #1039, #2333, #751, #348, #987, #2377, #732, #304, #2780 ),
 .UNSPECIFIED., .F., .F.,
 ( 4, 2, 2, 2, 2, 2, 2, 2, 2, 2, 2, 2, 2, 2, 2, 4 ),
 ( 0.000000000000000000, 0.06249999999999969469, 0.1249999999999993894, 0.2499999999999987788, 0.3124999999999986677, 0.3749999999999986122, 0.4374999999999985012, 0.4999999999999984457, 0.5624999999999986677, 0.6249999999999988898, 0.7499999999999993339, 0.8124999999999995559, 0.8749999999999997780, 0.9062499999999998890, 0.9375000000000000000, 1.000000000000000000 ),
 .UNSPECIFIED. ) ;
#2022 = FACE_BOUND ( 'NONE', #2466, .T. ) ;
#2023 = CARTESIAN_POINT ( 'NONE',  ( 16.08860603530355959, 7.599500652791599364, -3.139609177950748009 ) ) ;
#2024 = CARTESIAN_POINT ( 'NONE',  ( 0.9953164231071549573, 1.551949105631245107, 6.746988598092331202 ) ) ;
#2025 = ORIENTED_EDGE ( 'NONE', *, *, #1736, .F. ) ;
#2026 = CARTESIAN_POINT ( 'NONE',  ( -1.499987399600577698, -2.744416676836931579, -3.999999999999999112 ) ) ;
#2027 = VECTOR ( 'NONE', #1065, 1000.000000000000000 ) ;
#2028 = ORIENTED_EDGE ( 'NONE', *, *, #40, .F. ) ;
#2029 = DIRECTION ( 'NONE',  ( -0.000000000000000000, -0.000000000000000000, -1.000000000000000000 ) ) ;
#2030 = ORIENTED_EDGE ( 'NONE', *, *, #2618, .F. ) ;
#2031 = CARTESIAN_POINT ( 'NONE',  ( -8.000000000000000000, -3.000000000000000888, 9.797174393178823685E-16 ) ) ;
#2032 = LINE ( 'NONE', #1812, #2652 ) ;
#2033 = CARTESIAN_POINT ( 'NONE',  ( 16.16925572929633859, 7.789324745517145487, -1.813163375535393307 ) ) ;
#2034 = CARTESIAN_POINT ( 'NONE',  ( 2.285259988156877142, 3.229032590904898026, 9.864270743750557457 ) ) ;
#2035 = EDGE_CURVE ( 'NONE', #477, #1570, #2047, .T. ) ;
#2036 = CIRCLE ( 'NONE', #996, 1.600000000000007860 ) ;
#2037 = ORIENTED_EDGE ( 'NONE', *, *, #2045, .F. ) ;
#2038 = CARTESIAN_POINT ( 'NONE',  ( 0.3518315502789574056, 0.9631322454957422785, 4.000000000000000888 ) ) ;
#2039 = AXIS2_PLACEMENT_3D ( 'NONE', #2208, #1986, #381 ) ;
#2040 = EDGE_LOOP ( 'NONE', ( #775, #1609, #2233, #2123, #1627, #895 ) ) ;
#2041 = CARTESIAN_POINT ( 'NONE',  ( 18.61122565608605584, 52.89375909793351838, 0.000000000000000000 ) ) ;
#2042 = DIRECTION ( 'NONE',  ( -1.000000000000000000, 0.000000000000000000, -0.000000000000000000 ) ) ;
#2043 = EDGE_LOOP ( 'NONE', ( #2513, #2407, #1672, #289 ) ) ;
#2044 = CARTESIAN_POINT ( 'NONE',  ( 0.9760163831616225361, 1.545888822189043443, -6.731105893880831914 ) ) ;
#2045 = EDGE_CURVE ( 'NONE', #1247, #2482, #236, .T. ) ;
#2046 = CIRCLE ( 'NONE', #245, 2.599999999999991207 ) ;
#2047 = LINE ( 'NONE', #2712, #2586 ) ;
#2048 = FACE_OUTER_BOUND ( 'NONE', #1990, .T. ) ;
#2049 = CARTESIAN_POINT ( 'NONE',  ( 2.786642442846084755, 3.342430959775380739, 7.579865622004090753 ) ) ;
#2050 = AXIS2_PLACEMENT_3D ( 'NONE', #769, #1680, #2131 ) ;
#2051 = VERTEX_POINT ( 'NONE', #1635 ) ;
#2052 = CARTESIAN_POINT ( 'NONE',  ( 11.40937590684819547, 1.227544781856012568, 15.19296354949329420 ) ) ;
#2053 = DIRECTION ( 'NONE',  ( -0.2588190451025212391, -0.9659258262890682012, 0.000000000000000000 ) ) ;
#2054 = ORIENTED_EDGE ( 'NONE', *, *, #1707, .F. ) ;
#2055 = EDGE_CURVE ( 'NONE', #744, #2177, #930, .T. ) ;
#2056 = CARTESIAN_POINT ( 'NONE',  ( 2.809644009858636160, 3.348199769359421651, -7.791802780948230200 ) ) ;
#2057 = EDGE_CURVE ( 'NONE', #1329, #345, #1555, .T. ) ;
#2058 = ORIENTED_EDGE ( 'NONE', *, *, #2144, .F. ) ;
#2059 = DIRECTION ( 'NONE',  ( 0.000000000000000000, 1.000000000000000000, 0.000000000000000000 ) ) ;
#2060 = CARTESIAN_POINT ( 'NONE',  ( 1.205042204847811549, 1.623412456472737242, 9.052637163580767421 ) ) ;
#2061 = DIRECTION ( 'NONE',  ( -1.000000000000000000, 0.000000000000000000, 0.000000000000000000 ) ) ;
#2062 = CARTESIAN_POINT ( 'NONE',  ( 0.7285716484930496728, 3.022742252949095931, 4.907692024070914094 ) ) ;
#2063 = ORIENTED_EDGE ( 'NONE', *, *, #301, .F. ) ;
#2064 = CARTESIAN_POINT ( 'NONE',  ( 12.21198265610590639, 1.916984797779915706, 14.59023439281338419 ) ) ;
#2065 = CARTESIAN_POINT ( 'NONE',  ( 1.005136250325952441, 1.555046185769049627, -6.755125051582964169 ) ) ;
#2066 = VECTOR ( 'NONE', #2518, 1000.000000000000000 ) ;
#2067 = ORIENTED_EDGE ( 'NONE', *, *, #1818, .F. ) ;
#2068 = FACE_OUTER_BOUND ( 'NONE', #1189, .T. ) ;
#2069 = DIRECTION ( 'NONE',  ( 0.2588190451025211836, 0.9659258262890680902, 0.000000000000000000 ) ) ;
#2070 = CIRCLE ( 'NONE', #1936, 3.200000000000011280 ) ;
#2071 = CARTESIAN_POINT ( 'NONE',  ( 22.61362966948436437, 60.10352761804101362, 0.000000000000000000 ) ) ;
#2072 = DIRECTION ( 'NONE',  ( 0.000000000000000000, 1.000000000000000000, 0.000000000000000000 ) ) ;
#2073 = CARTESIAN_POINT ( 'NONE',  ( 1.563808416197383311, 1.778543187043757356, -8.339416120886768979 ) ) ;
#2074 = EDGE_CURVE ( 'NONE', #509, #1545, #2583, .T. ) ;
#2075 = LINE ( 'NONE', #291, #2375 ) ;
#2076 = CARTESIAN_POINT ( 'NONE',  ( 0.3643184125929221917, 1.419899473005844071, 9.558772687710053617 ) ) ;
#2077 = CARTESIAN_POINT ( 'NONE',  ( 18.61122565608605584, 52.89375909793351838, 0.000000000000000000 ) ) ;
#2078 = CARTESIAN_POINT ( 'NONE',  ( 2.230861550543044913, 3.218113438015629324, 9.947885118862277665 ) ) ;
#2079 = ORIENTED_EDGE ( 'NONE', *, *, #2467, .T. ) ;
#2080 = FACE_OUTER_BOUND ( 'NONE', #674, .T. ) ;
#2081 = CARTESIAN_POINT ( 'NONE',  ( 1.108672517292611737, 1.588864280176286892, -6.846280849540876012 ) ) ;
#2082 = VERTEX_POINT ( 'NONE', #2227 ) ;
#2083 = CARTESIAN_POINT ( 'NONE',  ( 16.28415804589423033, 0.6211979092582758932, -9.796032028114760593 ) ) ;
#2084 = CARTESIAN_POINT ( 'NONE',  ( -6.350118653360408002E-15, 14.50968956044622082, -19.00000000000000000 ) ) ;
#2085 = CARTESIAN_POINT ( 'NONE',  ( 1.438555226667256657E-15, 1.399999999999967271, 9.600000000000020961 ) ) ;
#2086 = EDGE_CURVE ( 'NONE', #1492, #408, #889, .T. ) ;
#2087 = CARTESIAN_POINT ( 'NONE',  ( 22.61362966948436792, 60.10352761804102784, -19.00000000000000000 ) ) ;
#2088 = PLANE ( 'NONE',  #1107 ) ;
#2089 = DIRECTION ( 'NONE',  ( 0.000000000000000000, 0.000000000000000000, 1.000000000000000000 ) ) ;
#2090 = CARTESIAN_POINT ( 'NONE',  ( 1.234849726182726481, 1.634730958658717537, 9.017423618808713570 ) ) ;
#2091 = CARTESIAN_POINT ( 'NONE',  ( 16.38566172524398468, 5.240122029342541232, -7.019541226885138485 ) ) ;
#2092 = CARTESIAN_POINT ( 'NONE',  ( 1.747681818330752757, 3.133404153221122090, 5.493977196184538947 ) ) ;
#2093 = ORIENTED_EDGE ( 'NONE', *, *, #786, .F. ) ;
#2094 = DIRECTION ( 'NONE',  ( 0.9659258262890682012, -0.2588190451025210170, -0.000000000000000000 ) ) ;
#2095 = CARTESIAN_POINT ( 'NONE',  ( 1.010632175892328899, 1.556756350566932623, -6.759582681527391834 ) ) ;
#2096 = AXIS2_PLACEMENT_3D ( 'NONE', #690, #464, #717 ) ;
#2097 = ADVANCED_FACE ( 'NONE', ( #1991 ), #2403, .F. ) ;
#2098 = AXIS2_PLACEMENT_3D ( 'NONE', #2309, #1451, #1213 ) ;
#2099 = ORIENTED_EDGE ( 'NONE', *, *, #1804, .T. ) ;
#2100 = CARTESIAN_POINT ( 'NONE',  ( 18.19711518392201910, 51.34827777587101139, 0.000000000000000000 ) ) ;
#2101 = DIRECTION ( 'NONE',  ( -0.9659258262890708657, 0.2588190451025113581, -1.084202172485504557E-16 ) ) ;
#2102 = ORIENTED_EDGE ( 'NONE', *, *, #240, .F. ) ;
#2103 = CARTESIAN_POINT ( 'NONE',  ( 1.488883550162290126, 3.096449747936604879, -5.284324859037209166 ) ) ;
#2104 = DIRECTION ( 'NONE',  ( -1.084202172485504434E-16, 0.000000000000000000, 1.000000000000000000 ) ) ;
#2105 = CARTESIAN_POINT ( 'NONE',  ( 1.014364303332959460, 1.557923909657842332, 9.237364307235068850 ) ) ;
#2106 = DIRECTION ( 'NONE',  ( 0.2588190451025234040, 0.9659258262890675351, 0.000000000000000000 ) ) ;
#2107 = DIRECTION ( 'NONE',  ( 0.8660254037844410391, 0.4999999999999958367, 0.000000000000000000 ) ) ;
#2108 = EDGE_CURVE ( 'NONE', #2317, #2899, #694, .T. ) ;
#2109 = ORIENTED_EDGE ( 'NONE', *, *, #2019, .F. ) ;
#2110 = CARTESIAN_POINT ( 'NONE',  ( 27.96832983968737096, 66.95094947500500382, -2.939152317953647894E-15 ) ) ;
#2111 = CARTESIAN_POINT ( 'NONE',  ( 1.317151312992456580, 1.667396484995448791, -7.091623529382497182 ) ) ;
#2112 = EDGE_LOOP ( 'NONE', ( #2253, #1112, #538, #358 ) ) ;
#2113 = AXIS2_PLACEMENT_3D ( 'NONE', #774, #1230, #2848 ) ;
#2114 = CARTESIAN_POINT ( 'NONE',  ( 19.00021301067496182, 0.3204854311487759233, -0.7353128981543420872 ) ) ;
#2115 = CARTESIAN_POINT ( 'NONE',  ( 2.177459953625064060, -1.531889698066497330, -3.999999999999999112 ) ) ;
#2116 = CARTESIAN_POINT ( 'NONE',  ( 1.386047574317125441, 1.696337393611285327, 8.800995779336300728 ) ) ;
#2117 = ORIENTED_EDGE ( 'NONE', *, *, #99, .T. ) ;
#2118 = CARTESIAN_POINT ( 'NONE',  ( 2.020129006026179397, 3.178620364711552515, -5.775504837141799186 ) ) ;
#2119 = CARTESIAN_POINT ( 'NONE',  ( 0.000000000000000000, -3.000000000000000000, 19.00000000000000000 ) ) ;
#2120 = CARTESIAN_POINT ( 'NONE',  ( 1.337433049660363027, 1.675783954890980310, 7.121749713598489961 ) ) ;
#2121 = CYLINDRICAL_SURFACE ( 'NONE', #361, 106.3520974540799386 ) ;
#2122 = PRESENTATION_STYLE_ASSIGNMENT (( #1470 ) ) ;
#2123 = ORIENTED_EDGE ( 'NONE', *, *, #207, .T. ) ;
#2124 = CARTESIAN_POINT ( 'NONE',  ( 2.416626265427431530, 1.726421592026352592, 4.000000000000000888 ) ) ;
#2125 = CARTESIAN_POINT ( 'NONE',  ( 1.232097960922399205, 1.633675644060786025, -6.979245729348011906 ) ) ;
#2126 = ORIENTED_EDGE ( 'NONE', *, *, #1351, .F. ) ;
#2127 = DIRECTION ( 'NONE',  ( -0.000000000000000000, 1.000000000000000000, -0.000000000000000000 ) ) ;
#2128 = B_SPLINE_CURVE_WITH_KNOTS ( 'NONE', 3,
 ( #664, #881, #2038, #1553, #2452, #1569, #7, #2716, #676, #422 ),
 .UNSPECIFIED., .F., .F.,
 ( 4, 2, 2, 2, 4 ),
 ( 0.9055017804688848537, 0.9437384412167819647, 0.9628567715907305757, 0.9724159367777047702, 0.9819751042842742583 ),
 .UNSPECIFIED. ) ;
#2129 = CARTESIAN_POINT ( 'NONE',  ( 17.50968956044621549, 14.50968956044622971, 19.00000000000000000 ) ) ;
#2130 = ORIENTED_EDGE ( 'NONE', *, *, #1626, .T. ) ;
#2131 = DIRECTION ( 'NONE',  ( -0.2588190451025212391, -0.9659258262890682012, 0.000000000000000000 ) ) ;
#2132 = CARTESIAN_POINT ( 'NONE',  ( 0.5656431814582245643, 1.448539221916019804, -9.497600371396448082 ) ) ;
#2133 = CIRCLE ( 'NONE', #2367, 19.09999999999999787 ) ;
#2134 = CARTESIAN_POINT ( 'NONE',  ( 17.50968956044621549, 14.50968956044622971, -19.00000000000000000 ) ) ;
#2135 = EDGE_CURVE ( 'NONE', #2051, #2883, #1100, .T. ) ;
#2136 = CARTESIAN_POINT ( 'NONE',  ( 1.390402671000658064, 1.698192079626436257, 8.793423674424778014 ) ) ;
#2137 = CARTESIAN_POINT ( 'NONE',  ( -1.048445852934807770E-15, 1.399999999999972378, 8.000000000000000000 ) ) ;
#2138 = EDGE_LOOP ( 'NONE', ( #233, #1430, #201, #2211 ) ) ;
#2139 = DIRECTION ( 'NONE',  ( 0.9659258262890682012, -0.2588190451025212391, 0.000000000000000000 ) ) ;
#2140 = CARTESIAN_POINT ( 'NONE',  ( 1.237310092689546837, 1.635676124730420566, -9.014429681433812291 ) ) ;
#2141 = VECTOR ( 'NONE', #1424, 1000.000000000000114 ) ;
#2142 = EDGE_LOOP ( 'NONE', ( #2267, #36, #2666 ) ) ;
#2143 = DIRECTION ( 'NONE',  ( 0.000000000000000000, 0.000000000000000000, -1.000000000000000000 ) ) ;
#2144 = EDGE_CURVE ( 'NONE', #2883, #189, #187, .T. ) ;
#2145 = CARTESIAN_POINT ( 'NONE',  ( 1.506184054723796795, -3.281927161679507599, 4.000000000000000888 ) ) ;
#2146 = CARTESIAN_POINT ( 'NONE',  ( 1.288168821703672862, 3.072239457099500193, 10.84429020162756885 ) ) ;
#2147 = EDGE_CURVE ( 'NONE', #897, #1560, #2695, .T. ) ;
#2148 = AXIS2_PLACEMENT_3D ( 'NONE', #973, #2072, #1614 ) ;
#2149 = ORIENTED_EDGE ( 'NONE', *, *, #1088, .F. ) ;
#2150 = DIRECTION ( 'NONE',  ( 0.000000000000000000, 0.000000000000000000, -1.000000000000000000 ) ) ;
#2151 = CARTESIAN_POINT ( 'NONE',  ( 1.344114472625802081, 1.678544659950541140, -8.868360723916257626 ) ) ;
#2152 = ADVANCED_FACE ( 'NONE', ( #1333 ), #2919, .F. ) ;
#2153 = CARTESIAN_POINT ( 'NONE',  ( 16.75496760908236382, 0.5672943146356188571, -8.967185749383695281 ) ) ;
#2154 = AXIS2_PLACEMENT_3D ( 'NONE', #1637, #2170, #340 ) ;
#2155 = CARTESIAN_POINT ( 'NONE',  ( 1.546450181921831257, 1.770046944214114681, 8.411271982909044098 ) ) ;
#2156 = VERTEX_POINT ( 'NONE', #426 ) ;
#2157 = DIRECTION ( 'NONE',  ( 1.000000000000000000, -4.086051889522277087E-13, 0.000000000000000000 ) ) ;
#2158 = CARTESIAN_POINT ( 'NONE',  ( 1.226105742013044786, 1.631373329181594611, -9.028061636432031634 ) ) ;
#2159 = ORIENTED_EDGE ( 'NONE', *, *, #1538, .T. ) ;
#2160 = CARTESIAN_POINT ( 'NONE',  ( 1.791155378055513614, -1.995152653801257614, 4.000000000000000888 ) ) ;
#2161 = CARTESIAN_POINT ( 'NONE',  ( 2.665980852933509393, 3.312782643951097228, -6.968997905797636783 ) ) ;
#2162 = CARTESIAN_POINT ( 'NONE',  ( 1.922517600530568416, 3.161507591845610143, 10.33577734793576752 ) ) ;
#2163 = FACE_OUTER_BOUND ( 'NONE', #1120, .T. ) ;
#2164 = CARTESIAN_POINT ( 'NONE',  ( 2.143810704929530964, 3.201378088690521206, -5.931133895365701569 ) ) ;
#2165 = AXIS2_PLACEMENT_3D ( 'NONE', #2041, #1611, #1807 ) ;
#2166 = CARTESIAN_POINT ( 'NONE',  ( 18.79247138061092670, 3.003286695003241302, -2.895237950449281783 ) ) ;
#2167 = DIRECTION ( 'NONE',  ( 0.2588190451025234040, 0.9659258262890675351, 0.000000000000000000 ) ) ;
#2168 = CARTESIAN_POINT ( 'NONE',  ( 1.245192218921998162, 1.638715262465307854, 6.995256620642630097 ) ) ;
#2169 = VECTOR ( 'NONE', #1022, 999.9999999999998863 ) ;
#2170 = DIRECTION ( 'NONE',  ( 0.9659258262890677571, -0.2588190451025225713, 0.000000000000000000 ) ) ;
#2171 = CARTESIAN_POINT ( 'NONE',  ( 23.82722511804702492, 51.49613625437989839, 0.000000000000000000 ) ) ;
#2172 = CARTESIAN_POINT ( 'NONE',  ( 1.177232862977769967, 1.613129506318058848, -9.083681085391690502 ) ) ;
#2173 = EDGE_LOOP ( 'NONE', ( #173, #795, #1760, #318 ) ) ;
#2174 = FACE_BOUND ( 'NONE', #2646, .T. ) ;
#2175 = CARTESIAN_POINT ( 'NONE',  ( 0.7094887299519931911, 1.476693158877424805, 6.564961846645161359 ) ) ;
#2176 = ADVANCED_FACE ( 'NONE', ( #2913 ), #1575, .F. ) ;
#2177 = VERTEX_POINT ( 'NONE', #442 ) ;
#2178 = CIRCLE ( 'NONE', #2188, 1.599999999999993872 ) ;
#2179 = CARTESIAN_POINT ( 'NONE',  ( 18.61122565608605584, 52.89375909793351838, 0.000000000000000000 ) ) ;
#2180 = CARTESIAN_POINT ( 'NONE',  ( 0.4593987776269184420, 3.008819032223671197, -11.15865826245087256 ) ) ;
#2181 = EDGE_CURVE ( 'NONE', #2795, #2927, #1778, .T. ) ;
#2182 = CARTESIAN_POINT ( 'NONE',  ( 16.58357126458221131, 0.5866868739197883542, 9.302330946432837422 ) ) ;
#2183 = AXIS2_PLACEMENT_3D ( 'NONE', #549, #2790, #2818 ) ;
#2184 = CARTESIAN_POINT ( 'NONE',  ( 15.58337512487605991, 3.050629262741089587, -10.89938490924592251 ) ) ;
#2185 = CARTESIAN_POINT ( 'NONE',  ( 1.867506953999593031E-15, 1.399999999999972156, -6.399999999999999467 ) ) ;
#2186 = LINE ( 'NONE', #1245, #77 ) ;
#2187 = CARTESIAN_POINT ( 'NONE',  ( 0.1848590102318291573, 3.000000000000000888, 4.800005888609812033 ) ) ;
#2188 = AXIS2_PLACEMENT_3D ( 'NONE', #2800, #956, #1663 ) ;
#2189 = CARTESIAN_POINT ( 'NONE',  ( 22.99900417371896211, 48.40517361025490573, 3.918869757271497427E-16 ) ) ;
#2190 = CARTESIAN_POINT ( 'NONE',  ( 0.9714825959265919186, 1.544714864095585893, -9.271577450161338163 ) ) ;
#2191 = ORIENTED_EDGE ( 'NONE', *, *, #2451, .T. ) ;
#2192 = ADVANCED_FACE ( 'NONE', ( #152 ), #628, .F. ) ;
#2193 = CARTESIAN_POINT ( 'NONE',  ( 3.851859888774471706E-31, 1.399999999999972378, -8.000000000000000000 ) ) ;
#2194 = CIRCLE ( 'NONE', #633, 1.600000000000000089 ) ;
#2195 = CARTESIAN_POINT ( 'NONE',  ( 1.203050606561778313, 1.622519336672241685, 6.943887881175966115 ) ) ;
#2196 = EDGE_LOOP ( 'NONE', ( #1841, #1162, #926, #566 ) ) ;
#2197 = CARTESIAN_POINT ( 'NONE',  ( 23.42525989499299044, 70.85997946691020388, -2.939152317953647894E-15 ) ) ;
#2198 = LINE ( 'NONE', #384, #1197 ) ;
#2199 = DIRECTION ( 'NONE',  ( 0.000000000000000000, 0.000000000000000000, 1.000000000000000000 ) ) ;
#2200 = CARTESIAN_POINT ( 'NONE',  ( 0.000000000000000000, -3.000000000000000444, -19.00000000000000000 ) ) ;
#2201 = CARTESIAN_POINT ( 'NONE',  ( 0.7326085800139845450, 3.023003953387300768, 11.09105373740279710 ) ) ;
#2202 = CARTESIAN_POINT ( 'NONE',  ( -1.307689508199596062, -1.638233519085520840, 4.000000000000000888 ) ) ;
#2203 = CARTESIAN_POINT ( 'NONE',  ( 1.245192218926207239, 1.638715262466963196, -9.004743379352161625 ) ) ;
#2204 = ORIENTED_EDGE ( 'NONE', *, *, #1554, .T. ) ;
#2205 = CARTESIAN_POINT ( 'NONE',  ( 0.000000000000000000, 3.000000000000000000, 0.000000000000000000 ) ) ;
#2206 = EDGE_CURVE ( 'NONE', #1390, #244, #2723, .T. ) ;
#2207 = ORIENTED_EDGE ( 'NONE', *, *, #1419, .F. ) ;
#2208 = CARTESIAN_POINT ( 'NONE',  ( 20.10222252113278429, 60.77645713530756666, 0.000000000000000000 ) ) ;
#2209 = CARTESIAN_POINT ( 'NONE',  ( 15.58673853204687987, 3.050584365461177061, 10.89466634020727831 ) ) ;
#2210 = CARTESIAN_POINT ( 'NONE',  ( 0.000000000000000000, -3.000000000000000000, 19.00000000000000000 ) ) ;
#2211 = ORIENTED_EDGE ( 'NONE', *, *, #2074, .T. ) ;
#2212 = CARTESIAN_POINT ( 'NONE',  ( 0.3389353740936207338, 1.417433682178480980, 6.436085478927720871 ) ) ;
#2213 = CARTESIAN_POINT ( 'NONE',  ( 8.182999159901356734, -0.9785613385509587259, -17.15481296696912850 ) ) ;
#2214 = FACE_OUTER_BOUND ( 'NONE', #2138, .T. ) ;
#2215 = CARTESIAN_POINT ( 'NONE',  ( 18.61122565608605584, 52.89375909793351838, 0.000000000000000000 ) ) ;
#2216 = CARTESIAN_POINT ( 'NONE',  ( 0.7257852737416432554, 1.480559722022389169, -9.426153976035683613 ) ) ;
#2217 = AXIS2_PLACEMENT_3D ( 'NONE', #2422, #797, #1984 ) ;
#2218 = B_SPLINE_SURFACE_WITH_KNOTS ( 'NONE', 1, 3, ( 
 ( #2085, #1644, #2346, #2320, #317, #305, #2765, #1630, #1434, #56, #2519, #972, #1398, #2746, #2538, #2782, #939, #752, #2553, #1224, #1848, #528, #496, #2306, #275, #1679, #2116, #85, #1180, #1448, #988, #1894, #2568, #575, #813, #1040, #2906, #660, #1801, #1958, #1944, #2857, #1924, #1786, #364, #879, #131, #2598, #147, #1053, #2392, #1340, #2841, #1289, #1274, #200, #1722, #2195, #1109, #1024, #827, #2024, #1737, #2614, #2629, #673, #591, #2175, #607, #216, #1510, #2409, #378, #893, #2702, #2007, #1495, #1477 ),
 ( #2688, #2826, #1566, #2247, #2463, #1119, #2920, #432, #1706, #2363, #331, #1238, #2146, #799, #2378, #115, #349, #1255, #2162, #2771, #2314, #2260, #2486, #2078, #2034, #1158, #49, #709, #1583, #2737, #1146, #2271, #2475, #281, #1605, #458, #267, #1374, #2526, #2724, #1593, #2049, #239, #2496, #487, #1188, #963, #503, #945, #1173, #932, #698, #4, #1620, #1363, #908, #2285, #2714, #1133, #18, #919, #2092, #1826, #471, #1410, #62, #252, #446, #1869, #1352, #1854, #2062, #31, #228, #2756, #1840, #2511, #1389 ) ),
 .UNSPECIFIED., .F., .F., .F.,
 ( 2, 2 ),
 ( 4, 2, 2, 2, 2, 2, 2, 2, 2, 2, 2, 2, 2, 2, 2, 2, 2, 2, 2, 2, 2, 2, 2, 2, 2, 2, 2, 2, 2, 2, 2, 2, 2, 2, 2, 2, 2, 2, 4 ),
 ( 0.000000000000000000, 1.000000000000000000 ),
 ( 0.000000000000000000, 0.0003137404280740883444, 0.0004706106421111324895, 0.0006274808561481766888, 0.001254961712296353378, 0.001411831926333397685, 0.001568702140370441776, 0.001882442568444529958, 0.002196182996518618140, 0.002509923424592706755, 0.002666793638629751280, 0.002823663852666795371, 0.003137404280740883553, 0.003451144708814971734, 0.003608014922852015825, 0.003764885136889059916, 0.004078625564963148098, 0.004392365993037236280, 0.004706106421111324462, 0.005019846849185413511, 0.005333587277259502560, 0.005647327705333590742, 0.005804197919370634833, 0.005961068133407678923, 0.006274808561481767105, 0.006588548989555855287, 0.006745419203592899378, 0.006902289417629943469, 0.007216029845704031651, 0.007529770273778119832, 0.007843510701852208014, 0.008000380915889251238, 0.008157251129926296196, 0.008470991558000384378, 0.008784731986074472559, 0.009098472414148560741, 0.009412212842222648923, 0.009725953270296738840, 0.01003969369837082702 ),
 .UNSPECIFIED. ) ;
#2219 = VERTEX_POINT ( 'NONE', #2100 ) ;
#2220 = FACE_OUTER_BOUND ( 'NONE', #22, .T. ) ;
#2221 = VERTEX_POINT ( 'NONE', #1892 ) ;
#2222 = CARTESIAN_POINT ( 'NONE',  ( 11.81037754079783753, 1.572005594266868478, -14.89182556768432164 ) ) ;
#2223 =( BOUNDED_SURFACE ( )  B_SPLINE_SURFACE ( 3, 2, ( 
 ( #355, #1515, #1729 ),
 ( #138, #1931, #1260 ),
 ( #597, #830, #627 ),
 ( #844, #1073, #1975 ),
 ( #1045, #1501, #2651 ),
 ( #1949, #2872, #1279 ),
 ( #2859, #2184, #120 ),
 ( #151, #1753, #1058 ),
 ( #1740, #785, #1696 ),
 ( #2588, #561, #2636 ),
 ( #1466, #2368, #2153 ),
 ( #1028, #991, #2440 ),
 ( #1259, #1764, #611 ),
 ( #150, #2382, #354 ),
 ( #1711, #2166, #2845 ),
 ( #2665, #2601, #817 ),
 ( #137, #1514, #398 ),
 ( #1930, #163, #1500 ),
 ( #2831, #640, #1739 ),
 ( #2427, #2635, #2887 ),
 ( #1948, #2397, #2619 ),
 ( #1072, #369, #1292 ),
 ( #1044, #1974, #1322 ),
 ( #2871, #596, #1728 ),
 ( #2413, #193, #843 ),
 ( #1278, #803, #2182 ),
 ( #1752, #2649, #1057 ),
 ( #1307, #2209, #177 ),
 ( #1989, #855, #2225 ),
 ( #1544, #412, #579 ),
 ( #1483, #1613, #465 ),
 ( #480, #681, #667 ) ),
 .UNSPECIFIED., .F., .F., .F. ) 
 B_SPLINE_SURFACE_WITH_KNOTS ( ( 4, 2, 2, 2, 2, 2, 2, 2, 2, 2, 2, 2, 2, 2, 2, 4 ),
 ( 3, 3 ),
 ( 0.005910086078658428020, 0.006966365895326892890, 0.008022645711995358628, 0.009078925528663824365, 0.009607065436998057234, 0.01013520534533229010, 0.01224776497866922158, 0.01330404479533768732, 0.01436032461200615305, 0.01647288424534308279, 0.01700102415367731740, 0.01752916406201154853, 0.01858544387868001427, 0.01964172369534848001, 0.02069800351201694574, 0.02281056314535387722 ),
 ( 0.000000000000000000, 1.000000000000000000 ),
 .UNSPECIFIED. ) 
 GEOMETRIC_REPRESENTATION_ITEM ( )  RATIONAL_B_SPLINE_SURFACE ( (
 ( 1.000000000000000000, 0.9825803216652417849, 1.000000000000000000),
 ( 1.000000000000000000, 0.9812888626658984315, 1.000000000000000000),
 ( 1.000000000000000000, 0.9800220888854036527, 1.000000000000000000),
 ( 1.000000000000000000, 0.9776435679970156833, 1.000000000000000000),
 ( 1.000000000000000000, 0.9765313963692789923, 1.000000000000000000),
 ( 1.000000000000000000, 0.9744621799650290406, 1.000000000000000000),
 ( 1.000000000000000000, 0.9735049485751735565, 1.000000000000000000),
 ( 1.000000000000000000, 0.9721853698805658084, 1.000000000000000000),
 ( 1.000000000000000000, 0.9717649003721160472, 1.000000000000000000),
 ( 1.000000000000000000, 0.9709630751395219583, 1.000000000000000000),
 ( 1.000000000000000000, 0.9705813571013858221, 1.000000000000000000),
 ( 1.000000000000000000, 0.9687957274916161321, 1.000000000000000000),
 ( 1.000000000000000000, 0.9677326497457038323, 1.000000000000000000),
 ( 1.000000000000000000, 0.9666515913373784352, 1.000000000000000000),
 ( 1.000000000000000000, 0.9663775607908466903, 1.000000000000000000),
 ( 1.000000000000000000, 0.9660151875084006523, 1.000000000000000000),
 ( 1.000000000000000000, 0.9659248682765902982, 1.000000000000000000),
 ( 1.000000000000000000, 0.9659277651995781255, 1.000000000000000000),
 ( 1.000000000000000000, 0.9662897097985098105, 1.000000000000000000),
 ( 1.000000000000000000, 0.9671864622379304777, 1.000000000000000000),
 ( 1.000000000000000000, 0.9673884048298087013, 1.000000000000000000),
 ( 1.000000000000000000, 0.9678388459588369575, 1.000000000000000000),
 ( 1.000000000000000000, 0.9680882964423953574, 1.000000000000000000),
 ( 1.000000000000000000, 0.9688993109190832120, 1.000000000000000000),
 ( 1.000000000000000000, 0.9695241332252568789, 1.000000000000000000),
 ( 1.000000000000000000, 0.9709421995105427250, 1.000000000000000000),
 ( 1.000000000000000000, 0.9717354949314548351, 1.000000000000000000),
 ( 1.000000000000000000, 0.9734973576748132684, 1.000000000000000000),
 ( 1.000000000000000000, 0.9744731955398536760, 1.000000000000000000),
 ( 1.000000000000000000, 0.9776048932390231094, 1.000000000000000000),
 ( 1.000000000000000000, 0.9799738361807155407, 1.000000000000000000),
 ( 1.000000000000000000, 0.9825819572733706098, 1.000000000000000000) ) ) 
 REPRESENTATION_ITEM ( '' )  SURFACE ( )  );
#2224 = CARTESIAN_POINT ( 'NONE',  ( 2.712973960720311606, 3.324303458210569495, -8.833059765163611132 ) ) ;
#2225 = CARTESIAN_POINT ( 'NONE',  ( 14.93311963574154433, 0.7798950147625226537, 11.77067601194116087 ) ) ;
#2226 = ORIENTED_EDGE ( 'NONE', *, *, #2564, .T. ) ;
#2227 = CARTESIAN_POINT ( 'NONE',  ( 21.73364491613576988, 56.81937980865810545, 0.000000000000000000 ) ) ;
#2228 = CARTESIAN_POINT ( 'NONE',  ( 2.416626265427431530, 1.726421592026351703, -3.999999999999999112 ) ) ;
#2229 = CARTESIAN_POINT ( 'NONE',  ( 2.791112775933064505, 3.343489242546559659, 7.578909334128051789 ) ) ;
#2230 = EDGE_CURVE ( 'NONE', #1127, #2719, #1432, .T. ) ;
#2231 = CARTESIAN_POINT ( 'NONE',  ( -1.455987951504949640, -3.992530347183527617, 4.000000000000000888 ) ) ;
#2232 = CARTESIAN_POINT ( 'NONE',  ( 0.6915906035945978969, 1.473058895333445584, -9.443182473259252419 ) ) ;
#2233 = ORIENTED_EDGE ( 'NONE', *, *, #1513, .T. ) ;
#2234 = CARTESIAN_POINT ( 'NONE',  ( 19.16431552370794478, 47.23051197473740359, 4.000000000000000888 ) ) ;
#2235 = ORIENTED_EDGE ( 'NONE', *, *, #1435, .T. ) ;
#2236 = ADVANCED_FACE ( 'NONE', ( #2068 ), #2687, .F. ) ;
#2237 = CARTESIAN_POINT ( 'NONE',  ( 2.432322117826033470, 3.259918544888207315, -9.602298921810394461 ) ) ;
#2238 = ADVANCED_FACE ( 'NONE', ( #986 ), #951, .F. ) ;
#2239 = VERTEX_POINT ( 'NONE', #96 ) ;
#2240 = CARTESIAN_POINT ( 'NONE',  ( 15.15882353979744046, 42.32726185438862387, -0.6506407098647459808 ) ) ;
#2241 = DIRECTION ( 'NONE',  ( -0.9659258262890961788, 0.2588190451024163785, 0.000000000000000000 ) ) ;
#2242 = CIRCLE ( 'NONE', #2302, 16.00968956043620040 ) ;
#2243 = VECTOR ( 'NONE', #546, 1000.000000000000114 ) ;
#2244 = DIRECTION ( 'NONE',  ( 0.4999999999999996669, -0.8660254037844388186, 8.659560562354914369E-17 ) ) ;
#2245 = DIRECTION ( 'NONE',  ( 0.9659258262890682012, -0.2588190451025212391, 0.000000000000000000 ) ) ;
#2246 = CARTESIAN_POINT ( 'NONE',  ( 2.416626265427431530, 1.726421592026348151, 4.000000000000000888 ) ) ;
#2247 = CARTESIAN_POINT ( 'NONE',  ( 0.3247696202050593395, 3.004489342610892955, 11.17899064844006851 ) ) ;
#2248 = EDGE_LOOP ( 'NONE', ( #1766, #1999, #2662, #791, #1151, #1723 ) ) ;
#2249 = LINE ( 'NONE', #2478, #2000 ) ;
#2250 = CONICAL_SURFACE ( 'NONE', #869, 2.599999999999991207, 0.7853981633974460586 ) ;
#2251 = ORIENTED_EDGE ( 'NONE', *, *, #1184, .T. ) ;
#2252 = CARTESIAN_POINT ( 'NONE',  ( 0.3678689900264923707, 3.004445052511864223, -11.17944322494223819 ) ) ;
#2253 = ORIENTED_EDGE ( 'NONE', *, *, #2669, .F. ) ;
#2254 = CARTESIAN_POINT ( 'NONE',  ( 18.78580129218257611, 0.3433396666460319935, -2.939191161480160908 ) ) ;
#2255 = CARTESIAN_POINT ( 'NONE',  ( 1.959434878635769421E-16, -3.000000000000000888, -9.600000000000001421 ) ) ;
#2256 = EDGE_CURVE ( 'NONE', #1082, #2436, #2070, .T. ) ;
#2257 = CIRCLE ( 'NONE', #2394, 1.600000000000000089 ) ;
#2258 = CARTESIAN_POINT ( 'NONE',  ( 20.04896497269032807, 43.19103238543056023, 4.000000000000000888 ) ) ;
#2259 = CARTESIAN_POINT ( 'NONE',  ( 1.959434878635768928E-16, 1.399999999999972156, -9.600000000000001421 ) ) ;
#2260 = CARTESIAN_POINT ( 'NONE',  ( 2.113826062120872873, 3.195730195555198438, 10.10851547117322724 ) ) ;
#2261 = ORIENTED_EDGE ( 'NONE', *, *, #493, .F. ) ;
#2262 = FACE_OUTER_BOUND ( 'NONE', #1211, .T. ) ;
#2263 = AXIS2_PLACEMENT_3D ( 'NONE', #1018, #2139, #312 ) ;
#2264 = VERTEX_POINT ( 'NONE', #273 ) ;
#2265 = CARTESIAN_POINT ( 'NONE',  ( 24.68418203030453739, 67.83093422835358410, -2.939152317953647894E-15 ) ) ;
#2266 = EDGE_CURVE ( 'NONE', #662, #1545, #1642, .T. ) ;
#2267 = ORIENTED_EDGE ( 'NONE', *, *, #29, .T. ) ;
#2268 = CARTESIAN_POINT ( 'NONE',  ( 1.597530046475815535, 1.795301495821864046, -7.896508696591094001 ) ) ;
#2269 = DIRECTION ( 'NONE',  ( -1.000000000000000000, 0.000000000000000000, 0.000000000000000000 ) ) ;
#2270 = CARTESIAN_POINT ( 'NONE',  ( 15.25005614827177780, 5.158410980923221700, 9.471512229219266388 ) ) ;
#2271 = CARTESIAN_POINT ( 'NONE',  ( 2.630864268517118187, 3.304654425348381608, 9.127585258384673494 ) ) ;
#2272 = AXIS2_PLACEMENT_3D ( 'NONE', #537, #2544, #1031 ) ;
#2273 = ORIENTED_EDGE ( 'NONE', *, *, #2135, .F. ) ;
#2274 = CARTESIAN_POINT ( 'NONE',  ( 13.70926732870619169, 3.608644265962440478, 12.63760298176552865 ) ) ;
#2275 = CARTESIAN_POINT ( 'NONE',  ( 119.3617870145261435, 14.50968956044623681, 0.000000000000000000 ) ) ;
#2276 = AXIS2_PLACEMENT_3D ( 'NONE', #1248, #2372, #2157 ) ;
#2277 = VECTOR ( 'NONE', #2858, 1000.000000000000114 ) ;
#2278 = ORIENTED_EDGE ( 'NONE', *, *, #1125, .F. ) ;
#2279 = CARTESIAN_POINT ( 'NONE',  ( 2.116589669471148127, 3.195521861872380409, -10.11464606112581599 ) ) ;
#2280 = EDGE_LOOP ( 'NONE', ( #604, #1497, #2591, #2025, #682 ) ) ;
#2281 = CARTESIAN_POINT ( 'NONE',  ( 1.301470767403925199, 1.660871168611069981, -7.067864628123688320 ) ) ;
#2282 = VECTOR ( 'NONE', #3, 1000.000000000000114 ) ;
#2283 = DIRECTION ( 'NONE',  ( 0.2588190451025211836, 0.9659258262890680902, 0.000000000000000000 ) ) ;
#2284 = CARTESIAN_POINT ( 'NONE',  ( 15.18466066418487692, 42.42386643581527750, 19.00000000000000000 ) ) ;
#2285 = CARTESIAN_POINT ( 'NONE',  ( 2.228384367626273121, 3.217624091513434870, 6.048446865246138060 ) ) ;
#2286 = ORIENTED_EDGE ( 'NONE', *, *, #174, .F. ) ;
#2287 = CARTESIAN_POINT ( 'NONE',  ( 0.000000000000000000, 3.000000000000000444, 19.00000000000000000 ) ) ;
#2288 = CARTESIAN_POINT ( 'NONE',  ( 0.8080532470857767491, 1.499864451960557732, -6.618559292061664934 ) ) ;
#2289 = VERTEX_POINT ( 'NONE', #780 ) ;
#2290 = EDGE_CURVE ( 'NONE', #447, #1082, #1660, .T. ) ;
#2291 = DIRECTION ( 'NONE',  ( 1.000000000000000000, -5.028284647008292415E-13, 0.000000000000000000 ) ) ;
#2292 = DIRECTION ( 'NONE',  ( 0.000000000000000000, 0.000000000000000000, 1.000000000000000000 ) ) ;
#2293 = CARTESIAN_POINT ( 'NONE',  ( 1.587011411116219906, 1.790033419664563752, -8.210067189001842181 ) ) ;
#2294 = DIRECTION ( 'NONE',  ( 0.9659258262890682012, -0.2588190451025209615, -0.000000000000000000 ) ) ;
#2295 = CARTESIAN_POINT ( 'NONE',  ( 2.416626265427431530, -3.000000000000000444, -3.999999999999999112 ) ) ;
#2296 = DIRECTION ( 'NONE',  ( -0.9659258262890682012, 0.2588190451025212391, -0.000000000000000000 ) ) ;
#2297 = LINE ( 'NONE', #725, #1865 ) ;
#2298 = EDGE_LOOP ( 'NONE', ( #2441, #394, #1795, #423 ) ) ;
#2299 = DIRECTION ( 'NONE',  ( -0.9659258262890682012, 0.2588190451025212391, 0.000000000000000000 ) ) ;
#2300 = ADVANCED_FACE ( 'NONE', ( #1416 ), #2763, .F. ) ;
#2301 = CARTESIAN_POINT ( 'NONE',  ( 0.4139720777000447383, 1.425808542164567649, -6.453599508050516853 ) ) ;
#2302 = AXIS2_PLACEMENT_3D ( 'NONE', #23, #2029, #1179 ) ;
#2303 = ORIENTED_EDGE ( 'NONE', *, *, #1051, .T. ) ;
#2304 = DIRECTION ( 'NONE',  ( 0.000000000000000000, 0.000000000000000000, -1.000000000000000000 ) ) ;
#2305 = DIRECTION ( 'NONE',  ( 0.000000000000000000, 1.000000000000000000, 0.000000000000000000 ) ) ;
#2306 = CARTESIAN_POINT ( 'NONE',  ( 1.270490495264635644, 1.648434108177762702, 8.973942559429451293 ) ) ;
#2307 = DIRECTION ( 'NONE',  ( -0.2588190451025220162, -0.9659258262890679791, 0.000000000000000000 ) ) ;
#2308 = DIRECTION ( 'NONE',  ( -1.000000000000000000, 0.000000000000000000, 0.000000000000000000 ) ) ;
#2309 = CARTESIAN_POINT ( 'NONE',  ( -6.350118653360408002E-15, 14.50968956044622082, 0.000000000000000000 ) ) ;
#2310 = EDGE_CURVE ( 'NONE', #477, #1341, #180, .T. ) ;
#2311 = CARTESIAN_POINT ( 'NONE',  ( 0.9969186468027969594, 1.552500022766186039, 9.251494737982472572 ) ) ;
#2312 = FACE_BOUND ( 'NONE', #160, .T. ) ;
#2313 = EDGE_CURVE ( 'NONE', #2719, #2795, #1081, .T. ) ;
#2314 = CARTESIAN_POINT ( 'NONE',  ( 2.052032370406732031, 3.184359214051745823, 10.18628102076078079 ) ) ;
#2315 = VERTEX_POINT ( 'NONE', #1052 ) ;
#2316 = CARTESIAN_POINT ( 'NONE',  ( 0.5893727072217822549, 1.453079550326599412, -6.512444513445563743 ) ) ;
#2317 = VERTEX_POINT ( 'NONE', #145 ) ;
#2318 = CARTESIAN_POINT ( 'NONE',  ( 12.56298105666943421, 1.075227570441159131, -14.27266553143812722 ) ) ;
#2319 = CARTESIAN_POINT ( 'NONE',  ( 22.61362966948436082, 60.10352761804101362, 19.00000000000000000 ) ) ;
#2320 = CARTESIAN_POINT ( 'NONE',  ( 0.1849584594452548525, 1.405113420970280025, 9.589495324219880601 ) ) ;
#2321 = CARTESIAN_POINT ( 'NONE',  ( 1.545381134366731191, -2.596889004704562520, -3.999999999999999112 ) ) ;
#2322 = CARTESIAN_POINT ( 'NONE',  ( 1.640629312246641547, 3.117272961543430476, -5.400232085727869169 ) ) ;
#2323 = EDGE_CURVE ( 'NONE', #1079, #1275, #554, .T. ) ;
#2324 = LINE ( 'NONE', #976, #1108 ) ;
#2325 = CARTESIAN_POINT ( 'NONE',  ( 0.5265491115885764239, 1.442213489080519606, 9.511289017381608701 ) ) ;
#2326 = CARTESIAN_POINT ( 'NONE',  ( -8.000000000000000000, -3.000000000000000888, -1.599999999999998979 ) ) ;
#2327 = AXIS2_PLACEMENT_3D ( 'NONE', #2704, #648, #21 ) ;
#2328 = VERTEX_POINT ( 'NONE', #1956 ) ;
#2329 = CARTESIAN_POINT ( 'NONE',  ( 28.79655078401544799, 70.04191211913004622, -2.939152317953647894E-15 ) ) ;
#2330 = CARTESIAN_POINT ( 'NONE',  ( 1.234849726172912776, 1.634730958654951882, -6.982576381179359970 ) ) ;
#2331 = ORIENTED_EDGE ( 'NONE', *, *, #1793, .F. ) ;
#2332 = CARTESIAN_POINT ( 'NONE',  ( 18.14791335350127710, 0.4120609251527973527, -5.814650182075031815 ) ) ;
#2333 = CARTESIAN_POINT ( 'NONE',  ( 1.248995108585866820, 3.066695554653892763, -5.125911207767270383 ) ) ;
#2334 = CARTESIAN_POINT ( 'NONE',  ( 11.50968956044621372, 14.50968956044622971, -19.00000000000000000 ) ) ;
#2335 = CARTESIAN_POINT ( 'NONE',  ( 1.121391326947564604, 3.054677871234488418, -5.065487471605364611 ) ) ;
#2336 = FACE_OUTER_BOUND ( 'NONE', #800, .T. ) ;
#2337 = EDGE_CURVE ( 'NONE', #897, #24, #1236, .T. ) ;
#2338 = CARTESIAN_POINT ( 'NONE',  ( 1.326343073553608809, 1.671181686740771610, 8.894911239316529716 ) ) ;
#2339 = CARTESIAN_POINT ( 'NONE',  ( 22.07940086045986661, 65.83716517020702952, -2.620744150175334695E-15 ) ) ;
#2340 = ORIENTED_EDGE ( 'NONE', *, *, #472, .T. ) ;
#2341 = DIRECTION ( 'NONE',  ( 0.2588190451025210170, 0.9659258262890682012, 0.000000000000000000 ) ) ;
#2342 = CARTESIAN_POINT ( 'NONE',  ( 1.223023886319736464, 1.630209589697295014, -6.968379712430442297 ) ) ;
#2343 = ORIENTED_EDGE ( 'NONE', *, *, #1181, .F. ) ;
#2344 = CARTESIAN_POINT ( 'NONE',  ( 17.31919108906052074, 0.5035552474563474989, 7.847215918101812626 ) ) ;
#2345 = CARTESIAN_POINT ( 'NONE',  ( 1.682826898744418820, -2.186093176131320259, 4.000000000000000888 ) ) ;
#2346 = CARTESIAN_POINT ( 'NONE',  ( 0.1059331057245575664, 1.401289647562005358, 9.597364316810823581 ) ) ;
#2347 = ADVANCED_FACE ( 'NONE', ( #2174, #2628 ), #1080, .F. ) ;
#2348 = EDGE_LOOP ( 'NONE', ( #219, #999, #2490, #5 ) ) ;
#2349 = LINE ( 'NONE', #261, #902 ) ;
#2350 = AXIS2_PLACEMENT_3D ( 'NONE', #1209, #2882, #2143 ) ;
#2351 = CARTESIAN_POINT ( 'NONE',  ( 1.713792767447518406, 3.128083509986207211, -5.462211787759905235 ) ) ;
#2352 = FACE_OUTER_BOUND ( 'NONE', #1318, .T. ) ;
#2353 = CARTESIAN_POINT ( 'NONE',  ( 1.177232863061799417, 1.613129506348294440, 6.916318914699272291 ) ) ;
#2354 = DIRECTION ( 'NONE',  ( 0.9659258262890682012, -0.2588190451025212391, -0.000000000000000000 ) ) ;
#2355 = ORIENTED_EDGE ( 'NONE', *, *, #1315, .F. ) ;
#2356 = CARTESIAN_POINT ( 'NONE',  ( -8.000000000000000000, 3.000000000000000000, 9.797174393178823685E-16 ) ) ;
#2357 = CARTESIAN_POINT ( 'NONE',  ( 1.444083139884911882, 1.722045890801414458, -7.310294056464756274 ) ) ;
#2358 = EDGE_CURVE ( 'NONE', #1329, #1573, #346, .T. ) ;
#2359 = ORIENTED_EDGE ( 'NONE', *, *, #2337, .T. ) ;
#2360 = EDGE_CURVE ( 'NONE', #2082, #441, #796, .T. ) ;
#2361 = CARTESIAN_POINT ( 'NONE',  ( 17.67018590802620892, 41.65434433591981644, 0.000000000000000000 ) ) ;
#2362 = CARTESIAN_POINT ( 'NONE',  ( 2.719400603199263688, 3.325809071557025653, -7.169462787776120116 ) ) ;
#2363 = CARTESIAN_POINT ( 'NONE',  ( 1.121391326947566380, 3.054677871234489750, 10.93451252839463450 ) ) ;
#2364 = ORIENTED_EDGE ( 'NONE', *, *, #602, .F. ) ;
#2365 = CARTESIAN_POINT ( 'NONE',  ( 0.000000000000000000, 3.000000000000000000, 0.000000000000000000 ) ) ;
#2366 = CARTESIAN_POINT ( 'NONE',  ( 0.3710269548368885784, 3.005889814075036970, -4.827586356006719370 ) ) ;
#2367 = AXIS2_PLACEMENT_3D ( 'NONE', #388, #891, #2642 ) ;
#2368 = CARTESIAN_POINT ( 'NONE',  ( 16.88665447006293618, 3.032306065280875984, -8.720709142193973307 ) ) ;
#2369 = CARTESIAN_POINT ( 'NONE',  ( 1.427071694643842426, 1.714405496254432171, 8.723983119286781829 ) ) ;
#2370 = DIRECTION ( 'NONE',  ( 0.000000000000000000, 0.000000000000000000, 1.000000000000000000 ) ) ;
#2371 = VERTEX_POINT ( 'NONE', #1475 ) ;
#2372 = DIRECTION ( 'NONE',  ( -0.000000000000000000, -0.000000000000000000, -1.000000000000000000 ) ) ;
#2373 = CARTESIAN_POINT ( 'NONE',  ( 1.240665235780787024, 1.636967080520076667, -9.010328012653012308 ) ) ;
#2374 = ORIENTED_EDGE ( 'NONE', *, *, #249, .T. ) ;
#2375 = VECTOR ( 'NONE', #2294, 1000.000000000000000 ) ;
#2376 = LINE ( 'NONE', #2823, #367 ) ;
#2377 = CARTESIAN_POINT ( 'NONE',  ( 0.6449005893236455789, 3.017718174079861981, -4.883660924108210288 ) ) ;
#2378 = CARTESIAN_POINT ( 'NONE',  ( 1.488883550162286351, 3.096449747936603547, 10.71567514096278906 ) ) ;
#2379 = ORIENTED_EDGE ( 'NONE', *, *, #508, .F. ) ;
#2380 = CARTESIAN_POINT ( 'NONE',  ( 22.61362966948436437, 60.10352761804101362, -3.999999999999999112 ) ) ;
#2381 = CARTESIAN_POINT ( 'NONE',  ( 0.2099361225744558745, 1.406310212532314141, -9.587032654188423209 ) ) ;
#2382 = CARTESIAN_POINT ( 'NONE',  ( 18.66679154136948782, 3.005271315885564842, -3.617933511699936044 ) ) ;
#2383 = LINE ( 'NONE', #164, #2621 ) ;
#2384 = CIRCLE ( 'NONE', #2672, 19.09999999999999787 ) ;
#2385 = CARTESIAN_POINT ( 'NONE',  ( 1.332690458261074129, 1.673812199161028857, 7.114579486351879645 ) ) ;
#2386 = CYLINDRICAL_SURFACE ( 'NONE', #377, 1.600000000000000089 ) ;
#2387 = VERTEX_POINT ( 'NONE', #826 ) ;
#2388 = DIRECTION ( 'NONE',  ( 0.9659258262890680902, -0.2588190451025210170, 0.000000000000000000 ) ) ;
#2389 = CARTESIAN_POINT ( 'NONE',  ( 1.212720602564070216, 1.626259155093748632, -9.044022501700320404 ) ) ;
#2390 = EDGE_LOOP ( 'NONE', ( #2694, #53, #204, #2868 ) ) ;
#2391 = DIRECTION ( 'NONE',  ( 0.000000000000000000, -1.000000000000000000, 0.000000000000000000 ) ) ;
#2392 = CARTESIAN_POINT ( 'NONE',  ( 1.435085406002288178, 1.717949188782677661, 7.290600035844414961 ) ) ;
#2393 = ORIENTED_EDGE ( 'NONE', *, *, #2924, .T. ) ;
#2394 = AXIS2_PLACEMENT_3D ( 'NONE', #1562, #210, #443 ) ;
#2395 = DIRECTION ( 'NONE',  ( -0.9659258262890719759, 0.2588190451025069727, 0.000000000000000000 ) ) ;
#2396 = CARTESIAN_POINT ( 'NONE',  ( -8.464414325267429199E-15, 3.000000000000000000, -11.20000000000001172 ) ) ;
#2397 = CARTESIAN_POINT ( 'NONE',  ( 18.33016557856011275, 3.010527867178474537, 5.016350054096999855 ) ) ;
#2398 = DIRECTION ( 'NONE',  ( 0.2588190451025190741, 0.9659258262890686453, 0.000000000000000000 ) ) ;
#2399 = PRODUCT_DEFINITION_FORMATION_WITH_SPECIFIED_SOURCE ( 'ANY', '', #2876, .NOT_KNOWN. ) ;
#2400 = CIRCLE ( 'NONE', #1790, 3.200000000000011724 ) ;
#2401 = CARTESIAN_POINT ( 'NONE',  ( 1.345198900594010372, 1.679028494665908644, 7.133691368085934847 ) ) ;
#2402 = DIRECTION ( 'NONE',  ( -0.9659258262890680902, 0.2588190451025210170, 0.000000000000000000 ) ) ;
#2403 = CONICAL_SURFACE ( 'NONE', #2727, 1.600000000000007194, 0.7853981633974576049 ) ;
#2404 = EDGE_CURVE ( 'NONE', #2239, #1902, #1943, .T. ) ;
#2405 = CARTESIAN_POINT ( 'NONE',  ( 22.28174379598454635, 51.91024672654392447, 0.000000000000000000 ) ) ;
#2406 = CARTESIAN_POINT ( 'NONE',  ( 1.186833343919990069, 1.616653693561981742, -9.073124025797897119 ) ) ;
#2407 = ORIENTED_EDGE ( 'NONE', *, *, #984, .T. ) ;
#2408 = CARTESIAN_POINT ( 'NONE',  ( 119.3617870145261435, 14.50968956044623681, 0.000000000000000000 ) ) ;
#2409 = CARTESIAN_POINT ( 'NONE',  ( 0.4149264011063820701, 1.425903728723971975, 6.453846012036092539 ) ) ;
#2410 = ORIENTED_EDGE ( 'NONE', *, *, #44, .F. ) ;
#2411 = DIRECTION ( 'NONE',  ( 0.000000000000000000, 0.000000000000000000, 1.000000000000000000 ) ) ;
#2412 = CARTESIAN_POINT ( 'NONE',  ( 0.3686280422242280697, 3.005540069196587893, -11.17406530837580192 ) ) ;
#2413 = CARTESIAN_POINT ( 'NONE',  ( 16.36339314424403568, 5.238367754393028264, 7.050880625116427325 ) ) ;
#2414 = FACE_OUTER_BOUND ( 'NONE', #2043, .T. ) ;
#2415 = DIRECTION ( 'NONE',  ( -0.000000000000000000, -0.000000000000000000, -1.000000000000000000 ) ) ;
#2416 = DIRECTION ( 'NONE',  ( -0.2588190451025211281, -0.9659258262890682012, 0.000000000000000000 ) ) ;
#2417 = CARTESIAN_POINT ( 'NONE',  ( 2.791239799907524244, 3.343521784084939608, 8.419714035280106756 ) ) ;
#2418 = VECTOR ( 'NONE', #1751, 1000.000000000000114 ) ;
#2419 = PLANE ( 'NONE',  #851 ) ;
#2420 = CARTESIAN_POINT ( 'NONE',  ( 1.599953484484735400, 1.796525686588919202, -8.053033515851430124 ) ) ;
#2421 = ORIENTED_EDGE ( 'NONE', *, *, #139, .T. ) ;
#2422 = CARTESIAN_POINT ( 'NONE',  ( 0.000000000000000000, -3.000000000000000000, 0.000000000000000000 ) ) ;
#2423 = ORIENTED_EDGE ( 'NONE', *, *, #368, .T. ) ;
#2424 = CARTESIAN_POINT ( 'NONE',  ( 19.53132688248530613, 41.25918073285242116, 4.000000000000000888 ) ) ;
#2425 = CARTESIAN_POINT ( 'NONE',  ( 2.454998702271094402, 3.264849561745325257, -9.556781638064450135 ) ) ;
#2426 = AXIS2_PLACEMENT_3D ( 'NONE', #2179, #1946, #2647 ) ;
#2427 = CARTESIAN_POINT ( 'NONE',  ( 17.20648635018851991, 5.293045253005926654, 4.210913051865627921 ) ) ;
#2428 = CARTESIAN_POINT ( 'NONE',  ( 25.87474963777613013, 72.27419302928326772, -2.939152317953647894E-15 ) ) ;
#2429 = PRODUCT_DEFINITION ( 'UNKNOWN', '', #2399, #333 ) ;
#2430 = CARTESIAN_POINT ( 'NONE',  ( 0.000000000000000000, 3.000000000000000000, -4.799999999999988276 ) ) ;
#2431 = FACE_OUTER_BOUND ( 'NONE', #1460, .T. ) ;
#2432 = CARTESIAN_POINT ( 'NONE',  ( 17.15118749382052954, 43.96748952072843508, -3.999999999999999112 ) ) ;
#2433 = DIRECTION ( 'NONE',  ( -0.9659258262890682012, 0.2588190451025212391, 0.000000000000000000 ) ) ;
#2434 = CARTESIAN_POINT ( 'NONE',  ( 0.1036713239460681363, 1.400000229475194313, -9.600000000000003197 ) ) ;
#2435 = DIRECTION ( 'NONE',  ( -0.9659258262890680902, 0.2588190451025211836, -0.000000000000000000 ) ) ;
#2436 = VERTEX_POINT ( 'NONE', #1069 ) ;
#2437 = CARTESIAN_POINT ( 'NONE',  ( 14.43407209614460385, 4.576828433361892046, -11.27138122503489548 ) ) ;
#2438 = EDGE_CURVE ( 'NONE', #2315, #447, #888, .T. ) ;
#2439 = EDGE_CURVE ( 'NONE', #1455, #1070, #363, .T. ) ;
#2440 = CARTESIAN_POINT ( 'NONE',  ( 17.60322984100045574, 0.4713424085693402876, -7.304523029637209675 ) ) ;
#2441 = ORIENTED_EDGE ( 'NONE', *, *, #984, .F. ) ;
#2442 = CARTESIAN_POINT ( 'NONE',  ( 0.9932665779787888116, 1.551306311872663102, 6.745306574361397800 ) ) ;
#2443 = CARTESIAN_POINT ( 'NONE',  ( 5.336994189006702527, -2.175365253845427560, -18.24276122829592950 ) ) ;
#2444 = CIRCLE ( 'NONE', #26, 1.600000000000000755 ) ;
#2445 = LINE ( 'NONE', #1993, #836 ) ;
#2446 = FACE_OUTER_BOUND ( 'NONE', #2012, .T. ) ;
#2447 = CARTESIAN_POINT ( 'NONE',  ( 15.92365121583422294, 7.226532477919759501, -4.896131671259738916 ) ) ;
#2448 = VECTOR ( 'NONE', #392, 1000.000000000000227 ) ;
#2449 = ADVANCED_FACE ( 'NONE', ( #1509 ), #812, .T. ) ;
#2450 = ORIENTED_EDGE ( 'NONE', *, *, #207, .F. ) ;
#2451 = EDGE_CURVE ( 'NONE', #2221, #2691, #2376, .T. ) ;
#2452 = CARTESIAN_POINT ( 'NONE',  ( -1.027725073217150786, -0.8571423611605214488, 4.000000000000000888 ) ) ;
#2453 = ORIENTED_EDGE ( 'NONE', *, *, #1736, .T. ) ;
#2454 = EDGE_CURVE ( 'NONE', #1226, #189, #1302, .T. ) ;
#2455 = CARTESIAN_POINT ( 'NONE',  ( 2.283035763977677490, 3.228578950332960051, -9.867868623824112007 ) ) ;
#2456 = CARTESIAN_POINT ( 'NONE',  ( -8.525023650712312963E-16, -3.000000000000000888, 6.399999999999999467 ) ) ;
#2457 = ORIENTED_EDGE ( 'NONE', *, *, #1920, .T. ) ;
#2458 = CARTESIAN_POINT ( 'NONE',  ( 0.2086638745759961111, 1.404981297917283545, 6.410109293073730896 ) ) ;
#2459 = CARTESIAN_POINT ( 'NONE',  ( 22.61362966948436437, 60.10352761804102073, 0.000000000000000000 ) ) ;
#2460 = CYLINDRICAL_SURFACE ( 'NONE', #2527, 1.600000000000000755 ) ;
#2461 = CARTESIAN_POINT ( 'NONE',  ( -1.500011879746313781, -3.240965777316010321, -3.999999999999999112 ) ) ;
#2462 = LINE ( 'NONE', #1118, #1429 ) ;
#2463 = CARTESIAN_POINT ( 'NONE',  ( 0.3710269548368915205, 3.005889814075040078, 11.17241364399328063 ) ) ;
#2464 = ORIENTED_EDGE ( 'NONE', *, *, #258, .T. ) ;
#2465 = CARTESIAN_POINT ( 'NONE',  ( -0.7521008947143136281, -0.3607238490283297128, -3.999999999999999112 ) ) ;
#2466 = EDGE_LOOP ( 'NONE', ( #2343, #2093 ) ) ;
#2467 = EDGE_CURVE ( 'NONE', #2691, #1353, #1533, .T. ) ;
#2468 = CARTESIAN_POINT ( 'NONE',  ( 1.500735740361940795, -3.000000000000000000, 4.000000000000000888 ) ) ;
#2469 = ORIENTED_EDGE ( 'NONE', *, *, #1130, .T. ) ;
#2470 = CARTESIAN_POINT ( 'NONE',  ( 13.00968956043619151, 14.50968956043968028, 4.000000000000000888 ) ) ;
#2471 = CARTESIAN_POINT ( 'NONE',  ( 25.89777747886719794, 59.22354286469244755, 0.000000000000000000 ) ) ;
#2472 = CIRCLE ( 'NONE', #955, 1.600000000000000755 ) ;
#2473 = DIRECTION ( 'NONE',  ( -0.2588190451025211836, -0.9659258262890680902, 0.000000000000000000 ) ) ;
#2474 = CARTESIAN_POINT ( 'NONE',  ( 0.6266138847654112443, 1.460015005531939414, -9.472257504868972333 ) ) ;
#2475 = CARTESIAN_POINT ( 'NONE',  ( 2.661797520849590981, 3.311987276895071552, 9.029055163957325547 ) ) ;
#2476 = ORIENTED_EDGE ( 'NONE', *, *, #2337, .F. ) ;
#2477 = ADVANCED_FACE ( 'NONE', ( #2866 ), #838, .T. ) ;
#2478 = CARTESIAN_POINT ( 'NONE',  ( -8.000000000000000000, -3.000000000000000888, 1.600000000000001199 ) ) ;
#2479 = VERTEX_POINT ( 'NONE', #406 ) ;
#2480 = ADVANCED_FACE ( 'NONE', ( #1775 ), #688, .T. ) ;
#2481 = CARTESIAN_POINT ( 'NONE',  ( -6.350118653360408002E-15, 14.50968956044622082, 4.000000000000000888 ) ) ;
#2482 = VERTEX_POINT ( 'NONE', #202 ) ;
#2483 = CARTESIAN_POINT ( 'NONE',  ( 1.434871253529085289, 1.717931561644153948, -7.291594622543512649 ) ) ;
#2484 = CARTESIAN_POINT ( 'NONE',  ( 1.010632175887112405, 1.556756350565359437, 9.240417318476861652 ) ) ;
#2485 = CARTESIAN_POINT ( 'NONE',  ( 2.973893889896990661, -1.221366187766829592, 4.000000000000000888 ) ) ;
#2486 = CARTESIAN_POINT ( 'NONE',  ( 2.143810704929533628, 3.201378088690519874, 10.06886610463429932 ) ) ;
#2487 = ORIENTED_EDGE ( 'NONE', *, *, #2618, .T. ) ;
#2488 = VECTOR ( 'NONE', #573, 999.9999999999998863 ) ;
#2489 = CARTESIAN_POINT ( 'NONE',  ( 2.416626265426812026, 1.726421592029631524, -3.999999999999999112 ) ) ;
#2490 = ORIENTED_EDGE ( 'NONE', *, *, #1617, .F. ) ;
#2491 = DIRECTION ( 'NONE',  ( -0.000000000000000000, -0.000000000000000000, -1.000000000000000000 ) ) ;
#2492 = ORIENTED_EDGE ( 'NONE', *, *, #1919, .F. ) ;
#2493 = CARTESIAN_POINT ( 'NONE',  ( 0.05305921499297078237, 1.400000047143720172, -6.400001395921489866 ) ) ;
#2494 = CARTESIAN_POINT ( 'NONE',  ( 0.9779349089838660358, 1.546692565160079358, 9.266480045164293244 ) ) ;
#2495 = DIRECTION ( 'NONE',  ( 0.2588190451028575811, 0.9659258262889779401, 0.000000000000000000 ) ) ;
#2496 = CARTESIAN_POINT ( 'NONE',  ( 2.745900170938965434, 3.332343077082848826, 7.321167758268247283 ) ) ;
#2497 = EDGE_CURVE ( 'NONE', #1275, #1492, #339, .T. ) ;
#2498 = ORIENTED_EDGE ( 'NONE', *, *, #894, .T. ) ;
#2499 = CARTESIAN_POINT ( 'NONE',  ( 47.69825275856955216, 60.00789067350605421, -2.939152317953647894E-15 ) ) ;
#2500 = CARTESIAN_POINT ( 'NONE',  ( 16.60771291081437795, 41.93903311750259633, -0.6506407098271372869 ) ) ;
#2501 = CIRCLE ( 'NONE', #1231, 3.200000000000011280 ) ;
#2502 = ORIENTED_EDGE ( 'NONE', *, *, #1011, .T. ) ;
#2503 = CARTESIAN_POINT ( 'NONE',  ( 2.523036893526194202, 3.279704454026186156, -9.423345155527542261 ) ) ;
#2504 = CYLINDRICAL_SURFACE ( 'NONE', #1491, 19.00000000000000000 ) ;
#2505 = CYLINDRICAL_SURFACE ( 'NONE', #762, 1.600000000000000755 ) ;
#2506 = CARTESIAN_POINT ( 'NONE',  ( 1.600045881288113536, 1.796571431174223132, -7.949037931157544534 ) ) ;
#2507 = CIRCLE ( 'NONE', #2850, 101.8520974540799244 ) ;
#2508 = CARTESIAN_POINT ( 'NONE',  ( 10.69085446771048709, 0.6103341330558255118, 15.73254762534169160 ) ) ;
#2509 = CARTESIAN_POINT ( 'NONE',  ( 1.232097960941145987, 1.633675644067952959, 9.020754270629344873 ) ) ;
#2510 = CARTESIAN_POINT ( 'NONE',  ( 17.59933820540503646, 5.316953488387537341, -1.789953739816197542 ) ) ;
#2511 = CARTESIAN_POINT ( 'NONE',  ( 0.09316418381861958642, 3.000000103108896976, 4.800002967707796664 ) ) ;
#2512 = VECTOR ( 'NONE', #1910, 1000.000000000000000 ) ;
#2513 = ORIENTED_EDGE ( 'NONE', *, *, #260, .F. ) ;
#2514 = DIRECTION ( 'NONE',  ( 0.000000000000000000, 0.000000000000000000, -1.000000000000000000 ) ) ;
#2515 = CARTESIAN_POINT ( 'NONE',  ( 16.63354940361549694, 42.03563786815033154, -3.999999999999999112 ) ) ;
#2516 = ORIENTED_EDGE ( 'NONE', *, *, #6, .F. ) ;
#2517 = CARTESIAN_POINT ( 'NONE',  ( 15.49001269516837276, 0.7136744259397330703, -11.02701903163652730 ) ) ;
#2518 = DIRECTION ( 'NONE',  ( 1.000000000000000000, 0.000000000000000000, 0.000000000000000000 ) ) ;
#2519 = CARTESIAN_POINT ( 'NONE',  ( 0.6625925818190870897, 1.467062796323499008, 9.456591326534967479 ) ) ;
#2520 = EDGE_LOOP ( 'NONE', ( #302, #2865, #319 ) ) ;
#2521 = EDGE_CURVE ( 'NONE', #1700, #2177, #42, .T. ) ;
#2522 = CARTESIAN_POINT ( 'NONE',  ( 1.546231053205038508, 1.769924577073110017, -7.585397014176686881 ) ) ;
#2523 = DIRECTION ( 'NONE',  ( -0.1857558748233932577, 0.9825959265988210012, -0.000000000000000000 ) ) ;
#2524 = DIRECTION ( 'NONE',  ( 0.2588190451025190741, 0.9659258262890686453, 0.000000000000000000 ) ) ;
#2525 = CARTESIAN_POINT ( 'NONE',  ( 17.35286282135082203, 5.302101883149113348, -3.577521833083086467 ) ) ;
#2526 = CARTESIAN_POINT ( 'NONE',  ( 2.809529743810330160, 3.348171025737248563, 8.101924137676528304 ) ) ;
#2527 = AXIS2_PLACEMENT_3D ( 'NONE', #2670, #428, #644 ) ;
#2528 = ORIENTED_EDGE ( 'NONE', *, *, #1920, .F. ) ;
#2529 = LINE ( 'NONE', #505, #886 ) ;
#2530 = CARTESIAN_POINT ( 'NONE',  ( 0.9105018489208503984, 1.527030428252381444, -6.684123905154367939 ) ) ;
#2531 = EDGE_CURVE ( 'NONE', #1815, #2315, #2249, .T. ) ;
#2532 = AXIS2_PLACEMENT_3D ( 'NONE', #1254, #2101, #68 ) ;
#2533 = ORIENTED_EDGE ( 'NONE', *, *, #174, .T. ) ;
#2534 = EDGE_CURVE ( 'NONE', #553, #1221, #1059, .T. ) ;
#2535 = VECTOR ( 'NONE', #1427, 999.9999999999998863 ) ;
#2536 = CARTESIAN_POINT ( 'NONE',  ( 15.70229875438992551, 44.35571808839340946, 0.000000000000000000 ) ) ;
#2537 = CARTESIAN_POINT ( 'NONE',  ( 2.246694178202251813, 3.218342580672350906, -6.033810615370373220 ) ) ;
#2538 = CARTESIAN_POINT ( 'NONE',  ( 0.8479290875665250748, 1.509857546287183272, 9.357837570480118217 ) ) ;
#2539 = CARTESIAN_POINT ( 'NONE',  ( 1.682826898744419708, -2.186093176131320259, -3.999999999999999112 ) ) ;
#2540 = CARTESIAN_POINT ( 'NONE',  ( 1.398138094387029851, 1.701667174988789943, -8.778390819033457859 ) ) ;
#2541 = CARTESIAN_POINT ( 'NONE',  ( 13.00968956043619329, 14.50968956043968028, -3.999999999999999112 ) ) ;
#2542 = CARTESIAN_POINT ( 'NONE',  ( 0.4889426482515359385, 1.436449026650622240, 9.523685311137116472 ) ) ;
#2543 = CARTESIAN_POINT ( 'NONE',  ( 43.55714803692921322, 44.55307745288097721, 0.000000000000000000 ) ) ;
#2544 = DIRECTION ( 'NONE',  ( 0.000000000000000000, 0.000000000000000000, 1.000000000000000000 ) ) ;
#2545 = ORIENTED_EDGE ( 'NONE', *, *, #1383, .T. ) ;
#2546 = LINE ( 'NONE', #967, #2535 ) ;
#2547 = CARTESIAN_POINT ( 'NONE',  ( 16.60771291081439216, 41.93903311750258922, 8.892544994630586518E-22 ) ) ;
#2548 = CIRCLE ( 'NONE', #2272, 11.50968956044622082 ) ;
#2549 = ORIENTED_EDGE ( 'NONE', *, *, #472, .F. ) ;
#2550 = DIRECTION ( 'NONE',  ( -1.000000000000000000, 0.000000000000000000, 0.000000000000000000 ) ) ;
#2551 = CARTESIAN_POINT ( 'NONE',  ( 1.525274192100834592, -3.617275395464921051, -3.999999999999999112 ) ) ;
#2552 = AXIS2_PLACEMENT_3D ( 'NONE', #1972, #2411, #2395 ) ;
#2553 = CARTESIAN_POINT ( 'NONE',  ( 1.094886564276550622, 1.583959296176656650, 9.167888673967722113 ) ) ;
#2554 = ADVANCED_FACE ( 'NONE', ( #2220 ), #1135, .F. ) ;
#2555 = CARTESIAN_POINT ( 'NONE',  ( 1.500243938342380234, -3.000002639746879307, -3.999999999999999112 ) ) ;
#2556 = CARTESIAN_POINT ( 'NONE',  ( 2.230861550543049798, 3.218113438015628880, -6.052114881137723224 ) ) ;
#2557 = DIRECTION ( 'NONE',  ( 1.047258879323402764E-16, -2.806121709772728673E-17, -1.000000000000000000 ) ) ;
#2558 = CARTESIAN_POINT ( 'NONE',  ( 1.459386409365663884, 1.728998002246676213, 7.342437480074748279 ) ) ;
#2559 = DIRECTION ( 'NONE',  ( 0.000000000000000000, -1.000000000000000000, 0.000000000000000000 ) ) ;
#2560 = FACE_OUTER_BOUND ( 'NONE', #2173, .T. ) ;
#2561 = EDGE_LOOP ( 'NONE', ( #637, #689, #1301, #2469, #2881, #1007, #912, #589 ) ) ;
#2562 = DIRECTION ( 'NONE',  ( -0.000000000000000000, -1.000000000000000000, 0.000000000000000000 ) ) ;
#2563 = CARTESIAN_POINT ( 'NONE',  ( 0.9306884125284586862, 1.532751481106534364, -6.698272752112944595 ) ) ;
#2564 = EDGE_CURVE ( 'NONE', #32, #1235, #188, .T. ) ;
#2565 = ORIENTED_EDGE ( 'NONE', *, *, #1928, .T. ) ;
#2566 = CARTESIAN_POINT ( 'NONE',  ( 18.99957160470608386, 0.3205536171357625252, 1.487076620253056980 ) ) ;
#2567 = FACE_OUTER_BOUND ( 'NONE', #1314, .T. ) ;
#2568 = CARTESIAN_POINT ( 'NONE',  ( 1.515911397428215235, 1.755357659771606738, 8.514527581981756299 ) ) ;
#2569 = DIRECTION ( 'NONE',  ( -0.000000000000000000, 1.000000000000000000, -0.000000000000000000 ) ) ;
#2570 = CARTESIAN_POINT ( 'NONE',  ( 2.519498667177777040, 3.279128926670666022, -6.583189245087515573 ) ) ;
#2571 = DIRECTION ( 'NONE',  ( 1.000000000000000000, 0.000000000000000000, -0.000000000000000000 ) ) ;
#2572 = ADVANCED_FACE ( 'NONE', ( #2262 ), #1092, .F. ) ;
#2573 = CARTESIAN_POINT ( 'NONE',  ( 1.511621051770217772, 1.753321152880387368, 7.474388113107775844 ) ) ;
#2574 = CARTESIAN_POINT ( 'NONE',  ( 16.00968956044619773, 14.50968956043968383, 4.000000000000000888 ) ) ;
#2575 = PLANE ( 'NONE',  #2183 ) ;
#2576 = EDGE_CURVE ( 'NONE', #408, #391, #2507, .T. ) ;
#2577 = ORIENTED_EDGE ( 'NONE', *, *, #1825, .T. ) ;
#2578 = DIRECTION ( 'NONE',  ( -0.2588190451025211836, -0.9659258262890680902, 0.000000000000000000 ) ) ;
#2579 = CARTESIAN_POINT ( 'NONE',  ( 1.499119507916938154, 1.747386272378480099, -7.438188988681913472 ) ) ;
#2580 = ORIENTED_EDGE ( 'NONE', *, *, #2606, .F. ) ;
#2581 = DIRECTION ( 'NONE',  ( 8.659560562354890950E-17, 0.7071067811865511255, -0.7071067811865440200 ) ) ;
#2582 = CARTESIAN_POINT ( 'NONE',  ( 1.573146887651402981, -2.492096640549263942, 4.000000000000000888 ) ) ;
#2583 = B_SPLINE_CURVE_WITH_KNOTS ( 'NONE', 3,
 ( #517, #1170, #47, #250, #1651, #1852, #1423, #2076, #1867, #2542, #2325, #501, #1591, #456, #16, #1408, #1387, #1144, #684, #943, #917, #2754, #1618, #2769, #294, #2494, #2311, #1202, #2484, #2105, #1156, #1838, #707, #1823, #2721, #695, #1603, #469, #2060, #2735, #279, #1186, #2509, #2090, #60, #740, #2847, #581, #819, #2817, #1684, #2338, #1697, #2136, #2369, #1502, #1452, #1281, #1229, #2589, #1486, #1261, #2155, #534, #1668, #1439, #322, #74, #1900, #309, #1214, #1713, #2786, #805, #121, #562, #2573, #756, #1884, #2603, #2558, #1950, #1030, #994, #371, #2401, #2120, #2385, #89, #356, #977, #2803, #773, #2168, #1730, #140, #2622, #787, #547, #2353, #1467, #338, #104, #1013, #1912, #1244, #1933, #1046, #2833, #598, #2442, #1546, #1309, #1767, #2900, #642, #209, #1114, #2874, #415, #1085, #1324, #2667, #1754, #1964, #1060, #871, #2860, #1295, #2212, #2458, #1516, #1976 ),
 .UNSPECIFIED., .F., .F.,
 ( 4, 2, 2, 2, 2, 1, 2, 2, 2, 1, 1, 2, 2, 2, 1, 1, 2, 2, 2, 2, 2, 2, 2, 1, 2, 2, 2, 1, 2, 2, 2, 1, 2, 2, 2, 2, 2, 2, 2, 2, 2, 2, 1, 2, 2, 2, 1, 1, 2, 2, 2, 1, 1, 2, 2, 2, 2, 2, 2, 1, 1, 2, 2, 2, 1, 2, 2, 2, 1, 2, 2, 2, 2, 2, 4 ),
 ( 0.000000000000000000, 0.03125000000000885403, 0.04687500000001323247, 0.06250000000001761091, 0.09375000000002614575, 0.1093750000000304201, 0.1171875000000323491, 0.1250000000000342781, 0.1562500000000420497, 0.1718750000000459077, 0.1796875000000478506, 0.1835937500000488221, 0.1875000000000497935, 0.2031250000000528744, 0.2109375000000544009, 0.2148437500000554834, 0.2167968750000560108, 0.2187500000000565381, 0.2343750000000551226, 0.2421875000000544842, 0.2500000000000538458, 0.2656250000000525691, 0.2734375000000519584, 0.2773437500000521250, 0.2792968750000522915, 0.2812500000000524025, 0.2968750000000527911, 0.3046875000000525691, 0.3085937500000525135, 0.3125000000000524580, 0.3437500000000547895, 0.3593750000000559552, 0.3671875000000565104, 0.3750000000000570655, 0.4062500000000600076, 0.4218750000000615064, 0.4375000000000630052, 0.5000000000000660583, 0.5312500000000671685, 0.5468750000000681677, 0.5625000000000690559, 0.5937500000000711653, 0.6093750000000719425, 0.6171875000000722755, 0.6250000000000727196, 0.6562500000000752731, 0.6718750000000764944, 0.6796875000000769385, 0.6835937500000770495, 0.6875000000000770495, 0.7031250000000764944, 0.7109375000000759393, 0.7148437500000754952, 0.7167968750000750511, 0.7187500000000746070, 0.7343750000000702771, 0.7421875000000683897, 0.7500000000000665024, 0.7656250000000626166, 0.7734375000000607292, 0.7773437500000599520, 0.7792968750000596190, 0.7812500000000592859, 0.7968750000000555112, 0.8046875000000535127, 0.8085937500000524025, 0.8125000000000511813, 0.8437500000000421885, 0.8593750000000378586, 0.8671875000000357492, 0.8750000000000336398, 0.9062500000000252021, 0.9218750000000210942, 0.9375000000000168754, 1.000000000000000000 ),
 .UNSPECIFIED. ) ;
#2584 = VERTEX_POINT ( 'NONE', #2677 ) ;
#2585 = DIRECTION ( 'NONE',  ( -0.9659258262890682012, 0.2588190451025212391, 0.000000000000000000 ) ) ;
#2586 = VECTOR ( 'NONE', #1372, 1000.000000000000000 ) ;
#2587 = CARTESIAN_POINT ( 'NONE',  ( 2.052032370406730255, 3.184359214051750264, -5.813718979239219209 ) ) ;
#2588 = CARTESIAN_POINT ( 'NONE',  ( 15.84227060456996128, 5.201654970338717376, -8.261056855155711531 ) ) ;
#2589 = CARTESIAN_POINT ( 'NONE',  ( 1.499119507915038341, 1.747386272378090633, 8.561811011322671305 ) ) ;
#2590 = SURFACE_SIDE_STYLE ('',( #1441 ) ) ;
#2591 = ORIENTED_EDGE ( 'NONE', *, *, #1683, .T. ) ;
#2592 = CARTESIAN_POINT ( 'NONE',  ( 25.89777747886719439, 59.22354286469244755, -19.00000000000000000 ) ) ;
#2593 = CARTESIAN_POINT ( 'NONE',  ( 1.558793399053812312, 1.776075238672784051, -7.638315125892436441 ) ) ;
#2594 = EDGE_CURVE ( 'NONE', #1329, #1997, #2660, .T. ) ;
#2595 = VERTEX_POINT ( 'NONE', #1111 ) ;
#2596 = DIRECTION ( 'NONE',  ( -2.013969230354684010E-17, 1.065332638293849036E-16, 1.000000000000000000 ) ) ;
#2597 = CARTESIAN_POINT ( 'NONE',  ( 1.858040717190337476, 3.150202870298183910, -5.590710855488728370 ) ) ;
#2598 = CARTESIAN_POINT ( 'NONE',  ( 1.515047563149814147, 1.754946439060719232, 7.482926435248150376 ) ) ;
#2599 = CARTESIAN_POINT ( 'NONE',  ( 15.15882353979744757, 42.32726185438862387, -8.893302301099598689E-22 ) ) ;
#2600 = CARTESIAN_POINT ( 'NONE',  ( 1.246755442390691693, 3.067648019856569430, -5.131870658001281171 ) ) ;
#2601 = CARTESIAN_POINT ( 'NONE',  ( 18.95887728653393367, 3.000654222688672323, -1.447086534971497640 ) ) ;
#2602 = DIRECTION ( 'NONE',  ( 0.9659258262890689783, -0.2588190451025188521, 0.000000000000000000 ) ) ;
#2603 = CARTESIAN_POINT ( 'NONE',  ( 1.481881503394228528, 1.739405385005497573, 7.396539535376352781 ) ) ;
#2604 = DIRECTION ( 'NONE',  ( 0.000000000000000000, 0.000000000000000000, 1.000000000000000000 ) ) ;
#2605 = CARTESIAN_POINT ( 'NONE',  ( 0.000000000000000000, -3.000000000000000000, 0.000000000000000000 ) ) ;
#2606 = EDGE_CURVE ( 'NONE', #194, #504, #2128, .T. ) ;
#2607 = VERTEX_POINT ( 'NONE', #2234 ) ;
#2608 = CARTESIAN_POINT ( 'NONE',  ( 1.438555226667223525E-15, 1.399999999999972600, 9.600000000000001421 ) ) ;
#2609 = CARTESIAN_POINT ( 'NONE',  ( 1.279247580415518337, 1.652067896850551332, -8.961091114995477724 ) ) ;
#2610 = ORIENTED_EDGE ( 'NONE', *, *, #73, .F. ) ;
#2611 = AXIS2_PLACEMENT_3D ( 'NONE', #1101, #2003, #2416 ) ;
#2612 = VECTOR ( 'NONE', #2557, 1000.000000000000000 ) ;
#2613 = DIRECTION ( 'NONE',  ( 1.000000000000000000, 0.000000000000000000, 0.000000000000000000 ) ) ;
#2614 = CARTESIAN_POINT ( 'NONE',  ( 0.9323873316713440218, 1.533234568901626016, 6.699484766580925843 ) ) ;
#2615 = ORIENTED_EDGE ( 'NONE', *, *, #2074, .F. ) ;
#2616 = CARTESIAN_POINT ( 'NONE',  ( 11.40937590684819547, 1.227544781856012568, 15.19296354949329420 ) ) ;
#2617 = CARTESIAN_POINT ( 'NONE',  ( 2.577909664965433834, 3.292396319470397792, -6.726782658695449335 ) ) ;
#2618 = EDGE_CURVE ( 'NONE', #272, #1036, #389, .T. ) ;
#2619 = CARTESIAN_POINT ( 'NONE',  ( 18.28593406086782736, 0.3972089245624148002, 5.173494403229335958 ) ) ;
#2620 = FACE_OUTER_BOUND ( 'NONE', #2390, .T. ) ;
#2621 = VECTOR ( 'NONE', #2846, 1000.000000000000227 ) ;
#2622 = CARTESIAN_POINT ( 'NONE',  ( 1.226105742070228599, 1.631373329203584355, 6.971938363637543823 ) ) ;
#2623 = APPLICATION_PROTOCOL_DEFINITION ( 'draft international standard', 'automotive_design', 1998, #1574 ) ;
#2624 = CARTESIAN_POINT ( 'NONE',  ( 2.437052352375986608, 3.260480202519634219, 6.394099342675146680 ) ) ;
#2625 = CYLINDRICAL_SURFACE ( 'NONE', #1358, 1.600000000000000755 ) ;
#2626 = CARTESIAN_POINT ( 'NONE',  ( 1.382103224092876781, 1.694650277545328043, -8.806920761969077915 ) ) ;
#2627 = ORIENTED_EDGE ( 'NONE', *, *, #1102, .F. ) ;
#2628 = FACE_OUTER_BOUND ( 'NONE', #2248, .T. ) ;
#2629 = CARTESIAN_POINT ( 'NONE',  ( 0.9109836515344398311, 1.527150362545312889, 6.684403693919120926 ) ) ;
#2630 = ADVANCED_FACE ( 'NONE', ( #434 ), #1376, .F. ) ;
#2631 = ORIENTED_EDGE ( 'NONE', *, *, #171, .T. ) ;
#2632 = VECTOR ( 'NONE', #859, 1000.000000000000000 ) ;
#2633 = DIRECTION ( 'NONE',  ( -1.047258879323402764E-16, 2.806121709772728673E-17, 1.000000000000000000 ) ) ;
#2634 = CARTESIAN_POINT ( 'NONE',  ( 2.786642442846084311, 3.342430959775382071, -8.420134377995905695 ) ) ;
#2635 = CARTESIAN_POINT ( 'NONE',  ( 18.42231649710290853, 3.009092622137831352, 4.666015746627674154 ) ) ;
#2636 = CARTESIAN_POINT ( 'NONE',  ( 16.57428853602756647, 0.5878804842804336017, -9.296895274642707818 ) ) ;
#2637 = VECTOR ( 'NONE', #1267, 1000.000000000000227 ) ;
#2638 = DIRECTION ( 'NONE',  ( -1.000000000000000000, 0.000000000000000000, 0.000000000000000000 ) ) ;
#2639 = CARTESIAN_POINT ( 'NONE',  ( -8.000000000000000000, 3.000000000000000000, 9.797174393178823685E-16 ) ) ;
#2640 = CARTESIAN_POINT ( 'NONE',  ( 0.000000000000000000, 3.000000000000000000, -4.799999999999988276 ) ) ;
#2641 = LINE ( 'NONE', #2877, #2632 ) ;
#2642 = DIRECTION ( 'NONE',  ( -0.2588190451025112471, -0.9659258262890708657, -2.664535259100376486E-15 ) ) ;
#2643 = CARTESIAN_POINT ( 'NONE',  ( 0.9242748541459191447, 1.530957146661208412, -9.306133582271172600 ) ) ;
#2644 = ORIENTED_EDGE ( 'NONE', *, *, #2497, .T. ) ;
#2645 = DIRECTION ( 'NONE',  ( 0.000000000000000000, -0.000000000000000000, 1.000000000000000000 ) ) ;
#2646 = EDGE_LOOP ( 'NONE', ( #2099, #1788 ) ) ;
#2647 = DIRECTION ( 'NONE',  ( 0.000000000000000000, 0.000000000000000000, 1.000000000000000000 ) ) ;
#2648 = CARTESIAN_POINT ( 'NONE',  ( 2.809366396916356035, 3.348129873926260824, -8.107613856499483518 ) ) ;
#2649 = CARTESIAN_POINT ( 'NONE',  ( 16.37015885773818979, 3.039785389546959760, 9.676654511686948013 ) ) ;
#2650 = COLOUR_RGB ( '',0.7921568627450980005, 0.8196078431372548767, 0.9333333333333333481 ) ;
#2651 = CARTESIAN_POINT ( 'NONE',  ( 13.98662552733723174, 0.8953152298733545456, -12.88070472733580196 ) ) ;
#2652 = VECTOR ( 'NONE', #1361, 1000.000000000000000 ) ;
#2653 = DIRECTION ( 'NONE',  ( 1.000000000000000000, 0.000000000000000000, -0.000000000000000000 ) ) ;
#2654 = CARTESIAN_POINT ( 'NONE',  ( 20.98021562191928879, 40.87095216520012997, 19.00000000000000000 ) ) ;
#2655 = CARTESIAN_POINT ( 'NONE',  ( 0.9077502269761354992, 3.035516340019860593, 11.03016097781831739 ) ) ;
#2656 = CARTESIAN_POINT ( 'NONE',  ( 16.63354940361550405, 42.03563786815028891, -3.999999999999999112 ) ) ;
#2657 = CARTESIAN_POINT ( 'NONE',  ( 15.61106842378837101, 6.570626133984423412, -7.035373460761666031 ) ) ;
#2658 = B_SPLINE_CURVE_WITH_KNOTS ( 'NONE', 3,
 ( #1608, #1392, #701, #1428, #540, #729, #52, #1857, #2301, #1843, #968, #713, #2316, #1890, #475, #1829, #1378, #2288, #271, #1191, #2740, #2760, #2530, #2563, #1640, #1624, #1444, #2065, #2095, #1872, #313, #983, #1176, #2775, #2081, #35, #763, #747, #1220, #1674, #2342, #1657, #2125, #2330, #93, #300, #2728, #255, #1207, #2111, #80, #552, #109, #1733, #588, #2357, #1001, #1490, #1019, #2579, #159, #1969, #390, #2593, #1268, #1521, #1904, #2420, #344, #1035, #810, #1458, #326, #2807, #777, #1941, #2864, #1285, #2821, #142, #1688, #1300, #794, #2626, #835, #1507, #1746, #1718, #569, #1234, #2609, #125, #360, #2203, #2373, #2140, #2158, #2389, #2406, #2172, #1249, #1918, #1702, #1473, #2837, #1049, #1954, #2851, #824, #601, #374, #2190, #1066, #2643, #618, #2880, #1980, #892, #848, #2216, #2232, #1132, #1813, #2474, #1106, #1328, #1550, #1758, #634, #646, #1078, #2434, #2918 ),
 .UNSPECIFIED., .F., .F.,
 ( 4, 2, 2, 2, 2, 1, 2, 2, 2, 1, 1, 2, 2, 2, 1, 1, 2, 2, 2, 2, 2, 2, 2, 1, 2, 2, 2, 1, 2, 2, 2, 1, 2, 2, 2, 2, 2, 2, 2, 2, 2, 2, 1, 2, 2, 2, 1, 1, 2, 2, 2, 1, 1, 2, 2, 2, 2, 2, 2, 1, 1, 2, 2, 2, 1, 2, 2, 2, 1, 2, 2, 2, 2, 2, 4 ),
 ( 0.000000000000000000, 0.03124999999999811262, 0.04687499999999716893, 0.06249999999999622524, 0.09374999999999431011, 0.1093749999999933248, 0.1171874999999929501, 0.1249999999999925893, 0.1562499999999917288, 0.1718749999999914513, 0.1796874999999911737, 0.1835937499999908962, 0.1874999999999906464, 0.2031249999999900913, 0.2109374999999899525, 0.2148437499999896472, 0.2167968749999894529, 0.2187499999999892586, 0.2343749999999902300, 0.2421874999999909239, 0.2499999999999916178, 0.2656249999999928391, 0.2734374999999932276, 0.2773437499999931721, 0.2792968749999934497, 0.2812499999999937272, 0.2968749999999940603, 0.3046874999999941713, 0.3085937499999942824, 0.3124999999999943934, 0.3437499999999942824, 0.3593749999999942268, 0.3671874999999939493, 0.3749999999999937272, 0.4062499999999931166, 0.4218749999999927836, 0.4374999999999924505, 0.4999999999999922284, 0.5312499999999926725, 0.5468749999999923395, 0.5624999999999921174, 0.5937499999999925615, 0.6093749999999922284, 0.6171874999999916733, 0.6249999999999911182, 0.6562499999999897859, 0.6718749999999890088, 0.6796874999999891198, 0.6835937499999892308, 0.6874999999999893419, 0.7031249999999885647, 0.7109374999999882316, 0.7148437499999876765, 0.7167968749999877875, 0.7187499999999878986, 0.7343749999999868994, 0.7421874999999865663, 0.7499999999999862332, 0.7656249999999853451, 0.7734374999999850120, 0.7773437499999849010, 0.7792968749999847899, 0.7812499999999846789, 0.7968749999999842348, 0.8046874999999841238, 0.8085937499999843459, 0.8124999999999845679, 0.8437499999999872324, 0.8593749999999887867, 0.8671874999999895639, 0.8749999999999903411, 0.9062499999999927836, 0.9218749999999940048, 0.9374999999999953371, 1.000000000000000000 ),
 .UNSPECIFIED. ) ;
#2659 = EDGE_CURVE ( 'NONE', #1226, #1331, #1456, .T. ) ;
#2660 = LINE ( 'NONE', #865, #675 ) ;
#2661 = AXIS2_PLACEMENT_3D ( 'NONE', #1816, #636, #2922 ) ;
#2662 = ORIENTED_EDGE ( 'NONE', *, *, #928, .F. ) ;
#2663 = CARTESIAN_POINT ( 'NONE',  ( 14.00014359969030764, 3.958260832710621901, -12.19947723067137879 ) ) ;
#2664 = CARTESIAN_POINT ( 'NONE',  ( 1.245795331872636247, 3.067332978863626991, -10.87007630671258518 ) ) ;
#2665 = CARTESIAN_POINT ( 'NONE',  ( 17.62810580986538511, 5.318622335232393361, -1.300868933670869865 ) ) ;
#2666 = ORIENTED_EDGE ( 'NONE', *, *, #2789, .F. ) ;
#2667 = CARTESIAN_POINT ( 'NONE',  ( 0.6359021378519865708, 1.461820647324865163, 6.531744080003716313 ) ) ;
#2668 = CARTESIAN_POINT ( 'NONE',  ( 6.801849881472836756, -1.633199591880619472, -17.74817484479984486 ) ) ;
#2669 = EDGE_CURVE ( 'NONE', #447, #2315, #2194, .T. ) ;
#2670 = CARTESIAN_POINT ( 'NONE',  ( -1.048445852934807770E-15, -3.000000000000000888, 8.000000000000000000 ) ) ;
#2671 = ADVANCED_FACE ( 'NONE', ( #1413 ), #65, .F. ) ;
#2672 = AXIS2_PLACEMENT_3D ( 'NONE', #440, #2693, #652 ) ;
#2673 = CARTESIAN_POINT ( 'NONE',  ( -6.350118653360408002E-15, 14.50968956044622082, 0.000000000000000000 ) ) ;
#2674 = DIRECTION ( 'NONE',  ( 1.000000000000000000, 0.000000000000000000, -0.000000000000000000 ) ) ;
#2675 = EDGE_CURVE ( 'NONE', #2795, #2719, #2658, .T. ) ;
#2676 = ORIENTED_EDGE ( 'NONE', *, *, #2594, .T. ) ;
#2677 = CARTESIAN_POINT ( 'NONE',  ( 22.33821990556236159, 66.80309099649609550, -2.939152317953647894E-15 ) ) ;
#2678 = ORIENTED_EDGE ( 'NONE', *, *, #249, .F. ) ;
#2679 = CARTESIAN_POINT ( 'NONE',  ( 0.1855108447318311038, 3.001130710317558403, -11.19473539933729889 ) ) ;
#2680 = ORIENTED_EDGE ( 'NONE', *, *, #829, .T. ) ;
#2681 = CARTESIAN_POINT ( 'NONE',  ( 22.10843504778828716, 58.21811562216070968, -19.00000000000000000 ) ) ;
#2682 = CARTESIAN_POINT ( 'NONE',  ( 19.02533612825008547, 54.43924041999601826, 1.959434878635754383E-16 ) ) ;
#2683 = AXIS2_PLACEMENT_3D ( 'NONE', #55, #438, #666 ) ;
#2684 = CARTESIAN_POINT ( 'NONE',  ( 0.7309103568793275940, 3.021793807463799997, 4.903004191976908288 ) ) ;
#2685 = DIRECTION ( 'NONE',  ( 0.2588190451025211836, 0.9659258262890680902, 0.000000000000000000 ) ) ;
#2686 = CARTESIAN_POINT ( 'NONE',  ( 15.97246247716634038, 7.334730037253766710, -4.457749741287924117 ) ) ;
#2687 = CONICAL_SURFACE ( 'NONE', #270, 3.200000000000011724, 0.7853981633974431720 ) ;
#2688 = CARTESIAN_POINT ( 'NONE',  ( 1.758243559768727380E-15, 2.999999999999994671, 11.20000000000003304 ) ) ;
#2689 = ORIENTED_EDGE ( 'NONE', *, *, #260, .T. ) ;
#2690 = DIRECTION ( 'NONE',  ( 0.000000000000000000, 0.000000000000000000, 1.000000000000000000 ) ) ;
#2691 = VERTEX_POINT ( 'NONE', #2485 ) ;
#2692 = CARTESIAN_POINT ( 'NONE',  ( 2.051208265927929819, 3.184064242997171501, -10.18912096369161269 ) ) ;
#2693 = DIRECTION ( 'NONE',  ( -0.9659258262890682012, 0.2588190451025212391, 0.000000000000000000 ) ) ;
#2694 = ORIENTED_EDGE ( 'NONE', *, *, #1554, .F. ) ;
#2695 = LINE ( 'NONE', #2681, #1317 ) ;
#2696 = LINE ( 'NONE', #629, #1122 ) ;
#2697 = MECHANICAL_DESIGN_GEOMETRIC_PRESENTATION_REPRESENTATION (  '', ( #1662 ), #1283 ) ;
#2698 = EDGE_CURVE ( 'NONE', #1426, #1803, #1881, .T. ) ;
#2699 = FACE_BOUND ( 'NONE', #668, .T. ) ;
#2700 = PLANE ( 'NONE',  #2706 ) ;
#2701 = EDGE_CURVE ( 'NONE', #50, #509, #877, .T. ) ;
#2702 = CARTESIAN_POINT ( 'NONE',  ( 0.2099361225744567072, 1.406310212532314363, 6.412967345811574127 ) ) ;
#2703 = EDGE_LOOP ( 'NONE', ( #1382, #985, #1232, #1780 ) ) ;
#2704 = CARTESIAN_POINT ( 'NONE',  ( -6.350118653360408002E-15, 14.50968956044622082, 19.00000000000000000 ) ) ;
#2705 = EDGE_LOOP ( 'NONE', ( #2909, #489, #1985, #867 ) ) ;
#2706 = AXIS2_PLACEMENT_3D ( 'NONE', #2246, #1580, #2674 ) ;
#2707 = CARTESIAN_POINT ( 'NONE',  ( 0.000000000000000000, 3.000000000000000000, 4.799999999999988276 ) ) ;
#2708 = PLANE ( 'NONE',  #1020 ) ;
#2709 = VERTEX_POINT ( 'NONE', #2894 ) ;
#2710 = FACE_OUTER_BOUND ( 'NONE', #1177, .T. ) ;
#2711 = ADVANCED_FACE ( 'NONE', ( #1800 ), #2700, .F. ) ;
#2712 = CARTESIAN_POINT ( 'NONE',  ( 0.000000000000000000, 3.000000000000000000, -19.00000000000000000 ) ) ;
#2713 = CARTESIAN_POINT ( 'NONE',  ( 16.19676103115872223, 7.857309371900761619, 0.8737140021501198506 ) ) ;
#2714 = CARTESIAN_POINT ( 'NONE',  ( 2.112443463011343781, 3.195361490025129925, 5.887775762352723596 ) ) ;
#2715 = ORIENTED_EDGE ( 'NONE', *, *, #950, .T. ) ;
#2716 = CARTESIAN_POINT ( 'NONE',  ( -1.474904449120714389, -2.447372571660038520, 4.000000000000000888 ) ) ;
#2717 = ORIENTED_EDGE ( 'NONE', *, *, #476, .T. ) ;
#2718 = DIRECTION ( 'NONE',  ( 0.8660254037844367092, 0.5000000000000034417, 0.000000000000000000 ) ) ;
#2719 = VERTEX_POINT ( 'NONE', #861 ) ;
#2720 = CARTESIAN_POINT ( 'NONE',  ( 1.203838005953605350, 1.622939297177201867, -6.945742264413357958 ) ) ;
#2721 = CARTESIAN_POINT ( 'NONE',  ( 1.108672517246119371, 1.588864280160477760, 9.153719150504040059 ) ) ;
#2722 = DIRECTION ( 'NONE',  ( -0.9659258262890682012, 0.2588190451025212391, 0.000000000000000000 ) ) ;
#2723 = B_SPLINE_CURVE_WITH_KNOTS ( 'NONE', 3,
 ( #385, #613, #2318, #2744, #1906, #1003, #2517, #2810, #2083, #1163, #1346, #2797, #2332, #286, #2254, #731, #2114, #2566, #526, #1846, #37, #970, #83, #2779, #2344, #315, #54, #750, #1194, #937, #542, #222, #1875, #1178 ),
 .UNSPECIFIED., .F., .F.,
 ( 4, 2, 2, 2, 2, 2, 2, 2, 2, 2, 2, 2, 2, 2, 2, 2, 4 ),
 ( 2.462833906345087556E-18, 0.002220722146111696587, 0.004441444292223390572, 0.006662166438335084123, 0.007772527511390933501, 0.008882888584446781144, 0.01332433287667017692, 0.01554505502278187568, 0.01776577716889357617, 0.02220722146111697368, 0.02331758253417282392, 0.02442794360722867764, 0.02664866575334037813, 0.02886938789945207862, 0.02997974897250792539, 0.03109011004556377564, 0.03553155433778716621 ),
 .UNSPECIFIED. ) ;
#2724 = CARTESIAN_POINT ( 'NONE',  ( 2.809366396916357367, 3.348129873926259492, 7.892386143500512929 ) ) ;
#2725 = EDGE_LOOP ( 'NONE', ( #1622, #1265 ) ) ;
#2726 = DIRECTION ( 'NONE',  ( 0.2588190451025113026, 0.9659258262890707547, 0.000000000000000000 ) ) ;
#2727 = AXIS2_PLACEMENT_3D ( 'NONE', #1796, #2889, #400 ) ;
#2728 = CARTESIAN_POINT ( 'NONE',  ( 1.272629734566075976, 1.649412581159382718, -7.029901853538389034 ) ) ;
#2729 = ORIENTED_EDGE ( 'NONE', *, *, #44, .T. ) ;
#2730 = CARTESIAN_POINT ( 'NONE',  ( 2.791239799908767250, 3.343521784085246473, -7.580285964725160142 ) ) ;
#2731 = ORIENTED_EDGE ( 'NONE', *, *, #2147, .F. ) ;
#2732 = UNCERTAINTY_MEASURE_WITH_UNIT (LENGTH_MEASURE( 1.000000000000000082E-05 ), #357, 'distance_accuracy_value', 'NONE');
#2733 = CARTESIAN_POINT ( 'NONE',  ( 1.468136705381313023, 1.733043298580664082, -7.363391329337201974 ) ) ;
#2734 = CARTESIAN_POINT ( 'NONE',  ( 19.35250970119261638, 47.93286220679883058, 5.633375276077742268E-16 ) ) ;
#2735 = CARTESIAN_POINT ( 'NONE',  ( 1.212777309951742710, 1.626323380541781383, 9.043687009309211433 ) ) ;
#2736 = FACE_OUTER_BOUND ( 'NONE', #1054, .T. ) ;
#2737 = CARTESIAN_POINT ( 'NONE',  ( 2.559104932081884609, 3.288087701647355310, 9.321516591926735984 ) ) ;
#2738 = ORIENTED_EDGE ( 'NONE', *, *, #1201, .T. ) ;
#2739 = CARTESIAN_POINT ( 'NONE',  ( 19.59702789943670709, 58.89104513942726982, -19.00000000000000000 ) ) ;
#2740 = CARTESIAN_POINT ( 'NONE',  ( 0.8792164613894377645, 1.518461810476915197, -6.663202012926503492 ) ) ;
#2741 = CIRCLE ( 'NONE', #998, 19.00000000000000355 ) ;
#2742 = ORIENTED_EDGE ( 'NONE', *, *, #2035, .T. ) ;
#2743 = EDGE_CURVE ( 'NONE', #32, #1356, #716, .T. ) ;
#2744 = CARTESIAN_POINT ( 'NONE',  ( 13.62542928688400323, 0.9401287890708907025, -13.26216992617198542 ) ) ;
#2745 = CARTESIAN_POINT ( 'NONE',  ( 0.1848590102237396837, 3.000000000000000888, -11.19999411139016843 ) ) ;
#2746 = CARTESIAN_POINT ( 'NONE',  ( 0.8032185392897586151, 1.498462610925153982, 9.384777252786665969 ) ) ;
#2747 = CARTESIAN_POINT ( 'NONE',  ( 22.69585426814858309, 53.45572804860642435, 1.959434878635754383E-16 ) ) ;
#2748 = CARTESIAN_POINT ( 'NONE',  ( 1.515047563149817256, 1.754946439060719232, -8.517073564751850512 ) ) ;
#2749 = VECTOR ( 'NONE', #214, 1000.000000000000000 ) ;
#2750 = CARTESIAN_POINT ( 'NONE',  ( 0.000000000000000000, -3.000000000000000444, 19.00000000000000000 ) ) ;
#2751 = CIRCLE ( 'NONE', #1338, 1.600000000000000755 ) ;
#2752 = CIRCLE ( 'NONE', #212, 106.3520974540799244 ) ;
#2753 = EDGE_CURVE ( 'NONE', #2595, #1021, #2462, .T. ) ;
#2754 = CARTESIAN_POINT ( 'NONE',  ( 0.8862985354141507122, 1.520388024157851126, 9.332106931045627718 ) ) ;
#2755 = CARTESIAN_POINT ( 'NONE',  ( 17.66076158850344768, 5.320538020818299074, -0.8915633357878164356 ) ) ;
#2756 = CARTESIAN_POINT ( 'NONE',  ( 0.3686280422242320109, 3.005540069196588782, 4.825934691624197193 ) ) ;
#2757 = EDGE_CURVE ( 'NONE', #1235, #2719, #113, .T. ) ;
#2758 = ORIENTED_EDGE ( 'NONE', *, *, #734, .T. ) ;
#2759 = CARTESIAN_POINT ( 'NONE',  ( 25.89777747886719794, 59.22354286469244755, 0.000000000000000000 ) ) ;
#2760 = CARTESIAN_POINT ( 'NONE',  ( 0.8862985354083798839, 1.520388024156227313, -6.667893068950500712 ) ) ;
#2761 = ORIENTED_EDGE ( 'NONE', *, *, #1393, .T. ) ;
#2762 = AXIS2_PLACEMENT_3D ( 'NONE', #1908, #557, #98 ) ;
#2763 = CYLINDRICAL_SURFACE ( 'NONE', #1037, 4.500000000000002665 ) ;
#2764 = PLANE ( 'NONE',  #264 ) ;
#2765 = CARTESIAN_POINT ( 'NONE',  ( 0.2895578549104129706, 1.412693934576457533, 9.573803680587337439 ) ) ;
#2766 = DIRECTION ( 'NONE',  ( -0.2588190451025211836, -0.9659258262890680902, 0.000000000000000000 ) ) ;
#2767 = CARTESIAN_POINT ( 'NONE',  ( 1.599952854145220371, 1.796524558713928466, -8.053806928253933961 ) ) ;
#2768 = CARTESIAN_POINT ( 'NONE',  ( -8.000000000000000000, 1.399999999999972378, -1.599999999999998979 ) ) ;
#2769 = CARTESIAN_POINT ( 'NONE',  ( 0.9306884124945296044, 1.532751481096792157, 9.301727247911314223 ) ) ;
#2770 = CARTESIAN_POINT ( 'NONE',  ( 15.15882353979744046, 42.32726185438862387, 0.6506407098647459808 ) ) ;
#2771 = CARTESIAN_POINT ( 'NONE',  ( 2.020129006026179397, 3.178620364711552071, 10.22449516285820081 ) ) ;
#2772 = AXIS2_PLACEMENT_3D ( 'NONE', #323, #997, #1901 ) ;
#2773 = ORIENTED_EDGE ( 'NONE', *, *, #1043, .F. ) ;
#2774 = DIRECTION ( 'NONE',  ( -0.9659258262890708657, 0.2588190451025113581, -1.084202172485504557E-16 ) ) ;
#2775 = CARTESIAN_POINT ( 'NONE',  ( 1.086963633604852042, 1.581494002988797387, -6.825805515275854773 ) ) ;
#2776 = EDGE_CURVE ( 'NONE', #127, #1208, #227, .T. ) ;
#2777 = ORIENTED_EDGE ( 'NONE', *, *, #1932, .T. ) ;
#2778 = AXIS2_PLACEMENT_3D ( 'NONE', #92, #325, #1284 ) ;
#2779 = CARTESIAN_POINT ( 'NONE',  ( 17.60902352320694675, 0.4713754835971082913, 7.174063673343362701 ) ) ;
#2780 = CARTESIAN_POINT ( 'NONE',  ( 0.000000000000000000, 3.000000000000000000, -4.799999999999988276 ) ) ;
#2781 = VECTOR ( 'NONE', #112, 1000.000000000000114 ) ;
#2782 = CARTESIAN_POINT ( 'NONE',  ( 0.9343493086552208116, 1.533575463663733318, 9.299883957137332402 ) ) ;
#2783 = CARTESIAN_POINT ( 'NONE',  ( 17.50968956044621549, 14.50968956044622971, -19.00000000000000000 ) ) ;
#2784 = CARTESIAN_POINT ( 'NONE',  ( 0.5084362989409370037, 3.011144676282307309, -4.852392638838666450 ) ) ;
#2785 = DIRECTION ( 'NONE',  ( 0.000000000000000000, 0.000000000000000000, 1.000000000000000000 ) ) ;
#2786 = CARTESIAN_POINT ( 'NONE',  ( 1.573870674855422758, 1.783503306840730884, 7.710938568985364228 ) ) ;
#2787 = CARTESIAN_POINT ( 'NONE',  ( 15.18466066418487515, 42.42386643581527039, -19.00000000000000000 ) ) ;
#2788 = CARTESIAN_POINT ( 'NONE',  ( 2.416626265427431530, 1.726421592026347263, -3.999999999999999112 ) ) ;
#2789 = EDGE_CURVE ( 'NONE', #2709, #2595, #105, .T. ) ;
#2790 = DIRECTION ( 'NONE',  ( 0.000000000000000000, 0.000000000000000000, 1.000000000000000000 ) ) ;
#2791 = ORIENTED_EDGE ( 'NONE', *, *, #2310, .F. ) ;
#2792 = DIRECTION ( 'NONE',  ( -0.2588190451025113581, -0.9659258262890707547, -0.000000000000000000 ) ) ;
#2793 = DIRECTION ( 'NONE',  ( 0.2588190451025211836, 0.9659258262890680902, 0.000000000000000000 ) ) ;
#2794 = CIRCLE ( 'NONE', #1519, 101.8520974540799244 ) ;
#2795 = VERTEX_POINT ( 'NONE', #519 ) ;
#2796 = AXIS2_PLACEMENT_3D ( 'NONE', #2673, #1336, #1549 ) ;
#2797 = CARTESIAN_POINT ( 'NONE',  ( 17.64971227593951397, 0.4662429678614409823, -7.186772284103935426 ) ) ;
#2798 = PLANE ( 'NONE',  #1400 ) ;
#2799 = AXIS2_PLACEMENT_3D ( 'NONE', #2869, #1257, #801 ) ;
#2800 = CARTESIAN_POINT ( 'NONE',  ( 18.61122565608605584, 52.89375909793351838, 0.000000000000000000 ) ) ;
#2801 = CARTESIAN_POINT ( 'NONE',  ( 2.386686241877241432, 3.250055193470870574, -6.308626346091143589 ) ) ;
#2802 = CARTESIAN_POINT ( 'NONE',  ( 2.189716859224591694, -2.895840072909475538, 18.90388979845560513 ) ) ;
#2803 = CARTESIAN_POINT ( 'NONE',  ( 1.267081875724172635, 1.647240595746823688, 7.022840941155411798 ) ) ;
#2804 = VECTOR ( 'NONE', #2690, 1000.000000000000000 ) ;
#2805 = ORIENTED_EDGE ( 'NONE', *, *, #2313, .T. ) ;
#2806 = CYLINDRICAL_SURFACE ( 'NONE', #1880, 1.599999999999993872 ) ;
#2807 = CARTESIAN_POINT ( 'NONE',  ( 1.559166549170083238, 1.776256910933135202, -8.362631107642020112 ) ) ;
#2808 = ORIENTED_EDGE ( 'NONE', *, *, #1006, .T. ) ;
#2809 = B_SPLINE_CURVE_WITH_KNOTS ( 'NONE', 1,
 ( #1572, #295 ),
 .UNSPECIFIED., .F., .F.,
 ( 2, 2 ),
 ( 0.000000000000000000, 1.000000000000000000 ),
 .UNSPECIFIED. ) ;
#2810 = CARTESIAN_POINT ( 'NONE',  ( 16.09178171932002144, 0.6434375245717774972, -10.10883136682455508 ) ) ;
#2811 = CARTESIAN_POINT ( 'NONE',  ( 1.548520564232013674, -4.000000021382602355, 4.000000000000000888 ) ) ;
#2812 = ORIENTED_EDGE ( 'NONE', *, *, #1658, .F. ) ;
#2813 = CARTESIAN_POINT ( 'NONE',  ( 22.61362966948436437, 60.10352761804101362, -3.999999999999999112 ) ) ;
#2814 = CARTESIAN_POINT ( 'NONE',  ( 0.8012503864539181064, 1.497983798739321415, -9.385895614418000577 ) ) ;
#2815 = DIRECTION ( 'NONE',  ( -0.9659258262890682012, 0.2588190451025209615, 0.000000000000000000 ) ) ;
#2816 = EDGE_CURVE ( 'NONE', #2264, #1084, #2046, .T. ) ;
#2817 = CARTESIAN_POINT ( 'NONE',  ( 1.317151312994594425, 1.667396484996370276, 8.908376470614395970 ) ) ;
#2818 = DIRECTION ( 'NONE',  ( 1.000000000000000000, 0.000000000000000000, -0.000000000000000000 ) ) ;
#2819 = ORIENTED_EDGE ( 'NONE', *, *, #368, .F. ) ;
#2820 = DIRECTION ( 'NONE',  ( -1.000000000000000000, 0.000000000000000000, 0.000000000000000000 ) ) ;
#2821 = CARTESIAN_POINT ( 'NONE',  ( 1.487734448659368436, 1.742125461428480238, -8.588923258405850802 ) ) ;
#2822 = ORIENTED_EDGE ( 'NONE', *, *, #429, .F. ) ;
#2823 = CARTESIAN_POINT ( 'NONE',  ( 2.973893889897611498, -1.221366187770110523, 4.000000000000000888 ) ) ;
#2824 = AXIS2_PLACEMENT_3D ( 'NONE', #2481, #2491, #2291 ) ;
#2825 = CARTESIAN_POINT ( 'NONE',  ( 1.508798424225882284, -2.803200219575887164, -3.999999999999999112 ) ) ;
#2826 = CARTESIAN_POINT ( 'NONE',  ( 0.09316698005307184893, 3.000000041389989658, 11.19999720815705402 ) ) ;
#2827 = ORIENTED_EDGE ( 'NONE', *, *, #875, .F. ) ;
#2828 = CARTESIAN_POINT ( 'NONE',  ( 2.416626265426812026, 1.726421592029632635, 4.000000000000000888 ) ) ;
#2829 = AXIS2_PLACEMENT_3D ( 'NONE', #2470, #2199, #2653 ) ;
#2830 = CARTESIAN_POINT ( 'NONE',  ( 1.410376041902407396, 3.086445531744556714, -5.230445494426273711 ) ) ;
#2831 = CARTESIAN_POINT ( 'NONE',  ( 17.52940057723797906, 5.312960585796339785, 2.612679305702626298 ) ) ;
#2832 = LINE ( 'NONE', #178, #592 ) ;
#2833 = CARTESIAN_POINT ( 'NONE',  ( 1.019224289544913731, 1.559450333492265584, 6.766635566091371068 ) ) ;
#2834 = DIRECTION ( 'NONE',  ( 0.9659258262890709767, -0.2588190451025113581, 1.084202172485504557E-16 ) ) ;
#2835 = EDGE_LOOP ( 'NONE', ( #703, #2251 ) ) ;
#2836 = CARTESIAN_POINT ( 'NONE',  ( 20.98021562191928169, 40.87095216520013707, -19.00000000000000000 ) ) ;
#2837 = CARTESIAN_POINT ( 'NONE',  ( 1.056777411795394084, 1.571492066658990439, -9.201412294791809998 ) ) ;
#2838 = ORIENTED_EDGE ( 'NONE', *, *, #1172, .T. ) ;
#2839 = ADVANCED_FACE ( 'NONE', ( #1853 ), #1670, .F. ) ;
#2840 = CARTESIAN_POINT ( 'NONE',  ( 20.54307730866419490, 52.37612100772847867, 0.000000000000000000 ) ) ;
#2841 = CARTESIAN_POINT ( 'NONE',  ( 1.385223628676184537, 1.696050681175524266, 7.198850539095484002 ) ) ;
#2842 = ADVANCED_FACE ( 'NONE', ( #2048 ), #296, .T. ) ;
#2843 = FACE_OUTER_BOUND ( 'NONE', #2040, .T. ) ;
#2844 = CARTESIAN_POINT ( 'NONE',  ( 2.786920537286726507, 3.342500261461578859, -7.581884323738250053 ) ) ;
#2845 = CARTESIAN_POINT ( 'NONE',  ( 18.77851674886692734, 0.3441182332842578351, -2.988891446669796448 ) ) ;
#2846 = DIRECTION ( 'NONE',  ( 0.9659258262899313996, -0.2588190450992993163, 0.000000000000000000 ) ) ;
#2847 = CARTESIAN_POINT ( 'NONE',  ( 1.272629734570139615, 1.649412581161016300, 8.970098146456280119 ) ) ;
#2848 = DIRECTION ( 'NONE',  ( 0.2588190451025210170, 0.9659258262890682012, 0.000000000000000000 ) ) ;
#2849 = FACE_OUTER_BOUND ( 'NONE', #1134, .T. ) ;
#2850 = AXIS2_PLACEMENT_3D ( 'NONE', #911, #896, #922 ) ;
#2851 = CARTESIAN_POINT ( 'NONE',  ( 1.022989369349176503, 1.560638559744463416, -9.230243361871014685 ) ) ;
#2852 = ADVANCED_FACE ( 'NONE', ( #1203 ), #1765, .T. ) ;
#2853 = ORIENTED_EDGE ( 'NONE', *, *, #2108, .T. ) ;
#2854 = AXIS2_PLACEMENT_3D ( 'NONE', #2459, #1086, #890 ) ;
#2855 = VECTOR ( 'NONE', #1012, 1000.000000000000000 ) ;
#2856 = DIRECTION ( 'NONE',  ( 0.9659258262890682012, -0.2588190451025212391, -0.000000000000000000 ) ) ;
#2857 = CARTESIAN_POINT ( 'NONE',  ( 1.587011411116219239, 1.790033419664563086, 7.789932810998160484 ) ) ;
#2858 = DIRECTION ( 'NONE',  ( 0.8660254037844405950, 0.4999999999999966138, 0.000000000000000000 ) ) ;
#2859 = CARTESIAN_POINT ( 'NONE',  ( 14.91687427665395127, 5.131933812842984999, -10.03513945250359463 ) ) ;
#2860 = CARTESIAN_POINT ( 'NONE',  ( 0.4123414258843599023, 1.425881953285598192, 6.453831723392573494 ) ) ;
#2861 = CARTESIAN_POINT ( 'NONE',  ( 13.00968956044623681, 14.50968956043969094, 4.000000000000000888 ) ) ;
#2862 =( NAMED_UNIT ( * ) PLANE_ANGLE_UNIT ( ) SI_UNIT ( $, .RADIAN. ) );
#2863 = DIRECTION ( 'NONE',  ( 0.2588190451025212946, 0.9659258262890680902, 0.000000000000000000 ) ) ;
#2864 = CARTESIAN_POINT ( 'NONE',  ( 1.511621051769153068, 1.753321152879630640, -8.525611886895230640 ) ) ;
#2865 = ORIENTED_EDGE ( 'NONE', *, *, #1626, .F. ) ;
#2866 = FACE_OUTER_BOUND ( 'NONE', #433, .T. ) ;
#2867 = ADVANCED_FACE ( 'NONE', ( #470, #2312, #28, #1839, #2736 ), #75, .T. ) ;
#2868 = ORIENTED_EDGE ( 'NONE', *, *, #2878, .F. ) ;
#2869 = CARTESIAN_POINT ( 'NONE',  ( -1.048445852934807770E-15, 3.000000000000000000, 8.000000000000000000 ) ) ;
#2870 = CARTESIAN_POINT ( 'NONE',  ( 2.519874698731747742, 3.279144402466951824, -9.418799928316126113 ) ) ;
#2871 = CARTESIAN_POINT ( 'NONE',  ( 16.58898390326762140, 5.253454328241485172, 6.433227191241382315 ) ) ;
#2872 = CARTESIAN_POINT ( 'NONE',  ( 15.15988889457640454, 3.056254746006706657, -11.48153110619167094 ) ) ;
#2873 = AXIS2_PLACEMENT_3D ( 'NONE', #1741, #1531, #2638 ) ;
#2874 = CARTESIAN_POINT ( 'NONE',  ( 0.7948900705483032958, 1.496452996439731953, 6.610443421981601730 ) ) ;
#2875 = DIRECTION ( 'NONE',  ( 0.9659258262890682012, -0.2588190451025211836, 0.000000000000000000 ) ) ;
#2876 = PRODUCT ( 'Upper arm', 'Upper arm', '', ( #807 ) ) ;
#2877 = CARTESIAN_POINT ( 'NONE',  ( 19.16431552370794478, 47.23051197473740359, 0.000000000000000000 ) ) ;
#2878 = EDGE_CURVE ( 'NONE', #1803, #1426, #1844, .T. ) ;
#2879 = CARTESIAN_POINT ( 'NONE',  ( -1.499987399600578364, -2.744416676836931579, 4.000000000000000888 ) ) ;
#2880 = CARTESIAN_POINT ( 'NONE',  ( 0.8991396560152682405, 1.523918619867666857, -9.323474431854847921 ) ) ;
#2881 = ORIENTED_EDGE ( 'NONE', *, *, #651, .F. ) ;
#2882 = DIRECTION ( 'NONE',  ( -0.000000000000000000, -1.000000000000000000, 0.000000000000000000 ) ) ;
#2883 = VERTEX_POINT ( 'NONE', #17 ) ;
#2884 = CARTESIAN_POINT ( 'NONE',  ( 13.16194720387469452, 2.959562440373647352, -13.43741350176748384 ) ) ;
#2885 = CARTESIAN_POINT ( 'NONE',  ( 2.629239836937083297, 3.304273456718495705, -9.132421328502374536 ) ) ;
#2886 = EDGE_CURVE ( 'NONE', #189, #553, #1349, .T. ) ;
#2887 = CARTESIAN_POINT ( 'NONE',  ( 18.38405104928246203, 0.3865773794515618422, 4.813062449793699571 ) ) ;
#2888 = EDGE_LOOP ( 'NONE', ( #1777, #760, #1343, #1205 ) ) ;
#2889 = DIRECTION ( 'NONE',  ( 0.9659258262890689783, -0.2588190451025188521, 0.000000000000000000 ) ) ;
#2890 = CARTESIAN_POINT ( 'NONE',  ( 7.271108306324153503, -1.427009444019451401, -17.56075360513728967 ) ) ;
#2891 = ADVANCED_FACE ( 'NONE', ( #1824 ), #1604, .F. ) ;
#2892 = CARTESIAN_POINT ( 'NONE',  ( 2.665980852928152345, 3.312782643949858219, 9.031002094215267562 ) ) ;
#2893 = CARTESIAN_POINT ( 'NONE',  ( -1.447368040031182579, -4.157007890121431792, -3.999999999999999112 ) ) ;
#2894 = CARTESIAN_POINT ( 'NONE',  ( 19.16431552370794833, 47.23051197473741070, -3.999999999999999112 ) ) ;
#2895 = ORIENTED_EDGE ( 'NONE', *, *, #1538, .F. ) ;
#2896 = DIRECTION ( 'NONE',  ( -0.9659258262890682012, 0.2588190451025212391, 0.000000000000000000 ) ) ;
#2897 = ORIENTED_EDGE ( 'NONE', *, *, #1152, .T. ) ;
#2898 = CARTESIAN_POINT ( 'NONE',  ( 1.747681818330750092, 3.133404153221121646, -10.50602280381546016 ) ) ;
#2899 = VERTEX_POINT ( 'NONE', #2284 ) ;
#2900 = CARTESIAN_POINT ( 'NONE',  ( 0.9091348506441890853, 1.526703372298262362, 6.683371534510611944 ) ) ;
#2901 = CARTESIAN_POINT ( 'NONE',  ( -1.048445852934807770E-15, -3.000000000000000888, 8.000000000000000000 ) ) ;
#2902 = LINE ( 'NONE', #1335, #882 ) ;
#2903 = EDGE_CURVE ( 'NONE', #1720, #447, #251, .T. ) ;
#2904 = LINE ( 'NONE', #2258, #1140 ) ;
#2905 = CARTESIAN_POINT ( 'NONE',  ( 15.75548746020989377, 6.866069965414816956, 6.185349981536874431 ) ) ;
#2906 = CARTESIAN_POINT ( 'NONE',  ( 1.587169787750353223, 1.790112355207285066, 8.209057838134974361 ) ) ;
#2907 = ORIENTED_EDGE ( 'NONE', *, *, #2358, .F. ) ;
#2908 = DIRECTION ( 'NONE',  ( 0.000000000000000000, 0.000000000000000000, 1.000000000000000000 ) ) ;
#2909 = ORIENTED_EDGE ( 'NONE', *, *, #1184, .F. ) ;
#2910 = CARTESIAN_POINT ( 'NONE',  ( 2.228384367626270901, 3.217624091513433982, -9.951553134753865493 ) ) ;
#2911 = CONICAL_SURFACE ( 'NONE', #738, 3.200000000000011280, 0.7853981633974431720 ) ;
#2912 = VERTEX_POINT ( 'NONE', #1157 ) ;
#2913 = FACE_OUTER_BOUND ( 'NONE', #2348, .T. ) ;
#2914 = DIRECTION ( 'NONE',  ( 0.9659258262899341752, -0.2588190450992889358, 0.000000000000000000 ) ) ;
#2915 = AXIS2_PLACEMENT_3D ( 'NONE', #38, #1597, #2069 ) ;
#2916 = CIRCLE ( 'NONE', #2263, 19.00000000000000355 ) ;
#2917 = CARTESIAN_POINT ( 'NONE',  ( -1.490408501626077520, -3.427104623499172220, -3.999999999999999112 ) ) ;
#2918 = CARTESIAN_POINT ( 'NONE',  ( 1.959434878635768928E-16, 1.399999999999972156, -9.600000000000001421 ) ) ;
#2919 = CONICAL_SURFACE ( 'NONE', #1981, 1.600000000000007194, 0.7853981633974576049 ) ;
#2920 = CARTESIAN_POINT ( 'NONE',  ( 0.5084362989409342282, 3.011144676282307753, 11.14760736116133089 ) ) ;
#2921 = ORIENTED_EDGE ( 'NONE', *, *, #1435, .F. ) ;
#2922 = DIRECTION ( 'NONE',  ( 0.000000000000000000, 0.000000000000000000, 1.000000000000000000 ) ) ;
#2923 = EDGE_LOOP ( 'NONE', ( #2492, #1552, #1240, #2191 ) ) ;
#2924 = EDGE_CURVE ( 'NONE', #2239, #2219, #1171, .T. ) ;
#2925 = CARTESIAN_POINT ( 'NONE',  ( 1.726928237065902483, 3.127236938451917414, -10.55851621503904880 ) ) ;
#2926 = FACE_OUTER_BOUND ( 'NONE', #459, .T. ) ;
#2927 = VERTEX_POINT ( 'NONE', #2640 ) ;
#2928 = DIRECTION ( 'NONE',  ( 0.000000000000000000, 0.000000000000000000, 1.000000000000000000 ) ) ;
ENDSEC;
END-ISO-10303-21;
