ISO-10303-21;
HEADER;
FILE_DESCRIPTION (( 'STEP AP214' ),
    '1' );
FILE_NAME ('Stand.STEP',
    '2025-12-15T14:12:46',
    ( '' ),
    ( '' ),
    'SwSTEP 2.0',
    'SolidWorks 2025',
    '' );
FILE_SCHEMA (( 'AUTOMOTIVE_DESIGN' ));
ENDSEC;

DATA;
#1 = CARTESIAN_POINT ( 'NONE',  ( 13.86694978936260192, -13.86694978940229284, 60.26812964613181123 ) ) ;
#2 = ORIENTED_EDGE ( 'NONE', *, *, #369, .F. ) ;
#3 = CARTESIAN_POINT ( 'NONE',  ( 20.39556307850892480, -0.07401578982541344442, 0.07401578982541426321 ) ) ;
#4 = CIRCLE ( 'NONE', #975, 19.00000000000000000 ) ;
#5 = FACE_OUTER_BOUND ( 'NONE', #197, .T. ) ;
#6 = CARTESIAN_POINT ( 'NONE',  ( 10.79952539756644292, 1.653773638790279943, -51.42540241338076612 ) ) ;
#7 = CARTESIAN_POINT ( 'NONE',  ( -41.92138050179380571, -41.85786437626945400, 49.67492180994170781 ) ) ;
#8 = CARTESIAN_POINT ( 'NONE',  ( -1.105352250545726722, -1.105352250545643455, 23.55591379069887736 ) ) ;
#9 = CARTESIAN_POINT ( 'NONE',  ( 49.77311357202903963, -12.53894532552270569, 12.53894532552271457 ) ) ;
#10 = ORIENTED_EDGE ( 'NONE', *, *, #2025, .F. ) ;
#11 = CARTESIAN_POINT ( 'NONE',  ( 48.45568038987661907, -39.97039901564559727, 48.45568038988416504 ) ) ;
#12 = B_SPLINE_CURVE_WITH_KNOTS ( 'NONE', 3,
 ( #48, #1528, #378, #1324, #1496, #791, #1907, #1335, #2063, #366, #1117, #1130, #949, #1856, #413, #1870 ),
 .UNSPECIFIED., .F., .F.,
 ( 4, 2, 2, 2, 2, 2, 2, 4 ),
 ( 0.0004772742046879773132, 0.002426378046749394588, 0.003400929967780099566, 0.004375481888810804978, 0.005350033809841509523, 0.006324585730872214935, 0.007299137651902919480, 0.008273689572933624892 ),
 .UNSPECIFIED. ) ;
#13 = CARTESIAN_POINT ( 'NONE',  ( 48.45568038987831017, -39.97039901563934450, -48.45568038987774884 ) ) ;
#14 = ORIENTED_EDGE ( 'NONE', *, *, #308, .F. ) ;
#15 = EDGE_CURVE ( 'NONE', #145, #214, #1128, .T. ) ;
#16 = CARTESIAN_POINT ( 'NONE',  ( 24.10365674389159452, -1.419015620806022504, 1.419015620806024058 ) ) ;
#17 = DIRECTION ( 'NONE',  ( 0.000000000000000000, 0.000000000000000000, -1.000000000000000000 ) ) ;
#18 = CARTESIAN_POINT ( 'NONE',  ( 4.848189086566594980E-13, 11.37092468211881702, -47.20721289669467780 ) ) ;
#19 = EDGE_CURVE ( 'NONE', #1155, #2349, #689, .T. ) ;
#20 = CARTESIAN_POINT ( 'NONE',  ( 22.87269661390666187, -22.87269661395998810, -62.88817789692932791 ) ) ;
#21 = PRODUCT_DEFINITION_FORMATION_WITH_SPECIFIED_SOURCE ( 'ANY', '', #908, .NOT_KNOWN. ) ;
#22 = FACE_OUTER_BOUND ( 'NONE', #604, .T. ) ;
#23 = ADVANCED_FACE ( 'NONE', ( #322 ), #1045, .T. ) ;
#24 = CARTESIAN_POINT ( 'NONE',  ( 21.40157931001515479, -0.2870369189885329519, -0.2870369189885310646 ) ) ;
#25 = ORIENTED_EDGE ( 'NONE', *, *, #1922, .T. ) ;
#26 = CARTESIAN_POINT ( 'NONE',  ( 0.07401882803756591744, -0.07401882803735143623, -20.39559172964813882 ) ) ;
#27 = CARTESIAN_POINT ( 'NONE',  ( 29.94986734861253552, -16.03627704372261675, 54.69974241821146421 ) ) ;
#28 = ORIENTED_EDGE ( 'NONE', *, *, #1912, .T. ) ;
#29 = CARTESIAN_POINT ( 'NONE',  ( 41.80712675969587622, 4.495674806679717861, 4.495674806679708979 ) ) ;
#30 = DIRECTION ( 'NONE',  ( 1.095209583345267748E-17, 0.7071067811865475727, 0.7071067811865475727 ) ) ;
#31 = AXIS2_PLACEMENT_3D ( 'NONE', #614, #1714, #2070 ) ;
#32 = FACE_OUTER_BOUND ( 'NONE', #548, .T. ) ;
#33 =( BOUNDED_SURFACE ( )  B_SPLINE_SURFACE ( 3, 2, ( 
 ( #1279, #573, #1661 ),
 ( #759, #952, #1118 ),
 ( #1508, #1327, #1497 ),
 ( #1143, #160, #390 ),
 ( #27, #1675, #1303 ),
 ( #772, #1, #2064 ),
 ( #1484, #550, #2018 ),
 ( #340, #1857, #379 ),
 ( #1093, #2041, #902 ),
 ( #1314, #927, #1652 ) ),
 .UNSPECIFIED., .F., .F., .F. ) 
 B_SPLINE_SURFACE_WITH_KNOTS ( ( 4, 2, 2, 2, 4 ),
 ( 3, 3 ),
 ( 1.309405442755825488, 1.521172624221031278, 1.732939805686236845, 1.944706987151442634, 2.156474168616648424 ),
 ( 0.000000000000000000, 1.000000000000000000 ),
 .UNSPECIFIED. ) 
 GEOMETRIC_REPRESENTATION_ITEM ( )  RATIONAL_B_SPLINE_SURFACE ( (
 ( 1.000000000000000000, 0.3329787447589655502, 1.000000000000000000),
 ( 1.000000000000000000, 0.3500000725265537405, 1.000000000000000000),
 ( 1.000000000000000000, 0.3678726894529080749, 1.000000000000000000),
 ( 1.000000000000000000, 0.4053261631710339263, 1.000000000000000000),
 ( 1.000000000000000000, 0.4249119281930188174, 1.000000000000000000),
 ( 1.000000000000000000, 0.4657196719900535409, 1.000000000000000000),
 ( 1.000000000000000000, 0.4869484956484399496, 1.000000000000000000),
 ( 1.000000000000000000, 0.5307158790719268548, 1.000000000000000000),
 ( 1.000000000000000000, 0.5532537136041574266, 1.000000000000000000),
 ( 1.000000000000000000, 0.5760537520925819166, 1.000000000000000000) ) ) 
 REPRESENTATION_ITEM ( '' )  SURFACE ( )  );
#34 = CARTESIAN_POINT ( 'NONE',  ( 1.136539655991636533, -1.136539656000561838, -54.69959190436344443 ) ) ;
#35 = CARTESIAN_POINT ( 'NONE',  ( 47.80419788720382712, -41.98660758131637039, 54.06909945212572666 ) ) ;
#36 = VERTEX_POINT ( 'NONE', #1425 ) ;
#37 = CARTESIAN_POINT ( 'NONE',  ( 44.07023400875459629, 0.000000000000000000, 4.790588497453791174E-16 ) ) ;
#38 = FACE_OUTER_BOUND ( 'NONE', #1144, .T. ) ;
#39 = ORIENTED_EDGE ( 'NONE', *, *, #884, .F. ) ;
#40 = DIRECTION ( 'NONE',  ( 0.7071067811865463515, -0.7071067811865486830, 0.000000000000000000 ) ) ;
#41 = EDGE_CURVE ( 'NONE', #476, #388, #1748, .T. ) ;
#42 = CARTESIAN_POINT ( 'NONE',  ( 52.19628980900708370, -37.13920097469412696, -52.19628980900630211 ) ) ;
#43 = AXIS2_PLACEMENT_3D ( 'NONE', #1430, #1227, #1265 ) ;
#44 = CARTESIAN_POINT ( 'NONE',  ( -41.56636715965303353, -41.56636715936279103, 65.30930716412080983 ) ) ;
#45 = FACE_OUTER_BOUND ( 'NONE', #2102, .T. ) ;
#46 = CARTESIAN_POINT ( 'NONE',  ( 1.998817980520470174E-13, 0.000000000000000000, -19.00000000000000000 ) ) ;
#47 = ORIENTED_EDGE ( 'NONE', *, *, #1055, .T. ) ;
#48 = CARTESIAN_POINT ( 'NONE',  ( -54.10879007258167661, -41.85786437626945400, 47.75816595311565749 ) ) ;
#49 = EDGE_CURVE ( 'NONE', #1304, #634, #642, .T. ) ;
#50 = CARTESIAN_POINT ( 'NONE',  ( -35.87742112645694448, -35.87742112645759818, -49.93087654877605530 ) ) ;
#51 = ORIENTED_EDGE ( 'NONE', *, *, #619, .F. ) ;
#52 = CARTESIAN_POINT ( 'NONE',  ( -52.18562007262392655, -37.04845886313572123, 52.13741310645528415 ) ) ;
#53 = CARTESIAN_POINT ( 'NONE',  ( -54.12834010212707625, -41.85786437626945400, -47.94734359064992191 ) ) ;
#54 = CARTESIAN_POINT ( 'NONE',  ( 4.620902577697953876E-13, 0.000000000000000000, -44.07023400875459629 ) ) ;
#55 = CARTESIAN_POINT ( 'NONE',  ( -47.82392106651881392, -32.93320485595892677, 53.19913430923207898 ) ) ;
#56 = FACE_OUTER_BOUND ( 'NONE', #608, .T. ) ;
#57 = ORIENTED_EDGE ( 'NONE', *, *, #2376, .T. ) ;
#58 = CARTESIAN_POINT ( 'NONE',  ( 12.53894532552323504, -12.53894532552270569, -49.77311357202891173 ) ) ;
#59 = CARTESIAN_POINT ( 'NONE',  ( -3.690211918095816834, 8.094452514032212775, -49.02774490863788515 ) ) ;
#60 = EDGE_LOOP ( 'NONE', ( #597, #25, #616 ) ) ;
#61 = CARTESIAN_POINT ( 'NONE',  ( 8.875664068992360711, -8.875664068992037414, -30.78540859500231619 ) ) ;
#62 = CARTESIAN_POINT ( 'NONE',  ( 47.62381434203052777, -37.38009914628368335, 37.38009914628368335 ) ) ;
#63 = CARTESIAN_POINT ( 'NONE',  ( 53.90300253192964419, -28.79491271444173250, 43.46885176952687857 ) ) ;
#64 = CARTESIAN_POINT ( 'NONE',  ( -0.3759753149342944245, -0.3759753149345242962, -21.73402968150025671 ) ) ;
#65 = CARTESIAN_POINT ( 'NONE',  ( -30.38711698365448299, -16.44663459499146896, 54.70672904638065859 ) ) ;
#66 = AXIS2_PLACEMENT_3D ( 'NONE', #1914, #1891, #1365 ) ;
#67 = CARTESIAN_POINT ( 'NONE',  ( -1.590599106615297526E-13, 0.02828108346075483906, 44.66145935711607962 ) ) ;
#68 = VERTEX_POINT ( 'NONE', #2308 ) ;
#69 = CARTESIAN_POINT ( 'NONE',  ( -49.98959203285745900, -34.99708742493924518, -52.74081398228128137 ) ) ;
#70 = AXIS2_PLACEMENT_3D ( 'NONE', #997, #1190, #450 ) ;
#71 = CARTESIAN_POINT ( 'NONE',  ( -46.05360288297877958, -46.05360288297963223, -65.24644148668927812 ) ) ;
#72 = ORIENTED_EDGE ( 'NONE', *, *, #19, .T. ) ;
#73 = DIRECTION ( 'NONE',  ( 0.000000000000000000, 1.000000000000000000, 0.000000000000000000 ) ) ;
#74 = EDGE_CURVE ( 'NONE', #2234, #36, #1085, .T. ) ;
#75 = AXIS2_PLACEMENT_3D ( 'NONE', #599, #612, #1556 ) ;
#76 = CARTESIAN_POINT ( 'NONE',  ( -47.20721289669467780, 11.37092468211881702, 1.011229668145101543E-14 ) ) ;
#77 = CARTESIAN_POINT ( 'NONE',  ( -23.16456103872534911, -23.16456103872516437, 50.08195571336062102 ) ) ;
#78 = DIRECTION ( 'NONE',  ( 0.7071067811865481278, -0.7071067811865469066, 0.000000000000000000 ) ) ;
#79 = CARTESIAN_POINT ( 'NONE',  ( 43.76457135822182209, 0.9662655834959629209, -0.9662655834959594792 ) ) ;
#80 = CARTESIAN_POINT ( 'NONE',  ( -54.03151300359987630, -28.74913713145310723, -43.42901968459244699 ) ) ;
#81 = CARTESIAN_POINT ( 'NONE',  ( 51.73746934966685274, -41.85786437626943979, 42.87591801926671309 ) ) ;
#82 = CARTESIAN_POINT ( 'NONE',  ( 41.92138050178503761, -41.85786437626945400, 49.67492180994910456 ) ) ;
#83 = ORIENTED_EDGE ( 'NONE', *, *, #349, .F. ) ;
#84 = CARTESIAN_POINT ( 'NONE',  ( 4.386560765951406538, -4.386560765951121432, -27.20813692616457402 ) ) ;
#85 = ADVANCED_FACE ( 'NONE', ( #1492 ), #522, .F. ) ;
#86 = AXIS2_PLACEMENT_3D ( 'NONE', #966, #2090, #1887 ) ;
#87 = ADVANCED_FACE ( 'NONE', ( #1866 ), #568, .F. ) ;
#88 = CARTESIAN_POINT ( 'NONE',  ( -53.90300253192965840, -28.79491271444174672, -43.46885176952689278 ) ) ;
#89 = CARTESIAN_POINT ( 'NONE',  ( -46.31813827718658416, 0.6227616036602241500, 4.059562093493108884E-15 ) ) ;
#90 = CARTESIAN_POINT ( 'NONE',  ( 54.69959190436461682, -1.136539655979138752, 1.136539655986285258 ) ) ;
#91 = ORIENTED_EDGE ( 'NONE', *, *, #1389, .F. ) ;
#92 = CARTESIAN_POINT ( 'NONE',  ( 53.89583786218924644, -41.85786437626944689, 46.47391007016288000 ) ) ;
#93 = EDGE_CURVE ( 'NONE', #109, #1717, #1522, .T. ) ;
#94 = CARTESIAN_POINT ( 'NONE',  ( -1.553758425763460377E-13, 11.37092468211881702, 47.20721289669467780 ) ) ;
#95 =( LENGTH_UNIT ( ) NAMED_UNIT ( * ) SI_UNIT ( .MILLI., .METRE. ) );
#96 = ORIENTED_EDGE ( 'NONE', *, *, #1033, .T. ) ;
#97 = CARTESIAN_POINT ( 'NONE',  ( 34.13416408858325468, -34.13416408858277862, -46.02461357315213775 ) ) ;
#98 = ORIENTED_EDGE ( 'NONE', *, *, #446, .T. ) ;
#99 = CARTESIAN_POINT ( 'NONE',  ( -53.74460037477294350, -29.83156059003703220, -44.56085887486054986 ) ) ;
#100 = CARTESIAN_POINT ( 'NONE',  ( -27.48998628769004782, -27.48998628770961261, 63.82073293587862395 ) ) ;
#101 = CARTESIAN_POINT ( 'NONE',  ( 48.45568038987661197, -41.85786437626945400, 48.45568038988417214 ) ) ;
#102 = ADVANCED_FACE ( 'NONE', ( #2192 ), #360, .T. ) ;
#103 = DIRECTION ( 'NONE',  ( 0.7071067811865463515, 0.7071067811865486830, 0.000000000000000000 ) ) ;
#104 = CARTESIAN_POINT ( 'NONE',  ( -43.76457135822182209, 0.9662655834959629209, 0.9662655834959594792 ) ) ;
#105 = CLOSED_SHELL ( 'NONE', ( #2170, #1271, #2314, #2237, #789, #2082, #1668, #2212, #1769, #289, #649, #700, #786, #1220, #546, #23, #2060, #777, #2034, #1726, #2319, #1523, #986, #470, #523, #478, #288, #410, #178, #189, #624, #158, #737, #1893, #2071, #2281, #956, #2081, #102, #1388, #661, #728, #1493, #2100, #883, #1140, #1199, #1818, #954, #658, #325, #87, #771, #85, #263, #600 ) ) ;
#106 = CARTESIAN_POINT ( 'NONE',  ( -41.30214586962728873, -26.74090770463293865, -54.17055402605173242 ) ) ;
#107 = DIRECTION ( 'NONE',  ( 0.000000000000000000, -0.000000000000000000, 1.000000000000000000 ) ) ;
#108 = CARTESIAN_POINT ( 'NONE',  ( -51.54082322911649783, -26.65548377519250778, -26.65548377519250778 ) ) ;
#109 = VERTEX_POINT ( 'NONE', #1479 ) ;
#110 = CARTESIAN_POINT ( 'NONE',  ( 50.35697255075469059, 4.629892623101141247, -7.519177673420849750 ) ) ;
#111 = CARTESIAN_POINT ( 'NONE',  ( 54.72241537905114939, -20.53908607581671575, 34.74266256340578707 ) ) ;
#112 = ORIENTED_EDGE ( 'NONE', *, *, #2250, .F. ) ;
#113 = CARTESIAN_POINT ( 'NONE',  ( -54.17230680209357985, -26.72568155668219703, -41.28606928383103281 ) ) ;
#114 = EDGE_CURVE ( 'NONE', #1315, #948, #1403, .T. ) ;
#115 = CARTESIAN_POINT ( 'NONE',  ( -29.94986734861487676, -16.03627704373058194, 54.69974241821521588 ) ) ;
#116 = CARTESIAN_POINT ( 'NONE',  ( -48.45568038987565984, -39.97039901564961184, -48.45568038988817250 ) ) ;
#117 = CARTESIAN_POINT ( 'NONE',  ( 65.30930716427606342, -41.56636715944733851, 41.56636715958269690 ) ) ;
#118 = VERTEX_POINT ( 'NONE', #1692 ) ;
#119 = AXIS2_PLACEMENT_3D ( 'NONE', #1667, #1124, #1645 ) ;
#120 = CARTESIAN_POINT ( 'NONE',  ( 47.83012170529869422, -32.93911591372197734, 53.19778855828202779 ) ) ;
#121 = DIRECTION ( 'NONE',  ( 0.000000000000000000, 0.000000000000000000, -1.000000000000000000 ) ) ;
#122 = ORIENTED_EDGE ( 'NONE', *, *, #1955, .F. ) ;
#123 = LINE ( 'NONE', #526, #2317 ) ;
#124 = CARTESIAN_POINT ( 'NONE',  ( -4.386560765950820340, -4.386560765951122320, -27.20813692616466284 ) ) ;
#125 =( BOUNDED_CURVE ( )  B_SPLINE_CURVE ( 3, ( #1963, #473, #1252, #1990 ),
 .UNSPECIFIED., .F., .F. ) 
 B_SPLINE_CURVE_WITH_KNOTS ( ( 4, 4 ),
 ( 1.369927184783990004, 2.068988390492490392 ),
 .UNSPECIFIED. ) 
 CURVE ( )  GEOMETRIC_REPRESENTATION_ITEM ( )  RATIONAL_B_SPLINE_CURVE ( ( 1.000000000000000000, 0.9596890430705666830, 0.9596890430705666830, 1.000000000000000000 ) ) 
 REPRESENTATION_ITEM ( '' )  );
#126 = ORIENTED_EDGE ( 'NONE', *, *, #1349, .F. ) ;
#127 = CARTESIAN_POINT ( 'NONE',  ( -28.43653834442160289, -5.870222574542258265, 5.870222574542234284 ) ) ;
#128 = DIRECTION ( 'NONE',  ( -1.045895541406532121E-14, 0.000000000000000000, 1.000000000000000000 ) ) ;
#129 = CARTESIAN_POINT ( 'NONE',  ( 0.000000000000000000, 52.00000000000000711, 0.000000000000000000 ) ) ;
#130 = B_SPLINE_CURVE_WITH_KNOTS ( 'NONE', 3,
 ( #2403, #517, #2377, #319, #713, #1070, #1860, #2009, #1096, #1294, #724, #1848, #2215, #1122, #880, #1487 ),
 .UNSPECIFIED., .F., .F.,
 ( 4, 2, 2, 2, 2, 2, 2, 4 ),
 ( 0.0004772742046879773132, 0.002426378046749394588, 0.003400929967780099566, 0.004375481888810804978, 0.005350033809841509523, 0.006324585730872214935, 0.007299137651902919480, 0.008273689572933624892 ),
 .UNSPECIFIED. ) ;
#131 = DIRECTION ( 'NONE',  ( 7.066343154494309971E-14, 0.000000000000000000, 1.000000000000000000 ) ) ;
#132 = CARTESIAN_POINT ( 'NONE',  ( -65.30930716427606342, -41.56636715944733851, -41.56636715958269690 ) ) ;
#133 = CARTESIAN_POINT ( 'NONE',  ( 7.519177673420667674, 4.629892623101152793, 50.35697255075473322 ) ) ;
#134 =( NAMED_UNIT ( * ) PLANE_ANGLE_UNIT ( ) SI_UNIT ( $, .RADIAN. ) );
#135 = ORIENTED_EDGE ( 'NONE', *, *, #905, .F. ) ;
#136 = CARTESIAN_POINT ( 'NONE',  ( -50.31407977848829205, -41.85786437626946110, -42.07293586212988856 ) ) ;
#137 = CARTESIAN_POINT ( 'NONE',  ( 53.74460037477290797, -29.83156059003702865, 44.56085887486053565 ) ) ;
#138 = VECTOR ( 'NONE', #128, 1000.000000000000000 ) ;
#139 = ORIENTED_EDGE ( 'NONE', *, *, #1389, .T. ) ;
#140 = CARTESIAN_POINT ( 'NONE',  ( 52.15708240835981258, -37.07865298527733700, 52.18938160522090897 ) ) ;
#141 = CARTESIAN_POINT ( 'NONE',  ( -50.08195571336066365, -23.16456103872512173, 23.16456103872502936 ) ) ;
#142 = AXIS2_PLACEMENT_3D ( 'NONE', #2372, #169, #1263 ) ;
#143 = CARTESIAN_POINT ( 'NONE',  ( -44.36809184593123234, -41.85786437626946110, 53.00724301853293241 ) ) ;
#144 = CARTESIAN_POINT ( 'NONE',  ( -1.547784895603928385E-13, 2.616764982217860691, 48.03396531940266811 ) ) ;
#145 = VERTEX_POINT ( 'NONE', #201 ) ;
#146 = CARTESIAN_POINT ( 'NONE',  ( -54.08703959096106217, -41.91943284553932614, 47.75342591370227296 ) ) ;
#147 = CIRCLE ( 'NONE', #1823, 19.00000000000000000 ) ;
#148 = CARTESIAN_POINT ( 'NONE',  ( 47.20721289669467780, 11.37092468211881702, 0.000000000000000000 ) ) ;
#149 = ORIENTED_EDGE ( 'NONE', *, *, #1602, .T. ) ;
#150 = DIRECTION ( 'NONE',  ( 0.000000000000000000, -0.7071067811865489050, -0.7071067811865462405 ) ) ;
#151 = CARTESIAN_POINT ( 'NONE',  ( -53.84572127731119906, -7.676508426016762421, 20.97330929323173976 ) ) ;
#152 = CARTESIAN_POINT ( 'NONE',  ( -22.67783112712753990, -0.6992493099796743827, -0.6992493099796751599 ) ) ;
#153 = CARTESIAN_POINT ( 'NONE',  ( 2.326828918379970970E-15, 2.000000000000000000, -19.00000000000000000 ) ) ;
#154 = B_SPLINE_CURVE_WITH_KNOTS ( 'NONE', 3,
 ( #1419, #2160, #1038, #892, #2006, #430, #2351, #1185, #684, #1924, #1241, #245, #1733, #290, #487, #563, #2052, #2397, #196, #354, #1291, #2210, #1132, #367 ),
 .UNSPECIFIED., .F., .F.,
 ( 4, 2, 2, 2, 2, 2, 2, 2, 2, 2, 2, 4 ),
 ( -1.597728060971507683E-05, 0.001753128829766299789, 0.003522234940142314648, 0.005291341050518328856, 0.007060447160894343932, 0.008829553271270359008, 0.009714106326458367413, 0.01059865938164637408, 0.01148321243683438249, 0.01236776549202238916, 0.01325231854721039756, 0.01413687160239840424 ),
 .UNSPECIFIED. ) ;
#155 = CARTESIAN_POINT ( 'NONE',  ( -5.808225924029489730E-16, 5.808225924029489730E-16, -2.018935112317502566E-30 ) ) ;
#156 = CARTESIAN_POINT ( 'NONE',  ( 2.514090881280997447, -2.514090881281098255, 25.51431399875159656 ) ) ;
#157 = VERTEX_POINT ( 'NONE', #946 ) ;
#158 = ADVANCED_FACE ( 'NONE', ( #1880 ), #1629, .T. ) ;
#159 = CARTESIAN_POINT ( 'NONE',  ( -52.18562007262391944, -37.04845886313570702, 52.13741310645529126 ) ) ;
#160 = CARTESIAN_POINT ( 'NONE',  ( 27.48998628770931063, -27.48998628768985597, 63.82073293587885132 ) ) ;
#161 = ORIENTED_EDGE ( 'NONE', *, *, #1055, .F. ) ;
#162 = DIRECTION ( 'NONE',  ( 1.095209583345269751E-17, -0.7071067811865462405, 0.7071067811865489050 ) ) ;
#163 = CARTESIAN_POINT ( 'NONE',  ( 52.13741310645601601, -37.04845886313572123, -52.18562007262319469 ) ) ;
#164 = CARTESIAN_POINT ( 'NONE',  ( 0.000000000000000000, -41.85786437626945400, 0.000000000000000000 ) ) ;
#165 = CARTESIAN_POINT ( 'NONE',  ( 52.18562007262374891, -37.04845886313572123, 52.13741310645546179 ) ) ;
#166 = CARTESIAN_POINT ( 'NONE',  ( -42.32960571923300819, -41.85786437626945400, 50.91375495834956411 ) ) ;
#167 = CARTESIAN_POINT ( 'NONE',  ( -1.525813698991239363E-13, 1.174707851197307917, 47.01630309732632185 ) ) ;
#168 = EDGE_LOOP ( 'NONE', ( #1506, #838, #291, #513, #2158 ) ) ;
#169 = DIRECTION ( 'NONE',  ( 0.000000000000000000, 1.000000000000000000, 0.000000000000000000 ) ) ;
#170 = SPHERICAL_SURFACE ( 'NONE', #352, 6.000000000000000000 ) ;
#171 = ORIENTED_EDGE ( 'NONE', *, *, #224, .T. ) ;
#172 = CARTESIAN_POINT ( 'NONE',  ( 52.17670857500718284, -37.10890153653976142, 52.19293795902649435 ) ) ;
#173 = APPLICATION_PROTOCOL_DEFINITION ( 'draft international standard', 'automotive_design', 1998, #993 ) ;
#174 = DIRECTION ( 'NONE',  ( 0.7071067811865486830, 0.7071067811865463515, 0.000000000000000000 ) ) ;
#175 = CARTESIAN_POINT ( 'NONE',  ( -47.77894398367148199, -41.95314697332180032, 54.07818680504724540 ) ) ;
#176 = CYLINDRICAL_SURFACE ( 'NONE', #295, 19.00000000000000000 ) ;
#177 = CARTESIAN_POINT ( 'NONE',  ( 52.18939763305729684, -37.07878164742287908, 52.15716622318297624 ) ) ;
#178 = ADVANCED_FACE ( 'NONE', ( #22 ), #576, .F. ) ;
#179 = CARTESIAN_POINT ( 'NONE',  ( 0.6992493099795901168, -0.6992493099796726064, 22.67783112712753990 ) ) ;
#180 = ORIENTED_EDGE ( 'NONE', *, *, #262, .F. ) ;
#181 = CARTESIAN_POINT ( 'NONE',  ( 0.9607681889654929863, -0.9607681889652482932, -23.26997609253538357 ) ) ;
#182 = DIRECTION ( 'NONE',  ( 1.000000000000000000, -0.000000000000000000, 1.224646799147353207E-16 ) ) ;
#183 = AXIS2_PLACEMENT_3D ( 'NONE', #922, #744, #899 ) ;
#184 = ORIENTED_EDGE ( 'NONE', *, *, #1643, .T. ) ;
#185 = CARTESIAN_POINT ( 'NONE',  ( 48.45568038987661197, -39.97039901564560438, 48.45568038988417214 ) ) ;
#186 = CARTESIAN_POINT ( 'NONE',  ( 47.10907348779370807, -41.85786437626945400, -54.03275483169354487 ) ) ;
#187 = CIRCLE ( 'NONE', #808, 6.000000000000003553 ) ;
#188 = CARTESIAN_POINT ( 'NONE',  ( 43.46885176952744700, -28.79491271444174316, -53.90300253192921787 ) ) ;
#189 = ADVANCED_FACE ( 'NONE', ( #1137 ), #1001, .F. ) ;
#190 = CARTESIAN_POINT ( 'NONE',  ( -20.39559172964813882, -0.07401882803735126970, 0.07401882803735015948 ) ) ;
#191 = CARTESIAN_POINT ( 'NONE',  ( 55.37030828957576034, -39.24423010468032658, 50.65396592356920280 ) ) ;
#192 = AXIS2_PLACEMENT_3D ( 'NONE', #221, #787, #967 ) ;
#193 = CARTESIAN_POINT ( 'NONE',  ( 1.105352250545553083, -1.105352250545640125, 23.55591379069888092 ) ) ;
#194 = EDGE_CURVE ( 'NONE', #2026, #1334, #1302, .T. ) ;
#195 = VERTEX_POINT ( 'NONE', #1805 ) ;
#196 = CARTESIAN_POINT ( 'NONE',  ( 46.06415059405459544, 0.4751155575277322130, -2.998772790740910296E-15 ) ) ;
#197 = EDGE_LOOP ( 'NONE', ( #2039, #380, #474, #423, #2279, #313 ) ) ;
#198 = CARTESIAN_POINT ( 'NONE',  ( 47.99547338914419470, -10.69771447769734074, -10.69771447769729278 ) ) ;
#199 = DIRECTION ( 'NONE',  ( -0.000000000000000000, -1.000000000000000000, -0.000000000000000000 ) ) ;
#200 = CARTESIAN_POINT ( 'NONE',  ( -52.13741310645564653, -37.04845886313570702, 52.18562007262359259 ) ) ;
#201 = CARTESIAN_POINT ( 'NONE',  ( -2.928932188134277137, -2.928932188134560022, -25.90602117439497931 ) ) ;
#202 = CARTESIAN_POINT ( 'NONE',  ( -1.583558911974746620E-13, 0.1454635790887811864, 45.23821245426660198 ) ) ;
#203 = AXIS2_PLACEMENT_3D ( 'NONE', #1799, #2315, #818 ) ;
#204 = EDGE_LOOP ( 'NONE', ( #1133, #682, #1833, #781, #571, #860 ) ) ;
#205 = CARTESIAN_POINT ( 'NONE',  ( 0.000000000000000000, -37.04845886313572123, 0.000000000000000000 ) ) ;
#206 = B_SPLINE_CURVE_WITH_KNOTS ( 'NONE', 3,
 ( #486, #2326, #1566, #110, #657, #1371, #1554, #2293, #623, #2115, #438, #1193, #2302, #1385, #2125, #1203, #538, #1255 ),
 .UNSPECIFIED., .F., .F.,
 ( 4, 2, 2, 2, 2, 2, 2, 2, 4 ),
 ( 7.304552191594334238E-18, 0.009066885862519306200, 0.01360032879377895236, 0.01813377172503859852, 0.03626754345007718316, 0.05440131517511576087, 0.05893475810637541917, 0.06346820103763507748, 0.07253508690015436633 ),
 .UNSPECIFIED. ) ;
#207 = CARTESIAN_POINT ( 'NONE',  ( -2.618611004132349638E-13, 0.000000000000000000, 74.99999999999998579 ) ) ;
#208 = ORIENTED_EDGE ( 'NONE', *, *, #1374, .T. ) ;
#209 = CARTESIAN_POINT ( 'NONE',  ( -27.68558167605891640, -27.68558167605877074, 42.65908012387444614 ) ) ;
#210 = CARTESIAN_POINT ( 'NONE',  ( -0.6992493099794317990, -0.6992493099796724954, -22.67783112712754701 ) ) ;
#211 = CARTESIAN_POINT ( 'NONE',  ( -52.13741310645564653, -37.04845886313572123, 52.18562007262357128 ) ) ;
#212 = CIRCLE ( 'NONE', #639, 73.76753207067065432 ) ;
#213 = CARTESIAN_POINT ( 'NONE',  ( 24.10365674389159096, -1.419015620806023170, -1.419015620806017175 ) ) ;
#214 = VERTEX_POINT ( 'NONE', #691 ) ;
#215 = CARTESIAN_POINT ( 'NONE',  ( 2.718302418630563100, -2.718302418630293538, -25.71786326857646188 ) ) ;
#216 = EDGE_CURVE ( 'NONE', #586, #2168, #1166, .T. ) ;
#217 = CARTESIAN_POINT ( 'NONE',  ( -9.488401050501423128, -9.488401050444954521, -58.65128814936650770 ) ) ;
#218 = EDGE_LOOP ( 'NONE', ( #745, #1408, #510, #1036 ) ) ;
#219 = B_SPLINE_CURVE_WITH_KNOTS ( 'NONE', 3,
 ( #766, #1513, #779, #1332 ),
 .UNSPECIFIED., .F., .F.,
 ( 4, 4 ),
 ( 0.005522964421741509769, 0.005631206410936956917 ),
 .UNSPECIFIED. ) ;
#220 = CARTESIAN_POINT ( 'NONE',  ( -40.64246182869675295, -40.64246182869742086, -49.15958877646569647 ) ) ;
#221 = CARTESIAN_POINT ( 'NONE',  ( 0.000000000000000000, -10.00000000000000000, 0.000000000000000000 ) ) ;
#222 = CARTESIAN_POINT ( 'NONE',  ( -46.05360288297991644, -46.05360288297968197, 65.24644148668859600 ) ) ;
#223 = CARTESIAN_POINT ( 'NONE',  ( -2.850191655717589700, 2.850191655732634555, -52.42874021086527137 ) ) ;
#224 = EDGE_CURVE ( 'NONE', #1431, #265, #2167, .T. ) ;
#225 = B_SPLINE_CURVE_WITH_KNOTS ( 'NONE', 3,
 ( #52, #785, #1532, #1687 ),
 .UNSPECIFIED., .F., .F.,
 ( 4, 4 ),
 ( 0.000000000000000000, 0.0001086942509581630503 ),
 .UNSPECIFIED. ) ;
#226 = CARTESIAN_POINT ( 'NONE',  ( -44.07023400875459629, 0.000000000000000000, -4.790588497453791174E-16 ) ) ;
#227 = EDGE_LOOP ( 'NONE', ( #1816, #57, #1883, #1845, #39, #282 ) ) ;
#228 = CARTESIAN_POINT ( 'NONE',  ( 54.06909945212876067, -41.98660758130452564, -47.80419788719505192 ) ) ;
#229 = EDGE_CURVE ( 'NONE', #2349, #1991, #418, .T. ) ;
#230 = CARTESIAN_POINT ( 'NONE',  ( -13.86694978937201128, -13.86694978941212675, -60.26812964611222867 ) ) ;
#231 = ORIENTED_EDGE ( 'NONE', *, *, #229, .F. ) ;
#232 = CARTESIAN_POINT ( 'NONE',  ( 48.45568038987661197, -39.97039901564560438, 48.45568038988417214 ) ) ;
#233 = CARTESIAN_POINT ( 'NONE',  ( 47.77894398366245099, -41.95314697330952924, -54.07818680504993836 ) ) ;
#234 = EDGE_CURVE ( 'NONE', #2223, #2147, #569, .T. ) ;
#235 = CARTESIAN_POINT ( 'NONE',  ( -0.9607681889650008245, -0.9607681889652492924, -23.26997609253539778 ) ) ;
#236 = CARTESIAN_POINT ( 'NONE',  ( 54.12269371798310402, -41.85786437626945400, -47.88433415300591633 ) ) ;
#237 = CARTESIAN_POINT ( 'NONE',  ( -54.09564442834795983, -41.88545648029158741, -47.72763354284833071 ) ) ;
#238 = ORIENTED_EDGE ( 'NONE', *, *, #2140, .T. ) ;
#239 = DIRECTION ( 'NONE',  ( -0.7071067811865486830, -0.7071067811865463515, 0.000000000000000000 ) ) ;
#240 = MANIFOLD_SOLID_BREP ( 'CirPattern3', #105 ) ;
#241 = PLANE ( 'NONE',  #857 ) ;
#242 = ORIENTED_EDGE ( 'NONE', *, *, #1318, .F. ) ;
#243 = CARTESIAN_POINT ( 'NONE',  ( 49.73331977894181932, 6.693646581991412603, 6.693646581991380629 ) ) ;
#244 = CARTESIAN_POINT ( 'NONE',  ( 47.80419788719576957, -41.98660758130444037, -54.06909945212812119 ) ) ;
#245 = CARTESIAN_POINT ( 'NONE',  ( 48.03396531940265390, 2.616764982217859359, -1.484427429889533611E-14 ) ) ;
#246 = CARTESIAN_POINT ( 'NONE',  ( 14.80479242102295245, -14.80479242102243553, -48.93857307896826825 ) ) ;
#247 = CONICAL_SURFACE ( 'NONE', #1617, 73.76753207067065432, 0.5017271634761818477 ) ;
#248 = CARTESIAN_POINT ( 'NONE',  ( -49.35437332743637739, -41.05623212982453651, -41.05623212982454362 ) ) ;
#249 = VERTEX_POINT ( 'NONE', #2337 ) ;
#250 = DIRECTION ( 'NONE',  ( 1.218335026636949981E-15, 0.000000000000000000, 1.000000000000000000 ) ) ;
#251 = EDGE_CURVE ( 'NONE', #497, #1007, #1759, .T. ) ;
#252 = DIRECTION ( 'NONE',  ( 0.000000000000000000, 0.000000000000000000, 1.000000000000000000 ) ) ;
#253 = ORIENTED_EDGE ( 'NONE', *, *, #2264, .F. ) ;
#254 = CARTESIAN_POINT ( 'NONE',  ( -48.45568038988474058, -41.38782187305115201, 54.28585298108713886 ) ) ;
#255 = DIRECTION ( 'NONE',  ( 0.000000000000000000, 0.7071067811865486830, -0.7071067811865463515 ) ) ;
#256 = DIRECTION ( 'NONE',  ( 0.000000000000000000, 1.000000000000000000, 0.000000000000000000 ) ) ;
#257 = AXIS2_PLACEMENT_3D ( 'NONE', #1010, #462, #2311 ) ;
#258 = CARTESIAN_POINT ( 'NONE',  ( 8.875664068991905964, -8.875664068992046296, 30.78540859500245475 ) ) ;
#259 = ORIENTED_EDGE ( 'NONE', *, *, #2002, .T. ) ;
#260 = DIRECTION ( 'NONE',  ( -5.142882101409130478E-15, 5.316073312656209660E-15, 1.000000000000000000 ) ) ;
#261 = AXIS2_PLACEMENT_3D ( 'NONE', #2145, #1354, #2099 ) ;
#262 = EDGE_CURVE ( 'NONE', #2161, #118, #125, .T. ) ;
#263 = ADVANCED_FACE ( 'NONE', ( #668 ), #1610, .T. ) ;
#264 = CARTESIAN_POINT ( 'NONE',  ( -23.16456103872450711, -23.16456103872512529, -50.08195571336086971 ) ) ;
#265 = VERTEX_POINT ( 'NONE', #2136 ) ;
#266 = FACE_OUTER_BOUND ( 'NONE', #1755, .T. ) ;
#267 = B_SPLINE_CURVE_WITH_KNOTS ( 'NONE', 3,
 ( #2117, #1981, #1067, #137, #63, #1640, #303, #111, #2172, #1052, #500, #1624, #671, #1784, #1820, #1256, #852, #148 ),
 .UNSPECIFIED., .F., .F.,
 ( 4, 2, 2, 2, 2, 2, 2, 2, 4 ),
 ( 0.000000000000000000, 0.009067684199875419501, 0.01360152629981312492, 0.01813536839975083206, 0.03627073679950163637, 0.05440610519925243027, 0.05893994729919013742, 0.06347378939912784457, 0.07254147359900324499 ),
 .UNSPECIFIED. ) ;
#268 = DIRECTION ( 'NONE',  ( 0.000000000000000000, 0.000000000000000000, 1.000000000000000000 ) ) ;
#269 = CARTESIAN_POINT ( 'NONE',  ( 0.2848723868290259364, 11.62395880167921014, 47.06754965376286037 ) ) ;
#270 = CARTESIAN_POINT ( 'NONE',  ( 41.80712675969591174, 4.495674806679754276, -4.495674806679750724 ) ) ;
#271 = CARTESIAN_POINT ( 'NONE',  ( -49.67492180994828033, -41.85786437626945400, 41.92138050178602526 ) ) ;
#272 = CARTESIAN_POINT ( 'NONE',  ( 50.91375495834957121, -41.85786437626945400, 42.32960571923278081 ) ) ;
#273 = CARTESIAN_POINT ( 'NONE',  ( -49.15521736738372738, 7.559150081813599265, 4.272261873946048283 ) ) ;
#274 = DIRECTION ( 'NONE',  ( -0.1694254330188353086, 0.6968841448355602708, 0.6968841448355602708 ) ) ;
#275 = EDGE_LOOP ( 'NONE', ( #773, #2341, #337, #863, #540, #1895, #1391, #1917, #368 ) ) ;
#276 =( BOUNDED_SURFACE ( )  B_SPLINE_SURFACE ( 3, 2, ( 
 ( #353, #1992, #159 ),
 ( #146, #1795, #720 ),
 ( #2396, #1065, #1468 ),
 ( #2196, #1444, #735 ) ),
 .UNSPECIFIED., .F., .F., .F. ) 
 B_SPLINE_SURFACE_WITH_KNOTS ( ( 4, 4 ),
 ( 3, 3 ),
 ( 0.02197228569937674514, 0.02202368522100801862 ),
 ( 0.5080218227712082202, 1.000000000000000000 ),
 .UNSPECIFIED. ) 
 GEOMETRIC_REPRESENTATION_ITEM ( )  RATIONAL_B_SPLINE_SURFACE ( (
 ( 0.6665752175355408315, 0.6718400986736550173, 1.000000000000000000),
 ( 0.6670427125715193695, 0.6723002118174452590, 1.000000000000000000),
 ( 0.6675105685205514616, 0.6727606801753593935, 1.000000000000000000),
 ( 0.6679787026215961987, 0.6732214222931794945, 1.000000000000000000) ) ) 
 REPRESENTATION_ITEM ( '' )  SURFACE ( )  );
#277 = CARTESIAN_POINT ( 'NONE',  ( 9.033917203134655940E-15, -37.04845886313570702, 73.76753207067065432 ) ) ;
#278 = CARTESIAN_POINT ( 'NONE',  ( -54.70672904638077938, -16.44663459499146896, -30.38711698365429470 ) ) ;
#279 = CARTESIAN_POINT ( 'NONE',  ( -45.52495197906576152, 0.2361784965679054049, 5.164164035313724999E-16 ) ) ;
#280 = CARTESIAN_POINT ( 'NONE',  ( 0.000000000000000000, -37.04845886313570702, 0.000000000000000000 ) ) ;
#281 = FACE_OUTER_BOUND ( 'NONE', #2231, .T. ) ;
#282 = ORIENTED_EDGE ( 'NONE', *, *, #2128, .T. ) ;
#283 = CARTESIAN_POINT ( 'NONE',  ( -48.45568038988474058, -39.97039901564600939, 48.45568038987636328 ) ) ;
#284 = CARTESIAN_POINT ( 'NONE',  ( -53.74264736310312429, -29.84353017242107242, 44.57346034464285367 ) ) ;
#285 = SURFACE_STYLE_FILL_AREA ( #2182 ) ;
#286 = VERTEX_POINT ( 'NONE', #1035 ) ;
#287 = CARTESIAN_POINT ( 'NONE',  ( -52.19628980901752158, -37.13920097471083182, 52.19628980900848347 ) ) ;
#288 = ADVANCED_FACE ( 'NONE', ( #1578 ), #312, .F. ) ;
#289 = ADVANCED_FACE ( 'NONE', ( #45 ), #2198, .T. ) ;
#290 = CARTESIAN_POINT ( 'NONE',  ( 47.58936998003116514, 1.851677006114473611, -1.137219655666754576E-14 ) ) ;
#291 = ORIENTED_EDGE ( 'NONE', *, *, #445, .T. ) ;
#292 = CARTESIAN_POINT ( 'NONE',  ( -53.19913430923224240, -32.93320485595892677, -47.82392106651864339 ) ) ;
#293 = CARTESIAN_POINT ( 'NONE',  ( -48.32637481935292811, 8.655095731745522158, 9.838286173448182200E-14 ) ) ;
#294 = FACE_OUTER_BOUND ( 'NONE', #1637, .T. ) ;
#295 = AXIS2_PLACEMENT_3D ( 'NONE', #544, #1865, #520 ) ;
#296 = EDGE_CURVE ( 'NONE', #586, #793, #219, .T. ) ;
#297 = DIRECTION ( 'NONE',  ( 0.000000000000000000, 1.000000000000000000, 0.000000000000000000 ) ) ;
#298 = B_SPLINE_CURVE_WITH_KNOTS ( 'NONE', 3,
 ( #1168, #436, #1517, #425 ),
 .UNSPECIFIED., .F., .F.,
 ( 4, 4 ),
 ( 0.002293055700189717411, 0.002480808381641433011 ),
 .UNSPECIFIED. ) ;
#299 = ORIENTED_EDGE ( 'NONE', *, *, #1593, .F. ) ;
#300 = CARTESIAN_POINT ( 'NONE',  ( -42.87591801926355828, -41.85786437626946110, -51.73746934966445821 ) ) ;
#301 = CARTESIAN_POINT ( 'NONE',  ( -40.64246182869675295, -40.64246182869742086, -49.15958877646569647 ) ) ;
#302 = VERTEX_POINT ( 'NONE', #2084 ) ;
#303 = CARTESIAN_POINT ( 'NONE',  ( 54.28329764860030338, -25.69296928275920067, 40.19516226005939785 ) ) ;
#304 = ORIENTED_EDGE ( 'NONE', *, *, #1212, .F. ) ;
#305 = FACE_OUTER_BOUND ( 'NONE', #1176, .T. ) ;
#306 = AXIS2_PLACEMENT_3D ( 'NONE', #2318, #1247, #467 ) ;
#307 = CARTESIAN_POINT ( 'NONE',  ( -44.36814862018460559, -2.207367860544706684E-15, -4.167489749960382071E-15 ) ) ;
#308 = EDGE_CURVE ( 'NONE', #1803, #1920, #1551, .T. ) ;
#309 = DIRECTION ( 'NONE',  ( 0.000000000000000000, 0.000000000000000000, 1.000000000000000000 ) ) ;
#310 = CARTESIAN_POINT ( 'NONE',  ( -49.52361354189723386, -41.46020538473638339, 41.48409509167811393 ) ) ;
#311 = CARTESIAN_POINT ( 'NONE',  ( -51.42072225564346866, 1.667954742828969605, 10.78394394323078487 ) ) ;
#312 = PLANE ( 'NONE',  #887 ) ;
#313 = ORIENTED_EDGE ( 'NONE', *, *, #1374, .F. ) ;
#314 = CARTESIAN_POINT ( 'NONE',  ( -35.14012576694382517, -15.00769046467715029, -15.00769046467715029 ) ) ;
#315 = CARTESIAN_POINT ( 'NONE',  ( 2.928932188134457881, -2.928932188134560022, 25.90602117439495800 ) ) ;
#316 = EDGE_LOOP ( 'NONE', ( #2124, #1481, #1994, #707 ) ) ;
#317 = CARTESIAN_POINT ( 'NONE',  ( 37.13057569238376487, -18.13971302679792785, -18.13971302679786390 ) ) ;
#318 = AXIS2_PLACEMENT_3D ( 'NONE', #489, #1983, #1243 ) ;
#319 = CARTESIAN_POINT ( 'NONE',  ( 53.58029751303105570, -41.85786437626945400, -45.54636941983667953 ) ) ;
#320 = CARTESIAN_POINT ( 'NONE',  ( 47.75816595311642487, -41.85786437626945400, -54.10879007258103712 ) ) ;
#321 = FACE_OUTER_BOUND ( 'NONE', #1094, .T. ) ;
#322 = FACE_OUTER_BOUND ( 'NONE', #1068, .T. ) ;
#323 = CARTESIAN_POINT ( 'NONE',  ( -53.94166460365838134, -8.319867070395529751, 21.66706243768502205 ) ) ;
#324 = ORIENTED_EDGE ( 'NONE', *, *, #1473, .T. ) ;
#325 = ADVANCED_FACE ( 'NONE', ( #2096 ), #1149, .T. ) ;
#326 = CARTESIAN_POINT ( 'NONE',  ( -34.13416408858219597, -34.13416408858279993, -46.02461357315296198 ) ) ;
#327 = ORIENTED_EDGE ( 'NONE', *, *, #1240, .T. ) ;
#328 = DIRECTION ( 'NONE',  ( 0.000000000000000000, 0.7071067811865475727, 0.7071067811865475727 ) ) ;
#329 = B_SPLINE_CURVE_WITH_KNOTS ( 'NONE', 3,
 ( #2300, #631, #2122, #1382, #1402, #617, #1198, #823, #1739, #985, #1728, #1929, #106, #1392, #882, #1576, #69, #1938 ),
 .UNSPECIFIED., .F., .F.,
 ( 4, 2, 2, 2, 2, 2, 2, 2, 4 ),
 ( 0.000000000000000000, 0.009066885862519297526, 0.01360032879377894716, 0.01813377172503859505, 0.03626754345007718316, 0.05440131517511577475, 0.05893475810637541917, 0.06346820103763506360, 0.07253508690015435245 ),
 .UNSPECIFIED. ) ;
#330 = DIRECTION ( 'NONE',  ( 1.000000000000000000, 0.000000000000000000, 0.000000000000000000 ) ) ;
#331 = CARTESIAN_POINT ( 'NONE',  ( 45.54636941983865484, -41.85786437626945400, -53.58029751303093491 ) ) ;
#332 = CARTESIAN_POINT ( 'NONE',  ( -25.51431399875158945, -2.514090881281098255, -2.514090881281099144 ) ) ;
#333 = EDGE_CURVE ( 'NONE', #2186, #1964, #457, .T. ) ;
#334 = CARTESIAN_POINT ( 'NONE',  ( -50.68031517153485765, -39.28637496153011455, -55.36342173643510733 ) ) ;
#335 = CARTESIAN_POINT ( 'NONE',  ( -54.12269355446778718, -41.85786437626945400, -47.88433232829641639 ) ) ;
#336 = DIRECTION ( 'NONE',  ( -1.000000000000000000, 0.000000000000000000, -2.312964634635743450E-15 ) ) ;
#337 = ORIENTED_EDGE ( 'NONE', *, *, #1899, .T. ) ;
#338 = CARTESIAN_POINT ( 'NONE',  ( -49.15958877646512803, -40.64246182869739954, -40.64246182869739954 ) ) ;
#339 = EDGE_CURVE ( 'NONE', #924, #2137, #2344, .T. ) ;
#340 = CARTESIAN_POINT ( 'NONE',  ( 7.882612295597627217, 4.316160010773979927, 50.61792982938885643 ) ) ;
#341 = PRODUCT_DEFINITION_SHAPE ( 'NONE', 'NONE',  #1379 ) ;
#342 = ORIENTED_EDGE ( 'NONE', *, *, #2329, .T. ) ;
#343 = CARTESIAN_POINT ( 'NONE',  ( 50.08195571336065655, -23.16456103871482952, -23.16456103871473715 ) ) ;
#344 = B_SPLINE_CURVE_WITH_KNOTS ( 'NONE', 3,
 ( #464, #1418, #1012, #1941 ),
 .UNSPECIFIED., .F., .F.,
 ( 4, 4 ),
 ( 6.938893903907227607E-18, 0.0001877526814455500676 ),
 .UNSPECIFIED. ) ;
#345 = DIRECTION ( 'NONE',  ( 0.6984253643104758602, -0.6984253643104788578, -0.1562178638170234335 ) ) ;
#346 = CARTESIAN_POINT ( 'NONE',  ( 47.82392106651919050, -32.93320485595891967, -53.19913430923175923 ) ) ;
#347 = CARTESIAN_POINT ( 'NONE',  ( 47.75816595311642487, -41.85786437626945400, -54.10879007258103712 ) ) ;
#348 = CARTESIAN_POINT ( 'NONE',  ( -2.514090881281185741, -2.514090881281096923, 25.51431399875157879 ) ) ;
#349 = EDGE_CURVE ( 'NONE', #2338, #710, #562, .T. ) ;
#350 = CARTESIAN_POINT ( 'NONE',  ( -1.573183553964204315E-13, 0.6227616036602230398, 46.31813827718659127 ) ) ;
#351 = ORIENTED_EDGE ( 'NONE', *, *, #2402, .F. ) ;
#352 = AXIS2_PLACEMENT_3D ( 'NONE', #13, #2244, #1470 ) ;
#353 = CARTESIAN_POINT ( 'NONE',  ( -54.09564442834815168, -41.88545648029153057, 47.72763354284808912 ) ) ;
#354 = CARTESIAN_POINT ( 'NONE',  ( 45.52495197906576152, 0.2361784965679054049, -5.164164035313724999E-16 ) ) ;
#355 = ORIENTED_EDGE ( 'NONE', *, *, #2248, .T. ) ;
#356 = CARTESIAN_POINT ( 'NONE',  ( 41.92138050178503761, -41.85786437626945400, 49.67492180994910456 ) ) ;
#357 = EDGE_CURVE ( 'NONE', #1920, #1803, #2249, .T. ) ;
#358 = CARTESIAN_POINT ( 'NONE',  ( 0.000000000000000000, 0.000000000000000000, 0.000000000000000000 ) ) ;
#359 = CARTESIAN_POINT ( 'NONE',  ( -52.42874021091669334, 2.850191655609727981, -2.850191655902646115 ) ) ;
#360 =( BOUNDED_SURFACE ( )  B_SPLINE_SURFACE ( 3, 2, ( 
 ( #1634, #191, #363 ),
 ( #177, #705, #1113 ),
 ( #898, #934, #2014 ),
 ( #1681, #1647, #1671 ) ),
 .UNSPECIFIED., .F., .F., .F. ) 
 B_SPLINE_SURFACE_WITH_KNOTS ( ( 4, 4 ),
 ( 3, 3 ),
 ( 0.02197228569937697412, 0.02202368522101076642 ),
 ( 0.000000000000000000, 0.4919781772287922794 ),
 .UNSPECIFIED. ) 
 GEOMETRIC_REPRESENTATION_ITEM ( )  RATIONAL_B_SPLINE_SURFACE ( (
 ( 1.000000000000000000, 0.6718400986736549063, 0.6665752175355410536),
 ( 1.000000000000000000, 0.6723002118174677966, 0.6670427125715425731),
 ( 1.000000000000000000, 0.6727606801754053567, 0.6675105685205984241),
 ( 1.000000000000000000, 0.6732214222932475511, 0.6679787026216656987) ) ) 
 REPRESENTATION_ITEM ( '' )  SURFACE ( )  );
#361 = CARTESIAN_POINT ( 'NONE',  ( 52.13741310645601601, -37.04845886313572123, -52.18562007262319469 ) ) ;
#362 = SPHERICAL_SURFACE ( 'NONE', #1475, 6.000000000000000000 ) ;
#363 = CARTESIAN_POINT ( 'NONE',  ( 54.09564442834793851, -41.88545648029160873, 47.72763354284830228 ) ) ;
#364 = CARTESIAN_POINT ( 'NONE',  ( -7.195629590220004286E-14, 2.294612254111898830E-15, 19.70734868314094257 ) ) ;
#365 = ORIENTED_EDGE ( 'NONE', *, *, #93, .F. ) ;
#366 = CARTESIAN_POINT ( 'NONE',  ( -51.98291543747338750, -41.85786437626946821, 43.09201033902204614 ) ) ;
#367 = CARTESIAN_POINT ( 'NONE',  ( 44.07023400875459629, 0.000000000000000000, 4.790588497453791174E-16 ) ) ;
#368 = ORIENTED_EDGE ( 'NONE', *, *, #224, .F. ) ;
#369 = EDGE_CURVE ( 'NONE', #853, #1315, #147, .T. ) ;
#370 = FACE_OUTER_BOUND ( 'NONE', #2077, .T. ) ;
#371 = CARTESIAN_POINT ( 'NONE',  ( 52.15708240835799359, -37.07865298527306663, -52.18938160521942393 ) ) ;
#372 = CARTESIAN_POINT ( 'NONE',  ( -52.17679047889661348, -37.10902827325753606, 52.19295197981324463 ) ) ;
#373 = CARTESIAN_POINT ( 'NONE',  ( -25.90602117439494378, -2.928932188134561354, 2.928932188134549808 ) ) ;
#374 =( BOUNDED_CURVE ( )  B_SPLINE_CURVE ( 3, ( #1612, #708, #499, #2350 ),
 .UNSPECIFIED., .F., .F. ) 
 B_SPLINE_CURVE_WITH_KNOTS ( ( 4, 4 ),
 ( 4.214196916687098948, 4.913258122395602889 ),
 .UNSPECIFIED. ) 
 CURVE ( )  GEOMETRIC_REPRESENTATION_ITEM ( )  RATIONAL_B_SPLINE_CURVE ( ( 1.000000000000000000, 0.9596890430705663499, 0.9596890430705663499, 1.000000000000000000 ) ) 
 REPRESENTATION_ITEM ( '' )  );
#375 = CARTESIAN_POINT ( 'NONE',  ( -45.54636941983832799, -41.85786437626945400, 53.58029751303127597 ) ) ;
#376 = CARTESIAN_POINT ( 'NONE',  ( -41.97863577826269932, -41.85786437626947531, -50.00145812334785944 ) ) ;
#377 = ORIENTED_EDGE ( 'NONE', *, *, #357, .T. ) ;
#378 = CARTESIAN_POINT ( 'NONE',  ( -53.89583786218920380, -41.85786437626944689, 46.47391007016202025 ) ) ;
#379 = CARTESIAN_POINT ( 'NONE',  ( 2.812123984226087448, -2.812123984226265083, 45.40846830019918912 ) ) ;
#380 = ORIENTED_EDGE ( 'NONE', *, *, #1819, .F. ) ;
#381 = LINE ( 'NONE', #277, #951 ) ;
#382 = AXIS2_PLACEMENT_3D ( 'NONE', #1225, #1621, #826 ) ;
#383 = CARTESIAN_POINT ( 'NONE',  ( 31.90555342968879415, -10.39755817907274960, 10.39755817907274782 ) ) ;
#384 = CIRCLE ( 'NONE', #1326, 5.695390637385770560 ) ;
#385 = CARTESIAN_POINT ( 'NONE',  ( 2.824108107879041730E-13, 10.31589715634088300, -47.73984928750383006 ) ) ;
#386 = B_SPLINE_CURVE_WITH_KNOTS ( 'NONE', 3,
 ( #932, #1449, #907, #1656, #2190, #2391, #152, #1269, #726, #1476, #2011, #2217, #918, #332, #1083, #1296 ),
 .UNSPECIFIED., .F., .F.,
 ( 4, 2, 2, 2, 2, 2, 2, 4 ),
 ( 2.951234432162194607E-07, 0.002087854995204658799, 0.003131634931085379697, 0.004175414866966101896, 0.005219194802846823661, 0.006262974738727543692, 0.007306754674608266324, 0.008350534610488988957 ),
 .UNSPECIFIED. ) ;
#387 = CARTESIAN_POINT ( 'NONE',  ( -1.511122440539646989E-13, 3.428013092681484242, 48.37573822590672989 ) ) ;
#388 = VERTEX_POINT ( 'NONE', #504 ) ;
#389 = CARTESIAN_POINT ( 'NONE',  ( 52.18562007262391234, -37.04845886313572123, -52.13741310645530547 ) ) ;
#390 = CARTESIAN_POINT ( 'NONE',  ( 27.41697210537039808, -27.41697210537068585, 50.28220041540776464 ) ) ;
#391 = EDGE_LOOP ( 'NONE', ( #122, #1786, #1242, #2029 ) ) ;
#392 = DIRECTION ( 'NONE',  ( -1.737996368189533756E-15, -1.737996368189527839E-15, 1.000000000000000000 ) ) ;
#393 = CARTESIAN_POINT ( 'NONE',  ( 50.70635638319414795, -39.32823598115160024, -55.35624551137751581 ) ) ;
#394 = CARTESIAN_POINT ( 'NONE',  ( 4.766319181865101240E-13, 0.2361784965679055159, -45.52495197906574731 ) ) ;
#395 = CARTESIAN_POINT ( 'NONE',  ( 40.08521590475064045, -40.08521590475011465, -49.37931082884656320 ) ) ;
#396 = EDGE_CURVE ( 'NONE', #434, #586, #2105, .T. ) ;
#397 = CARTESIAN_POINT ( 'NONE',  ( -55.34879428095980813, -39.36982191840306911, -50.73210104667636244 ) ) ;
#398 = AXIS2_PLACEMENT_3D ( 'NONE', #1135, #199, #17 ) ;
#399 = EDGE_LOOP ( 'NONE', ( #238, #1119, #1706, #769 ) ) ;
#400 = EDGE_CURVE ( 'NONE', #1007, #1622, #1792, .T. ) ;
#401 = CARTESIAN_POINT ( 'NONE',  ( 1.419069972181578265, -1.419069972181325134, -24.10374470603310471 ) ) ;
#402 = CARTESIAN_POINT ( 'NONE',  ( -29.94986734861307909, -16.03627704372655671, -54.69974241821362426 ) ) ;
#403 = ORIENTED_EDGE ( 'NONE', *, *, #1967, .T. ) ;
#404 = EDGE_CURVE ( 'NONE', #586, #1485, #775, .T. ) ;
#405 = AXIS2_PLACEMENT_3D ( 'NONE', #1601, #1743, #475 ) ;
#406 = CARTESIAN_POINT ( 'NONE',  ( 52.15716622317974327, -37.07878164741761395, -52.18939763305645130 ) ) ;
#407 = CARTESIAN_POINT ( 'NONE',  ( -44.17674285813539825, -44.17674285813522772, 48.46415277037281299 ) ) ;
#408 = CARTESIAN_POINT ( 'NONE',  ( 43.42901968458544815, -28.74913713146024818, -54.03151300360966047 ) ) ;
#409 = B_SPLINE_CURVE_WITH_KNOTS ( 'NONE', 3,
 ( #1817, #1051, #2385, #2017, #914, #314, #1650, #891, #1455, #694, #1660, #338 ),
 .UNSPECIFIED., .F., .F.,
 ( 4, 2, 2, 2, 2, 4 ),
 ( 3.328679405654834645E-07, 0.007278294191273993428, 0.01455625551460742496, 0.02911217816127429150, 0.04366810080794115284, 0.05822402345460801765 ),
 .UNSPECIFIED. ) ;
#410 = ADVANCED_FACE ( 'NONE', ( #1957 ), #1783, .T. ) ;
#411 = DIRECTION ( 'NONE',  ( -0.6984253643104749720, 0.6984253643104766374, -0.1562178638170376166 ) ) ;
#412 = ORIENTED_EDGE ( 'NONE', *, *, #1460, .T. ) ;
#413 = CARTESIAN_POINT ( 'NONE',  ( -50.00145812334832840, -41.85786437626947531, 41.97863577826346670 ) ) ;
#414 = CARTESIAN_POINT ( 'NONE',  ( -27.48998628768904595, -27.48998628770964459, -63.82073293587907159 ) ) ;
#415 = ORIENTED_EDGE ( 'NONE', *, *, #1808, .T. ) ;
#416 = CARTESIAN_POINT ( 'NONE',  ( -8.875664068992143996, -8.875664068992037414, 30.78540859500238369 ) ) ;
#417 = AXIS2_PLACEMENT_3D ( 'NONE', #1030, #297, #309 ) ;
#418 = CIRCLE ( 'NONE', #257, 5.695390637387977684 ) ;
#419 = FACE_OUTER_BOUND ( 'NONE', #227, .T. ) ;
#420 = CARTESIAN_POINT ( 'NONE',  ( -6.977445623553997489E-10, 10.85390143154651099, -47.49082457346730024 ) ) ;
#421 = CARTESIAN_POINT ( 'NONE',  ( -0.2848723868287759697, 11.62395880167927942, -47.06754965376282485 ) ) ;
#422 = DIRECTION ( 'NONE',  ( 1.000000000000000000, 0.000000000000000000, 5.782411586589358822E-15 ) ) ;
#423 = ORIENTED_EDGE ( 'NONE', *, *, #1602, .F. ) ;
#424 = CARTESIAN_POINT ( 'NONE',  ( 47.75816595311548696, -41.85786437626945400, 54.10879007258184004 ) ) ;
#425 = CARTESIAN_POINT ( 'NONE',  ( -47.75816595311507484, -41.85786437626945400, -54.10879007258218820 ) ) ;
#426 = EDGE_LOOP ( 'NONE', ( #551, #1091, #1968, #760, #51 ) ) ;
#427 = CARTESIAN_POINT ( 'NONE',  ( 24.85077397790950116, -1.938870649390243672, 1.938870649390244560 ) ) ;
#428 = CARTESIAN_POINT ( 'NONE',  ( 40.89239011484580288, -24.48113118346822858, 24.48113118346822858 ) ) ;
#429 = AXIS2_PLACEMENT_3D ( 'NONE', #164, #543, #1863 ) ;
#430 = CARTESIAN_POINT ( 'NONE',  ( 48.57691842084226863, 7.515495636242233601, -7.410807669271389925E-14 ) ) ;
#431 = CARTESIAN_POINT ( 'NONE',  ( 4.743690054558853660E-13, 0.1454635790887819080, -45.23821245426658777 ) ) ;
#432 = CARTESIAN_POINT ( 'NONE',  ( -34.74266256340595760, -20.53908607581670509, 54.72241537905102859 ) ) ;
#433 = FACE_OUTER_BOUND ( 'NONE', #2144, .T. ) ;
#434 = VERTEX_POINT ( 'NONE', #1423 ) ;
#435 = CARTESIAN_POINT ( 'NONE',  ( 2.928932188134830916, -2.928932188134559134, -25.90602117439491536 ) ) ;
#436 = CARTESIAN_POINT ( 'NONE',  ( -47.88433415303268248, -41.85786437626945400, -54.12269371798642936 ) ) ;
#437 = VERTEX_POINT ( 'NONE', #491 ) ;
#438 = CARTESIAN_POINT ( 'NONE',  ( 54.72284875697177142, -20.54094707205649328, -34.74467359338136419 ) ) ;
#439 = B_SPLINE_CURVE_WITH_KNOTS ( 'NONE', 3,
 ( #440, #2127, #127, #1409, #1205, #2139, #1194, #830, #455, #465, #2150, #2162 ),
 .UNSPECIFIED., .F., .F.,
 ( 4, 2, 2, 2, 2, 4 ),
 ( 3.328679405665808486E-07, 0.007278294191274002969, 0.01455625551460744058, 0.02911217816127430538, 0.04366810080794117366, 0.05822402345460803152 ),
 .UNSPECIFIED. ) ;
#440 = CARTESIAN_POINT ( 'NONE',  ( -25.90602117439494378, -2.928932188134561354, 2.928932188134549808 ) ) ;
#441 = CIRCLE ( 'NONE', #1270, 5.999999999999998224 ) ;
#442 = CARTESIAN_POINT ( 'NONE',  ( -27.68558167605822362, -27.68558167605877074, -42.65908012387490800 ) ) ;
#443 = CARTESIAN_POINT ( 'NONE',  ( 41.05623212982505521, -41.05623212982453651, -49.35437332743595107 ) ) ;
#444 = CARTESIAN_POINT ( 'NONE',  ( -4.495674806679313740, 4.495674806679754276, -41.80712675969595438 ) ) ;
#445 = EDGE_CURVE ( 'NONE', #2168, #634, #2401, .T. ) ;
#446 = EDGE_CURVE ( 'NONE', #302, #659, #2367, .T. ) ;
#447 = AXIS2_PLACEMENT_3D ( 'NONE', #358, #1081, #330 ) ;
#448 = CARTESIAN_POINT ( 'NONE',  ( -54.06909945212087365, -41.98660758133297577, -47.80419788721673768 ) ) ;
#449 = ORIENTED_EDGE ( 'NONE', *, *, #589, .F. ) ;
#450 = DIRECTION ( 'NONE',  ( -2.436670053273015334E-14, 0.000000000000000000, 1.000000000000000000 ) ) ;
#451 = FACE_OUTER_BOUND ( 'NONE', #1262, .T. ) ;
#452 = ORIENTED_EDGE ( 'NONE', *, *, #1138, .F. ) ;
#453 =( BOUNDED_SURFACE ( )  B_SPLINE_SURFACE ( 3, 2, ( 
 ( #2404, #542, #751 ),
 ( #566, #1268, #1997 ),
 ( #1295, #1082, #725 ),
 ( #1283, #1825, #917 ),
 ( #906, #1474, #141 ),
 ( #151, #1836, #1655 ),
 ( #1812, #881, #740 ),
 ( #2390, #895, #2032 ),
 ( #2378, #359, #1110 ),
 ( #1461, #2202, #554 ) ),
 .UNSPECIFIED., .F., .F., .T. ) 
 B_SPLINE_SURFACE_WITH_KNOTS ( ( 4, 2, 2, 2, 4 ),
 ( 3, 3 ),
 ( 1.309405442755825710, 1.521172624221031278, 1.732939805686237067, 1.944706987151442856, 2.156474168616648424 ),
 ( 0.000000000000000000, 1.000000000000000000 ),
 .UNSPECIFIED. ) 
 GEOMETRIC_REPRESENTATION_ITEM ( )  RATIONAL_B_SPLINE_SURFACE ( (
 ( 1.000000000000000000, 0.3329787447589659388, 1.000000000000000000),
 ( 1.000000000000000000, 0.3500000725261795953, 1.000000000000000000),
 ( 1.000000000000000000, 0.3678726894534054548, 1.000000000000000000),
 ( 1.000000000000000000, 0.4053261631705346035, 1.000000000000000000),
 ( 1.000000000000000000, 0.4249119281907123291, 1.000000000000000000),
 ( 1.000000000000000000, 0.4657196719923624162, 1.000000000000000000),
 ( 1.000000000000000000, 0.4869484956535246600, 1.000000000000000000),
 ( 1.000000000000000000, 0.5307158790668436987, 1.000000000000000000),
 ( 1.000000000000000000, 0.5532537136079755946, 1.000000000000000000),
 ( 1.000000000000000000, 0.5760537520925824717, 1.000000000000000000) ) ) 
 REPRESENTATION_ITEM ( '' )  SURFACE ( )  );
#454 = DIRECTION ( 'NONE',  ( -0.1562178638170257650, -0.6984253643104781917, -0.6984253643104759712 ) ) ;
#455 = CARTESIAN_POINT ( 'NONE',  ( -42.65908012387464510, -27.68558167605880627, 27.68558167605870324 ) ) ;
#456 = CARTESIAN_POINT ( 'NONE',  ( -7.882612295611865605, 4.316160010773606892, 50.61792982938578689 ) ) ;
#457 = CIRCLE ( 'NONE', #66, 73.76753207067065432 ) ;
#458 = CARTESIAN_POINT ( 'NONE',  ( 15.00769046467698864, -15.00769046467716628, 35.14012576694391043 ) ) ;
#459 = ORIENTED_EDGE ( 'NONE', *, *, #589, .T. ) ;
#460 = CARTESIAN_POINT ( 'NONE',  ( 52.64178190772585708, -41.85786437626944689, 43.82803810959917001 ) ) ;
#461 = CARTESIAN_POINT ( 'NONE',  ( 47.88433415302169038, -41.85786437626945400, 54.12269371798494433 ) ) ;
#462 = DIRECTION ( 'NONE',  ( -0.000000000000000000, -1.000000000000000000, -0.000000000000000000 ) ) ;
#463 = ORIENTED_EDGE ( 'NONE', *, *, #229, .T. ) ;
#464 = CARTESIAN_POINT ( 'NONE',  ( -47.75816595311602697, -41.85786437626945400, 54.10879007258137108 ) ) ;
#465 = CARTESIAN_POINT ( 'NONE',  ( -46.02461357315261381, -34.13416408858281414, 34.13416408858269335 ) ) ;
#466 = CARTESIAN_POINT ( 'NONE',  ( -47.49082457346729313, 10.85390143154651099, 7.055171753499884808E-10 ) ) ;
#467 = DIRECTION ( 'NONE',  ( 0.000000000000000000, -0.7071067811865475727, 0.7071067811865475727 ) ) ;
#468 = CARTESIAN_POINT ( 'NONE',  ( 65.24644148668873811, -46.05360288297966775, 46.05360288297968197 ) ) ;
#469 = VERTEX_POINT ( 'NONE', #1219 ) ;
#470 = ADVANCED_FACE ( 'NONE', ( #294 ), #1676, .T. ) ;
#471 = CARTESIAN_POINT ( 'NONE',  ( 4.620902577697953876E-13, 0.000000000000000000, -44.07023400875459629 ) ) ;
#472 = DIRECTION ( 'NONE',  ( -1.000000000000000000, 0.000000000000000000, 1.548860246407864137E-17 ) ) ;
#473 = CARTESIAN_POINT ( 'NONE',  ( 26.65548377519222001, -26.65548377519250423, 51.54082322911657599 ) ) ;
#474 = ORIENTED_EDGE ( 'NONE', *, *, #2335, .T. ) ;
#475 = DIRECTION ( 'NONE',  ( 0.000000000000000000, 0.7071067811865463515, -0.7071067811865486830 ) ) ;
#476 = VERTEX_POINT ( 'NONE', #480 ) ;
#477 = CARTESIAN_POINT ( 'NONE',  ( -52.74151410235229065, -34.99450056962000843, -49.98688355097841196 ) ) ;
#478 = ADVANCED_FACE ( 'NONE', ( #1231 ), #1872, .F. ) ;
#479 = DIRECTION ( 'NONE',  ( 0.000000000000000000, 1.000000000000000000, 0.000000000000000000 ) ) ;
#480 = CARTESIAN_POINT ( 'NONE',  ( -49.67492180994828033, -41.85786437626945400, 41.92138050178602526 ) ) ;
#481 = CARTESIAN_POINT ( 'NONE',  ( -49.67492180994153017, -41.85786437626945400, -41.92138050179401887 ) ) ;
#482 = DIRECTION ( 'NONE',  ( 0.6968841448353022550, 0.6968841448353029211, 0.1694254330209551129 ) ) ;
#483 = CARTESIAN_POINT ( 'NONE',  ( -44.36809184592813438, -41.85786437626945400, -53.00724301853234266 ) ) ;
#484 = CARTESIAN_POINT ( 'NONE',  ( 54.10879007258152740, -41.85786437626945400, 47.75816595311583512 ) ) ;
#485 = ORIENTED_EDGE ( 'NONE', *, *, #940, .T. ) ;
#486 = CARTESIAN_POINT ( 'NONE',  ( 47.20721289669467780, 11.37092468211881702, 0.000000000000000000 ) ) ;
#487 = CARTESIAN_POINT ( 'NONE',  ( 47.41134905250100218, 1.612008113040666935, -1.438496659049913571E-14 ) ) ;
#488 = ORIENTED_EDGE ( 'NONE', *, *, #1099, .F. ) ;
#489 = CARTESIAN_POINT ( 'NONE',  ( -8.996130235884892308E-33, -5.808225924029488744E-16, -5.808225924029510437E-16 ) ) ;
#490 = CARTESIAN_POINT ( 'NONE',  ( 7.855833012397047904E-13, 0.000000000000000000, -74.99999999999998579 ) ) ;
#491 = CARTESIAN_POINT ( 'NONE',  ( -49.67492180994153017, -41.85786437626945400, -41.92138050179401887 ) ) ;
#492 = AXIS2_PLACEMENT_3D ( 'NONE', #1725, #1737, #422 ) ;
#493 = CARTESIAN_POINT ( 'NONE',  ( 60.26812964601975864, -13.86694978943344658, 13.86694978942360734 ) ) ;
#494 = CARTESIAN_POINT ( 'NONE',  ( 0.000000000000000000, -2.928932188134560466, 0.000000000000000000 ) ) ;
#495 = MECHANICAL_DESIGN_GEOMETRIC_PRESENTATION_REPRESENTATION (  '', ( #2171 ), #1980 ) ;
#496 = DIRECTION ( 'NONE',  ( -0.000000000000000000, -1.000000000000000000, -0.000000000000000000 ) ) ;
#497 = VERTEX_POINT ( 'NONE', #686 ) ;
#498 = CIRCLE ( 'NONE', #578, 5.999999999999998224 ) ;
#499 = CARTESIAN_POINT ( 'NONE',  ( -26.65548377519268897, -26.65548377519250778, 51.54082322911640546 ) ) ;
#500 = CARTESIAN_POINT ( 'NONE',  ( 53.19664370976527579, -4.309989508140819048, 17.32900618949246407 ) ) ;
#501 = ORIENTED_EDGE ( 'NONE', *, *, #2068, .T. ) ;
#502 = CARTESIAN_POINT ( 'NONE',  ( 49.37931082890885648, -40.08521590475698559, -40.08521590475682927 ) ) ;
#503 = AXIS2_PLACEMENT_3D ( 'NONE', #1849, #345, #174 ) ;
#504 = CARTESIAN_POINT ( 'NONE',  ( -49.15958877646526304, -40.64246182869744217, 40.64246182869728585 ) ) ;
#505 = FACE_OUTER_BOUND ( 'NONE', #60, .T. ) ;
#506 = EDGE_CURVE ( 'NONE', #1821, #2195, #1436, .T. ) ;
#507 = DIRECTION ( 'NONE',  ( 0.000000000000000000, 1.000000000000000000, 0.000000000000000000 ) ) ;
#508 = CARTESIAN_POINT ( 'NONE',  ( -53.90077724088137501, -28.81022636965761663, 43.48499067072536661 ) ) ;
#509 = CARTESIAN_POINT ( 'NONE',  ( -48.45568038987563853, -39.97039901564961184, -48.45568038988817960 ) ) ;
#510 = ORIENTED_EDGE ( 'NONE', *, *, #1544, .T. ) ;
#511 = CARTESIAN_POINT ( 'NONE',  ( 0.000000000000000000, 2.000000000000000000, 0.000000000000000000 ) ) ;
#512 = DIRECTION ( 'NONE',  ( 0.000000000000000000, 1.000000000000000000, 0.000000000000000000 ) ) ;
#513 = ORIENTED_EDGE ( 'NONE', *, *, #49, .F. ) ;
#514 = FACE_OUTER_BOUND ( 'NONE', #749, .T. ) ;
#515 =( BOUNDED_SURFACE ( )  B_SPLINE_SURFACE ( 3, 2, ( 
 ( #1362, #577, #1171 ),
 ( #406, #2055, #979 ),
 ( #1923, #393, #233 ),
 ( #42, #1702, #244 ) ),
 .UNSPECIFIED., .F., .F., .F. ) 
 B_SPLINE_SURFACE_WITH_KNOTS ( ( 4, 4 ),
 ( 3, 3 ),
 ( 0.02197228569937694637, 0.02202368522100180831 ),
 ( 0.000000000000000000, 0.4919781772287911692 ),
 .UNSPECIFIED. ) 
 GEOMETRIC_REPRESENTATION_ITEM ( )  RATIONAL_B_SPLINE_SURFACE ( (
 ( 1.000000000000000000, 0.6718400986736554614, 0.6665752175355408315),
 ( 1.000000000000000000, 0.6723002118173874164, 0.6670427125714601946),
 ( 1.000000000000000000, 0.6727606801752454846, 0.6675105685204352213),
 ( 1.000000000000000000, 0.6732214222930084091, 0.6679787026214221157) ) ) 
 REPRESENTATION_ITEM ( '' )  SURFACE ( )  );
#516 = CIRCLE ( 'NONE', #1066, 27.76753207067068274 ) ;
#517 = CARTESIAN_POINT ( 'NONE',  ( 54.03275483169409910, -41.85786437626945400, -47.10907348779259252 ) ) ;
#518 = DIRECTION ( 'NONE',  ( 0.000000000000000000, 1.000000000000000000, 0.000000000000000000 ) ) ;
#519 = CARTESIAN_POINT ( 'NONE',  ( -50.65396592356938754, -39.24423010468030526, 55.37030828957560402 ) ) ;
#520 = DIRECTION ( 'NONE',  ( 0.000000000000000000, 0.000000000000000000, 1.000000000000000000 ) ) ;
#521 = EDGE_CURVE ( 'NONE', #286, #2149, #677, .T. ) ;
#522 = PLANE ( 'NONE',  #1356 ) ;
#523 = ADVANCED_FACE ( 'NONE', ( #930 ), #698, .F. ) ;
#524 = CARTESIAN_POINT ( 'NONE',  ( 52.19294185384516993, -37.10893674420857735, -52.17673132822136495 ) ) ;
#525 = EDGE_LOOP ( 'NONE', ( #1257, #412, #1467, #1830, #1931, #342, #1428 ) ) ;
#526 = CARTESIAN_POINT ( 'NONE',  ( -74.99999999999998579, 0.000000000000000000, 0.000000000000000000 ) ) ;
#527 = FACE_OUTER_BOUND ( 'NONE', #1928, .T. ) ;
#528 = ORIENTED_EDGE ( 'NONE', *, *, #2273, .F. ) ;
#529 = DIRECTION ( 'NONE',  ( 1.000000000000000000, 0.000000000000000000, 0.000000000000000000 ) ) ;
#530 = CARTESIAN_POINT ( 'NONE',  ( -52.19628980900967008, -37.13920097471984150, -52.19628980902315618 ) ) ;
#531 = CARTESIAN_POINT ( 'NONE',  ( -47.75342591370447565, -41.91943284554141513, 54.08703959096003189 ) ) ;
#532 = CARTESIAN_POINT ( 'NONE',  ( 52.19628980900854742, -37.13920097470981574, 52.19628980901668314 ) ) ;
#533 = CARTESIAN_POINT ( 'NONE',  ( -1.938942731151809484, -1.938942731151721555, 24.85086701972781853 ) ) ;
#534 = CONICAL_SURFACE ( 'NONE', #2211, 26.07106781186551103, 0.7853981633974432830 ) ;
#535 = ADVANCED_BREP_SHAPE_REPRESENTATION ( 'Stand', ( #240, #447 ), #2012 ) ;
#536 = CARTESIAN_POINT ( 'NONE',  ( -1.558517315730366495E-13, 0.9731580557275189003, 46.79558332358224959 ) ) ;
#537 = ORIENTED_EDGE ( 'NONE', *, *, #1568, .F. ) ;
#538 = CARTESIAN_POINT ( 'NONE',  ( 52.74081398228074846, -34.99708742493923808, -49.98959203285799902 ) ) ;
#539 = CARTESIAN_POINT ( 'NONE',  ( -47.75816595311507484, -41.85786437626945400, -54.10879007258218820 ) ) ;
#540 = ORIENTED_EDGE ( 'NONE', *, *, #1567, .T. ) ;
#541 = CARTESIAN_POINT ( 'NONE',  ( 62.88817789686096660, -22.87269661394710951, -22.87269661392546993 ) ) ;
#542 = CARTESIAN_POINT ( 'NONE',  ( -65.24644148668880916, -46.05360288297963933, 46.05360288297946880 ) ) ;
#543 = DIRECTION ( 'NONE',  ( 0.000000000000000000, 1.000000000000000000, 0.000000000000000000 ) ) ;
#544 = CARTESIAN_POINT ( 'NONE',  ( 0.000000000000000000, 0.000000000000000000, 0.000000000000000000 ) ) ;
#545 = CARTESIAN_POINT ( 'NONE',  ( -0.2870486971727915226, -0.2870486971727160275, 21.40162778172362934 ) ) ;
#546 = ADVANCED_FACE ( 'NONE', ( #5 ), #453, .T. ) ;
#547 = CARTESIAN_POINT ( 'NONE',  ( -42.07293586212756509, -41.85786437626947531, -50.31407977848415669 ) ) ;
#548 = EDGE_LOOP ( 'NONE', ( #1384, #1973, #1589 ) ) ;
#549 = CIRCLE ( 'NONE', #1796, 10.00000000000000178 ) ;
#550 = CARTESIAN_POINT ( 'NONE',  ( 9.488401050447711427, -9.488401050494637445, 58.65128814938261570 ) ) ;
#551 = ORIENTED_EDGE ( 'NONE', *, *, #2153, .F. ) ;
#552 = CARTESIAN_POINT ( 'NONE',  ( 0.000000000000000000, 0.000000000000000000, 19.00000000000000000 ) ) ;
#553 = CARTESIAN_POINT ( 'NONE',  ( 25.90602117439494378, -2.928932188134561354, -2.928932188134549808 ) ) ;
#554 = CARTESIAN_POINT ( 'NONE',  ( -41.80712675969587622, 4.495674806679717861, -4.495674806679708979 ) ) ;
#555 = CARTESIAN_POINT ( 'NONE',  ( 17.32900618949301119, -4.309989508140811054, -53.19664370976506973 ) ) ;
#556 = CARTESIAN_POINT ( 'NONE',  ( -52.13741310645475835, -37.04845886313572123, -52.18562007262446656 ) ) ;
#557 = DIRECTION ( 'NONE',  ( -0.7071067811865475727, 0.7071067811865475727, -2.457898035248812964E-15 ) ) ;
#558 = CARTESIAN_POINT ( 'NONE',  ( 0.000000000000000000, 52.00000000000000711, 19.00000000000000000 ) ) ;
#559 = ORIENTED_EDGE ( 'NONE', *, *, #1708, .F. ) ;
#560 = CARTESIAN_POINT ( 'NONE',  ( 52.18939763305704815, -37.07878164741755000, -52.15716622317909668 ) ) ;
#561 = B_SPLINE_CURVE_WITH_KNOTS ( 'NONE', 3,
 ( #1657, #897, #190, #1502, #1646, #933, #1072, #2392, #1670, #1680, #2205, #2406, #1491, #729, #1851, #373 ),
 .UNSPECIFIED., .F., .F.,
 ( 4, 2, 2, 2, 2, 2, 2, 4 ),
 ( 2.951234432125931539E-07, 0.002087854995204656196, 0.003131634931085377962, 0.004175414866966099293, 0.005219194802846821059, 0.006262974738727542824, 0.007306754674608264589, 0.008350534610488987222 ),
 .UNSPECIFIED. ) ;
#562 = B_SPLINE_CURVE_WITH_KNOTS ( 'NONE', 3,
 ( #211, #1724, #55, #797, #1546, #2285, #2108, #432, #65, #810, #1560, #2142, #638, #1749, #1005, #1945, #2307, #1015 ),
 .UNSPECIFIED., .F., .F.,
 ( 4, 2, 2, 2, 2, 2, 2, 2, 4 ),
 ( 0.000000000000000000, 0.009067684199875421236, 0.01360152629981312838, 0.01813536839975083553, 0.03627073679950164331, 0.05440610519925246497, 0.05893994729919016518, 0.06347378939912785845, 0.07254147359900327274 ),
 .UNSPECIFIED. ) ;
#563 = CARTESIAN_POINT ( 'NONE',  ( 47.01630309732630053, 1.174707851197305919, -1.098265633922320308E-14 ) ) ;
#564 = ORIENTED_EDGE ( 'NONE', *, *, #308, .T. ) ;
#565 = CARTESIAN_POINT ( 'NONE',  ( 25.90602117439494378, -2.928932188134560022, 2.928932188134560466 ) ) ;
#566 = CARTESIAN_POINT ( 'NONE',  ( -53.29297346572993632, -32.95692780840508362, 47.85350992887982358 ) ) ;
#567 = CARTESIAN_POINT ( 'NONE',  ( -2.514090881280819811, -2.514090881281096479, -25.51431399875160722 ) ) ;
#568 = PLANE ( 'NONE',  #2134 ) ;
#569 = B_SPLINE_CURVE_WITH_KNOTS ( 'NONE', 3,
 ( #484, #1765, #1416, #644 ),
 .UNSPECIFIED., .F., .F.,
 ( 4, 4 ),
 ( 0.000000000000000000, 0.0001877648850313377263 ),
 .UNSPECIFIED. ) ;
#570 = CARTESIAN_POINT ( 'NONE',  ( -7.254857521009648092E-14, 8.655095731745522158, 48.32637481935294232 ) ) ;
#571 = ORIENTED_EDGE ( 'NONE', *, *, #978, .T. ) ;
#572 = CARTESIAN_POINT ( 'NONE',  ( 54.07818680505087627, -41.95314697330955767, -47.77894398366188966 ) ) ;
#573 = CARTESIAN_POINT ( 'NONE',  ( 46.05360288297927696, -46.05360288297967486, 65.24644148668897969 ) ) ;
#574 = ORIENTED_EDGE ( 'NONE', *, *, #1974, .F. ) ;
#575 = CARTESIAN_POINT ( 'NONE',  ( 23.55583077251660029, -1.105308690547919692, 1.105308690547920580 ) ) ;
#576 = TOROIDAL_SURFACE ( 'NONE', #923, 19.00000000000000000, 10.00000000000000178 ) ;
#577 = CARTESIAN_POINT ( 'NONE',  ( 50.65396592356979966, -39.24423010468031947, -55.37030828957522743 ) ) ;
#578 = AXIS2_PLACEMENT_3D ( 'NONE', #1707, #1507, #2411 ) ;
#579 = CARTESIAN_POINT ( 'NONE',  ( -0.5819097832791519931, -0.5819097832793894698, -22.37094870727469953 ) ) ;
#580 = CARTESIAN_POINT ( 'NONE',  ( 27.48998628771030894, -27.48998628768982755, -63.82073293591800223 ) ) ;
#581 = CARTESIAN_POINT ( 'NONE',  ( 0.000000000000000000, -10.00000000000000000, 0.000000000000000000 ) ) ;
#582 = CARTESIAN_POINT ( 'NONE',  ( 25.71773251353732093, -2.718156047402135567, -2.718156047402125353 ) ) ;
#583 = ORIENTED_EDGE ( 'NONE', *, *, #114, .T. ) ;
#584 = CARTESIAN_POINT ( 'NONE',  ( 1.938942731151981125, -1.938942731151719112, -24.85086701972780432 ) ) ;
#585 = CARTESIAN_POINT ( 'NONE',  ( 44.36809184592851807, -41.85786437626945400, 53.00724301853203713 ) ) ;
#586 = VERTEX_POINT ( 'NONE', #530 ) ;
#587 = CARTESIAN_POINT ( 'NONE',  ( -40.64246182869757718, -40.64246182869739954, 49.15958877646497172 ) ) ;
#588 = CARTESIAN_POINT ( 'NONE',  ( -1.553758425763460377E-13, 11.37092468211881702, 47.20721289669467780 ) ) ;
#589 = EDGE_CURVE ( 'NONE', #2186, #1498, #2065, .T. ) ;
#590 = B_SPLINE_CURVE_WITH_KNOTS ( 'NONE', 3,
 ( #1357, #2257, #974, #1919, #621, #1540, #585, #1154, #1719, #2101, #2278, #1383, #607, #1178, #1191, #82 ),
 .UNSPECIFIED., .F., .F.,
 ( 4, 2, 2, 2, 2, 2, 2, 4 ),
 ( 0.0004772742046857012476, 0.002426378046747364528, 0.003400929967778193105, 0.004375481888809020815, 0.005350033809839849393, 0.006324585730870677970, 0.007299137651901505680, 0.008273689572932334257 ),
 .UNSPECIFIED. ) ;
#591 = CARTESIAN_POINT ( 'NONE',  ( 0.000000000000000000, -37.04845886313570702, 0.000000000000000000 ) ) ;
#592 = CARTESIAN_POINT ( 'NONE',  ( 47.85350992886063182, -32.95692780843837966, -53.29297346577504868 ) ) ;
#593 = CARTESIAN_POINT ( 'NONE',  ( 24.36212684654159943, -1.586070555745453081, -1.586070555745446420 ) ) ;
#594 = ORIENTED_EDGE ( 'NONE', *, *, #1593, .T. ) ;
#595 = CARTESIAN_POINT ( 'NONE',  ( 2.928932188134830916, -2.928932188134559134, -25.90602117439491536 ) ) ;
#596 = CARTESIAN_POINT ( 'NONE',  ( -20.97330929323116067, -7.676508426016780184, -53.84572127731143354 ) ) ;
#597 = ORIENTED_EDGE ( 'NONE', *, *, #1736, .F. ) ;
#598 = DIRECTION ( 'NONE',  ( -0.1562178638170296785, 0.6984253643104766374, 0.6984253643104766374 ) ) ;
#599 = CARTESIAN_POINT ( 'NONE',  ( 65.00000000000000000, -41.85786437626945400, 0.000000000000000000 ) ) ;
#600 = ADVANCED_FACE ( 'NONE', ( #1664 ), #1488, .F. ) ;
#601 = CARTESIAN_POINT ( 'NONE',  ( 47.82127526705272658, -41.85786437626945400, -54.11618275104171261 ) ) ;
#602 = CARTESIAN_POINT ( 'NONE',  ( 34.47712042696300472, -20.28868811036893405, -54.73484819581847205 ) ) ;
#603 = DIRECTION ( 'NONE',  ( -0.7071067811865481278, -0.7071067811865469066, 0.000000000000000000 ) ) ;
#604 = EDGE_LOOP ( 'NONE', ( #1874, #1405, #583, #2121 ) ) ;
#605 = CARTESIAN_POINT ( 'NONE',  ( 0.2870486971729425130, -0.2870486971727175818, -21.40162778172362934 ) ) ;
#606 =( BOUNDED_SURFACE ( )  B_SPLINE_SURFACE ( 3, 2, ( 
 ( #715, #519, #2405 ),
 ( #752, #2379, #531 ),
 ( #372, #896, #175 ),
 ( #1098, #741, #1462 ) ),
 .UNSPECIFIED., .F., .F., .F. ) 
 B_SPLINE_SURFACE_WITH_KNOTS ( ( 4, 4 ),
 ( 3, 3 ),
 ( 0.02197228569937694637, 0.02202368522101132847 ),
 ( 0.000000000000000000, 0.4919781772287912247 ),
 .UNSPECIFIED. ) 
 GEOMETRIC_REPRESENTATION_ITEM ( )  RATIONAL_B_SPLINE_SURFACE ( (
 ( 1.000000000000000000, 0.6718400986736555724, 0.6665752175355409426),
 ( 1.000000000000000000, 0.6723002118174726816, 0.6670427125715469030),
 ( 1.000000000000000000, 0.6727606801754146826, 0.6675105685206073058),
 ( 1.000000000000000000, 0.6732214222932639824, 0.6679787026216817969) ) ) 
 REPRESENTATION_ITEM ( '' )  SURFACE ( )  );
#607 = CARTESIAN_POINT ( 'NONE',  ( 42.32960571923030813, -41.85786437626946110, 50.91375495834581955 ) ) ;
#608 = EDGE_LOOP ( 'NONE', ( #812, #415, #1328, #1266, #915, #1180, #98 ) ) ;
#609 = DIRECTION ( 'NONE',  ( 0.000000000000000000, 1.000000000000000000, 0.000000000000000000 ) ) ;
#610 = AXIS2_PLACEMENT_3D ( 'NONE', #1363, #778, #1524 ) ;
#611 = AXIS2_PLACEMENT_3D ( 'NONE', #1951, #1048, #121 ) ;
#612 = DIRECTION ( 'NONE',  ( 0.000000000000000000, 1.000000000000000000, 0.000000000000000000 ) ) ;
#613 = DIRECTION ( 'NONE',  ( -0.000000000000000000, -1.000000000000000000, -0.000000000000000000 ) ) ;
#614 = CARTESIAN_POINT ( 'NONE',  ( 0.000000000000000000, 52.00000000000000711, 0.000000000000000000 ) ) ;
#615 = CARTESIAN_POINT ( 'NONE',  ( 50.70635638319961203, -39.32823598116075203, 55.35624551137620131 ) ) ;
#616 = ORIENTED_EDGE ( 'NONE', *, *, #1451, .F. ) ;
#617 = CARTESIAN_POINT ( 'NONE',  ( -10.78394394323024663, 1.667954742828969605, -51.42072225564359655 ) ) ;
#618 = AXIS2_PLACEMENT_3D ( 'NONE', #101, #820, #664 ) ;
#619 = EDGE_CURVE ( 'NONE', #1964, #2223, #1050, .T. ) ;
#620 = B_SPLINE_CURVE_WITH_KNOTS ( 'NONE', 3,
 ( #532, #909, #1450, #165 ),
 .UNSPECIFIED., .F., .F.,
 ( 4, 4 ),
 ( 0.005522964421753473289, 0.005631206410936991612 ),
 .UNSPECIFIED. ) ;
#621 = CARTESIAN_POINT ( 'NONE',  ( 45.23956148066810812, -41.85786437626945400, 53.45544577645754458 ) ) ;
#622 = VERTEX_POINT ( 'NONE', #2067 ) ;
#623 = CARTESIAN_POINT ( 'NONE',  ( 53.94166460365839555, -8.319867070395533304, -21.66706243768503626 ) ) ;
#624 = ADVANCED_FACE ( 'NONE', ( #2282 ), #957, .F. ) ;
#625 = CARTESIAN_POINT ( 'NONE',  ( -19.00000000000000000, 0.000000000000000000, -8.673617379884035472E-16 ) ) ;
#626 = DIRECTION ( 'NONE',  ( 0.000000000000000000, 0.000000000000000000, 1.000000000000000000 ) ) ;
#627 = CARTESIAN_POINT ( 'NONE',  ( 0.000000000000000000, -41.85786437626945400, 0.000000000000000000 ) ) ;
#628 = CARTESIAN_POINT ( 'NONE',  ( 27.41697210537116192, -27.41697210537063256, -50.28220041540728857 ) ) ;
#629 = CARTESIAN_POINT ( 'NONE',  ( 50.73210104666321030, -39.36982191838244205, 55.34879428096387244 ) ) ;
#630 = ORIENTED_EDGE ( 'NONE', *, *, #968, .T. ) ;
#631 = CARTESIAN_POINT ( 'NONE',  ( -2.125885034181609790, 9.481936902471156614, -48.24341192835502312 ) ) ;
#632 = AXIS2_PLACEMENT_3D ( 'NONE', #2224, #1811, #929 ) ;
#633 = CARTESIAN_POINT ( 'NONE',  ( -16.52408025594642638, -3.569430482699051499, -53.02693798199913289 ) ) ;
#634 = VERTEX_POINT ( 'NONE', #53 ) ;
#635 = CARTESIAN_POINT ( 'NONE',  ( -52.13741310645564653, -37.04845886313572123, 52.18562007262357128 ) ) ;
#636 = SPHERICAL_SURFACE ( 'NONE', #1572, 6.000000000000000000 ) ;
#637 = CARTESIAN_POINT ( 'NONE',  ( 6.693646581991194999, 6.693646581991368194, 49.73331977894194011 ) ) ;
#638 = CARTESIAN_POINT ( 'NONE',  ( -10.79952539756607877, 1.653773638790282385, 51.42540241338083717 ) ) ;
#639 = AXIS2_PLACEMENT_3D ( 'NONE', #1014, #479, #1558 ) ;
#640 = CARTESIAN_POINT ( 'NONE',  ( 54.10879007258167661, -41.85786437626945400, -47.75816595311565749 ) ) ;
#641 = CARTESIAN_POINT ( 'NONE',  ( -60.26812964601975864, -13.86694978943344658, -13.86694978942360734 ) ) ;
#642 = B_SPLINE_CURVE_WITH_KNOTS ( 'NONE', 3,
 ( #2155, #1126, #335, #920 ),
 .UNSPECIFIED., .F., .F.,
 ( 4, 4 ),
 ( 0.000000000000000000, 0.0001878153343048647459 ),
 .UNSPECIFIED. ) ;
#643 = CARTESIAN_POINT ( 'NONE',  ( 34.74467359338112971, -20.54094707205646131, 54.72284875697187800 ) ) ;
#644 = CARTESIAN_POINT ( 'NONE',  ( 54.12834010212782943, -41.85786437626945400, 47.94734359065837026 ) ) ;
#645 = ORIENTED_EDGE ( 'NONE', *, *, #506, .T. ) ;
#646 = DIRECTION ( 'NONE',  ( 0.000000000000000000, 0.000000000000000000, 1.000000000000000000 ) ) ;
#647 = B_SPLINE_CURVE_WITH_KNOTS ( 'NONE', 3,
 ( #18, #420, #385, #992, #1158, #1172, #980, #2106, #788, #2271, #2083, #1319, #1331, #764, #1890, #809, #1723, #958, #1703, #394, #431, #2069, #1136, #54 ),
 .UNSPECIFIED., .F., .F.,
 ( 4, 2, 2, 2, 2, 2, 2, 2, 2, 2, 2, 4 ),
 ( -1.597728060969652681E-05, 0.001753128829766318437, 0.003522234940142333296, 0.005291341050518352275, 0.007060447160894369953, 0.008829553271270386763, 0.009714106326458393434, 0.01059865938164639837, 0.01148321243683440157, 0.01236776549202240477, 0.01325231854721041144, 0.01413687160239841291 ),
 .UNSPECIFIED. ) ;
#648 = DIRECTION ( 'NONE',  ( 1.000000000000000000, -7.744301232039322228E-18, -7.744301232039348421E-18 ) ) ;
#649 = ADVANCED_FACE ( 'NONE', ( #1184 ), #515, .T. ) ;
#650 = CARTESIAN_POINT ( 'NONE',  ( -46.06415059405459544, 0.4751155575277322130, 2.998772790740910296E-15 ) ) ;
#651 = CARTESIAN_POINT ( 'NONE',  ( 18.13971302679772890, -18.13971302679792430, 37.13057569238385724 ) ) ;
#652 = CARTESIAN_POINT ( 'NONE',  ( -54.73484819582908045, -20.28868811037606079, -34.47712042695485479 ) ) ;
#653 = PLANE ( 'NONE',  #261 ) ;
#654 = CARTESIAN_POINT ( 'NONE',  ( -46.47391007016128128, -41.85786437626944689, -53.89583786218965145 ) ) ;
#655 = CARTESIAN_POINT ( 'NONE',  ( -44.07023400875459629, 0.000000000000000000, -4.790588497453791174E-16 ) ) ;
#656 = ORIENTED_EDGE ( 'NONE', *, *, #1090, .F. ) ;
#657 = CARTESIAN_POINT ( 'NONE',  ( 50.73022910418833220, 3.644592990156453105, -8.607542237928432982 ) ) ;
#658 = ADVANCED_FACE ( 'NONE', ( #2247 ), #763, .F. ) ;
#659 = VERTEX_POINT ( 'NONE', #2104 ) ;
#660 = DIRECTION ( 'NONE',  ( 1.000000000000000000, -7.744301232039322228E-18, -7.744301232039348421E-18 ) ) ;
#661 = ADVANCED_FACE ( 'NONE', ( #776 ), #1364, .F. ) ;
#662 = CARTESIAN_POINT ( 'NONE',  ( 41.48409509168108400, -41.46020538473854344, -49.52361354189756071 ) ) ;
#663 = CIRCLE ( 'NONE', #2334, 5.695390637386027244 ) ;
#664 = DIRECTION ( 'NONE',  ( 0.000000000000000000, 0.000000000000000000, 1.000000000000000000 ) ) ;
#665 = CARTESIAN_POINT ( 'NONE',  ( 40.64246182869710111, -40.64246182869743507, 49.15958877646541225 ) ) ;
#666 = CARTESIAN_POINT ( 'NONE',  ( -49.02774490863105683, 8.094452514044776947, -3.690211918103899258 ) ) ;
#667 = CARTESIAN_POINT ( 'NONE',  ( -47.10907348779193171, -41.85786437626945400, -54.03275483169456805 ) ) ;
#668 = FACE_OUTER_BOUND ( 'NONE', #1659, .T. ) ;
#669 = ORIENTED_EDGE ( 'NONE', *, *, #861, .T. ) ;
#670 = CARTESIAN_POINT ( 'NONE',  ( 15.00769046467751444, -15.00769046467714318, -35.14012576694364753 ) ) ;
#671 = CARTESIAN_POINT ( 'NONE',  ( 51.42540241338088691, 1.653773638790263512, 10.79952539756592245 ) ) ;
#672 = ORIENTED_EDGE ( 'NONE', *, *, #1033, .F. ) ;
#673 = CARTESIAN_POINT ( 'NONE',  ( -51.74257167191327511, 0.6621522475840226907, -11.88785520667874707 ) ) ;
#674 = LINE ( 'NONE', #490, #138 ) ;
#675 = DIRECTION ( 'NONE',  ( 0.000000000000000000, 0.000000000000000000, 1.000000000000000000 ) ) ;
#676 = B_SPLINE_CURVE_WITH_KNOTS ( 'NONE', 3,
 ( #1697, #2197, #1107, #938 ),
 .UNSPECIFIED., .F., .F.,
 ( 4, 4 ),
 ( 0.007661184392480787156, 0.009484863676225479753 ),
 .UNSPECIFIED. ) ;
#677 = B_SPLINE_CURVE_WITH_KNOTS ( 'NONE', 3,
 ( #2177, #1861, #2045, #1097, #714, #2010, #2022, #1123, #701, #1448, #2189, #2236, #331, #2216, #186, #320 ),
 .UNSPECIFIED., .F., .F.,
 ( 4, 2, 2, 2, 2, 2, 2, 4 ),
 ( 6.442679849559482742E-15, 0.0009774482615248080049, 0.001954896523043173247, 0.002932344784561538489, 0.003909793046079903731, 0.004887241307598268539, 0.005864689569116634214, 0.007819586092153385515 ),
 .UNSPECIFIED. ) ;
#678 = CARTESIAN_POINT ( 'NONE',  ( 48.45568038987831017, -41.85786437626945400, -48.45568038987774884 ) ) ;
#679 = CARTESIAN_POINT ( 'NONE',  ( -52.42874021086596770, 2.850191655721861839, 2.850191655700069937 ) ) ;
#680 = CARTESIAN_POINT ( 'NONE',  ( -48.45568038987794068, -41.85786437626945400, -48.45568038987869386 ) ) ;
#681 = DIRECTION ( 'NONE',  ( 0.000000000000000000, 0.000000000000000000, 1.000000000000000000 ) ) ;
#682 = ORIENTED_EDGE ( 'NONE', *, *, #41, .T. ) ;
#683 = CARTESIAN_POINT ( 'NONE',  ( -48.46415277037309011, -39.93410217101596515, 48.41938354525436239 ) ) ;
#684 = CARTESIAN_POINT ( 'NONE',  ( 48.69779255784389704, 5.167622222502303408, -4.124521120965046846E-14 ) ) ;
#685 = ORIENTED_EDGE ( 'NONE', *, *, #861, .F. ) ;
#686 = CARTESIAN_POINT ( 'NONE',  ( -41.92138050178469655, -41.85786437626945400, -49.67492180994938877 ) ) ;
#687 = DIRECTION ( 'NONE',  ( -5.229477707032679535E-15, 5.229477707032661392E-15, 1.000000000000000000 ) ) ;
#688 = CARTESIAN_POINT ( 'NONE',  ( -49.73331977894184774, 6.693646581991442801, 6.693646581991438360 ) ) ;
#689 = CIRCLE ( 'NONE', #1669, 5.999999999999998224 ) ;
#690 = DIRECTION ( 'NONE',  ( -0.000000000000000000, -1.000000000000000000, -0.000000000000000000 ) ) ;
#691 = CARTESIAN_POINT ( 'NONE',  ( -25.90602117439494378, -2.928932188134560022, -2.928932188134560466 ) ) ;
#692 = ORIENTED_EDGE ( 'NONE', *, *, #699, .F. ) ;
#693 = AXIS2_PLACEMENT_3D ( 'NONE', #1177, #1918, #239 ) ;
#694 = CARTESIAN_POINT ( 'NONE',  ( -46.02461357315250012, -34.13416408858277862, -34.13416408858277862 ) ) ;
#695 = CARTESIAN_POINT ( 'NONE',  ( 0.000000000000000000, 2.000000000000000000, 0.000000000000000000 ) ) ;
#696 = ORIENTED_EDGE ( 'NONE', *, *, #1342, .T. ) ;
#697 = DIRECTION ( 'NONE',  ( 0.1694254330208060377, 0.6968841448353206847, -0.6968841448353206847 ) ) ;
#698 = TOROIDAL_SURFACE ( 'NONE', #931, 19.00000000000000000, 10.00000000000000178 ) ;
#699 = EDGE_CURVE ( 'NONE', #1553, #1202, #1787, .T. ) ;
#700 = ADVANCED_FACE ( 'NONE', ( #1689 ), #2093, .T. ) ;
#701 = CARTESIAN_POINT ( 'NONE',  ( 43.82803810959975976, -41.85786437626945400, -52.64178190772541654 ) ) ;
#702 =( BOUNDED_SURFACE ( )  B_SPLINE_SURFACE ( 3, 2, ( 
 ( #2174, #894, #904 ),
 ( #1095, #1069, #502 ),
 ( #1642, #2375, #1472 ),
 ( #739, #2214, #2020 ),
 ( #2030, #541, #343 ),
 ( #1847, #916, #1663 ),
 ( #1486, #1910, #198 ),
 ( #1329, #1145, #2246 ),
 ( #1711, #1721, #1338 ),
 ( #1156, #243, #29 ) ),
 .UNSPECIFIED., .F., .F., .F. ) 
 B_SPLINE_SURFACE_WITH_KNOTS ( ( 4, 2, 2, 2, 4 ),
 ( 3, 3 ),
 ( 1.309405442755825488, 1.521172624221031278, 1.732939805686236845, 1.944706987151442634, 2.156474168616648424 ),
 ( 0.000000000000000000, 1.000000000000000000 ),
 .UNSPECIFIED. ) 
 GEOMETRIC_REPRESENTATION_ITEM ( )  RATIONAL_B_SPLINE_SURFACE ( (
 ( 1.000000000000000000, 0.3329787447589655502, 1.000000000000000000),
 ( 1.000000000000000000, 0.3500000725261797618, 1.000000000000000000),
 ( 1.000000000000000000, 0.3678726894534050107, 1.000000000000000000),
 ( 1.000000000000000000, 0.4053261631705341594, 1.000000000000000000),
 ( 1.000000000000000000, 0.4249119281898879330, 1.000000000000000000),
 ( 1.000000000000000000, 0.4657196719931864237, 1.000000000000000000),
 ( 1.000000000000000000, 0.4869484956513006613, 1.000000000000000000),
 ( 1.000000000000000000, 0.5307158790690681416, 1.000000000000000000),
 ( 1.000000000000000000, 0.5532537136063042649, 1.000000000000000000),
 ( 1.000000000000000000, 0.5760537520925824717, 1.000000000000000000) ) ) 
 REPRESENTATION_ITEM ( '' )  SURFACE ( )  );
#703 = CARTESIAN_POINT ( 'NONE',  ( 8.622566335822019923, 3.630977290505528199, -50.73525530006461537 ) ) ;
#704 = CARTESIAN_POINT ( 'NONE',  ( -50.70635638320418082, -39.32823598116937802, -55.35624551137530602 ) ) ;
#705 = CARTESIAN_POINT ( 'NONE',  ( 55.36342173643480180, -39.28637496152855846, 50.68031517153502108 ) ) ;
#706 = CARTESIAN_POINT ( 'NONE',  ( 51.54082322911649783, -26.65548377519250423, -26.65548377519239764 ) ) ;
#707 = ORIENTED_EDGE ( 'NONE', *, *, #875, .F. ) ;
#708 = CARTESIAN_POINT ( 'NONE',  ( -12.53894532552288510, -12.53894532552270569, 49.77311357202900410 ) ) ;
#709 = B_SPLINE_CURVE_WITH_KNOTS ( 'NONE', 3,
 ( #862, #667, #654, #1404, #1415, #2156, #483, #2357, #1236, #1975, #300, #2241, #1480, #547, #376, #1868 ),
 .UNSPECIFIED., .F., .F.,
 ( 4, 2, 2, 2, 2, 2, 2, 4 ),
 ( 0.0004772742046857684139, 0.002426378046747426544, 0.003400929967778252086, 0.004375481888809077194, 0.005350033809839902302, 0.006324585730870728277, 0.007299137651901553385, 0.008273689572932379360 ),
 .UNSPECIFIED. ) ;
#710 = VERTEX_POINT ( 'NONE', #588 ) ;
#711 = CARTESIAN_POINT ( 'NONE',  ( 0.000000000000000000, 46.80940551313372566, 0.000000000000000000 ) ) ;
#712 = TOROIDAL_SURFACE ( 'NONE', #1688, 19.00000000000000000, 10.00000000000000178 ) ;
#713 = CARTESIAN_POINT ( 'NONE',  ( 53.45544577645750195, -41.85786437626945400, -45.23956148066854865 ) ) ;
#714 = CARTESIAN_POINT ( 'NONE',  ( 42.49460559244243996, -41.85786437626945400, -51.20377544527483593 ) ) ;
#715 = CARTESIAN_POINT ( 'NONE',  ( -52.13741310645566074, -37.04845886313574255, 52.18562007262357838 ) ) ;
#716 = CARTESIAN_POINT ( 'NONE',  ( 49.67492180994828033, -41.85786437626945400, -41.92138050178602526 ) ) ;
#717 = CARTESIAN_POINT ( 'NONE',  ( -1.586130609297457195, -1.586130609297371041, 24.36221681670456007 ) ) ;
#718 = CARTESIAN_POINT ( 'NONE',  ( -1.493170139609995335E-13, 2.354939084782569747, 47.90090634523743063 ) ) ;
#719 = EDGE_LOOP ( 'NONE', ( #913, #630, #1458, #1742, #1039 ) ) ;
#720 = CARTESIAN_POINT ( 'NONE',  ( -52.18939763305708368, -37.07878164742108851, 52.15716622318182516 ) ) ;
#721 = DIRECTION ( 'NONE',  ( 1.224646799147352961E-16, 0.000000000000000000, -1.000000000000000000 ) ) ;
#722 = ORIENTED_EDGE ( 'NONE', *, *, #194, .F. ) ;
#723 = CARTESIAN_POINT ( 'NONE',  ( 52.13741310645507099, -37.04845886313572123, 52.18562007262413971 ) ) ;
#724 = CARTESIAN_POINT ( 'NONE',  ( 51.73746934966454347, -41.85786437626946110, -42.87591801926454593 ) ) ;
#725 = CARTESIAN_POINT ( 'NONE',  ( -49.93087654877572845, -35.87742112645759818, 35.87742112645747028 ) ) ;
#726 = CARTESIAN_POINT ( 'NONE',  ( -23.55591379069888092, -1.105352250545642567, -1.105352250545643233 ) ) ;
#727 = EDGE_CURVE ( 'NONE', #1855, #2195, #1559, .T. ) ;
#728 = ADVANCED_FACE ( 'NONE', ( #419 ), #1760, .F. ) ;
#729 = CARTESIAN_POINT ( 'NONE',  ( -25.51431399875159300, -2.514090881281097811, 2.514090881281088041 ) ) ;
#730 = CARTESIAN_POINT ( 'NONE',  ( -45.23956148067037475, -41.85786437626946110, 53.45544577645784301 ) ) ;
#731 = TOROIDAL_SURFACE ( 'NONE', #610, 65.00000000000000000, 9.999999999999987566 ) ;
#732 = CARTESIAN_POINT ( 'NONE',  ( 44.07023400875459629, 0.000000000000000000, 4.790588497453791174E-16 ) ) ;
#733 = AXIS2_PLACEMENT_3D ( 'NONE', #832, #1399, #675 ) ;
#734 = ORIENTED_EDGE ( 'NONE', *, *, #1819, .T. ) ;
#735 = CARTESIAN_POINT ( 'NONE',  ( -52.19628980900825610, -37.13920097470533221, 52.19628980901360649 ) ) ;
#736 = CARTESIAN_POINT ( 'NONE',  ( 0.000000000000000000, -2.928932188134560466, 0.000000000000000000 ) ) ;
#737 = ADVANCED_FACE ( 'NONE', ( #1911 ), #712, .F. ) ;
#738 = VERTEX_POINT ( 'NONE', #1013 ) ;
#739 = CARTESIAN_POINT ( 'NONE',  ( 54.73484819581889127, -20.28868811036902287, -34.47712042696235102 ) ) ;
#740 = CARTESIAN_POINT ( 'NONE',  ( -47.99547338916405437, -10.69771447769236516, 10.69771447769231720 ) ) ;
#741 = CARTESIAN_POINT ( 'NONE',  ( -50.73210104666889464, -39.36982191839067724, 55.34879428096187581 ) ) ;
#742 = CARTESIAN_POINT ( 'NONE',  ( -54.28585298108843915, -41.38782187304644822, -48.45568038987871518 ) ) ;
#743 = CARTESIAN_POINT ( 'NONE',  ( -42.49460559244215574, -41.85786437626945400, 51.20377544527525515 ) ) ;
#744 = DIRECTION ( 'NONE',  ( -1.000000000000000000, 0.000000000000000000, 0.000000000000000000 ) ) ;
#745 = ORIENTED_EDGE ( 'NONE', *, *, #2248, .F. ) ;
#746 = CIRCLE ( 'NONE', #429, 65.00000000000000000 ) ;
#747 = CARTESIAN_POINT ( 'NONE',  ( 54.08703959096223457, -41.91943284553502025, -47.75342591369888368 ) ) ;
#748 = DIRECTION ( 'NONE',  ( 0.1694254330208060377, 0.6968841448353206847, -0.6968841448353206847 ) ) ;
#749 = EDGE_LOOP ( 'NONE', ( #1060, #2089, #1541, #259 ) ) ;
#750 = DIRECTION ( 'NONE',  ( 0.7071067811865475727, -0.7071067811865475727, 0.000000000000000000 ) ) ;
#751 = CARTESIAN_POINT ( 'NONE',  ( -48.46415277037308300, -44.17674285813524193, 44.17674285813507140 ) ) ;
#752 = CARTESIAN_POINT ( 'NONE',  ( -52.15716622318387152, -37.07878164742296434, 52.18939763305649393 ) ) ;
#753 = DIRECTION ( 'NONE',  ( -1.737996368189533756E-15, -1.737996368189527839E-15, 1.000000000000000000 ) ) ;
#754 = CARTESIAN_POINT ( 'NONE',  ( -1.419069972181412620, -1.419069972181326911, 24.10374470603312247 ) ) ;
#755 = CARTESIAN_POINT ( 'NONE',  ( 0.07401882803727752314, -0.07401882803734981253, 20.39559172964813882 ) ) ;
#756 = ORIENTED_EDGE ( 'NONE', *, *, #1061, .T. ) ;
#757 = CARTESIAN_POINT ( 'NONE',  ( -48.41938354525470345, -39.93410217101597226, 48.46415277037275615 ) ) ;
#758 = CIRCLE ( 'NONE', #405, 5.999999999999998224 ) ;
#759 = CARTESIAN_POINT ( 'NONE',  ( 47.85350992883370225, -32.95692780848171566, 53.29297346583539507 ) ) ;
#760 = ORIENTED_EDGE ( 'NONE', *, *, #234, .F. ) ;
#761 = CARTESIAN_POINT ( 'NONE',  ( -48.46415277037290537, -39.93410217101596515, -48.41938354525456134 ) ) ;
#762 = CIRCLE ( 'NONE', #1274, 65.00000000000000000 ) ;
#763 = PLANE ( 'NONE',  #2408 ) ;
#764 = CARTESIAN_POINT ( 'NONE',  ( 4.853537245433445793E-13, 1.851677006114475166, -47.58936998003117225 ) ) ;
#765 = B_SPLINE_CURVE_WITH_KNOTS ( 'NONE', 3,
 ( #2163, #466, #1956, #1410, #293, #1004, #819, #2343, #1218, #2316, #1387, #1944, #1043, #1398, #844, #1985, #1583, #89, #650, #279, #1758, #2129, #307, #1208 ),
 .UNSPECIFIED., .F., .F.,
 ( 4, 2, 2, 2, 2, 2, 2, 2, 2, 2, 2, 4 ),
 ( -1.597728060971507683E-05, 0.001753128829766299789, 0.003522234940142314648, 0.005291341050518328856, 0.007060447160894343932, 0.008829553271270359008, 0.009714106326458367413, 0.01059865938164637408, 0.01148321243683438249, 0.01236776549202238916, 0.01325231854721039756, 0.01413687160239840424 ),
 .UNSPECIFIED. ) ;
#766 = CARTESIAN_POINT ( 'NONE',  ( -52.19628980900967008, -37.13920097471984150, -52.19628980902315618 ) ) ;
#767 = CARTESIAN_POINT ( 'NONE',  ( 0.000000000000000000, -41.85786437626945400, 0.000000000000000000 ) ) ;
#768 = CARTESIAN_POINT ( 'NONE',  ( 22.37088389735021465, -0.5818865572594651425, -0.5818865572594621449 ) ) ;
#769 = ORIENTED_EDGE ( 'NONE', *, *, #1955, .T. ) ;
#770 = CARTESIAN_POINT ( 'NONE',  ( 0.5819097832796250591, -0.5819097832793898029, -22.37094870727468532 ) ) ;
#771 = ADVANCED_FACE ( 'NONE', ( #1217 ), #1592, .T. ) ;
#772 = CARTESIAN_POINT ( 'NONE',  ( 20.97330929323248938, -7.676508426020742348, 53.84572127731323832 ) ) ;
#773 = ORIENTED_EDGE ( 'NONE', *, *, #840, .F. ) ;
#774 = CARTESIAN_POINT ( 'NONE',  ( -2.928932188134651060, -2.928932188134560466, 25.90602117439493313 ) ) ;
#775 = CIRCLE ( 'NONE', #1477, 6.000000000000003553 ) ;
#776 = FACE_OUTER_BOUND ( 'NONE', #1064, .T. ) ;
#777 = ADVANCED_FACE ( 'NONE', ( #305 ), #2116, .T. ) ;
#778 = DIRECTION ( 'NONE',  ( 0.000000000000000000, 1.000000000000000000, 0.000000000000000000 ) ) ;
#779 = CARTESIAN_POINT ( 'NONE',  ( -52.18938612814223177, -37.07868929113067225, -52.15710605901603714 ) ) ;
#780 = CARTESIAN_POINT ( 'NONE',  ( 20.39556307850892125, -0.07401578982541202889, -0.07401578982541094642 ) ) ;
#781 = ORIENTED_EDGE ( 'NONE', *, *, #1019, .T. ) ;
#782 = DIRECTION ( 'NONE',  ( 0.6968841448353357837, -0.6968841448353375601, -0.1694254330206748649 ) ) ;
#783 =( BOUNDED_SURFACE ( )  B_SPLINE_SURFACE ( 3, 2, ( 
 ( #1618, #468, #1607 ),
 ( #1412, #117, #1059 ),
 ( #1596, #1046, #859 ),
 ( #821, #1987, #1775 ),
 ( #1209, #2164, #2131 ),
 ( #1946, #493, #1802 ),
 ( #1390, #1790, #2143 ),
 ( #869, #90, #1751 ),
 ( #79, #1233, #2355 ),
 ( #270, #2320, #1016 ) ),
 .UNSPECIFIED., .F., .F., .F. ) 
 B_SPLINE_SURFACE_WITH_KNOTS ( ( 4, 2, 2, 2, 4 ),
 ( 3, 3 ),
 ( 1.309405442755818605, 1.521172624221025504, 1.732939805686232182, 1.944706987151438859, 2.156474168616645759 ),
 ( 0.000000000000000000, 1.000000000000000000 ),
 .UNSPECIFIED. ) 
 GEOMETRIC_REPRESENTATION_ITEM ( )  RATIONAL_B_SPLINE_SURFACE ( (
 ( 1.000000000000000000, 0.3329787447589651062, 1.000000000000000000),
 ( 1.000000000000000000, 0.3500000725270516755, 1.000000000000000000),
 ( 1.000000000000000000, 0.3678726894522431623, 1.000000000000000000),
 ( 1.000000000000000000, 0.4053261631716981173, 1.000000000000000000),
 ( 1.000000000000000000, 0.4249119281907106083, 1.000000000000000000),
 ( 1.000000000000000000, 0.4657196719923609174, 1.000000000000000000),
 ( 1.000000000000000000, 0.4869484956503471462, 1.000000000000000000),
 ( 1.000000000000000000, 0.5307158790700212680, 1.000000000000000000),
 ( 1.000000000000000000, 0.5532537136055885041, 1.000000000000000000),
 ( 1.000000000000000000, 0.5760537520925819166, 1.000000000000000000) ) ) 
 REPRESENTATION_ITEM ( '' )  SURFACE ( )  );
#784 = CARTESIAN_POINT ( 'NONE',  ( -44.17674285813455981, -44.17674285813524193, -48.46415277037354485 ) ) ;
#785 = CARTESIAN_POINT ( 'NONE',  ( -52.18938160522072423, -37.07865298527755726, 52.15708240836017495 ) ) ;
#786 = ADVANCED_FACE ( 'NONE', ( #1372 ), #2342, .T. ) ;
#787 = DIRECTION ( 'NONE',  ( 0.000000000000000000, 1.000000000000000000, 0.000000000000000000 ) ) ;
#788 = CARTESIAN_POINT ( 'NONE',  ( 4.770885488943677051E-13, 5.167622222502302520, -48.69779255784389704 ) ) ;
#789 = ADVANCED_FACE ( 'NONE', ( #1757 ), #636, .T. ) ;
#790 = ORIENTED_EDGE ( 'NONE', *, *, #1696, .F. ) ;
#791 = CARTESIAN_POINT ( 'NONE',  ( -53.16896475184925208, -41.85786437626946821, 44.65101725690870182 ) ) ;
#792 = DIRECTION ( 'NONE',  ( 0.000000000000000000, 1.000000000000000000, 0.000000000000000000 ) ) ;
#793 = VERTEX_POINT ( 'NONE', #1040 ) ;
#794 = CARTESIAN_POINT ( 'NONE',  ( 22.37088389735021821, -0.5818865572594649205, 0.5818865572594661417 ) ) ;
#795 = CARTESIAN_POINT ( 'NONE',  ( 25.90602117439494378, -2.928932188134560022, 2.928932188134560466 ) ) ;
#796 = DIRECTION ( 'NONE',  ( 0.6968841448353022550, 0.6968841448353029211, 0.1694254330209551129 ) ) ;
#797 = CARTESIAN_POINT ( 'NONE',  ( -44.56085887486071329, -29.83156059003702154, 53.74460037477277297 ) ) ;
#798 = EDGE_CURVE ( 'NONE', #793, #1454, #1433, .T. ) ;
#799 = DIRECTION ( 'NONE',  ( 0.000000000000000000, 1.000000000000000000, 0.000000000000000000 ) ) ;
#800 = EDGE_LOOP ( 'NONE', ( #2053, #1228, #72, #1738, #2004 ) ) ;
#801 = CARTESIAN_POINT ( 'NONE',  ( 26.65548377519304424, -26.65548377519250778, -51.54082322911622782 ) ) ;
#802 = CARTESIAN_POINT ( 'NONE',  ( 6.693646581991897548, 6.693646581991412603, -49.73331977894174116 ) ) ;
#803 = ORIENTED_EDGE ( 'NONE', *, *, #2376, .F. ) ;
#804 = CARTESIAN_POINT ( 'NONE',  ( 49.15958877646512803, -40.64246182869739954, 40.64246182869739954 ) ) ;
#805 = AXIS2_PLACEMENT_3D ( 'NONE', #509, #274, #872 ) ;
#806 = CARTESIAN_POINT ( 'NONE',  ( 48.45568038987831017, -39.97039901563934450, -48.45568038987774884 ) ) ;
#807 = DIRECTION ( 'NONE',  ( 0.000000000000000000, 1.000000000000000000, 0.000000000000000000 ) ) ;
#808 = AXIS2_PLACEMENT_3D ( 'NONE', #11, #782, #1884 ) ;
#809 = CARTESIAN_POINT ( 'NONE',  ( 4.799205504123765492E-13, 1.174707851197307029, -47.01630309732630053 ) ) ;
#810 = CARTESIAN_POINT ( 'NONE',  ( -21.68028439505969018, -8.332144142800606446, 53.94332488116415192 ) ) ;
#811 = CARTESIAN_POINT ( 'NONE',  ( 52.17679047889396315, -37.10902827325330833, 52.19295197981266199 ) ) ;
#812 = ORIENTED_EDGE ( 'NONE', *, *, #1853, .T. ) ;
#813 = CARTESIAN_POINT ( 'NONE',  ( 0.000000000000000000, 46.80940551313372566, -27.76753207067068274 ) ) ;
#814 = AXIS2_PLACEMENT_3D ( 'NONE', #2080, #1157, #1901 ) ;
#815 = CARTESIAN_POINT ( 'NONE',  ( -41.56636715950985916, -41.56636715951071182, -65.30930716454804497 ) ) ;
#816 = ORIENTED_EDGE ( 'NONE', *, *, #1229, .F. ) ;
#817 = CARTESIAN_POINT ( 'NONE',  ( 2.928932188134830916, -2.928932188134559134, -25.90602117439491536 ) ) ;
#818 = DIRECTION ( 'NONE',  ( 0.7071067811865463515, 0.7071067811865486830, 0.000000000000000000 ) ) ;
#819 = CARTESIAN_POINT ( 'NONE',  ( -48.65933864398294162, 6.934959370121279498, 5.431565040264890311E-14 ) ) ;
#820 = DIRECTION ( 'NONE',  ( -0.000000000000000000, -1.000000000000000000, -0.000000000000000000 ) ) ;
#821 = CARTESIAN_POINT ( 'NONE',  ( 50.28220041540762253, -27.41697210537062190, 27.41697210537062901 ) ) ;
#822 = CARTESIAN_POINT ( 'NONE',  ( -49.35437332743600081, -41.05623212982345649, 41.05623212982330017 ) ) ;
#823 = CARTESIAN_POINT ( 'NONE',  ( -17.31340408808021536, -4.295620959661561322, -53.19348573943938163 ) ) ;
#824 = AXIS2_PLACEMENT_3D ( 'NONE', #711, #1432, #529 ) ;
#825 = CARTESIAN_POINT ( 'NONE',  ( -54.70684166243130164, -16.44247189003239029, 30.38269899322981260 ) ) ;
#826 = DIRECTION ( 'NONE',  ( -0.7071067811865462405, -0.7071067811865489050, -7.406550393246783804E-15 ) ) ;
#827 = ORIENTED_EDGE ( 'NONE', *, *, #829, .T. ) ;
#828 = CARTESIAN_POINT ( 'NONE',  ( 5.870222574542553140, -5.870222574542253824, -28.43653834442152473 ) ) ;
#829 = EDGE_CURVE ( 'NONE', #249, #388, #439, .T. ) ;
#830 = CARTESIAN_POINT ( 'NONE',  ( -40.89239011484587394, -24.48113118346825701, 24.48113118346816464 ) ) ;
#831 = CARTESIAN_POINT ( 'NONE',  ( -10.69771447768755301, -10.69771447768738248, 47.99547338916406147 ) ) ;
#832 = CARTESIAN_POINT ( 'NONE',  ( 0.000000000000000000, -41.85786437626945400, 0.000000000000000000 ) ) ;
#833 = CARTESIAN_POINT ( 'NONE',  ( 0.000000000000000000, -2.928932188134560466, 0.000000000000000000 ) ) ;
#834 = CARTESIAN_POINT ( 'NONE',  ( -48.45568038988474058, -39.97039901564600939, 48.45568038987635617 ) ) ;
#835 = CARTESIAN_POINT ( 'NONE',  ( 54.10879007258152740, -41.85786437626945400, 47.75816595311583512 ) ) ;
#836 = CARTESIAN_POINT ( 'NONE',  ( 11.87214911943306817, 0.6764764467889188282, 51.73811928762010126 ) ) ;
#837 = FILL_AREA_STYLE_COLOUR ( '', #1088 ) ;
#838 = ORIENTED_EDGE ( 'NONE', *, *, #216, .T. ) ;
#839 = CARTESIAN_POINT ( 'NONE',  ( 37.38009914628416652, -37.38009914628366914, -47.62381434203014408 ) ) ;
#840 = EDGE_CURVE ( 'NONE', #1780, #1431, #516, .T. ) ;
#841 = EDGE_LOOP ( 'NONE', ( #816, #1649, #304, #1312 ) ) ;
#842 = CARTESIAN_POINT ( 'NONE',  ( -54.28329764860032469, -25.69296928275922198, -40.19516226005942627 ) ) ;
#843 = AXIS2_PLACEMENT_3D ( 'NONE', #833, #1584, #1249 ) ;
#844 = CARTESIAN_POINT ( 'NONE',  ( -47.41134905250100218, 1.612008113040666935, 1.438496659049913571E-14 ) ) ;
#845 = CARTESIAN_POINT ( 'NONE',  ( -52.17670857501035186, -37.10890153654522550, -52.19293795902751043 ) ) ;
#846 = CARTESIAN_POINT ( 'NONE',  ( 4.386560765951013074, -4.386560765951124097, 27.20813692616463086 ) ) ;
#847 = ORIENTED_EDGE ( 'NONE', *, *, #1628, .F. ) ;
#848 = CARTESIAN_POINT ( 'NONE',  ( 10.78394394323059302, 1.667954742828977821, 51.42072225564350418 ) ) ;
#849 = CARTESIAN_POINT ( 'NONE',  ( 0.000000000000000000, -37.04845886313570702, -73.76753207067065432 ) ) ;
#850 = EDGE_LOOP ( 'NONE', ( #2183, #324, #2220, #91 ) ) ;
#851 = CARTESIAN_POINT ( 'NONE',  ( -41.05623212982467152, -41.05623212982447967, 49.35437332743621397 ) ) ;
#852 = CARTESIAN_POINT ( 'NONE',  ( 48.24505767885313645, 9.478936704165279892, 2.129261486241114998 ) ) ;
#853 = VERTEX_POINT ( 'NONE', #625 ) ;
#854 = CARTESIAN_POINT ( 'NONE',  ( -53.19664370976526158, -4.309989508140811942, -17.32900618949246052 ) ) ;
#855 =( BOUNDED_CURVE ( )  B_SPLINE_CURVE ( 3, ( #2370, #706, #1648, #732 ),
 .UNSPECIFIED., .F., .F. ) 
 B_SPLINE_CURVE_WITH_KNOTS ( ( 4, 4 ),
 ( 1.369927184783989782, 2.068988390492490836 ),
 .UNSPECIFIED. ) 
 CURVE ( )  GEOMETRIC_REPRESENTATION_ITEM ( )  RATIONAL_B_SPLINE_CURVE ( ( 1.000000000000000000, 0.9596890430705666830, 0.9596890430705666830, 1.000000000000000000 ) ) 
 REPRESENTATION_ITEM ( '' )  );
#856 = CARTESIAN_POINT ( 'NONE',  ( -20.97330929323111448, -7.676508426012805586, 53.84572127730916691 ) ) ;
#857 = AXIS2_PLACEMENT_3D ( 'NONE', #1930, #987, #107 ) ;
#858 = DIRECTION ( 'NONE',  ( -0.6968841448351708046, -0.6968841448351725809, 0.1694254330220315297 ) ) ;
#859 = CARTESIAN_POINT ( 'NONE',  ( 54.03151300359987630, -28.74913713145310723, 43.42901968459244699 ) ) ;
#860 = ORIENTED_EDGE ( 'NONE', *, *, #1138, .T. ) ;
#861 = EDGE_CURVE ( 'NONE', #1202, #157, #1665, .T. ) ;
#862 = CARTESIAN_POINT ( 'NONE',  ( -47.75816595311507484, -41.85786437626945400, -54.10879007258218820 ) ) ;
#863 = ORIENTED_EDGE ( 'NONE', *, *, #333, .T. ) ;
#864 = CARTESIAN_POINT ( 'NONE',  ( -53.00724301853303189, -41.85786437626945400, -44.36809184593098365 ) ) ;
#865 = DIRECTION ( 'NONE',  ( 0.000000000000000000, 0.000000000000000000, 1.000000000000000000 ) ) ;
#866 = ORIENTED_EDGE ( 'NONE', *, *, #1651, .F. ) ;
#867 = CARTESIAN_POINT ( 'NONE',  ( 0.000000000000000000, 46.80940551313372566, 0.000000000000000000 ) ) ;
#868 = CARTESIAN_POINT ( 'NONE',  ( -52.15708240836126208, -37.07865298528005127, -52.18938160522157688 ) ) ;
#869 = CARTESIAN_POINT ( 'NONE',  ( 45.40846830017932234, -2.812123984236139407, 2.812123984236142960 ) ) ;
#870 = ORIENTED_EDGE ( 'NONE', *, *, #1899, .F. ) ;
#871 = CARTESIAN_POINT ( 'NONE',  ( 43.48499067072516056, -28.81022636965759531, 53.90077724088150291 ) ) ;
#872 = DIRECTION ( 'NONE',  ( 0.000000000000000000, -0.7071067811865475727, 0.7071067811865475727 ) ) ;
#873 = ORIENTED_EDGE ( 'NONE', *, *, #400, .T. ) ;
#874 = CARTESIAN_POINT ( 'NONE',  ( -53.45544577645798512, -41.85786437626945400, -45.23956148067014738 ) ) ;
#875 = EDGE_CURVE ( 'NONE', #738, #1485, #1378, .T. ) ;
#876 = EDGE_CURVE ( 'NONE', #2265, #68, #1888, .T. ) ;
#877 = CARTESIAN_POINT ( 'NONE',  ( 40.64246182869790402, -40.64246182869739243, -49.15958877646468750 ) ) ;
#878 = VERTEX_POINT ( 'NONE', #356 ) ;
#879 = CARTESIAN_POINT ( 'NONE',  ( 27.20813692616460955, -4.386560765951124985, -4.386560765951107221 ) ) ;
#880 = CARTESIAN_POINT ( 'NONE',  ( 50.00145812334832840, -41.85786437626947531, -41.97863577826346670 ) ) ;
#881 = CARTESIAN_POINT ( 'NONE',  ( -58.65128814934032420, -9.488401050425808947, 9.488401050495824052 ) ) ;
#882 = CARTESIAN_POINT ( 'NONE',  ( -44.57346034464227813, -29.84353017242106887, -53.74264736310357193 ) ) ;
#883 = ADVANCED_FACE ( 'NONE', ( #370 ), #1305, .T. ) ;
#884 = EDGE_CURVE ( 'NONE', #2399, #1565, #1232, .T. ) ;
#885 = CARTESIAN_POINT ( 'NONE',  ( -47.75342591370381484, -41.91943284554248095, -54.08703959096094138 ) ) ;
#886 = CARTESIAN_POINT ( 'NONE',  ( -47.75816595311602697, -41.85786437626945400, 54.10879007258137108 ) ) ;
#887 = AXIS2_PLACEMENT_3D ( 'NONE', #1779, #1063, #2272 ) ;
#888 = DIRECTION ( 'NONE',  ( 1.737996368189533953E-15, 1.737996368189527445E-15, -1.000000000000000000 ) ) ;
#889 = ORIENTED_EDGE ( 'NONE', *, *, #1999, .F. ) ;
#890 = AXIS2_PLACEMENT_3D ( 'NONE', #2051, #963, #1718 ) ;
#891 = CARTESIAN_POINT ( 'NONE',  ( -40.89239011484580288, -24.48113118346822858, -24.48113118346822858 ) ) ;
#892 = CARTESIAN_POINT ( 'NONE',  ( 48.15794843001974357, 9.214942495744201878, -1.103939661271643805E-13 ) ) ;
#893 = ORIENTED_EDGE ( 'NONE', *, *, #2250, .T. ) ;
#894 = CARTESIAN_POINT ( 'NONE',  ( 65.24644148668885180, -46.05360288297968197, -46.05360288297949722 ) ) ;
#895 = CARTESIAN_POINT ( 'NONE',  ( -54.69959190441041841, -1.136539655979062591, 1.136539655914777347 ) ) ;
#896 = CARTESIAN_POINT ( 'NONE',  ( -50.70635638320325711, -39.32823598116693375, 55.35624551137545524 ) ) ;
#897 = CARTESIAN_POINT ( 'NONE',  ( -19.70734868314094257, 2.248872474960166611E-15, -3.117928278843078365E-15 ) ) ;
#898 = CARTESIAN_POINT ( 'NONE',  ( 52.19295197981348622, -37.10902827325703157, 52.17679047889598820 ) ) ;
#899 = DIRECTION ( 'NONE',  ( 0.000000000000000000, 0.000000000000000000, 1.000000000000000000 ) ) ;
#900 = EDGE_LOOP ( 'NONE', ( #889, #83, #1798, #996, #452, #2292 ) ) ;
#901 = CARTESIAN_POINT ( 'NONE',  ( -52.64178190772587129, -41.85786437626944689, -43.82803810959919133 ) ) ;
#902 = CARTESIAN_POINT ( 'NONE',  ( -0.9662655834950522049, 0.9662655834948938871, 43.76457135822952438 ) ) ;
#903 = EDGE_LOOP ( 'NONE', ( #2288, #2173, #1683 ) ) ;
#904 = CARTESIAN_POINT ( 'NONE',  ( 48.46415277037307590, -44.17674285813524904, -44.17674285813507140 ) ) ;
#905 = EDGE_CURVE ( 'NONE', #2258, #1920, #2352, .T. ) ;
#906 = CARTESIAN_POINT ( 'NONE',  ( -54.69974241821333294, -16.03627704372657092, 29.94986734861363686 ) ) ;
#907 = CARTESIAN_POINT ( 'NONE',  ( -20.39559172964815303, -0.07401882803735149174, -0.07401882803735229666 ) ) ;
#908 = PRODUCT ( 'Stand', 'Stand', '', ( #2044 ) ) ;
#909 = CARTESIAN_POINT ( 'NONE',  ( 52.19294185384622153, -37.10893674421900101, 52.17673132822830695 ) ) ;
#910 = DIRECTION ( 'NONE',  ( 0.000000000000000000, -0.7071067811865474617, -0.7071067811865474617 ) ) ;
#911 = EDGE_CURVE ( 'NONE', #2186, #2265, #1873, .T. ) ;
#912 = CARTESIAN_POINT ( 'NONE',  ( 0.3759753149344472467, -0.3759753149345254619, 21.73402968150024961 ) ) ;
#913 = ORIENTED_EDGE ( 'NONE', *, *, #339, .F. ) ;
#914 = CARTESIAN_POINT ( 'NONE',  ( -31.90555342968879415, -10.39755817907274960, -10.39755817907274782 ) ) ;
#915 = ORIENTED_EDGE ( 'NONE', *, *, #234, .T. ) ;
#916 = CARTESIAN_POINT ( 'NONE',  ( 60.26812964604162204, -13.86694978942132472, -13.86694978944096945 ) ) ;
#917 = CARTESIAN_POINT ( 'NONE',  ( -50.28220041540765806, -27.41697210537066098, 27.41697210537055795 ) ) ;
#918 = CARTESIAN_POINT ( 'NONE',  ( -25.08103038132933449, -2.124703946929507925, -2.124703946929508369 ) ) ;
#919 = CARTESIAN_POINT ( 'NONE',  ( 54.12834010212782943, -41.85786437626945400, 47.94734359065837026 ) ) ;
#920 = CARTESIAN_POINT ( 'NONE',  ( -54.12834010212707625, -41.85786437626945400, -47.94734359064992191 ) ) ;
#921 = CIRCLE ( 'NONE', #492, 5.999999999999998224 ) ;
#922 = CARTESIAN_POINT ( 'NONE',  ( 0.000000000000000000, 42.00000000000000000, 19.00000000000000000 ) ) ;
#923 = AXIS2_PLACEMENT_3D ( 'NONE', #581, #1588, #681 ) ;
#924 = VERTEX_POINT ( 'NONE', #2363 ) ;
#925 = CARTESIAN_POINT ( 'NONE',  ( 1.105352250545889259, -1.105352250545641901, -23.55591379069886671 ) ) ;
#926 = AXIS2_PLACEMENT_3D ( 'NONE', #683, #1429, #1623 ) ;
#927 = CARTESIAN_POINT ( 'NONE',  ( -6.693646581991563593, 6.693646581991410827, 49.73331977894179090 ) ) ;
#928 = EDGE_LOOP ( 'NONE', ( #1129, #2275, #2299, #2362 ) ) ;
#929 = DIRECTION ( 'NONE',  ( 0.000000000000000000, -0.000000000000000000, 1.000000000000000000 ) ) ;
#930 = FACE_OUTER_BOUND ( 'NONE', #218, .T. ) ;
#931 = AXIS2_PLACEMENT_3D ( 'NONE', #1644, #518, #1500 ) ;
#932 = CARTESIAN_POINT ( 'NONE',  ( -19.00000000000000000, 0.000000000000000000, -8.673617379884035472E-16 ) ) ;
#933 = CARTESIAN_POINT ( 'NONE',  ( -22.37094870727468532, -0.5819097832793898029, 0.5819097832793865832 ) ) ;
#934 = CARTESIAN_POINT ( 'NONE',  ( 55.35624551137541971, -39.32823598116563346, 50.70635638320237604 ) ) ;
#935 = CARTESIAN_POINT ( 'NONE',  ( -48.45568038988474058, -41.85786437626945400, 54.15107102726432942 ) ) ;
#936 = ORIENTED_EDGE ( 'NONE', *, *, #74, .T. ) ;
#937 = CARTESIAN_POINT ( 'NONE',  ( 55.37030828957595929, -39.24423010468027684, -50.65396592356901806 ) ) ;
#938 = CARTESIAN_POINT ( 'NONE',  ( 40.64246182869710111, -40.64246182869743507, 49.15958877646541225 ) ) ;
#939 = ORIENTED_EDGE ( 'NONE', *, *, #1359, .T. ) ;
#940 = EDGE_CURVE ( 'NONE', #1431, #1780, #2001, .T. ) ;
#941 = SPHERICAL_SURFACE ( 'NONE', #1264, 6.000000000000000000 ) ;
#942 = DIRECTION ( 'NONE',  ( 0.1562178638170296785, 0.6984253643104766374, -0.6984253643104766374 ) ) ;
#943 = AXIS2_PLACEMENT_3D ( 'NONE', #2200, #162, #150 ) ;
#944 = CARTESIAN_POINT ( 'NONE',  ( -40.08521590474880014, -40.08521590474861540, 49.37931082883357448 ) ) ;
#945 = CARTESIAN_POINT ( 'NONE',  ( 10.69771447768788519, -10.69771447768737893, -47.99547338916400463 ) ) ;
#946 = CARTESIAN_POINT ( 'NONE',  ( 49.67492180994153017, -41.85786437626945400, 41.92138050179401887 ) ) ;
#947 = CARTESIAN_POINT ( 'NONE',  ( 50.68031517153305998, -39.28637496152624919, 55.36342173643578235 ) ) ;
#948 = VERTEX_POINT ( 'NONE', #1822 ) ;
#949 = CARTESIAN_POINT ( 'NONE',  ( -50.91375495834638798, -41.85786437626946110, 42.32960571923086945 ) ) ;
#950 =( BOUNDED_CURVE ( )  B_SPLINE_CURVE ( 3, ( #1445, #2185, #1457, #2373 ),
 .UNSPECIFIED., .F., .T. ) 
 B_SPLINE_CURVE_WITH_KNOTS ( ( 4, 4 ),
 ( 1.369927184783989782, 2.068988390492490836 ),
 .UNSPECIFIED. ) 
 CURVE ( )  GEOMETRIC_REPRESENTATION_ITEM ( )  RATIONAL_B_SPLINE_CURVE ( ( 1.000000000000000000, 0.9596890430705666830, 0.9596890430705666830, 1.000000000000000000 ) ) 
 REPRESENTATION_ITEM ( '' )  );
#951 = VECTOR ( 'NONE', #1979, 999.9999999999998863 ) ;
#952 = CARTESIAN_POINT ( 'NONE',  ( 41.56636715952075178, -41.56636715950182293, 65.30930716466548347 ) ) ;
#953 = EDGE_LOOP ( 'NONE', ( #1370, #1977, #1591, #528 ) ) ;
#954 = ADVANCED_FACE ( 'NONE', ( #514 ), #1267, .T. ) ;
#955 = CARTESIAN_POINT ( 'NONE',  ( -34.13416408858295625, -34.13416408858277862, 46.02461357315237223 ) ) ;
#956 = ADVANCED_FACE ( 'NONE', ( #1109 ), #702, .T. ) ;
#957 = PLANE ( 'NONE',  #75 ) ;
#958 = CARTESIAN_POINT ( 'NONE',  ( 4.829184657456656271E-13, 0.6227616036602230398, -46.31813827718659127 ) ) ;
#959 = CARTESIAN_POINT ( 'NONE',  ( -0.9662655834955119483, 0.9662655834959724688, -43.76457135822186473 ) ) ;
#960 = AXIS2_PLACEMENT_3D ( 'NONE', #1024, #73, #1767 ) ;
#961 = CARTESIAN_POINT ( 'NONE',  ( 24.85077397790950116, -1.938870649390243006, -1.938870649390235679 ) ) ;
#962 = ORIENTED_EDGE ( 'NONE', *, *, #1627, .F. ) ;
#963 = DIRECTION ( 'NONE',  ( 0.000000000000000000, 1.000000000000000000, 0.000000000000000000 ) ) ;
#964 = CARTESIAN_POINT ( 'NONE',  ( -2.812123984230724183, -2.812123984231219787, -45.40846830017938629 ) ) ;
#965 = ORIENTED_EDGE ( 'NONE', *, *, #1567, .F. ) ;
#966 = CARTESIAN_POINT ( 'NONE',  ( 48.45568038987831727, -39.97039901563931608, -48.45568038987771331 ) ) ;
#967 = DIRECTION ( 'NONE',  ( 0.000000000000000000, 0.000000000000000000, 1.000000000000000000 ) ) ;
#968 = EDGE_CURVE ( 'NONE', #924, #2384, #2304, .T. ) ;
#969 = CARTESIAN_POINT ( 'NONE',  ( -35.87742112645776871, -35.87742112645758397, 49.93087654877558634 ) ) ;
#970 = CARTESIAN_POINT ( 'NONE',  ( 16.52408025593323160, -3.569430482697633522, -53.02693798200138531 ) ) ;
#971 = CARTESIAN_POINT ( 'NONE',  ( 47.75342591370203849, -41.91943284553943982, 54.08703959096190061 ) ) ;
#972 = ORIENTED_EDGE ( 'NONE', *, *, #1536, .F. ) ;
#973 = DIRECTION ( 'NONE',  ( 0.000000000000000000, 0.000000000000000000, 1.000000000000000000 ) ) ;
#974 = CARTESIAN_POINT ( 'NONE',  ( 46.47391007016168629, -41.85786437626944689, 53.89583786218934591 ) ) ;
#975 = AXIS2_PLACEMENT_3D ( 'NONE', #1557, #807, #626 ) ;
#976 = VERTEX_POINT ( 'NONE', #1134 ) ;
#977 = CARTESIAN_POINT ( 'NONE',  ( 19.70733396546182448, 6.174870185483849472E-16, 2.134523027080836854E-16 ) ) ;
#978 = EDGE_CURVE ( 'NONE', #948, #976, #2092, .T. ) ;
#979 = CARTESIAN_POINT ( 'NONE',  ( 47.75342591369967948, -41.91943284553524762, -54.08703959096190772 ) ) ;
#980 = CARTESIAN_POINT ( 'NONE',  ( 4.606297923060647675E-13, 6.934959370121282163, -48.65933864398294162 ) ) ;
#981 = CARTESIAN_POINT ( 'NONE',  ( 54.11618275104236631, -41.85786437626945400, -47.82127526705193787 ) ) ;
#982 = B_SPLINE_CURVE_WITH_KNOTS ( 'NONE', 3,
 ( #1216, #851, #1580, #1396 ),
 .UNSPECIFIED., .F., .F.,
 ( 4, 4 ),
 ( 1.501112265932520549E-16, 0.001823679283749623983 ),
 .UNSPECIFIED. ) ;
#983 = CARTESIAN_POINT ( 'NONE',  ( -52.19628980900968429, -37.13920097471986992, -52.19628980902317750 ) ) ;
#984 = ORIENTED_EDGE ( 'NONE', *, *, #1464, .T. ) ;
#985 = CARTESIAN_POINT ( 'NONE',  ( -30.38269899322925127, -16.44247189003240450, -54.70684166243161428 ) ) ;
#986 = ADVANCED_FACE ( 'NONE', ( #2078 ), #941, .T. ) ;
#987 = DIRECTION ( 'NONE',  ( 0.000000000000000000, 1.000000000000000000, 0.000000000000000000 ) ) ;
#988 = EDGE_LOOP ( 'NONE', ( #1869, #208, #1151, #936, #2395, #463, #1625 ) ) ;
#989 = LINE ( 'NONE', #1756, #1504 ) ;
#990 = CARTESIAN_POINT ( 'NONE',  ( 49.15958877646512803, -40.64246182869739954, 40.64246182869739954 ) ) ;
#991 = CARTESIAN_POINT ( 'NONE',  ( 4.620902577697953876E-13, 0.000000000000000000, -44.07023400875459629 ) ) ;
#992 = CARTESIAN_POINT ( 'NONE',  ( 3.981876983814366292E-13, 9.214942495744201878, -48.15794843001975067 ) ) ;
#993 = APPLICATION_CONTEXT ( 'automotive_design' ) ;
#994 = CARTESIAN_POINT ( 'NONE',  ( 54.12834010212507962, -41.85786437626945400, -47.94734359062550055 ) ) ;
#995 = CARTESIAN_POINT ( 'NONE',  ( 25.51421878198081927, -2.513999150291108986, -2.513999150291099216 ) ) ;
#996 = ORIENTED_EDGE ( 'NONE', *, *, #74, .F. ) ;
#997 = CARTESIAN_POINT ( 'NONE',  ( 48.45568038987661197, -41.85786437626945400, 48.45568038988417214 ) ) ;
#998 = CARTESIAN_POINT ( 'NONE',  ( 0.2848723868297056150, 11.62395880167923323, -47.06754965376278932 ) ) ;
#999 = ORIENTED_EDGE ( 'NONE', *, *, #1520, .F. ) ;
#1000 = CARTESIAN_POINT ( 'NONE',  ( -52.17673132822892512, -37.10893674421967603, 52.19294185384611495 ) ) ;
#1001 = CONICAL_SURFACE ( 'NONE', #611, 26.07106781186551103, 0.7853981633974432830 ) ;
#1002 = CARTESIAN_POINT ( 'NONE',  ( -51.42540241338087981, 1.653773638790278167, -10.79952539756590646 ) ) ;
#1003 = CIRCLE ( 'NONE', #1984, 5.999999999999998224 ) ;
#1004 = CARTESIAN_POINT ( 'NONE',  ( -48.57691842084226863, 7.515495636242233601, 7.410807669271389925E-14 ) ) ;
#1005 = CARTESIAN_POINT ( 'NONE',  ( -7.532554001124784904, 4.617801098167022111, 50.36171664970393635 ) ) ;
#1006 = CARTESIAN_POINT ( 'NONE',  ( 10.39755817907261104, -10.39755817907276381, 31.90555342968882968 ) ) ;
#1007 = VERTEX_POINT ( 'NONE', #220 ) ;
#1008 = CARTESIAN_POINT ( 'NONE',  ( 51.20377544527527647, -41.85786437626944689, 42.49460559244189284 ) ) ;
#1009 = CARTESIAN_POINT ( 'NONE',  ( 4.495674806680145963, 4.495674806679717861, -41.80712675969583358 ) ) ;
#1010 = CARTESIAN_POINT ( 'NONE',  ( -48.45568038988474058, -41.85786437626945400, 48.45568038987635617 ) ) ;
#1011 = ORIENTED_EDGE ( 'NONE', *, *, #699, .T. ) ;
#1012 = CARTESIAN_POINT ( 'NONE',  ( -47.88433415302951346, -41.85786437626945400, 54.12269371798517170 ) ) ;
#1013 = CARTESIAN_POINT ( 'NONE',  ( -54.15107102726397414, -41.85786437626945400, -48.45568038987871518 ) ) ;
#1014 = CARTESIAN_POINT ( 'NONE',  ( 0.000000000000000000, -37.04845886313572123, 0.000000000000000000 ) ) ;
#1015 = CARTESIAN_POINT ( 'NONE',  ( -1.553758425763460377E-13, 11.37092468211881702, 47.20721289669467780 ) ) ;
#1016 = CARTESIAN_POINT ( 'NONE',  ( 47.06754965376282485, 11.62395880167927942, -0.2848723868292681316 ) ) ;
#1017 = CARTESIAN_POINT ( 'NONE',  ( -53.29297346576559136, -32.95692780842964709, -47.85350992886326082 ) ) ;
#1018 = CARTESIAN_POINT ( 'NONE',  ( 53.58029751303139676, -41.85786437626945400, 45.54636941983808640 ) ) ;
#1019 = EDGE_CURVE ( 'NONE', #249, #948, #2193, .T. ) ;
#1020 = AXIS2_PLACEMENT_3D ( 'NONE', #185, #697, #328 ) ;
#1021 = CARTESIAN_POINT ( 'NONE',  ( -53.19348573943922531, -4.295620959661559546, 17.31340408808076958 ) ) ;
#1022 = DIRECTION ( 'NONE',  ( 0.000000000000000000, -0.8767532070670679412, -0.4809405513133731547 ) ) ;
#1023 = ORIENTED_EDGE ( 'NONE', *, *, #445, .F. ) ;
#1024 = CARTESIAN_POINT ( 'NONE',  ( 0.000000000000000000, 0.000000000000000000, 0.000000000000000000 ) ) ;
#1025 = B_SPLINE_CURVE_WITH_KNOTS ( 'NONE', 3,
 ( #94, #1213, #1587, #133, #1440, #848, #836, #1426, #1598, #1950, #643, #1034, #1393, #871, #2135, #120, #2323, #1620 ),
 .UNSPECIFIED., .F., .F.,
 ( 4, 2, 2, 2, 2, 2, 2, 2, 4 ),
 ( 0.000000000000000000, 0.009066885862519297526, 0.01360032879377894542, 0.01813377172503859505, 0.03626754345007717623, 0.05440131517511578169, 0.05893475810637541223, 0.06346820103763504972, 0.07253508690015431082 ),
 .UNSPECIFIED. ) ;
#1026 = ORIENTED_EDGE ( 'NONE', *, *, #1533, .T. ) ;
#1027 = CARTESIAN_POINT ( 'NONE',  ( -52.18562007262372759, -37.04845886313572123, -52.13741310645547600 ) ) ;
#1028 = CARTESIAN_POINT ( 'NONE',  ( -34.47712042696260681, -20.28868811036893405, 54.73484819581874206 ) ) ;
#1029 = CARTESIAN_POINT ( 'NONE',  ( -52.19628980900967008, -37.13920097471984150, -52.19628980902315618 ) ) ;
#1030 = CARTESIAN_POINT ( 'NONE',  ( 0.000000000000000000, -41.85786437626945400, 0.000000000000000000 ) ) ;
#1031 = CARTESIAN_POINT ( 'NONE',  ( -54.69974241821530825, -16.03627704373057838, -29.94986734861469557 ) ) ;
#1032 = DIRECTION ( 'NONE',  ( 0.000000000000000000, -0.7071067811865463515, -0.7071067811865486830 ) ) ;
#1033 = EDGE_CURVE ( 'NONE', #1770, #1169, #225, .T. ) ;
#1034 = CARTESIAN_POINT ( 'NONE',  ( 40.20779402538290981, -25.70491927948109279, 54.28213061807439743 ) ) ;
#1035 = CARTESIAN_POINT ( 'NONE',  ( 41.92138050179453757, -41.85786437626945400, -49.67492180994108253 ) ) ;
#1036 = ORIENTED_EDGE ( 'NONE', *, *, #15, .F. ) ;
#1037 = DIRECTION ( 'NONE',  ( 0.000000000000000000, 1.000000000000000000, 0.000000000000000000 ) ) ;
#1038 = CARTESIAN_POINT ( 'NONE',  ( 47.73984928750384427, 10.31589715634088655, -1.863054099514086135E-13 ) ) ;
#1039 = ORIENTED_EDGE ( 'NONE', *, *, #1105, .T. ) ;
#1040 = CARTESIAN_POINT ( 'NONE',  ( -52.18562007262372759, -37.04845886313572123, -52.13741310645547600 ) ) ;
#1041 = CIRCLE ( 'NONE', #2398, 6.000000000000003553 ) ;
#1042 = AXIS2_PLACEMENT_3D ( 'NONE', #494, #507, #1222 ) ;
#1043 = CARTESIAN_POINT ( 'NONE',  ( -47.90090634523743773, 2.354939084782567082, 1.366441629549333424E-14 ) ) ;
#1044 = CARTESIAN_POINT ( 'NONE',  ( -40.64246182869675295, -40.64246182869742086, -49.15958877646569647 ) ) ;
#1045 =( BOUNDED_SURFACE ( )  B_SPLINE_SURFACE ( 3, 2, ( 
 ( #1959, #1752, #1585 ),
 ( #2165, #132, #1017 ),
 ( #2321, #1597, #80 ),
 ( #1791, #2356, #652 ),
 ( #2333, #1234, #1031 ),
 ( #1619, #641, #1401 ),
 ( #1608, #1250, #1260 ),
 ( #2347, #1776, #1988 ),
 ( #104, #679, #666 ),
 ( #1210, #688, #1414 ) ),
 .UNSPECIFIED., .F., .F., .F. ) 
 B_SPLINE_SURFACE_WITH_KNOTS ( ( 4, 2, 2, 2, 4 ),
 ( 3, 3 ),
 ( 1.309405442755818605, 1.521172624221025504, 1.732939805686232182, 1.944706987151438859, 2.156474168616645759 ),
 ( 0.000000000000000000, 1.000000000000000000 ),
 .UNSPECIFIED. ) 
 GEOMETRIC_REPRESENTATION_ITEM ( )  RATIONAL_B_SPLINE_SURFACE ( (
 ( 1.000000000000000000, 0.3329787447589651062, 1.000000000000000000),
 ( 1.000000000000000000, 0.3500000725270516755, 1.000000000000000000),
 ( 1.000000000000000000, 0.3678726894522431623, 1.000000000000000000),
 ( 1.000000000000000000, 0.4053261631716981173, 1.000000000000000000),
 ( 1.000000000000000000, 0.4249119281907106083, 1.000000000000000000),
 ( 1.000000000000000000, 0.4657196719923609174, 1.000000000000000000),
 ( 1.000000000000000000, 0.4869484956503471462, 1.000000000000000000),
 ( 1.000000000000000000, 0.5307158790700212680, 1.000000000000000000),
 ( 1.000000000000000000, 0.5532537136055885041, 1.000000000000000000),
 ( 1.000000000000000000, 0.5760537520925819166, 1.000000000000000000) ) ) 
 REPRESENTATION_ITEM ( '' )  SURFACE ( )  );
#1046 = CARTESIAN_POINT ( 'NONE',  ( 65.06683145021109738, -36.85200695187067765, 36.85200695189250553 ) ) ;
#1047 = CARTESIAN_POINT ( 'NONE',  ( -54.17055402605130610, -26.74090770463292799, 41.30214586962785006 ) ) ;
#1048 = DIRECTION ( 'NONE',  ( -0.000000000000000000, -1.000000000000000000, -0.000000000000000000 ) ) ;
#1049 = ORIENTED_EDGE ( 'NONE', *, *, #1529, .F. ) ;
#1050 = CIRCLE ( 'NONE', #1254, 5.999999999999998224 ) ;
#1051 = CARTESIAN_POINT ( 'NONE',  ( -27.20813692616461310, -4.386560765951122320, -4.386560765951120544 ) ) ;
#1052 = CARTESIAN_POINT ( 'NONE',  ( 53.94332488116420876, -8.332144142800624209, 21.68028439505952321 ) ) ;
#1053 = ORIENTED_EDGE ( 'NONE', *, *, #1229, .T. ) ;
#1054 = CARTESIAN_POINT ( 'NONE',  ( -54.72241537905114939, -20.53908607581671930, -34.74266256340579417 ) ) ;
#1055 = EDGE_CURVE ( 'NONE', #434, #1662, #2201, .T. ) ;
#1056 = CARTESIAN_POINT ( 'NONE',  ( -52.13741310645564653, -37.04845886313572123, 52.18562007262357128 ) ) ;
#1057 = AXIS2_PLACEMENT_3D ( 'NONE', #695, #512, #865 ) ;
#1058 = DIRECTION ( 'NONE',  ( 0.000000000000000000, 1.000000000000000000, 0.000000000000000000 ) ) ;
#1059 = CARTESIAN_POINT ( 'NONE',  ( 53.29297346576559136, -32.95692780842964709, 47.85350992886326082 ) ) ;
#1060 = ORIENTED_EDGE ( 'NONE', *, *, #884, .T. ) ;
#1061 = EDGE_CURVE ( 'NONE', #793, #1304, #1386, .T. ) ;
#1062 = CARTESIAN_POINT ( 'NONE',  ( -50.35697255075470480, 4.629892623101150129, 7.519177673420847086 ) ) ;
#1063 = DIRECTION ( 'NONE',  ( 0.000000000000000000, 1.000000000000000000, 0.000000000000000000 ) ) ;
#1064 = EDGE_LOOP ( 'NONE', ( #1026, #139, #2180, #2374 ) ) ;
#1065 = CARTESIAN_POINT ( 'NONE',  ( -55.35624551137669158, -39.32823598116166153, 50.70635638319933491 ) ) ;
#1066 = AXIS2_PLACEMENT_3D ( 'NONE', #867, #1582, #1615 ) ;
#1067 = CARTESIAN_POINT ( 'NONE',  ( 53.19913430923224240, -32.93320485595891967, 47.82392106651863628 ) ) ;
#1068 = EDGE_LOOP ( 'NONE', ( #1104, #1446, #756, #2410, #1710, #722 ) ) ;
#1069 = CARTESIAN_POINT ( 'NONE',  ( 65.30930716451112517, -41.56636715948857841, -41.56636715950772043 ) ) ;
#1070 = CARTESIAN_POINT ( 'NONE',  ( 53.16896475184925208, -41.85786437626946821, -44.65101725690870182 ) ) ;
#1071 = AXIS2_PLACEMENT_3D ( 'NONE', #2269, #2054, #750 ) ;
#1072 = CARTESIAN_POINT ( 'NONE',  ( -22.67783112712753635, -0.6992493099796724954, 0.6992493099796689426 ) ) ;
#1073 = CARTESIAN_POINT ( 'NONE',  ( -42.87591801926698309, -41.85786437626946110, 51.73746934966681010 ) ) ;
#1074 = AXIS2_PLACEMENT_3D ( 'NONE', #2141, #256, #1422 ) ;
#1075 = CARTESIAN_POINT ( 'NONE',  ( 52.18562007262391234, -37.04845886313572123, -52.13741310645529836 ) ) ;
#1076 = EDGE_LOOP ( 'NONE', ( #1727, #1677, #939, #1842 ) ) ;
#1077 = DIRECTION ( 'NONE',  ( 0.000000000000000000, 1.000000000000000000, 0.000000000000000000 ) ) ;
#1078 = CARTESIAN_POINT ( 'NONE',  ( -2.928932188134277137, -2.928932188134560022, -25.90602117439497931 ) ) ;
#1079 = ORIENTED_EDGE ( 'NONE', *, *, #619, .T. ) ;
#1080 = CARTESIAN_POINT ( 'NONE',  ( 52.19628980900854742, -37.13920097470981574, 52.19628980901668314 ) ) ;
#1081 = DIRECTION ( 'NONE',  ( 0.000000000000000000, 0.000000000000000000, 1.000000000000000000 ) ) ;
#1082 = CARTESIAN_POINT ( 'NONE',  ( -65.06683145020907943, -36.85200695185513098, 36.85200695187681674 ) ) ;
#1083 = CARTESIAN_POINT ( 'NONE',  ( -25.71786326857647609, -2.718302418630294426, -2.718302418630295314 ) ) ;
#1084 = B_SPLINE_CURVE_WITH_KNOTS ( 'NONE', 3,
 ( #1965, #1000, #2148, #635 ),
 .UNSPECIFIED., .F., .F.,
 ( 4, 4 ),
 ( 0.005522964421752256381, 0.005631206410936977734 ),
 .UNSPECIFIED. ) ;
#1085 = B_SPLINE_CURVE_WITH_KNOTS ( 'NONE', 3,
 ( #2037, #2048, #1287, #166, #743, #1073, #1503, #1102, #1814, #143, #1852, #730, #375, #2369, #2240, #886 ),
 .UNSPECIFIED., .F., .F.,
 ( 4, 2, 2, 2, 2, 2, 2, 4 ),
 ( 5.647594692344432956E-15, 0.0009774482615239892154, 0.001954896523042330605, 0.002932344784560672428, 0.003909793046079013817, 0.004887241307597355207, 0.005864689569115697464, 0.007819586092152381110 ),
 .UNSPECIFIED. ) ;
#1086 = CARTESIAN_POINT ( 'NONE',  ( -47.80419788721093965, -41.98660758132629667, -54.06909945212336055 ) ) ;
#1087 = CARTESIAN_POINT ( 'NONE',  ( -54.12834010213612146, -41.85786437626945400, 47.94734359065100193 ) ) ;
#1088 = COLOUR_RGB ( '',0.7921568627450980005, 0.8196078431372548767, 0.9333333333333333481 ) ;
#1089 = CARTESIAN_POINT ( 'NONE',  ( 2.124703946929410225, -2.124703946929505705, 25.08103038132935581 ) ) ;
#1090 = EDGE_CURVE ( 'NONE', #195, #1553, #1768, .T. ) ;
#1091 = ORIENTED_EDGE ( 'NONE', *, *, #876, .T. ) ;
#1092 = CARTESIAN_POINT ( 'NONE',  ( -49.67492180994153017, -41.85786437626945400, -41.92138050179401887 ) ) ;
#1093 = CARTESIAN_POINT ( 'NONE',  ( 3.690211918097292543, 8.094452514031052814, 49.02774490863849621 ) ) ;
#1094 = EDGE_LOOP ( 'NONE', ( #1611, #1323, #47, #1141 ) ) ;
#1095 = CARTESIAN_POINT ( 'NONE',  ( 53.29297346581975603, -32.95692780847044645, -47.85350992884063004 ) ) ;
#1096 = CARTESIAN_POINT ( 'NONE',  ( 52.43619396822644063, -41.85786437626945400, -43.56890086767748471 ) ) ;
#1097 = CARTESIAN_POINT ( 'NONE',  ( 42.32960571923331372, -41.85786437626945400, -50.91375495834913778 ) ) ;
#1098 = CARTESIAN_POINT ( 'NONE',  ( -52.19628980901754289, -37.13920097471088155, 52.19628980900851900 ) ) ;
#1099 = EDGE_CURVE ( 'NONE', #1780, #710, #381, .T. ) ;
#1100 = CIRCLE ( 'NONE', #43, 5.695390637387977684 ) ;
#1101 = CARTESIAN_POINT ( 'NONE',  ( -50.73210104667048626, -39.36982191839479128, -55.34879428096201082 ) ) ;
#1102 = CARTESIAN_POINT ( 'NONE',  ( -43.56890086767997161, -41.85786437626946110, 52.43619396822796119 ) ) ;
#1103 = CARTESIAN_POINT ( 'NONE',  ( -1.573222086539137507E-13, 0.4751155575277329346, 46.06415059405460255 ) ) ;
#1104 = ORIENTED_EDGE ( 'NONE', *, *, #2335, .F. ) ;
#1105 = EDGE_CURVE ( 'NONE', #1855, #2137, #441, .T. ) ;
#1106 = CARTESIAN_POINT ( 'NONE',  ( -53.89583786218923933, -41.85786437626944689, -46.47391007016291553 ) ) ;
#1107 = CARTESIAN_POINT ( 'NONE',  ( 41.05623212982299464, -41.05623212982333570, 49.35437332743611449 ) ) ;
#1108 = ORIENTED_EDGE ( 'NONE', *, *, #1212, .T. ) ;
#1109 = FACE_OUTER_BOUND ( 'NONE', #2019, .T. ) ;
#1110 = CARTESIAN_POINT ( 'NONE',  ( -43.76457135822973044, 0.9662655834945578226, -0.9662655834945625966 ) ) ;
#1111 = CARTESIAN_POINT ( 'NONE',  ( 41.28606928383160124, -26.72568155668219347, -54.17230680209318905 ) ) ;
#1112 = CARTESIAN_POINT ( 'NONE',  ( -52.17679047889730271, -37.10902827325954689, -52.19295197981409018 ) ) ;
#1113 = CARTESIAN_POINT ( 'NONE',  ( 54.08703959096092717, -41.91943284554129434, 47.75342591370387879 ) ) ;
#1114 =( BOUNDED_CURVE ( )  B_SPLINE_CURVE ( 3, ( #2383, #9, #2207, #2015 ),
 .UNSPECIFIED., .F., .T. ) 
 B_SPLINE_CURVE_WITH_KNOTS ( ( 4, 4 ),
 ( 4.214196916687098948, 4.913258122395602889 ),
 .UNSPECIFIED. ) 
 CURVE ( )  GEOMETRIC_REPRESENTATION_ITEM ( )  RATIONAL_B_SPLINE_CURVE ( ( 1.000000000000000000, 0.9596890430705663499, 0.9596890430705663499, 1.000000000000000000 ) ) 
 REPRESENTATION_ITEM ( '' )  );
#1115 = CARTESIAN_POINT ( 'NONE',  ( 1.419069972181234096, -1.419069972181324468, 24.10374470603312602 ) ) ;
#1116 = ORIENTED_EDGE ( 'NONE', *, *, #1774, .T. ) ;
#1117 = CARTESIAN_POINT ( 'NONE',  ( -51.73746934966454347, -41.85786437626946110, 42.87591801926454593 ) ) ;
#1118 = CARTESIAN_POINT ( 'NONE',  ( 40.08521590475592689, -40.08521590475625374, 49.37931082890235501 ) ) ;
#1119 = ORIENTED_EDGE ( 'NONE', *, *, #262, .T. ) ;
#1120 = CARTESIAN_POINT ( 'NONE',  ( 42.65908012387464510, -27.68558167605880627, -27.68558167605870324 ) ) ;
#1121 = B_SPLINE_CURVE_WITH_KNOTS ( 'NONE', 3,
 ( #1927, #248, #2154, #481 ),
 .UNSPECIFIED., .F., .F.,
 ( 4, 4 ),
 ( 1.457167719820517959E-16, 0.001823679283749855568 ),
 .UNSPECIFIED. ) ;
#1122 = CARTESIAN_POINT ( 'NONE',  ( 50.31407977848456881, -41.85786437626947531, -42.07293586212839642 ) ) ;
#1123 = CARTESIAN_POINT ( 'NONE',  ( 43.56890086768027714, -41.85786437626946110, -52.43619396822759882 ) ) ;
#1124 = DIRECTION ( 'NONE',  ( 0.000000000000000000, 1.000000000000000000, 0.000000000000000000 ) ) ;
#1125 = CARTESIAN_POINT ( 'NONE',  ( 40.64246182869710111, -40.64246182869743507, 49.15958877646541225 ) ) ;
#1126 = CARTESIAN_POINT ( 'NONE',  ( -54.11618253556241598, -41.85786437626945400, -47.82127342755875787 ) ) ;
#1127 = CARTESIAN_POINT ( 'NONE',  ( 2.718302418630194950, -2.718302418630295314, 25.71786326857649385 ) ) ;
#1128 = CIRCLE ( 'NONE', #1042, 26.07106781186551103 ) ;
#1129 = ORIENTED_EDGE ( 'NONE', *, *, #840, .T. ) ;
#1130 = CARTESIAN_POINT ( 'NONE',  ( -51.20377544527236324, -41.85786437626946821, 42.49460559243983937 ) ) ;
#1131 = AXIS2_PLACEMENT_3D ( 'NONE', #757, #2266, #2087 ) ;
#1132 = CARTESIAN_POINT ( 'NONE',  ( 44.36814862018460559, -2.207367860544706684E-15, 4.167489749960382071E-15 ) ) ;
#1133 = ORIENTED_EDGE ( 'NONE', *, *, #2389, .F. ) ;
#1134 = CARTESIAN_POINT ( 'NONE',  ( -40.64246182869757718, -40.64246182869739954, 49.15958877646497172 ) ) ;
#1135 = CARTESIAN_POINT ( 'NONE',  ( 0.000000000000000000, -2.928932188134560466, 0.000000000000000000 ) ) ;
#1136 = CARTESIAN_POINT ( 'NONE',  ( 4.687021479496228671E-13, -2.209908959386469979E-15, -44.36814862018460559 ) ) ;
#1137 = FACE_OUTER_BOUND ( 'NONE', #204, .T. ) ;
#1138 = EDGE_CURVE ( 'NONE', #976, #2234, #982, .T. ) ;
#1139 = CARTESIAN_POINT ( 'NONE',  ( -1.389172873951016460E-13, 5.167622222502300744, 48.69779255784389704 ) ) ;
#1140 = ADVANCED_FACE ( 'NONE', ( #266 ), #1581, .T. ) ;
#1141 = ORIENTED_EDGE ( 'NONE', *, *, #1774, .F. ) ;
#1142 = CARTESIAN_POINT ( 'NONE',  ( 52.19628980900704107, -37.13920097469421222, -52.19628980900641579 ) ) ;
#1143 = CARTESIAN_POINT ( 'NONE',  ( 34.47712042696214496, -20.28868811036902997, 54.73484819581901917 ) ) ;
#1144 = EDGE_LOOP ( 'NONE', ( #161, #1531, #893, #1197, #1509, #2358 ) ) ;
#1145 = CARTESIAN_POINT ( 'NONE',  ( 54.69959190438025587, -1.136539655964875939, -1.136539655964852624 ) ) ;
#1146 = EDGE_CURVE ( 'NONE', #2384, #1821, #758, .T. ) ;
#1147 = AXIS2_PLACEMENT_3D ( 'NONE', #1360, #609, #1316 ) ;
#1148 = CARTESIAN_POINT ( 'NONE',  ( 47.88433415300672635, -41.85786437626945400, -54.12269371798243611 ) ) ;
#1149 = PLANE ( 'NONE',  #1864 ) ;
#1150 = FACE_OUTER_BOUND ( 'NONE', #1766, .T. ) ;
#1151 = ORIENTED_EDGE ( 'NONE', *, *, #2389, .T. ) ;
#1152 = CARTESIAN_POINT ( 'NONE',  ( 2.124703946929768161, -2.124703946929505260, -25.08103038132932383 ) ) ;
#1153 = AXIS2_PLACEMENT_3D ( 'NONE', #2138, #1932, #646 ) ;
#1154 = CARTESIAN_POINT ( 'NONE',  ( 43.82803810959650548, -41.85786437626946821, 52.64178190772438626 ) ) ;
#1155 = VERTEX_POINT ( 'NONE', #254 ) ;
#1156 = CARTESIAN_POINT ( 'NONE',  ( 47.06754965376278932, 11.62395880167923323, 0.2848723868292134531 ) ) ;
#1157 = DIRECTION ( 'NONE',  ( 0.000000000000000000, 1.000000000000000000, 0.000000000000000000 ) ) ;
#1158 = CARTESIAN_POINT ( 'NONE',  ( 3.902126310984969681E-13, 8.655095731745523935, -48.32637481935294232 ) ) ;
#1159 = CARTESIAN_POINT ( 'NONE',  ( 44.17674285813574642, -44.17674285813523483, -48.46415277037250036 ) ) ;
#1160 = CARTESIAN_POINT ( 'NONE',  ( 47.77894398366770190, -41.95314697331674836, 54.07818680504818332 ) ) ;
#1161 = CIRCLE ( 'NONE', #926, 5.999999999999998224 ) ;
#1162 = ORIENTED_EDGE ( 'NONE', *, *, #1342, .F. ) ;
#1163 = CARTESIAN_POINT ( 'NONE',  ( 52.19295197981207224, -37.10902827324645870, -52.17679047888930199 ) ) ;
#1164 = CIRCLE ( 'NONE', #1355, 5.999999999999998224 ) ;
#1165 = EDGE_CURVE ( 'NONE', #36, #2349, #344, .T. ) ;
#1166 = CIRCLE ( 'NONE', #805, 5.999999999999998224 ) ;
#1167 = EDGE_CURVE ( 'NONE', #1169, #2338, #1084, .T. ) ;
#1168 = CARTESIAN_POINT ( 'NONE',  ( -47.94734359066591622, -41.85786437626945400, -54.12834010212930735 ) ) ;
#1169 = VERTEX_POINT ( 'NONE', #287 ) ;
#1170 = CARTESIAN_POINT ( 'NONE',  ( 19.00000000000000000, 0.000000000000000000, 8.673617379884035472E-16 ) ) ;
#1171 = CARTESIAN_POINT ( 'NONE',  ( 47.72763354284890625, -41.88545648029160162, -54.09564442834747666 ) ) ;
#1172 = CARTESIAN_POINT ( 'NONE',  ( 4.273025310861724509E-13, 7.515495636242235378, -48.57691842084226153 ) ) ;
#1173 = DIRECTION ( 'NONE',  ( 0.7071067811865462405, -0.7071067811865489050, 2.468850131082261005E-15 ) ) ;
#1174 = EDGE_CURVE ( 'NONE', #2213, #1803, #989, .T. ) ;
#1175 = CARTESIAN_POINT ( 'NONE',  ( 52.19628980901313753, -37.13920097470491299, 52.19628980900840531 ) ) ;
#1176 = EDGE_LOOP ( 'NONE', ( #1162, #253, #1367, #847 ) ) ;
#1177 = CARTESIAN_POINT ( 'NONE',  ( 48.45568038987831017, -39.97039901563934450, -48.45568038987774884 ) ) ;
#1178 = CARTESIAN_POINT ( 'NONE',  ( 42.07293586212791325, -41.85786437626947531, 50.31407977848387958 ) ) ;
#1179 = VECTOR ( 'NONE', #472, 1000.000000000000000 ) ;
#1180 = ORIENTED_EDGE ( 'NONE', *, *, #1451, .T. ) ;
#1181 = CARTESIAN_POINT ( 'NONE',  ( 25.08093627600350217, -2.124625539051564260, 2.124625539051564704 ) ) ;
#1182 = B_SPLINE_CURVE_WITH_KNOTS ( 'NONE', 3,
 ( #1800, #443, #662, #1789 ),
 .UNSPECIFIED., .F., .F.,
 ( 4, 4 ),
 ( 1.553134654608225598E-16, 0.001823679283749857086 ),
 .UNSPECIFIED. ) ;
#1183 = B_SPLINE_CURVE_WITH_KNOTS ( 'NONE', 3,
 ( #716, #1463, #1259, #2036 ),
 .UNSPECIFIED., .F., .F.,
 ( 4, 4 ),
 ( 0.007661184392479969234, 0.009484863676225144952 ),
 .UNSPECIFIED. ) ;
#1184 = FACE_OUTER_BOUND ( 'NONE', #953, .T. ) ;
#1185 = CARTESIAN_POINT ( 'NONE',  ( 48.72004566260829250, 5.753347879341144555, -4.103665699593597505E-14 ) ) ;
#1186 = CARTESIAN_POINT ( 'NONE',  ( 0.000000000000000000, 2.000000000000000000, 19.00000000000000000 ) ) ;
#1187 = CARTESIAN_POINT ( 'NONE',  ( 41.56636715939711024, -41.56636715962841322, -65.30930716482060916 ) ) ;
#1188 = CARTESIAN_POINT ( 'NONE',  ( 65.00000000000000000, -41.85786437626945400, 0.000000000000000000 ) ) ;
#1189 = EDGE_LOOP ( 'NONE', ( #2042, #696, #231 ) ) ;
#1190 = DIRECTION ( 'NONE',  ( -0.000000000000000000, -1.000000000000000000, -0.000000000000000000 ) ) ;
#1191 = CARTESIAN_POINT ( 'NONE',  ( 41.97863577826304748, -41.85786437626947531, 50.00145812334757522 ) ) ;
#1192 = EDGE_LOOP ( 'NONE', ( #299, #1344, #564, #135 ) ) ;
#1193 = CARTESIAN_POINT ( 'NONE',  ( 54.28213061807426243, -25.70491927948113542, -40.20779402538313718 ) ) ;
#1194 = CARTESIAN_POINT ( 'NONE',  ( -37.13057569238377198, -18.13971302679792075, 18.13971302679786035 ) ) ;
#1195 = CARTESIAN_POINT ( 'NONE',  ( -14.80479242101744930, -14.80479242101726989, 48.93857307896840325 ) ) ;
#1196 = CARTESIAN_POINT ( 'NONE',  ( 36.85200695186249931, -36.85200695188365927, -65.06683145020960524 ) ) ;
#1197 = ORIENTED_EDGE ( 'NONE', *, *, #400, .F. ) ;
#1198 = CARTESIAN_POINT ( 'NONE',  ( -11.87214911943271645, 0.6764764467889111677, -51.73811928762019363 ) ) ;
#1199 = ADVANCED_FACE ( 'NONE', ( #1731 ), #2313, .F. ) ;
#1200 = EDGE_CURVE ( 'NONE', #1381, #1562, #1635, .T. ) ;
#1201 = DIRECTION ( 'NONE',  ( 0.000000000000000000, 0.7071067811865475727, 0.7071067811865475727 ) ) ;
#1202 = VERTEX_POINT ( 'NONE', #804 ) ;
#1203 = CARTESIAN_POINT ( 'NONE',  ( 53.19778855828185726, -32.93911591372200576, -47.83012170529888607 ) ) ;
#1204 = AXIS2_PLACEMENT_3D ( 'NONE', #129, #1058, #1773 ) ;
#1205 = CARTESIAN_POINT ( 'NONE',  ( -31.90555342968878705, -10.39755817907276203, 10.39755817907272295 ) ) ;
#1206 =( BOUNDED_SURFACE ( )  B_SPLINE_SURFACE ( 3, 2, ( 
 ( #1916, #1716, #237 ),
 ( #2085, #1526, #1380 ),
 ( #2072, #2110, #1343 ),
 ( #983, #397, #448 ) ),
 .UNSPECIFIED., .F., .F., .F. ) 
 B_SPLINE_SURFACE_WITH_KNOTS ( ( 4, 4 ),
 ( 3, 3 ),
 ( 0.02197228569937706780, 0.02202368522101654305 ),
 ( 0.000000000000000000, 0.4919781772287907806 ),
 .UNSPECIFIED. ) 
 GEOMETRIC_REPRESENTATION_ITEM ( )  RATIONAL_B_SPLINE_SURFACE ( (
 ( 1.000000000000000000, 0.6718400986736559055, 0.6665752175355410536),
 ( 1.000000000000000000, 0.6723002118175199771, 0.6670427125715946426),
 ( 1.000000000000000000, 0.6727606801755066090, 0.6675105685207003425),
 ( 1.000000000000000000, 0.6732214222934015391, 0.6679787026218212409) ) ) 
 REPRESENTATION_ITEM ( '' )  SURFACE ( )  );
#1207 = EDGE_CURVE ( 'NONE', #1806, #1855, #206, .T. ) ;
#1208 = CARTESIAN_POINT ( 'NONE',  ( -44.07023400875459629, 0.000000000000000000, -4.790588497453791174E-16 ) ) ;
#1209 = CARTESIAN_POINT ( 'NONE',  ( 50.08195571336067786, -23.16456103872516437, 23.16456103872517147 ) ) ;
#1210 = CARTESIAN_POINT ( 'NONE',  ( -41.80712675969591174, 4.495674806679754276, 4.495674806679750724 ) ) ;
#1211 = CARTESIAN_POINT ( 'NONE',  ( 53.00724301853302478, -41.85786437626945400, 44.36809184593096944 ) ) ;
#1212 = EDGE_CURVE ( 'NONE', #214, #1334, #409, .T. ) ;
#1213 = CARTESIAN_POINT ( 'NONE',  ( 2.125885034181946409, 9.481936902471154838, 48.24341192835500181 ) ) ;
#1214 = CARTESIAN_POINT ( 'NONE',  ( -41.05623212982266068, -41.05623212982332859, -49.35437332743639161 ) ) ;
#1215 = ORIENTED_EDGE ( 'NONE', *, *, #1948, .F. ) ;
#1216 = CARTESIAN_POINT ( 'NONE',  ( -40.64246182869757718, -40.64246182869739954, 49.15958877646497172 ) ) ;
#1217 = FACE_OUTER_BOUND ( 'NONE', #2050, .T. ) ;
#1218 = CARTESIAN_POINT ( 'NONE',  ( -48.69779255784389704, 5.167622222502303408, 4.124521120965046846E-14 ) ) ;
#1219 = CARTESIAN_POINT ( 'NONE',  ( 49.67492180994828033, -41.85786437626945400, -41.92138050178602526 ) ) ;
#1220 = ADVANCED_FACE ( 'NONE', ( #1277 ), #276, .T. ) ;
#1221 = CARTESIAN_POINT ( 'NONE',  ( 34.13416408858252282, -34.13416408858282125, 46.02461357315270618 ) ) ;
#1222 = DIRECTION ( 'NONE',  ( 1.000000000000000000, 0.000000000000000000, 0.000000000000000000 ) ) ;
#1223 = CARTESIAN_POINT ( 'NONE',  ( 53.16896475185001947, -41.85786437626946110, 44.65101725691049950 ) ) ;
#1224 = CARTESIAN_POINT ( 'NONE',  ( -50.73022910418832510, 3.644592990156461099, 8.607542237928424100 ) ) ;
#1225 = CARTESIAN_POINT ( 'NONE',  ( 5.808225924029510437E-16, -5.808225924029488744E-16, 6.074797597424300204E-30 ) ) ;
#1226 = ORIENTED_EDGE ( 'NONE', *, *, #1536, .T. ) ;
#1227 = DIRECTION ( 'NONE',  ( -0.000000000000000000, -1.000000000000000000, -0.000000000000000000 ) ) ;
#1228 = ORIENTED_EDGE ( 'NONE', *, *, #2264, .T. ) ;
#1229 = EDGE_CURVE ( 'NONE', #2026, #853, #123, .T. ) ;
#1230 = CARTESIAN_POINT ( 'NONE',  ( 4.495674806679535784, 4.495674806679684998, 41.80712675969596859 ) ) ;
#1231 = FACE_OUTER_BOUND ( 'NONE', #1253, .T. ) ;
#1232 = B_SPLINE_CURVE_WITH_KNOTS ( 'NONE', 3,
 ( #2400, #879, #1459, #1834, #2008, #1995, #317, #2187, #1120, #1626, #1859, #2388 ),
 .UNSPECIFIED., .F., .F.,
 ( 4, 2, 2, 2, 2, 4 ),
 ( 3.328679405665808486E-07, 0.007278294191274003837, 0.01455625551460744231, 0.02911217816127430885, 0.04366810080794117366, 0.05822402345460803846 ),
 .UNSPECIFIED. ) ;
#1233 = CARTESIAN_POINT ( 'NONE',  ( 52.42874021086596770, 2.850191655721861839, -2.850191655700069937 ) ) ;
#1234 = CARTESIAN_POINT ( 'NONE',  ( -62.88817789687996651, -22.87269661391646380, -22.87269661392726405 ) ) ;
#1235 = B_SPLINE_CURVE_WITH_KNOTS ( 'NONE', 3,
 ( #1453, #364, #755, #2049, #912, #1672, #179, #2394, #193, #1115, #2038, #2409, #1089, #156, #1127, #1829 ),
 .UNSPECIFIED., .F., .F.,
 ( 4, 2, 2, 2, 2, 2, 2, 4 ),
 ( 2.951234432125932068E-07, 0.002087854995204655329, 0.003131634931085376661, 0.004175414866966097559, 0.005219194802846819324, 0.006262974738727540222, 0.007306754674608261120, 0.008350534610488983753 ),
 .UNSPECIFIED. ) ;
#1236 = CARTESIAN_POINT ( 'NONE',  ( -43.56890086767650416, -41.85786437626945400, -52.43619396822652590 ) ) ;
#1237 = SURFACE_SIDE_STYLE ('',( #285 ) ) ;
#1238 = ORIENTED_EDGE ( 'NONE', *, *, #1853, .F. ) ;
#1239 = DIRECTION ( 'NONE',  ( 0.000000000000000000, 0.7071067811865463515, -0.7071067811865486830 ) ) ;
#1240 = EDGE_CURVE ( 'NONE', #437, #1304, #1838, .T. ) ;
#1241 = CARTESIAN_POINT ( 'NONE',  ( 48.37573822590670858, 3.428013092681482021, -1.748796153482312950E-14 ) ) ;
#1242 = ORIENTED_EDGE ( 'NONE', *, *, #1090, .T. ) ;
#1243 = DIRECTION ( 'NONE',  ( -0.000000000000000000, -0.7071067811865489050, 0.7071067811865462405 ) ) ;
#1244 = AXIS2_PLACEMENT_3D ( 'NONE', #1574, #687, #103 ) ;
#1245 = PRESENTATION_LAYER_ASSIGNMENT (  '', '', ( #2171 ) ) ;
#1246 = CARTESIAN_POINT ( 'NONE',  ( -1.136539655981761543, -1.136539655991082309, 54.69959190436689056 ) ) ;
#1247 = DIRECTION ( 'NONE',  ( -0.1694254330188353086, 0.6968841448355602708, 0.6968841448355602708 ) ) ;
#1248 = CIRCLE ( 'NONE', #2364, 73.76753207067065432 ) ;
#1249 = DIRECTION ( 'NONE',  ( 1.000000000000000000, 0.000000000000000000, 0.000000000000000000 ) ) ;
#1250 = CARTESIAN_POINT ( 'NONE',  ( -58.65128814941606095, -9.488401050480165466, -9.488401050472388576 ) ) ;
#1251 = CARTESIAN_POINT ( 'NONE',  ( -53.19778855828184305, -32.93911591372199155, 47.83012170529887896 ) ) ;
#1252 = CARTESIAN_POINT ( 'NONE',  ( 12.53894532552248364, -12.53894532552270746, 49.77311357202906095 ) ) ;
#1253 = EDGE_LOOP ( 'NONE', ( #972, #2016, #537, #1982, #1108, #2007 ) ) ;
#1254 = AXIS2_PLACEMENT_3D ( 'NONE', #1511, #942, #1330 ) ;
#1255 = CARTESIAN_POINT ( 'NONE',  ( 52.18562007262391234, -37.04845886313572123, -52.13741310645529836 ) ) ;
#1256 = CARTESIAN_POINT ( 'NONE',  ( 49.15827555799865678, 7.552743316553283570, 4.279415882841741237 ) ) ;
#1257 = ORIENTED_EDGE ( 'NONE', *, *, #2273, .T. ) ;
#1258 = DIRECTION ( 'NONE',  ( -0.000000000000000000, -1.000000000000000000, -0.000000000000000000 ) ) ;
#1259 = CARTESIAN_POINT ( 'NONE',  ( 49.35437332743600081, -41.05623212982345649, -41.05623212982330017 ) ) ;
#1260 = CARTESIAN_POINT ( 'NONE',  ( -53.02693798200068187, -3.569430482698084273, -16.52408025593745222 ) ) ;
#1261 = CARTESIAN_POINT ( 'NONE',  ( -52.74081398228074846, -34.99708742493923808, 49.98959203285799191 ) ) ;
#1262 = EDGE_LOOP ( 'NONE', ( #1605, #1276, #2, #962 ) ) ;
#1263 = DIRECTION ( 'NONE',  ( 0.000000000000000000, 0.000000000000000000, 1.000000000000000000 ) ) ;
#1264 = AXIS2_PLACEMENT_3D ( 'NONE', #232, #392, #40 ) ;
#1265 = DIRECTION ( 'NONE',  ( 0.000000000000000000, 0.000000000000000000, 1.000000000000000000 ) ) ;
#1266 = ORIENTED_EDGE ( 'NONE', *, *, #1483, .T. ) ;
#1267 = PLANE ( 'NONE',  #943 ) ;
#1268 = CARTESIAN_POINT ( 'NONE',  ( -65.30930716478502518, -41.56636715952668482, 41.56636715948782523 ) ) ;
#1269 = CARTESIAN_POINT ( 'NONE',  ( -23.26997609253539778, -0.9607681889652512908, -0.9607681889652518459 ) ) ;
#1270 = AXIS2_PLACEMENT_3D ( 'NONE', #1406, #454, #1239 ) ;
#1271 = ADVANCED_FACE ( 'NONE', ( #1843 ), #1282, .T. ) ;
#1272 = CARTESIAN_POINT ( 'NONE',  ( -47.72763354284754200, -41.88545648029154478, -54.09564442834864906 ) ) ;
#1273 = DIRECTION ( 'NONE',  ( -0.7071067811865474617, -0.7071067811865474617, -2.468850131082265738E-15 ) ) ;
#1274 = AXIS2_PLACEMENT_3D ( 'NONE', #627, #1375, #2188 ) ;
#1275 = CARTESIAN_POINT ( 'NONE',  ( -1.504549259920764431E-13, 1.612008113040669155, 47.41134905250100928 ) ) ;
#1276 = ORIENTED_EDGE ( 'NONE', *, *, #1740, .F. ) ;
#1277 = FACE_OUTER_BOUND ( 'NONE', #1937, .T. ) ;
#1278 = PRODUCT_RELATED_PRODUCT_CATEGORY ( 'part', '', ( #908 ) ) ;
#1279 = CARTESIAN_POINT ( 'NONE',  ( 52.13741310645512073, -37.04845886313573544, 52.18562007262406865 ) ) ;
#1280 = EDGE_LOOP ( 'NONE', ( #1810, #242, #1289, #377 ) ) ;
#1281 = CARTESIAN_POINT ( 'NONE',  ( 49.67492180994153017, -41.85786437626945400, 41.92138050179401887 ) ) ;
#1282 = TOROIDAL_SURFACE ( 'NONE', #142, 19.00000000000000000, 10.00000000000000178 ) ;
#1283 = CARTESIAN_POINT ( 'NONE',  ( -54.73484819581889127, -20.28868811036900510, 34.47712042696232970 ) ) ;
#1284 = CARTESIAN_POINT ( 'NONE',  ( 30.38711698365487379, -16.44663459499147251, -54.70672904638046674 ) ) ;
#1285 = EDGE_CURVE ( 'NONE', #118, #976, #374, .T. ) ;
#1286 = CARTESIAN_POINT ( 'NONE',  ( -47.77894398367227780, -41.95314697332369036, -54.07818680504694697 ) ) ;
#1287 = CARTESIAN_POINT ( 'NONE',  ( -42.07293586213011594, -41.85786437626946110, 50.31407977848832758 ) ) ;
#1288 = CARTESIAN_POINT ( 'NONE',  ( -1.553758425763460377E-13, 11.37092468211881702, 47.20721289669467780 ) ) ;
#1289 = ORIENTED_EDGE ( 'NONE', *, *, #905, .T. ) ;
#1290 = CARTESIAN_POINT ( 'NONE',  ( -53.16896475185001947, -41.85786437626946110, -44.65101725691052081 ) ) ;
#1291 = CARTESIAN_POINT ( 'NONE',  ( 45.23821245426658777, 0.1454635790887796598, 5.244465274287039409E-16 ) ) ;
#1292 = ORIENTED_EDGE ( 'NONE', *, *, #1999, .T. ) ;
#1293 = CARTESIAN_POINT ( 'NONE',  ( 49.35437332743637739, -41.05623212982453651, 41.05623212982454362 ) ) ;
#1294 = CARTESIAN_POINT ( 'NONE',  ( 51.98291543747338750, -41.85786437626946821, -43.09201033902204614 ) ) ;
#1295 = CARTESIAN_POINT ( 'NONE',  ( -54.03151300361012943, -28.74913713146023753, 43.42901968458477313 ) ) ;
#1296 = CARTESIAN_POINT ( 'NONE',  ( -25.90602117439494378, -2.928932188134560022, -2.928932188134560466 ) ) ;
#1297 = CARTESIAN_POINT ( 'NONE',  ( 1.998817980520470174E-13, 0.000000000000000000, -19.00000000000000000 ) ) ;
#1298 = CARTESIAN_POINT ( 'NONE',  ( -6.798455841252462857E-14, 1.677125235563514080E-15, 19.70734868314094612 ) ) ;
#1299 = CARTESIAN_POINT ( 'NONE',  ( 52.19628980900699133, -37.13920097469416959, -52.19628980900639448 ) ) ;
#1300 = ORIENTED_EDGE ( 'NONE', *, *, #1167, .T. ) ;
#1301 = CARTESIAN_POINT ( 'NONE',  ( -54.03275483169403515, -41.85786437626946110, -47.10907348779315384 ) ) ;
#1302 =( BOUNDED_CURVE ( )  B_SPLINE_CURVE ( 3, ( #655, #1427, #108, #2157 ),
 .UNSPECIFIED., .F., .F. ) 
 B_SPLINE_CURVE_WITH_KNOTS ( ( 4, 4 ),
 ( 4.214196916687098948, 4.913258122395602889 ),
 .UNSPECIFIED. ) 
 CURVE ( )  GEOMETRIC_REPRESENTATION_ITEM ( )  RATIONAL_B_SPLINE_CURVE ( ( 1.000000000000000000, 0.9596890430705663499, 0.9596890430705663499, 1.000000000000000000 ) ) 
 REPRESENTATION_ITEM ( '' )  );
#1303 = CARTESIAN_POINT ( 'NONE',  ( 23.16456103872486239, -23.16456103872513594, 50.08195571336072049 ) ) ;
#1304 = VERTEX_POINT ( 'NONE', #2169 ) ;
#1305 = PLANE ( 'NONE',  #632 ) ;
#1306 = EDGE_CURVE ( 'NONE', #1770, #1717, #1161, .T. ) ;
#1307 =( NAMED_UNIT ( * ) PLANE_ANGLE_UNIT ( ) SI_UNIT ( $, .RADIAN. ) );
#1308 = DIRECTION ( 'NONE',  ( 0.7071067811865475727, 0.7071067811865475727, 7.395598297413341679E-15 ) ) ;
#1309 = CARTESIAN_POINT ( 'NONE',  ( 4.279415882842233287, 7.552743316553304886, -49.15827555799860704 ) ) ;
#1310 = CARTESIAN_POINT ( 'NONE',  ( -52.15716622318280571, -37.07878164742419358, -52.18939763305851187 ) ) ;
#1311 = CARTESIAN_POINT ( 'NONE',  ( 5.797317245199684010E-14, 10.31589715634088478, 47.73984928750384427 ) ) ;
#1312 = ORIENTED_EDGE ( 'NONE', *, *, #1544, .F. ) ;
#1313 = DIRECTION ( 'NONE',  ( 1.000000000000000000, 0.000000000000000000, 0.000000000000000000 ) ) ;
#1314 = CARTESIAN_POINT ( 'NONE',  ( -0.2848723868293775441, 11.62395880167923323, 47.06754965376278221 ) ) ;
#1315 = VERTEX_POINT ( 'NONE', #2359 ) ;
#1316 = DIRECTION ( 'NONE',  ( 1.000000000000000000, 0.000000000000000000, 0.000000000000000000 ) ) ;
#1317 = DIRECTION ( 'NONE',  ( -0.7071067811865475727, 0.7071067811865475727, 0.000000000000000000 ) ) ;
#1318 = EDGE_CURVE ( 'NONE', #2258, #2213, #2290, .T. ) ;
#1319 = CARTESIAN_POINT ( 'NONE',  ( 4.914161583128801456E-13, 2.616764982217862023, -48.03396531940268233 ) ) ;
#1320 = CARTESIAN_POINT ( 'NONE',  ( -0.5819097832794685177, -0.5819097832793898029, 22.37094870727468532 ) ) ;
#1321 = CARTESIAN_POINT ( 'NONE',  ( -1.185654744440474439E-13, 5.753347879341146331, 48.72004566260831382 ) ) ;
#1322 = VECTOR ( 'NONE', #1022, 999.9999999999998863 ) ;
#1323 = ORIENTED_EDGE ( 'NONE', *, *, #396, .F. ) ;
#1324 = CARTESIAN_POINT ( 'NONE',  ( -53.58029751303105570, -41.85786437626945400, 45.54636941983667953 ) ) ;
#1325 = EDGE_CURVE ( 'NONE', #878, #157, #1555, .T. ) ;
#1326 = AXIS2_PLACEMENT_3D ( 'NONE', #1763, #1563, #250 ) ;
#1327 = CARTESIAN_POINT ( 'NONE',  ( 36.85200695186144770, -36.85200695188362374, 65.06683145025368731 ) ) ;
#1328 = ORIENTED_EDGE ( 'NONE', *, *, #1325, .T. ) ;
#1329 = CARTESIAN_POINT ( 'NONE',  ( 50.61792982938343499, 4.316160010782136958, -7.882612295601216346 ) ) ;
#1330 = DIRECTION ( 'NONE',  ( 0.000000000000000000, 0.7071067811865475727, 0.7071067811865475727 ) ) ;
#1331 = CARTESIAN_POINT ( 'NONE',  ( 4.862442271756943018E-13, 2.354939084782570635, -47.90090634523743063 ) ) ;
#1332 = CARTESIAN_POINT ( 'NONE',  ( -52.18562007262372759, -37.04845886313572123, -52.13741310645547600 ) ) ;
#1333 = DIRECTION ( 'NONE',  ( 0.000000000000000000, 0.000000000000000000, 1.000000000000000000 ) ) ;
#1334 = VERTEX_POINT ( 'NONE', #1684 ) ;
#1335 = CARTESIAN_POINT ( 'NONE',  ( -52.64178190772454258, -41.85786437626946821, 43.82803810959710233 ) ) ;
#1336 = CARTESIAN_POINT ( 'NONE',  ( 0.000000000000000000, 0.000000000000000000, 0.000000000000000000 ) ) ;
#1337 = ORIENTED_EDGE ( 'NONE', *, *, #2204, .T. ) ;
#1338 = CARTESIAN_POINT ( 'NONE',  ( 43.76457135822953859, 0.9662655834949077649, 0.9662655834949125389 ) ) ;
#1339 = DIRECTION ( 'NONE',  ( -5.229477707032659025E-15, -5.229477707032659025E-15, 1.000000000000000000 ) ) ;
#1340 = CARTESIAN_POINT ( 'NONE',  ( -2.124703946929234366, -2.124703946929506149, -25.08103038132936291 ) ) ;
#1341 = CARTESIAN_POINT ( 'NONE',  ( 29.94986734860825095, -16.03627704373451834, -54.69974241822067285 ) ) ;
#1342 = EDGE_CURVE ( 'NONE', #1155, #1991, #498, .T. ) ;
#1343 = CARTESIAN_POINT ( 'NONE',  ( -54.07818680504531983, -41.95314697332818810, -47.77894398367631368 ) ) ;
#1344 = ORIENTED_EDGE ( 'NONE', *, *, #1174, .T. ) ;
#1345 = FACE_OUTER_BOUND ( 'NONE', #719, .T. ) ;
#1346 = CARTESIAN_POINT ( 'NONE',  ( -14.80479242101666593, -14.80479242101724324, -48.93857307896865194 ) ) ;
#1347 = ORIENTED_EDGE ( 'NONE', *, *, #349, .T. ) ;
#1348 = DIRECTION ( 'NONE',  ( 0.000000000000000000, -0.7071067811865475727, 0.7071067811865475727 ) ) ;
#1349 = EDGE_CURVE ( 'NONE', #1770, #2338, #1248, .T. ) ;
#1350 = DIRECTION ( 'NONE',  ( 0.000000000000000000, -0.7071067811865474617, 0.7071067811865474617 ) ) ;
#1351 = CARTESIAN_POINT ( 'NONE',  ( -6.693646581990922328, 6.693646581991441025, -49.73331977894191880 ) ) ;
#1352 = PLANE ( 'NONE',  #1862 ) ;
#1353 = VERTEX_POINT ( 'NONE', #37 ) ;
#1354 = DIRECTION ( 'NONE',  ( 0.000000000000000000, 1.000000000000000000, 0.000000000000000000 ) ) ;
#1355 = AXIS2_PLACEMENT_3D ( 'NONE', #1636, #888, #336 ) ;
#1356 = AXIS2_PLACEMENT_3D ( 'NONE', #1465, #2230, #910 ) ;
#1357 = CARTESIAN_POINT ( 'NONE',  ( 47.75816595311548696, -41.85786437626945400, 54.10879007258184004 ) ) ;
#1358 = EDGE_LOOP ( 'NONE', ( #126, #96, #1300 ) ) ;
#1359 = EDGE_CURVE ( 'NONE', #2265, #659, #187, .T. ) ;
#1360 = CARTESIAN_POINT ( 'NONE',  ( 0.000000000000000000, -2.928932188134560466, 0.000000000000000000 ) ) ;
#1361 =( BOUNDED_SURFACE ( )  B_SPLINE_SURFACE ( 3, 2, ( 
 ( #407, #222, #200 ),
 ( #944, #44, #2239 ),
 ( #969, #1690, #1594 ),
 ( #1606, #100, #1028 ),
 ( #77, #1570, #115 ),
 ( #1195, #2306, #856 ),
 ( #831, #1746, #2151 ),
 ( #1934, #1246, #456 ),
 ( #1970, #2118, #1772 ),
 ( #1230, #637, #269 ) ),
 .UNSPECIFIED., .F., .F., .T. ) 
 B_SPLINE_SURFACE_WITH_KNOTS ( ( 4, 2, 2, 2, 4 ),
 ( 3, 3 ),
 ( 1.309405442755818605, 1.521172624221025282, 1.732939805686231960, 1.944706987151438637, 2.156474168616645315 ),
 ( 0.000000000000000000, 1.000000000000000000 ),
 .UNSPECIFIED. ) 
 GEOMETRIC_REPRESENTATION_ITEM ( )  RATIONAL_B_SPLINE_SURFACE ( (
 ( 1.000000000000000000, 0.3329787447589648841, 1.000000000000000000),
 ( 1.000000000000000000, 0.3500000725265527968, 1.000000000000000000),
 ( 1.000000000000000000, 0.3678726894529074087, 1.000000000000000000),
 ( 1.000000000000000000, 0.4053261631710334267, 1.000000000000000000),
 ( 1.000000000000000000, 0.4249119281882379195, 1.000000000000000000),
 ( 1.000000000000000000, 0.4657196719948332730, 1.000000000000000000),
 ( 1.000000000000000000, 0.4869484956497112660, 1.000000000000000000),
 ( 1.000000000000000000, 0.5307158790706564266, 1.000000000000000000),
 ( 1.000000000000000000, 0.5532537136051112192, 1.000000000000000000),
 ( 1.000000000000000000, 0.5760537520925814725, 1.000000000000000000) ) ) 
 REPRESENTATION_ITEM ( '' )  SURFACE ( )  );
#1362 = CARTESIAN_POINT ( 'NONE',  ( 52.13741310645604443, -37.04845886313575676, -52.18562007262319469 ) ) ;
#1363 = CARTESIAN_POINT ( 'NONE',  ( 0.000000000000000000, -41.85786437626945400, 0.000000000000000000 ) ) ;
#1364 = TOROIDAL_SURFACE ( 'NONE', #192, 19.00000000000000000, 10.00000000000000178 ) ;
#1365 = DIRECTION ( 'NONE',  ( 1.000000000000000000, 0.000000000000000000, 0.000000000000000000 ) ) ;
#1366 = DIRECTION ( 'NONE',  ( 0.000000000000000000, -0.000000000000000000, 1.000000000000000000 ) ) ;
#1367 = ORIENTED_EDGE ( 'NONE', *, *, #1413, .T. ) ;
#1368 = CARTESIAN_POINT ( 'NONE',  ( -47.20721289669467780, 11.37092468211881702, 1.011229668145101543E-14 ) ) ;
#1369 = CARTESIAN_POINT ( 'NONE',  ( 47.20721289669467780, 11.37092468211881702, 0.000000000000000000 ) ) ;
#1370 = ORIENTED_EDGE ( 'NONE', *, *, #2068, .F. ) ;
#1371 = CARTESIAN_POINT ( 'NONE',  ( 51.42072225564348997, 1.667954742828964054, -10.78394394323078842 ) ) ;
#1372 = FACE_OUTER_BOUND ( 'NONE', #316, .T. ) ;
#1373 = CARTESIAN_POINT ( 'NONE',  ( 25.90602117439494378, -2.928932188134560022, 2.928932188134560466 ) ) ;
#1374 = EDGE_CURVE ( 'NONE', #1717, #476, #12, .T. ) ;
#1375 = DIRECTION ( 'NONE',  ( 0.000000000000000000, 1.000000000000000000, 0.000000000000000000 ) ) ;
#1376 = CARTESIAN_POINT ( 'NONE',  ( 23.16456103872055650, -23.16456103872003069, -50.08195571336048602 ) ) ;
#1377 = EDGE_CURVE ( 'NONE', #2338, #36, #2175, .T. ) ;
#1378 = CIRCLE ( 'NONE', #2079, 5.695390637386027244 ) ;
#1379 = PRODUCT_DEFINITION ( 'UNKNOWN', '', #21, #1761 ) ;
#1380 = CARTESIAN_POINT ( 'NONE',  ( -54.08703959095986846, -41.91943284554481863, -47.75342591370650780 ) ) ;
#1381 = VERTEX_POINT ( 'NONE', #595 ) ;
#1382 = CARTESIAN_POINT ( 'NONE',  ( -7.519177673420323949, 4.629892623101151017, -50.35697255075477585 ) ) ;
#1383 = CARTESIAN_POINT ( 'NONE',  ( 42.49460559243925672, -41.85786437626946821, 51.20377544527183744 ) ) ;
#1384 = ORIENTED_EDGE ( 'NONE', *, *, #333, .F. ) ;
#1385 = CARTESIAN_POINT ( 'NONE',  ( 53.90077724088138211, -28.81022636965763084, -43.48499067072537372 ) ) ;
#1386 = CIRCLE ( 'NONE', #1892, 5.999999999999998224 ) ;
#1387 = CARTESIAN_POINT ( 'NONE',  ( -48.37573822590670858, 3.428013092681482021, 1.748796153482312950E-14 ) ) ;
#1388 = ADVANCED_FACE ( 'NONE', ( #1345 ), #2286, .T. ) ;
#1389 = EDGE_CURVE ( 'NONE', #2062, #1381, #1996, .T. ) ;
#1390 = CARTESIAN_POINT ( 'NONE',  ( 47.99547338916407568, -10.69771447768737715, 10.69771447768737893 ) ) ;
#1391 = ORIENTED_EDGE ( 'NONE', *, *, #727, .T. ) ;
#1392 = CARTESIAN_POINT ( 'NONE',  ( -43.48499067072481239, -28.81022636965763084, -53.90077724088182975 ) ) ;
#1393 = CARTESIAN_POINT ( 'NONE',  ( 41.30214586962765111, -26.74090770463292444, 54.17055402605145531 ) ) ;
#1394 =( NAMED_UNIT ( * ) SI_UNIT ( $, .STERADIAN. ) SOLID_ANGLE_UNIT ( ) );
#1395 = ORIENTED_EDGE ( 'NONE', *, *, #396, .T. ) ;
#1396 = CARTESIAN_POINT ( 'NONE',  ( -41.92138050179380571, -41.85786437626945400, 49.67492180994170781 ) ) ;
#1397 = CARTESIAN_POINT ( 'NONE',  ( -48.24505767885315066, 9.478936704165285221, -2.129261486241110557 ) ) ;
#1398 = CARTESIAN_POINT ( 'NONE',  ( -47.58936998003116514, 1.851677006114473611, 1.137219655666754576E-14 ) ) ;
#1399 = DIRECTION ( 'NONE',  ( 0.000000000000000000, 1.000000000000000000, 0.000000000000000000 ) ) ;
#1400 = CARTESIAN_POINT ( 'NONE',  ( 27.68558167605854692, -27.68558167605879206, 42.65908012387473747 ) ) ;
#1401 = CARTESIAN_POINT ( 'NONE',  ( -53.84572127730924507, -7.676508426012810027, -20.97330929323092619 ) ) ;
#1402 = CARTESIAN_POINT ( 'NONE',  ( -8.607542237927896522, 3.644592990156461987, -50.73022910418841747 ) ) ;
#1403 = B_SPLINE_CURVE_WITH_KNOTS ( 'NONE', 3,
 ( #2206, #1298, #1828, #545, #1452, #1320, #2058, #2380, #8, #754, #717, #533, #2023, #348, #1840, #2393 ),
 .UNSPECIFIED., .F., .F.,
 ( 4, 2, 2, 2, 2, 2, 2, 4 ),
 ( 2.951234432435241501E-07, 0.002087854995204686554, 0.003131634931085407886, 0.004175414866966129651, 0.005219194802846851416, 0.006262974738727572314, 0.007306754674608294080, 0.008350534610489016712 ),
 .UNSPECIFIED. ) ;
#1404 = CARTESIAN_POINT ( 'NONE',  ( -45.54636941983585530, -41.85786437626945400, -53.58029751303141808 ) ) ;
#1405 = ORIENTED_EDGE ( 'NONE', *, *, #369, .T. ) ;
#1406 = CARTESIAN_POINT ( 'NONE',  ( 48.46415277037309011, -39.93410217101596515, -48.41938354525436239 ) ) ;
#1407 = CIRCLE ( 'NONE', #2031, 5.999999999999998224 ) ;
#1408 = ORIENTED_EDGE ( 'NONE', *, *, #1627, .T. ) ;
#1409 = CARTESIAN_POINT ( 'NONE',  ( -30.78540859500243343, -8.875664068992048072, 8.875664068992014322 ) ) ;
#1410 = CARTESIAN_POINT ( 'NONE',  ( -48.15794843001974357, 9.214942495744201878, 1.103939661271643805E-13 ) ) ;
#1411 = CARTESIAN_POINT ( 'NONE',  ( 4.620902577697953876E-13, 0.000000000000000000, -44.07023400875459629 ) ) ;
#1412 = CARTESIAN_POINT ( 'NONE',  ( 49.37931082883594769, -40.08521590474885699, 40.08521590474886409 ) ) ;
#1413 = EDGE_CURVE ( 'NONE', #1169, #109, #1632, .T. ) ;
#1414 = CARTESIAN_POINT ( 'NONE',  ( -47.06754965376282485, 11.62395880167927942, 0.2848723868292681316 ) ) ;
#1415 = CARTESIAN_POINT ( 'NONE',  ( -45.23956148066770311, -41.85786437626945400, -53.45544577645785012 ) ) ;
#1416 = CARTESIAN_POINT ( 'NONE',  ( 54.12269368629299748, -41.85786437626945400, 47.88433379936677881 ) ) ;
#1417 = ORIENTED_EDGE ( 'NONE', *, *, #978, .F. ) ;
#1418 = CARTESIAN_POINT ( 'NONE',  ( -47.82127526706393184, -41.85786437626945400, 54.11618275104338949 ) ) ;
#1419 = CARTESIAN_POINT ( 'NONE',  ( 47.20721289669467780, 11.37092468211881702, 0.000000000000000000 ) ) ;
#1420 = CARTESIAN_POINT ( 'NONE',  ( -50.36171664970397899, 4.617801098167023000, -7.532554001124607268 ) ) ;
#1421 = EDGE_CURVE ( 'NONE', #2168, #738, #1003, .T. ) ;
#1422 = DIRECTION ( 'NONE',  ( 1.000000000000000000, 0.000000000000000000, 0.000000000000000000 ) ) ;
#1423 = CARTESIAN_POINT ( 'NONE',  ( -52.13741310645475124, -37.04845886313572123, -52.18562007262446656 ) ) ;
#1424 = CARTESIAN_POINT ( 'NONE',  ( 47.94734359062632478, -41.85786437626945400, -54.12834010212443303 ) ) ;
#1425 = CARTESIAN_POINT ( 'NONE',  ( -47.75816595311602697, -41.85786437626945400, 54.10879007258137108 ) ) ;
#1426 = CARTESIAN_POINT ( 'NONE',  ( 17.31340408808057774, -4.295620959661554217, 53.19348573943925373 ) ) ;
#1427 = CARTESIAN_POINT ( 'NONE',  ( -49.77311357202903963, -12.53894532552270569, -12.53894532552271457 ) ) ;
#1428 = ORIENTED_EDGE ( 'NONE', *, *, #521, .T. ) ;
#1429 = DIRECTION ( 'NONE',  ( 0.1562178638170257650, -0.6984253643104781917, 0.6984253643104759712 ) ) ;
#1430 = CARTESIAN_POINT ( 'NONE',  ( -48.45568038988474058, -41.85786437626945400, 48.45568038987635617 ) ) ;
#1431 = VERTEX_POINT ( 'NONE', #813 ) ;
#1432 = DIRECTION ( 'NONE',  ( 0.000000000000000000, 1.000000000000000000, 0.000000000000000000 ) ) ;
#1433 = B_SPLINE_CURVE_WITH_KNOTS ( 'NONE', 3,
 ( #1027, #477, #292, #99, #88, #113, #842, #1054, #278, #1771, #854, #673, #1002, #1745, #1420, #2328, #1397, #76 ),
 .UNSPECIFIED., .F., .F.,
 ( 4, 2, 2, 2, 2, 2, 2, 2, 4 ),
 ( 0.000000000000000000, 0.009067684199875414297, 0.01360152629981311971, 0.01813536839975082512, 0.03627073679950164331, 0.05440610519925245803, 0.05893994729919016518, 0.06347378939912787232, 0.07254147359900327274 ),
 .UNSPECIFIED. ) ;
#1434 = DIRECTION ( 'NONE',  ( 0.000000000000000000, 0.000000000000000000, 1.000000000000000000 ) ) ;
#1435 = B_SPLINE_CURVE_WITH_KNOTS ( 'NONE', 3,
 ( #1854, #2219, #524, #1299 ),
 .UNSPECIFIED., .F., .F.,
 ( 4, 4 ),
 ( 0.000000000000000000, 0.0001066191232920168447 ),
 .UNSPECIFIED. ) ;
#1436 = B_SPLINE_CURVE_WITH_KNOTS ( 'NONE', 3,
 ( #1630, #2365, #371, #163 ),
 .UNSPECIFIED., .F., .F.,
 ( 4, 4 ),
 ( 0.000000000000000000, 0.0001086942509420319244 ),
 .UNSPECIFIED. ) ;
#1437 = CIRCLE ( 'NONE', #70, 5.695390637387838240 ) ;
#1438 = FACE_OUTER_BOUND ( 'NONE', #1641, .T. ) ;
#1439 = EDGE_LOOP ( 'NONE', ( #559, #2245, #1417, #1673 ) ) ;
#1440 = CARTESIAN_POINT ( 'NONE',  ( 8.607542237928242912, 3.644592990156467316, 50.73022910418833931 ) ) ;
#1441 = CARTESIAN_POINT ( 'NONE',  ( -41.48409509167735365, -41.46020538473615602, -49.52361354189758202 ) ) ;
#1442 = ORIENTED_EDGE ( 'NONE', *, *, #1146, .F. ) ;
#1443 = AXIS2_PLACEMENT_3D ( 'NONE', #806, #1339, #1317 ) ;
#1444 = CARTESIAN_POINT ( 'NONE',  ( -55.34879428096358822, -39.36982191838303180, 50.73210104666377873 ) ) ;
#1445 = CARTESIAN_POINT ( 'NONE',  ( -49.15958877646526304, -40.64246182869744217, 40.64246182869728585 ) ) ;
#1446 = ORIENTED_EDGE ( 'NONE', *, *, #798, .F. ) ;
#1447 = DIRECTION ( 'NONE',  ( 0.000000000000000000, 1.000000000000000000, 0.000000000000000000 ) ) ;
#1448 = CARTESIAN_POINT ( 'NONE',  ( 44.36809184593155209, -41.85786437626946110, -53.00724301853258424 ) ) ;
#1449 = CARTESIAN_POINT ( 'NONE',  ( -19.70734868314094612, 1.699995125139380781E-15, 8.309393212564686326E-16 ) ) ;
#1450 = CARTESIAN_POINT ( 'NONE',  ( 52.18938612814179834, -37.07868929112733269, 52.15710605901386288 ) ) ;
#1451 = EDGE_CURVE ( 'NONE', #2147, #302, #1437, .T. ) ;
#1452 = CARTESIAN_POINT ( 'NONE',  ( -0.3759753149346017898, -0.3759753149345249623, 21.73402968150024961 ) ) ;
#1453 = CARTESIAN_POINT ( 'NONE',  ( -6.720550717600792468E-14, 0.000000000000000000, 19.00000000000000000 ) ) ;
#1454 = VERTEX_POINT ( 'NONE', #1368 ) ;
#1455 = CARTESIAN_POINT ( 'NONE',  ( -42.65908012387455273, -27.68558167605876719, -27.68558167605876719 ) ) ;
#1456 = AXIS2_PLACEMENT_3D ( 'NONE', #1954, #660, #2305 ) ;
#1457 = CARTESIAN_POINT ( 'NONE',  ( -49.77311357202901831, -12.53894532552269325, 12.53894532552263641 ) ) ;
#1458 = ORIENTED_EDGE ( 'NONE', *, *, #1146, .T. ) ;
#1459 = CARTESIAN_POINT ( 'NONE',  ( 28.43653834442160289, -5.870222574542258265, -5.870222574542234284 ) ) ;
#1460 = EDGE_CURVE ( 'NONE', #2098, #622, #384, .T. ) ;
#1461 = CARTESIAN_POINT ( 'NONE',  ( -47.06754965376278932, 11.62395880167923323, -0.2848723868292134531 ) ) ;
#1462 = CARTESIAN_POINT ( 'NONE',  ( -47.80419788720939067, -41.98660758132300685, 54.06909945212343160 ) ) ;
#1463 = CARTESIAN_POINT ( 'NONE',  ( 49.52361354189723386, -41.46020538473638339, -41.48409509167811393 ) ) ;
#1464 = EDGE_CURVE ( 'NONE', #265, #434, #329, .T. ) ;
#1465 = CARTESIAN_POINT ( 'NONE',  ( -8.996130235884860834E-33, 5.808225924029489730E-16, -5.808225924029489730E-16 ) ) ;
#1466 = CARTESIAN_POINT ( 'NONE',  ( 6.978313226726170905E-10, 10.85390143154651277, 47.49082457346730024 ) ) ;
#1467 = ORIENTED_EDGE ( 'NONE', *, *, #2091, .T. ) ;
#1468 = CARTESIAN_POINT ( 'NONE',  ( -52.19295197981379175, -37.10902827325426756, 52.17679047889355104 ) ) ;
#1469 = B_SPLINE_CURVE_WITH_KNOTS ( 'NONE', 3,
 ( #361, #1489, #346, #2203, #188, #1111, #1826, #2228, #1284, #1850, #555, #1501, #6, #703, #1837, #1309, #2033, #1679 ),
 .UNSPECIFIED., .F., .F.,
 ( 4, 2, 2, 2, 2, 2, 2, 2, 4 ),
 ( 0.000000000000000000, 0.009067684199875435114, 0.01360152629981314053, 0.01813536839975084594, 0.03627073679950165719, 0.05440610519925247190, 0.05893994729919017211, 0.06347378939912788620, 0.07254147359900327274 ),
 .UNSPECIFIED. ) ;
#1470 = DIRECTION ( 'NONE',  ( -0.7071067811865475727, 0.7071067811865475727, 0.000000000000000000 ) ) ;
#1471 = ORIENTED_EDGE ( 'NONE', *, *, #911, .F. ) ;
#1472 = CARTESIAN_POINT ( 'NONE',  ( 49.93087654877572845, -35.87742112645762660, -35.87742112645749160 ) ) ;
#1473 = EDGE_CURVE ( 'NONE', #1622, #1562, #2361, .T. ) ;
#1474 = CARTESIAN_POINT ( 'NONE',  ( -62.88817789683670867, -22.87269661391637499, 22.87269661391632880 ) ) ;
#1475 = AXIS2_PLACEMENT_3D ( 'NONE', #1813, #753, #1839 ) ;
#1476 = CARTESIAN_POINT ( 'NONE',  ( -24.10374470603312957, -1.419069972181326689, -1.419069972181327799 ) ) ;
#1477 = AXIS2_PLACEMENT_3D ( 'NONE', #116, #858, #78 ) ;
#1478 = CARTESIAN_POINT ( 'NONE',  ( 54.10879007258152740, -41.85786437626945400, 47.75816595311583512 ) ) ;
#1479 = CARTESIAN_POINT ( 'NONE',  ( -54.12834010213612146, -41.85786437626945400, 47.94734359065100193 ) ) ;
#1480 = CARTESIAN_POINT ( 'NONE',  ( -42.32960571922995285, -41.85786437626946110, -50.91375495834611087 ) ) ;
#1481 = ORIENTED_EDGE ( 'NONE', *, *, #216, .F. ) ;
#1482 = CARTESIAN_POINT ( 'NONE',  ( -50.00145812334611861, -41.85786437626946821, -41.97863577826309722 ) ) ;
#1483 = EDGE_CURVE ( 'NONE', #157, #2223, #1881, .T. ) ;
#1484 = CARTESIAN_POINT ( 'NONE',  ( 16.52408025595116214, -3.569430482698555451, 53.02693798199769049 ) ) ;
#1485 = VERTEX_POINT ( 'NONE', #1586 ) ;
#1486 = CARTESIAN_POINT ( 'NONE',  ( 53.02693798200304087, -3.569430482706712926, -16.52408025594793273 ) ) ;
#1487 = CARTESIAN_POINT ( 'NONE',  ( 49.67492180994828033, -41.85786437626945400, -41.92138050178602526 ) ) ;
#1488 = PLANE ( 'NONE',  #2294 ) ;
#1489 = CARTESIAN_POINT ( 'NONE',  ( 49.98688355097898750, -34.99450056962001554, -52.74151410235178616 ) ) ;
#1490 = CIRCLE ( 'NONE', #1603, 26.07106781186551103 ) ;
#1491 = CARTESIAN_POINT ( 'NONE',  ( -25.08103038132934870, -2.124703946929506593, 2.124703946929498155 ) ) ;
#1492 = FACE_OUTER_BOUND ( 'NONE', #841, .T. ) ;
#1493 = ADVANCED_FACE ( 'NONE', ( #2322 ), #653, .F. ) ;
#1494 = CARTESIAN_POINT ( 'NONE',  ( -5.422298665923999579E-14, 9.214942495744201878, 48.15794843001975067 ) ) ;
#1495 = ORIENTED_EDGE ( 'NONE', *, *, #1483, .F. ) ;
#1496 = CARTESIAN_POINT ( 'NONE',  ( -53.45544577645750195, -41.85786437626945400, 45.23956148066854865 ) ) ;
#1497 = CARTESIAN_POINT ( 'NONE',  ( 35.87742112645730685, -35.87742112645762660, 49.93087654877582793 ) ) ;
#1498 = VERTEX_POINT ( 'NONE', #424 ) ;
#1499 = CARTESIAN_POINT ( 'NONE',  ( 21.40157931001516189, -0.2870369189885347283, 0.2870369189885356165 ) ) ;
#1500 = DIRECTION ( 'NONE',  ( 0.000000000000000000, 0.000000000000000000, 1.000000000000000000 ) ) ;
#1501 = CARTESIAN_POINT ( 'NONE',  ( 11.88785520667929063, 0.6621522475840235789, -51.74257167191314721 ) ) ;
#1502 = CARTESIAN_POINT ( 'NONE',  ( -21.40162778172362934, -0.2870486971727168046, 0.2870486971727148617 ) ) ;
#1503 = CARTESIAN_POINT ( 'NONE',  ( -43.09201033902453304, -41.85786437626945400, 51.98291543747538412 ) ) ;
#1504 = VECTOR ( 'NONE', #1037, 1000.000000000000000 ) ;
#1505 = CARTESIAN_POINT ( 'NONE',  ( 52.18562007262374891, -37.04845886313572123, 52.13741310645546179 ) ) ;
#1506 = ORIENTED_EDGE ( 'NONE', *, *, #296, .F. ) ;
#1507 = DIRECTION ( 'NONE',  ( 1.000000000000000000, 7.885130439151016967E-17, -9.433990685558851214E-17 ) ) ;
#1508 = CARTESIAN_POINT ( 'NONE',  ( 43.42901968458459550, -28.74913713146024818, 54.03151300361027154 ) ) ;
#1509 = ORIENTED_EDGE ( 'NONE', *, *, #251, .F. ) ;
#1510 = CARTESIAN_POINT ( 'NONE',  ( 21.73397522079776323, -0.3759599777128835862, 0.3759599777128844744 ) ) ;
#1511 = CARTESIAN_POINT ( 'NONE',  ( 48.46415277037289826, -39.93410217101596515, 48.41938354525456134 ) ) ;
#1512 = CARTESIAN_POINT ( 'NONE',  ( -1.419069972181067563, -1.419069972181326467, -24.10374470603313668 ) ) ;
#1513 = CARTESIAN_POINT ( 'NONE',  ( -52.19294185384701024, -37.10893674422568012, -52.17673132823264126 ) ) ;
#1514 = CARTESIAN_POINT ( 'NONE',  ( 19.00000000000000000, 0.000000000000000000, 8.673617379884035472E-16 ) ) ;
#1515 = ORIENTED_EDGE ( 'NONE', *, *, #1413, .F. ) ;
#1516 = CARTESIAN_POINT ( 'NONE',  ( 0.6992493099799106382, -0.6992493099796724954, -22.67783112712752569 ) ) ;
#1517 = CARTESIAN_POINT ( 'NONE',  ( -47.82127526706504739, -41.85786437626945400, -54.11618275104449083 ) ) ;
#1518 = ORIENTED_EDGE ( 'NONE', *, *, #940, .F. ) ;
#1519 = CARTESIAN_POINT ( 'NONE',  ( -10.39755817907286506, -10.39755817907275137, 31.90555342968874086 ) ) ;
#1520 = EDGE_CURVE ( 'NONE', #1821, #2098, #1744, .T. ) ;
#1521 = CARTESIAN_POINT ( 'NONE',  ( 35.14012576694382517, -15.00769046467715029, 15.00769046467715029 ) ) ;
#1522 = B_SPLINE_CURVE_WITH_KNOTS ( 'NONE', 3,
 ( #1087, #2407, #1658, #2218 ),
 .UNSPECIFIED., .F., .F.,
 ( 4, 4 ),
 ( 0.002293055700205604442, 0.002480808381641440383 ),
 .UNSPECIFIED. ) ;
#1523 = ADVANCED_FACE ( 'NONE', ( #2046 ), #606, .T. ) ;
#1524 = DIRECTION ( 'NONE',  ( 0.000000000000000000, 0.000000000000000000, 1.000000000000000000 ) ) ;
#1525 = DIRECTION ( 'NONE',  ( -0.7071067811865489050, -0.7071067811865462405, -2.457898035248817697E-15 ) ) ;
#1526 = CARTESIAN_POINT ( 'NONE',  ( -55.36342173643402731, -39.28637496153298514, -50.68031517153752930 ) ) ;
#1527 = ORIENTED_EDGE ( 'NONE', *, *, #1638, .T. ) ;
#1528 = CARTESIAN_POINT ( 'NONE',  ( -54.03275483169409910, -41.85786437626945400, 47.10907348779259252 ) ) ;
#1529 = EDGE_CURVE ( 'NONE', #2195, #265, #1469, .T. ) ;
#1530 = CARTESIAN_POINT ( 'NONE',  ( -52.13741310645475124, -37.04845886313572834, -52.18562007262444524 ) ) ;
#1531 = ORIENTED_EDGE ( 'NONE', *, *, #1464, .F. ) ;
#1532 = CARTESIAN_POINT ( 'NONE',  ( -52.19293795902637356, -37.10890153654022328, 52.17670857500765180 ) ) ;
#1533 = EDGE_CURVE ( 'NONE', #195, #2062, #2059, .T. ) ;
#1534 = CARTESIAN_POINT ( 'NONE',  ( -2.928932188134277137, -2.928932188134560022, -25.90602117439497931 ) ) ;
#1535 = CARTESIAN_POINT ( 'NONE',  ( 20.97330929323852899, -7.676508426008899377, -53.84572127730336177 ) ) ;
#1536 = EDGE_CURVE ( 'NONE', #497, #437, #746, .T. ) ;
#1537 = CARTESIAN_POINT ( 'NONE',  ( 48.41938354525505872, -39.93410217101596515, -48.46415277037240799 ) ) ;
#1538 = ORIENTED_EDGE ( 'NONE', *, *, #1638, .F. ) ;
#1539 = CARTESIAN_POINT ( 'NONE',  ( 55.34879428096635223, -39.36982191836771960, -50.73210104665428588 ) ) ;
#1540 = CARTESIAN_POINT ( 'NONE',  ( 44.65101725690818313, -41.85786437626946821, 53.16896475184923077 ) ) ;
#1541 = ORIENTED_EDGE ( 'NONE', *, *, #1835, .T. ) ;
#1542 = CARTESIAN_POINT ( 'NONE',  ( 23.26989781521824696, -0.9607305767960286902, 0.9607305767960295784 ) ) ;
#1543 = CARTESIAN_POINT ( 'NONE',  ( 8.996130235884860834E-33, 5.808225924029489730E-16, 5.808225924029489730E-16 ) ) ;
#1544 = EDGE_CURVE ( 'NONE', #853, #214, #386, .T. ) ;
#1545 = CARTESIAN_POINT ( 'NONE',  ( 47.75816595311642487, -41.85786437626945400, -54.10879007258103712 ) ) ;
#1546 = CARTESIAN_POINT ( 'NONE',  ( -43.46885176952705621, -28.79491271444173250, 53.90300253192952340 ) ) ;
#1547 = CARTESIAN_POINT ( 'NONE',  ( 23.55583077251659319, -1.105308690547919914, -1.105308690547914807 ) ) ;
#1548 = ORIENTED_EDGE ( 'NONE', *, *, #1349, .T. ) ;
#1549 = CARTESIAN_POINT ( 'NONE',  ( 40.64246182869790402, -40.64246182869739243, -49.15958877646468750 ) ) ;
#1550 = CIRCLE ( 'NONE', #843, 26.07106781186551103 ) ;
#1551 = CIRCLE ( 'NONE', #31, 19.00000000000000000 ) ;
#1552 = CARTESIAN_POINT ( 'NONE',  ( -52.18562007262392655, -37.04845886313572123, 52.13741310645528415 ) ) ;
#1553 = VERTEX_POINT ( 'NONE', #1373 ) ;
#1554 = CARTESIAN_POINT ( 'NONE',  ( 51.73811928762007994, 0.6764764467889082811, -11.87214911943326179 ) ) ;
#1555 = CIRCLE ( 'NONE', #890, 65.00000000000000000 ) ;
#1556 = DIRECTION ( 'NONE',  ( 0.000000000000000000, -0.000000000000000000, 1.000000000000000000 ) ) ;
#1557 = CARTESIAN_POINT ( 'NONE',  ( 0.000000000000000000, 0.000000000000000000, 0.000000000000000000 ) ) ;
#1558 = DIRECTION ( 'NONE',  ( 1.000000000000000000, 0.000000000000000000, 0.000000000000000000 ) ) ;
#1559 = CIRCLE ( 'NONE', #814, 73.76753207067065432 ) ;
#1560 = CARTESIAN_POINT ( 'NONE',  ( -17.32900618949264526, -4.309989508140811942, 53.19664370976519763 ) ) ;
#1561 = CARTESIAN_POINT ( 'NONE',  ( 19.70733396546182092, 6.556035011748284624E-16, 1.501789415481874501E-15 ) ) ;
#1562 = VERTEX_POINT ( 'NONE', #877 ) ;
#1563 = DIRECTION ( 'NONE',  ( -0.000000000000000000, -1.000000000000000000, -0.000000000000000000 ) ) ;
#1564 = CARTESIAN_POINT ( 'NONE',  ( 0.9662655834950101275, 0.9662655834945473865, -43.76457135822968780 ) ) ;
#1565 = VERTEX_POINT ( 'NONE', #1797 ) ;
#1566 = CARTESIAN_POINT ( 'NONE',  ( 49.15521736738372738, 7.559150081813593047, -4.272261873946050947 ) ) ;
#1567 = EDGE_CURVE ( 'NONE', #1964, #1806, #267, .T. ) ;
#1568 = EDGE_CURVE ( 'NONE', #145, #1007, #1877, .T. ) ;
#1569 = CARTESIAN_POINT ( 'NONE',  ( 0.000000000000000000, -10.00000000000000000, 0.000000000000000000 ) ) ;
#1570 = CARTESIAN_POINT ( 'NONE',  ( -22.87269661390090292, -22.87269661398705267, 62.88817789693106164 ) ) ;
#1571 = DIRECTION ( 'NONE',  ( -0.000000000000000000, -1.000000000000000000, -0.000000000000000000 ) ) ;
#1572 = AXIS2_PLACEMENT_3D ( 'NONE', #1969, #648, #255 ) ;
#1573 = UNCERTAINTY_MEASURE_WITH_UNIT (LENGTH_MEASURE( 1.000000000000000082E-05 ), #95, 'distance_accuracy_value', 'NONE');
#1574 = CARTESIAN_POINT ( 'NONE',  ( -48.45568038987794068, -39.97039901564012609, -48.45568038987869386 ) ) ;
#1575 = CARTESIAN_POINT ( 'NONE',  ( -49.15958877646526304, -40.64246182869744217, 40.64246182869728585 ) ) ;
#1576 = CARTESIAN_POINT ( 'NONE',  ( -47.83012170529833185, -32.93911591372199865, -53.19778855828237596 ) ) ;
#1577 = FACE_OUTER_BOUND ( 'NONE', #2114, .T. ) ;
#1578 = FACE_OUTER_BOUND ( 'NONE', #2199, .T. ) ;
#1579 = VERTEX_POINT ( 'NONE', #315 ) ;
#1580 = CARTESIAN_POINT ( 'NONE',  ( -41.48409509168063636, -41.46020538473844397, 49.52361354189780940 ) ) ;
#1581 = TOROIDAL_SURFACE ( 'NONE', #1153, 19.00000000000000000, 10.00000000000000178 ) ;
#1582 = DIRECTION ( 'NONE',  ( 0.000000000000000000, 1.000000000000000000, 0.000000000000000000 ) ) ;
#1583 = CARTESIAN_POINT ( 'NONE',  ( -46.79558332358223538, 0.9731580557275196774, 7.025767578988386288E-15 ) ) ;
#1584 = DIRECTION ( 'NONE',  ( 0.000000000000000000, 1.000000000000000000, 0.000000000000000000 ) ) ;
#1585 = CARTESIAN_POINT ( 'NONE',  ( -52.18562007262377023, -37.04845886313570702, -52.13741310645546179 ) ) ;
#1586 = CARTESIAN_POINT ( 'NONE',  ( -47.94734359066591622, -41.85786437626945400, -54.12834010212930735 ) ) ;
#1587 = CARTESIAN_POINT ( 'NONE',  ( 4.272261873945872424, 7.559150081813602817, 49.15521736738375580 ) ) ;
#1588 = DIRECTION ( 'NONE',  ( 0.000000000000000000, 1.000000000000000000, 0.000000000000000000 ) ) ;
#1589 = ORIENTED_EDGE ( 'NONE', *, *, #2153, .T. ) ;
#1590 = CARTESIAN_POINT ( 'NONE',  ( 40.64246182869790402, -40.64246182869739243, -49.15958877646468750 ) ) ;
#1591 = ORIENTED_EDGE ( 'NONE', *, *, #1520, .T. ) ;
#1592 = PLANE ( 'NONE',  #318 ) ;
#1593 = EDGE_CURVE ( 'NONE', #2213, #2258, #2109, .T. ) ;
#1594 = CARTESIAN_POINT ( 'NONE',  ( -43.42901968458507156, -28.74913713146022687, 54.03151300360995180 ) ) ;
#1595 = CARTESIAN_POINT ( 'NONE',  ( 0.000000000000000000, 0.000000000000000000, 0.000000000000000000 ) ) ;
#1596 = CARTESIAN_POINT ( 'NONE',  ( 49.93087654877569292, -35.87742112645759107, 35.87742112645759818 ) ) ;
#1597 = CARTESIAN_POINT ( 'NONE',  ( -65.06683145021109738, -36.85200695187067765, -36.85200695189250553 ) ) ;
#1598 = CARTESIAN_POINT ( 'NONE',  ( 21.66706243768483020, -8.319867070395519093, 53.94166460365848081 ) ) ;
#1599 = SURFACE_STYLE_USAGE ( .BOTH. , #1237 ) ;
#1600 = ORIENTED_EDGE ( 'NONE', *, *, #2346, .T. ) ;
#1601 = CARTESIAN_POINT ( 'NONE',  ( 48.45568038987831727, -39.97039901563931608, -48.45568038987771331 ) ) ;
#1602 = EDGE_CURVE ( 'NONE', #388, #2026, #950, .T. ) ;
#1603 = AXIS2_PLACEMENT_3D ( 'NONE', #736, #1832, #1885 ) ;
#1604 = CARTESIAN_POINT ( 'NONE',  ( -15.00769046467673817, -15.00769046467716272, -35.14012576694400991 ) ) ;
#1605 = ORIENTED_EDGE ( 'NONE', *, *, #1533, .F. ) ;
#1606 = CARTESIAN_POINT ( 'NONE',  ( -27.41697210537080664, -27.41697210537062190, 50.28220041540752305 ) ) ;
#1607 = CARTESIAN_POINT ( 'NONE',  ( 52.18562007262377023, -37.04845886313570702, 52.13741310645546179 ) ) ;
#1608 = CARTESIAN_POINT ( 'NONE',  ( -47.99547338916407568, -10.69771447768737715, -10.69771447768737893 ) ) ;
#1609 = CARTESIAN_POINT ( 'NONE',  ( -48.24341192835498049, 9.481936902471151285, 2.125885034182118272 ) ) ;
#1610 = PLANE ( 'NONE',  #382 ) ;
#1611 = ORIENTED_EDGE ( 'NONE', *, *, #404, .F. ) ;
#1612 = CARTESIAN_POINT ( 'NONE',  ( -1.543494584897621123E-13, 0.000000000000000000, 44.07023400875461050 ) ) ;
#1613 = B_SPLINE_CURVE_WITH_KNOTS ( 'NONE', 3,
 ( #1297, #1633, #1998, #2368, #64, #579, #210, #235, #2283, #1512, #2094, #2251, #1340, #567, #1913, #1534 ),
 .UNSPECIFIED., .F., .F.,
 ( 4, 2, 2, 2, 2, 2, 2, 4 ),
 ( 2.951234432125931539E-07, 0.002087854995204663569, 0.003131634931085384033, 0.004175414866966103630, 0.005219194802846823661, 0.006262974738727543692, 0.007306754674608263722, 0.008350534610488983753 ),
 .UNSPECIFIED. ) ;
#1614 = CARTESIAN_POINT ( 'NONE',  ( -8.875664068991687472, -8.875664068992040967, -30.78540859500252225 ) ) ;
#1615 = DIRECTION ( 'NONE',  ( 1.000000000000000000, 0.000000000000000000, 0.000000000000000000 ) ) ;
#1616 = DIRECTION ( 'NONE',  ( -0.000000000000000000, -1.000000000000000000, -0.000000000000000000 ) ) ;
#1617 = AXIS2_PLACEMENT_3D ( 'NONE', #591, #613, #1925 ) ;
#1618 = CARTESIAN_POINT ( 'NONE',  ( 48.46415277037296221, -44.17674285813522772, 44.17674285813523483 ) ) ;
#1619 = CARTESIAN_POINT ( 'NONE',  ( -48.93857307896846009, -14.80479242101726989, -14.80479242101727699 ) ) ;
#1620 = CARTESIAN_POINT ( 'NONE',  ( 52.13741310645507099, -37.04845886313572123, 52.18562007262413971 ) ) ;
#1621 = DIRECTION ( 'NONE',  ( 0.7071067811865489050, -0.7071067811865462405, 7.395598297413355878E-15 ) ) ;
#1622 = VERTEX_POINT ( 'NONE', #991 ) ;
#1623 = DIRECTION ( 'NONE',  ( 0.000000000000000000, -0.7071067811865463515, -0.7071067811865486830 ) ) ;
#1624 = CARTESIAN_POINT ( 'NONE',  ( 51.74257167191327511, 0.6621522475840135868, 11.88785520667875595 ) ) ;
#1625 = ORIENTED_EDGE ( 'NONE', *, *, #1628, .T. ) ;
#1626 = CARTESIAN_POINT ( 'NONE',  ( 46.02461357315261381, -34.13416408858281414, -34.13416408858269335 ) ) ;
#1627 = EDGE_CURVE ( 'NONE', #2062, #853, #4, .T. ) ;
#1628 = EDGE_CURVE ( 'NONE', #1991, #109, #1100, .T. ) ;
#1629 = TOROIDAL_SURFACE ( 'NONE', #2056, 65.00000000000000000, 9.999999999999987566 ) ;
#1630 = CARTESIAN_POINT ( 'NONE',  ( 52.19628980900699133, -37.13920097469416959, -52.19628980900639448 ) ) ;
#1631 = CARTESIAN_POINT ( 'NONE',  ( 52.43619396822802514, -41.85786437626943979, 43.56890086767970871 ) ) ;
#1632 = CIRCLE ( 'NONE', #1942, 5.999999999999998224 ) ;
#1633 = CARTESIAN_POINT ( 'NONE',  ( 2.095415515906105050E-13, 2.279365661061321424E-15, -19.70734868314093902 ) ) ;
#1634 = CARTESIAN_POINT ( 'NONE',  ( 52.18562007262372759, -37.04845886313575676, 52.13741310645549731 ) ) ;
#1635 = B_SPLINE_CURVE_WITH_KNOTS ( 'NONE', 3,
 ( #817, #84, #828, #61, #2339, #670, #2159, #1782, #1953, #97, #839, #1590 ),
 .UNSPECIFIED., .F., .F.,
 ( 4, 2, 2, 2, 2, 4 ),
 ( 3.328679405617385200E-07, 0.007278294191273996898, 0.01455625551460743190, 0.02911217816127429150, 0.04366810080794114590, 0.05822402345460798989 ),
 .UNSPECIFIED. ) ;
#1636 = CARTESIAN_POINT ( 'NONE',  ( 48.45568038987661197, -39.97039901564560438, 48.45568038988417214 ) ) ;
#1637 = EDGE_LOOP ( 'NONE', ( #488, #1518, #171, #984, #1600, #1898, #734, #1548, #1347 ) ) ;
#1638 = EDGE_CURVE ( 'NONE', #1806, #1353, #154, .T. ) ;
#1639 = CARTESIAN_POINT ( 'NONE',  ( -51.20377544527527647, -41.85786437626944689, -42.49460559244189284 ) ) ;
#1640 = CARTESIAN_POINT ( 'NONE',  ( 54.17230680209356564, -26.72568155668218992, 41.28606928383102570 ) ) ;
#1641 = EDGE_LOOP ( 'NONE', ( #1686, #645, #2111 ) ) ;
#1642 = CARTESIAN_POINT ( 'NONE',  ( 54.03151300361012943, -28.74913713146025174, -43.42901968458479445 ) ) ;
#1643 = EDGE_CURVE ( 'NONE', #1579, #1553, #1490, .T. ) ;
#1644 = CARTESIAN_POINT ( 'NONE',  ( 0.000000000000000000, -10.00000000000000000, 0.000000000000000000 ) ) ;
#1645 = DIRECTION ( 'NONE',  ( 0.000000000000000000, 0.000000000000000000, 1.000000000000000000 ) ) ;
#1646 = CARTESIAN_POINT ( 'NONE',  ( -21.73402968150024961, -0.3759753149345249623, 0.3759753149345226864 ) ) ;
#1647 = CARTESIAN_POINT ( 'NONE',  ( 55.34879428096230924, -39.36982191838930589, 50.73210104666784304 ) ) ;
#1648 = CARTESIAN_POINT ( 'NONE',  ( 49.77311357202901831, -12.53894532552269325, -12.53894532552263641 ) ) ;
#1649 = ORIENTED_EDGE ( 'NONE', *, *, #194, .T. ) ;
#1650 = CARTESIAN_POINT ( 'NONE',  ( -37.13057569238372935, -18.13971302679790298, -18.13971302679790298 ) ) ;
#1651 = EDGE_CURVE ( 'NONE', #878, #2161, #676, .T. ) ;
#1652 = CARTESIAN_POINT ( 'NONE',  ( -4.495674806679854640, 4.495674806679717861, 41.80712675969585490 ) ) ;
#1653 = ORIENTED_EDGE ( 'NONE', *, *, #2140, .F. ) ;
#1654 = DIRECTION ( 'NONE',  ( 0.000000000000000000, 0.000000000000000000, 1.000000000000000000 ) ) ;
#1655 = CARTESIAN_POINT ( 'NONE',  ( -48.93857307896844588, -14.80479242101724680, 14.80479242101718285 ) ) ;
#1656 = CARTESIAN_POINT ( 'NONE',  ( -21.40162778172362934, -0.2870486971727170822, -0.2870486971727178593 ) ) ;
#1657 = CARTESIAN_POINT ( 'NONE',  ( -19.00000000000000000, 0.000000000000000000, -8.673617379884035472E-16 ) ) ;
#1658 = CARTESIAN_POINT ( 'NONE',  ( -54.11618275104334685, -41.85786437626945400, 47.82127526706028675 ) ) ;
#1659 = EDGE_LOOP ( 'NONE', ( #2387, #873, #2327, #355 ) ) ;
#1660 = CARTESIAN_POINT ( 'NONE',  ( -47.62381434203052777, -37.38009914628368335, -37.38009914628368335 ) ) ;
#1661 = CARTESIAN_POINT ( 'NONE',  ( 44.17674285813490798, -44.17674285813524904, 48.46415277037322511 ) ) ;
#1662 = VERTEX_POINT ( 'NONE', #539 ) ;
#1663 = CARTESIAN_POINT ( 'NONE',  ( 48.93857307896844588, -14.80479242102756032, -14.80479242102749815 ) ) ;
#1664 = FACE_OUTER_BOUND ( 'NONE', #850, .T. ) ;
#1665 = B_SPLINE_CURVE_WITH_KNOTS ( 'NONE', 3,
 ( #1943, #1293, #2043, #1281 ),
 .UNSPECIFIED., .F., .F.,
 ( 4, 4 ),
 ( 1.457167719820517959E-16, 0.001823679283749855568 ),
 .UNSPECIFIED. ) ;
#1666 = CIRCLE ( 'NONE', #183, 10.00000000000000178 ) ;
#1667 = CARTESIAN_POINT ( 'NONE',  ( 0.000000000000000000, 0.000000000000000000, 0.000000000000000000 ) ) ;
#1668 = ADVANCED_FACE ( 'NONE', ( #1871 ), #170, .T. ) ;
#1669 = AXIS2_PLACEMENT_3D ( 'NONE', #834, #482, #2132 ) ;
#1670 = CARTESIAN_POINT ( 'NONE',  ( -23.55591379069887736, -1.105352250545639237, 1.105352250545634352 ) ) ;
#1671 = CARTESIAN_POINT ( 'NONE',  ( 54.06909945212389346, -41.98660758132191262, 47.80419788720834617 ) ) ;
#1672 = CARTESIAN_POINT ( 'NONE',  ( 0.5819097832793089786, -0.5819097832793902469, 22.37094870727468887 ) ) ;
#1673 = ORIENTED_EDGE ( 'NONE', *, *, #114, .F. ) ;
#1674 = CARTESIAN_POINT ( 'NONE',  ( 1.586130609297624838, -1.586130609297368821, -24.36221681670454586 ) ) ;
#1675 = CARTESIAN_POINT ( 'NONE',  ( 22.87269661394452314, -22.87269661390162412, 62.88817789674298098 ) ) ;
#1676 = CONICAL_SURFACE ( 'NONE', #2178, 73.76753207067065432, 0.5017271634761818477 ) ;
#1677 = ORIENTED_EDGE ( 'NONE', *, *, #876, .F. ) ;
#1678 = CARTESIAN_POINT ( 'NONE',  ( 25.71773251353731382, -2.718156047402132902, 2.718156047402133346 ) ) ;
#1679 = CARTESIAN_POINT ( 'NONE',  ( 4.848189086566594980E-13, 11.37092468211881702, -47.20721289669467780 ) ) ;
#1680 = CARTESIAN_POINT ( 'NONE',  ( -24.10374470603312247, -1.419069972181323580, 1.419069972181318029 ) ) ;
#1681 = CARTESIAN_POINT ( 'NONE',  ( 52.19628980900859005, -37.13920097470987258, 52.19628980901671156 ) ) ;
#1682 = CARTESIAN_POINT ( 'NONE',  ( -1.051086869833534156E-13, 6.934959370121281275, 48.65933864398294872 ) ) ;
#1683 = ORIENTED_EDGE ( 'NONE', *, *, #968, .F. ) ;
#1684 = CARTESIAN_POINT ( 'NONE',  ( -49.15958877646512803, -40.64246182869739954, -40.64246182869739954 ) ) ;
#1685 =( BOUNDED_SURFACE ( )  B_SPLINE_SURFACE ( 3, 2, ( 
 ( #1272, #2013, #556 ),
 ( #885, #334, #1310 ),
 ( #1286, #704, #1112 ),
 ( #1086, #1101, #2047 ) ),
 .UNSPECIFIED., .F., .F., .F. ) 
 B_SPLINE_SURFACE_WITH_KNOTS ( ( 4, 4 ),
 ( 3, 3 ),
 ( 0.02197228569937680065, 0.02202368522101290013 ),
 ( 0.5080218227712085532, 1.000000000000000000 ),
 .UNSPECIFIED. ) 
 GEOMETRIC_REPRESENTATION_ITEM ( )  RATIONAL_B_SPLINE_SURFACE ( (
 ( 0.6665752175355410536, 0.6718400986736554614, 1.000000000000000000),
 ( 0.6670427125715616690, 0.6723002118174871145, 1.000000000000000000),
 ( 0.6675105685206408346, 0.6727606801754475452, 1.000000000000000000),
 ( 0.6679787026217286483, 0.6732214222933099457, 1.000000000000000000) ) ) 
 REPRESENTATION_ITEM ( '' )  SURFACE ( )  );
#1686 = ORIENTED_EDGE ( 'NONE', *, *, #1961, .T. ) ;
#1687 = CARTESIAN_POINT ( 'NONE',  ( -52.19628980901752158, -37.13920097471083182, 52.19628980900848347 ) ) ;
#1688 = AXIS2_PLACEMENT_3D ( 'NONE', #1569, #1788, #268 ) ;
#1689 = FACE_OUTER_BOUND ( 'NONE', #2242, .T. ) ;
#1690 = CARTESIAN_POINT ( 'NONE',  ( -36.85200695188386533, -36.85200695186178876, 65.06683145025345993 ) ) ;
#1691 = CARTESIAN_POINT ( 'NONE',  ( 2.812123984236641672, -2.812123984236162055, -45.40846830017925129 ) ) ;
#1692 = CARTESIAN_POINT ( 'NONE',  ( -1.543494584897621123E-13, 0.000000000000000000, 44.07023400875461050 ) ) ;
#1693 = CARTESIAN_POINT ( 'NONE',  ( 52.15716622318137752, -37.07878164742115956, 52.18939763305758817 ) ) ;
#1694 = ORIENTED_EDGE ( 'NONE', *, *, #1460, .F. ) ;
#1695 = CARTESIAN_POINT ( 'NONE',  ( 2.063473903465145385E-13, 9.452887691357987840E-16, -19.70734868314094612 ) ) ;
#1696 = EDGE_CURVE ( 'NONE', #1431, #1803, #549, .T. ) ;
#1697 = CARTESIAN_POINT ( 'NONE',  ( 41.92138050178503761, -41.85786437626945400, 49.67492180994910456 ) ) ;
#1698 = APPLICATION_CONTEXT ( 'automotive_design' ) ;
#1699 = ORIENTED_EDGE ( 'NONE', *, *, #521, .F. ) ;
#1700 = CARTESIAN_POINT ( 'NONE',  ( -24.48113118346837780, -24.48113118346823924, 40.89239011484571762 ) ) ;
#1701 = B_SPLINE_CURVE_WITH_KNOTS ( 'NONE', 3,
 ( #1778, #461, #2003, #1962 ),
 .UNSPECIFIED., .F., .F.,
 ( 4, 4 ),
 ( 0.002293055700206702522, 0.002480808381641440383 ),
 .UNSPECIFIED. ) ;
#1702 = CARTESIAN_POINT ( 'NONE',  ( 50.73210104665501063, -39.36982191836762013, -55.34879428096566301 ) ) ;
#1703 = CARTESIAN_POINT ( 'NONE',  ( 4.800677624575486446E-13, 0.4751155575277327126, -46.06415059405459544 ) ) ;
#1704 = CARTESIAN_POINT ( 'NONE',  ( 3.690211918102712652, 8.094452514046380998, -49.02774490863012602 ) ) ;
#1705 = CARTESIAN_POINT ( 'NONE',  ( 50.65396592356874095, -39.24423010468016315, 55.37030828957612272 ) ) ;
#1706 = ORIENTED_EDGE ( 'NONE', *, *, #1708, .T. ) ;
#1707 = CARTESIAN_POINT ( 'NONE',  ( -48.45568038988474058, -39.97039901564600939, 48.45568038987635617 ) ) ;
#1708 = EDGE_CURVE ( 'NONE', #118, #1315, #2028, .T. ) ;
#1709 = CARTESIAN_POINT ( 'NONE',  ( -43.42901968458421180, -28.74913713146021976, -54.03151300361056997 ) ) ;
#1710 = ORIENTED_EDGE ( 'NONE', *, *, #2073, .F. ) ;
#1711 = CARTESIAN_POINT ( 'NONE',  ( 49.02774490863964019, 8.094452514028978030, -3.690211918099933097 ) ) ;
#1712 = CARTESIAN_POINT ( 'NONE',  ( 27.20813692616461310, -4.386560765951122320, 4.386560765951120544 ) ) ;
#1713 = DIRECTION ( 'NONE',  ( -0.7071067811865475727, 0.7071067811865475727, 0.000000000000000000 ) ) ;
#1714 = DIRECTION ( 'NONE',  ( 0.000000000000000000, 1.000000000000000000, 0.000000000000000000 ) ) ;
#1715 = CIRCLE ( 'NONE', #1915, 19.00000000000000000 ) ;
#1716 = CARTESIAN_POINT ( 'NONE',  ( -55.37030828957576034, -39.24423010468031237, -50.65396592356921701 ) ) ;
#1717 = VERTEX_POINT ( 'NONE', #1844 ) ;
#1718 = DIRECTION ( 'NONE',  ( 1.000000000000000000, 0.000000000000000000, 0.000000000000000000 ) ) ;
#1719 = CARTESIAN_POINT ( 'NONE',  ( 43.56890086767688786, -41.85786437626945400, 52.43619396822623457 ) ) ;
#1720 = ORIENTED_EDGE ( 'NONE', *, *, #296, .T. ) ;
#1721 = CARTESIAN_POINT ( 'NONE',  ( 52.42874021093042103, 2.850191655590152084, 2.850191655883070219 ) ) ;
#1722 = DIRECTION ( 'NONE',  ( 0.7071067811865474617, -0.7071067811865474617, 7.406550393246796425E-15 ) ) ;
#1723 = CARTESIAN_POINT ( 'NONE',  ( 4.852419933759700711E-13, 0.9731580557275185672, -46.79558332358223538 ) ) ;
#1724 = CARTESIAN_POINT ( 'NONE',  ( -49.98688355097858960, -34.99450056962002265, 52.74151410235214144 ) ) ;
#1725 = CARTESIAN_POINT ( 'NONE',  ( 48.45568038987831017, -39.97039901563934450, -48.45568038987774884 ) ) ;
#1726 = ADVANCED_FACE ( 'NONE', ( #527 ), #33, .T. ) ;
#1727 = ORIENTED_EDGE ( 'NONE', *, *, #1922, .F. ) ;
#1728 = CARTESIAN_POINT ( 'NONE',  ( -34.74467359338077443, -20.54094707205648263, -54.72284875697212669 ) ) ;
#1729 = CARTESIAN_POINT ( 'NONE',  ( -22.87269661393329301, -22.87269661389080966, -62.88817789676469516 ) ) ;
#1730 = ORIENTED_EDGE ( 'NONE', *, *, #49, .T. ) ;
#1731 = FACE_OUTER_BOUND ( 'NONE', #1280, .T. ) ;
#1732 = CARTESIAN_POINT ( 'NONE',  ( 30.78540859500241211, -8.875664068992040967, 8.875664068992042743 ) ) ;
#1733 = CARTESIAN_POINT ( 'NONE',  ( 47.90090634523743773, 2.354939084782567082, -1.366441629549333424E-14 ) ) ;
#1734 = CARTESIAN_POINT ( 'NONE',  ( 47.94734359062632478, -41.85786437626945400, -54.12834010212443303 ) ) ;
#1735 = CARTESIAN_POINT ( 'NONE',  ( 54.10879007258167661, -41.85786437626945400, -47.75816595311565749 ) ) ;
#1736 = EDGE_CURVE ( 'NONE', #68, #2147, #1407, .T. ) ;
#1737 = DIRECTION ( 'NONE',  ( -5.316073312656208871E-15, -5.142882101409110757E-15, 1.000000000000000000 ) ) ;
#1738 = ORIENTED_EDGE ( 'NONE', *, *, #1165, .F. ) ;
#1739 = CARTESIAN_POINT ( 'NONE',  ( -21.66706243768446782, -8.319867070395533304, -53.94166460365861582 ) ) ;
#1740 = EDGE_CURVE ( 'NONE', #1315, #195, #1715, .T. ) ;
#1741 = CARTESIAN_POINT ( 'NONE',  ( 2.850191655930000678, 2.850191655636566512, -52.42874021103507687 ) ) ;
#1742 = ORIENTED_EDGE ( 'NONE', *, *, #1961, .F. ) ;
#1743 = DIRECTION ( 'NONE',  ( 0.1694254330185491486, 0.6968841448355963530, 0.6968841448355937995 ) ) ;
#1744 = CIRCLE ( 'NONE', #693, 5.999999999999998224 ) ;
#1745 = CARTESIAN_POINT ( 'NONE',  ( -50.73525530006471485, 3.630977290505525090, -8.622566335821488792 ) ) ;
#1746 = CARTESIAN_POINT ( 'NONE',  ( -9.488401050488656452, -9.488401050478080023, 58.65128814941873969 ) ) ;
#1747 = AXIS2_PLACEMENT_3D ( 'NONE', #1986, #1616, #2354 ) ;
#1748 = B_SPLINE_CURVE_WITH_KNOTS ( 'NONE', 3,
 ( #271, #310, #822, #1575 ),
 .UNSPECIFIED., .F., .F.,
 ( 4, 4 ),
 ( 0.007661184392479969234, 0.009484863676225144952 ),
 .UNSPECIFIED. ) ;
#1749 = CARTESIAN_POINT ( 'NONE',  ( -8.622566335821662875, 3.630977290505530419, 50.73525530006466511 ) ) ;
#1750 = B_SPLINE_CURVE_WITH_KNOTS ( 'NONE', 3,
 ( #1545, #601, #1148, #1734 ),
 .UNSPECIFIED., .F., .F.,
 ( 4, 4 ),
 ( 0.000000000000000000, 0.0001877526814110559857 ),
 .UNSPECIFIED. ) ;
#1751 = CARTESIAN_POINT ( 'NONE',  ( 50.61792982938580820, 4.316160010773617550, 7.882612295611663988 ) ) ;
#1752 = CARTESIAN_POINT ( 'NONE',  ( -65.24644148668873811, -46.05360288297966775, -46.05360288297968197 ) ) ;
#1753 = DIRECTION ( 'NONE',  ( 0.000000000000000000, -1.000000000000000000, 5.782411586589358822E-15 ) ) ;
#1754 = CARTESIAN_POINT ( 'NONE',  ( -7.882612295601618690, 4.316160010774493294, -50.61792982938761298 ) ) ;
#1755 = EDGE_LOOP ( 'NONE', ( #790, #485, #403, #14 ) ) ;
#1756 = CARTESIAN_POINT ( 'NONE',  ( 2.326828918379970970E-15, 0.000000000000000000, -19.00000000000000000 ) ) ;
#1757 = FACE_OUTER_BOUND ( 'NONE', #1189, .T. ) ;
#1758 = CARTESIAN_POINT ( 'NONE',  ( -45.23821245426658777, 0.1454635790887796598, -5.244465274287039409E-16 ) ) ;
#1759 = B_SPLINE_CURVE_WITH_KNOTS ( 'NONE', 3,
 ( #2324, #1441, #1214, #301 ),
 .UNSPECIFIED., .F., .F.,
 ( 4, 4 ),
 ( 0.007661184392480823585, 0.009484863676225542203 ),
 .UNSPECIFIED. ) ;
#1760 = CONICAL_SURFACE ( 'NONE', #398, 26.07106781186551103, 0.7853981633974432830 ) ;
#1761 = PRODUCT_DEFINITION_CONTEXT ( 'detailed design', #1698, 'design' ) ;
#1762 = ORIENTED_EDGE ( 'NONE', *, *, #1835, .F. ) ;
#1763 = CARTESIAN_POINT ( 'NONE',  ( 48.45568038987831017, -41.85786437626945400, -48.45568038987774884 ) ) ;
#1764 = LINE ( 'NONE', #1804, #1179 ) ;
#1765 = CARTESIAN_POINT ( 'NONE',  ( 54.11618270927791485, -41.85786437626945400, 47.82127491052143853 ) ) ;
#1766 = EDGE_LOOP ( 'NONE', ( #2312, #1471, #459, #1238 ) ) ;
#1767 = DIRECTION ( 'NONE',  ( 0.000000000000000000, 0.000000000000000000, 1.000000000000000000 ) ) ;
#1768 = B_SPLINE_CURVE_WITH_KNOTS ( 'NONE', 3,
 ( #1170, #977, #3, #1499, #1510, #794, #2235, #1542, #575, #16, #2280, #427, #1181, #1921, #1678, #565 ),
 .UNSPECIFIED., .F., .F.,
 ( 4, 2, 2, 2, 2, 2, 2, 4 ),
 ( 2.951234432163894497E-07, 0.002087811559715099536, 0.003131569777851036466, 0.004175327995986972962, 0.005219086214122909892, 0.006262844432258846822, 0.007306602650394783752, 0.008350360868530722416 ),
 .UNSPECIFIED. ) ;
#1769 = ADVANCED_FACE ( 'NONE', ( #38 ), #2107, .T. ) ;
#1770 = VERTEX_POINT ( 'NONE', #1552 ) ;
#1771 = CARTESIAN_POINT ( 'NONE',  ( -53.94332488116420876, -8.332144142800613551, -21.68028439505951255 ) ) ;
#1772 = CARTESIAN_POINT ( 'NONE',  ( -3.690211918106575339, 8.094452514046963643, 49.02774490862985601 ) ) ;
#1773 = DIRECTION ( 'NONE',  ( 1.000000000000000000, 0.000000000000000000, 0.000000000000000000 ) ) ;
#1774 = EDGE_CURVE ( 'NONE', #1485, #1662, #298, .T. ) ;
#1775 = CARTESIAN_POINT ( 'NONE',  ( 54.73484819582908045, -20.28868811037606079, 34.47712042695485479 ) ) ;
#1776 = CARTESIAN_POINT ( 'NONE',  ( -54.69959190436461682, -1.136539655979138752, -1.136539655986285258 ) ) ;
#1777 = CARTESIAN_POINT ( 'NONE',  ( -48.45568038987794068, -39.97039901564012609, -48.45568038987869386 ) ) ;
#1778 = CARTESIAN_POINT ( 'NONE',  ( 47.94734359064968032, -41.85786437626945400, 54.12834010213528302 ) ) ;
#1779 = CARTESIAN_POINT ( 'NONE',  ( 65.00000000000000000, -41.85786437626945400, 0.000000000000000000 ) ) ;
#1780 = VERTEX_POINT ( 'NONE', #1908 ) ;
#1781 = CIRCLE ( 'NONE', #2095, 5.999999999999998224 ) ;
#1782 = CARTESIAN_POINT ( 'NONE',  ( 24.48113118346865491, -24.48113118346822503, -40.89239011484554709 ) ) ;
#1783 = TOROIDAL_SURFACE ( 'NONE', #733, 65.00000000000000000, 9.999999999999987566 ) ;
#1784 = CARTESIAN_POINT ( 'NONE',  ( 50.73525530006472195, 3.630977290505510879, 8.622566335821506556 ) ) ;
#1785 = B_SPLINE_CURVE_WITH_KNOTS ( 'NONE', 3,
 ( #1514, #1561, #780, #24, #2287, #768, #2097, #2298, #1547, #213, #593, #961, #1905, #995, #582, #2254 ),
 .UNSPECIFIED., .F., .F.,
 ( 4, 2, 2, 2, 2, 2, 2, 4 ),
 ( 2.951234432125931539E-07, 0.002087811559715081755, 0.003131569777851020853, 0.004175327995986959952, 0.005219086214122898616, 0.006262844432258838148, 0.007306602650394777680, 0.008350360868530718947 ),
 .UNSPECIFIED. ) ;
#1786 = ORIENTED_EDGE ( 'NONE', *, *, #1740, .T. ) ;
#1787 = B_SPLINE_CURVE_WITH_KNOTS ( 'NONE', 3,
 ( #795, #1712, #1878, #1732, #383, #1521, #2270, #428, #2260, #1889, #62, #990 ),
 .UNSPECIFIED., .F., .F.,
 ( 4, 2, 2, 2, 2, 4 ),
 ( 3.328679405654834645E-07, 0.007278294191273993428, 0.01455625551460742496, 0.02911217816127429150, 0.04366810080794115284, 0.05822402345460801765 ),
 .UNSPECIFIED. ) ;
#1788 = DIRECTION ( 'NONE',  ( 0.000000000000000000, 1.000000000000000000, 0.000000000000000000 ) ) ;
#1789 = CARTESIAN_POINT ( 'NONE',  ( 41.92138050179453757, -41.85786437626945400, -49.67492180994108253 ) ) ;
#1790 = CARTESIAN_POINT ( 'NONE',  ( 58.65128814941606095, -9.488401050480165466, 9.488401050472388576 ) ) ;
#1791 = CARTESIAN_POINT ( 'NONE',  ( -50.28220041540762253, -27.41697210537062190, -27.41697210537062901 ) ) ;
#1792 =( BOUNDED_CURVE ( )  B_SPLINE_CURVE ( 3, ( #1044, #2331, #1801, #1411 ),
 .UNSPECIFIED., .F., .F. ) 
 B_SPLINE_CURVE_WITH_KNOTS ( ( 4, 4 ),
 ( 1.369927184783990004, 2.068988390492490836 ),
 .UNSPECIFIED. ) 
 CURVE ( )  GEOMETRIC_REPRESENTATION_ITEM ( )  RATIONAL_B_SPLINE_CURVE ( ( 1.000000000000000000, 0.9596890430705666830, 0.9596890430705666830, 1.000000000000000000 ) ) 
 REPRESENTATION_ITEM ( '' )  );
#1793 = CARTESIAN_POINT ( 'NONE',  ( -51.73811928762007284, 0.6764764467889132771, 11.87214911943325824 ) ) ;
#1794 = ORIENTED_EDGE ( 'NONE', *, *, #1808, .F. ) ;
#1795 = CARTESIAN_POINT ( 'NONE',  ( -55.36342173643504339, -39.28637496152610709, 50.68031517153340104 ) ) ;
#1796 = AXIS2_PLACEMENT_3D ( 'NONE', #2222, #182, #721 ) ;
#1797 = CARTESIAN_POINT ( 'NONE',  ( 49.15958877646527725, -40.64246182869744217, -40.64246182869727875 ) ) ;
#1798 = ORIENTED_EDGE ( 'NONE', *, *, #1377, .T. ) ;
#1799 = CARTESIAN_POINT ( 'NONE',  ( -48.45568038987794068, -39.97039901564012609, -48.45568038987869386 ) ) ;
#1800 = CARTESIAN_POINT ( 'NONE',  ( 40.64246182869790402, -40.64246182869739243, -49.15958877646468750 ) ) ;
#1801 = CARTESIAN_POINT ( 'NONE',  ( -12.53894532552211061, -12.53894532552268792, -49.77311357202913200 ) ) ;
#1802 = CARTESIAN_POINT ( 'NONE',  ( 53.84572127730924507, -7.676508426012810027, 20.97330929323092619 ) ) ;
#1803 = VERTEX_POINT ( 'NONE', #2291 ) ;
#1804 = CARTESIAN_POINT ( 'NONE',  ( 74.99999999999998579, 0.000000000000000000, 0.000000000000000000 ) ) ;
#1805 = CARTESIAN_POINT ( 'NONE',  ( 19.00000000000000000, 0.000000000000000000, 8.673617379884035472E-16 ) ) ;
#1806 = VERTEX_POINT ( 'NONE', #1369 ) ;
#1807 = DIRECTION ( 'NONE',  ( 1.000000000000000000, 0.000000000000000000, -1.548860246407864137E-17 ) ) ;
#1808 = EDGE_CURVE ( 'NONE', #1498, #878, #590, .T. ) ;
#1809 = CARTESIAN_POINT ( 'NONE',  ( -18.13971302679745534, -18.13971302679792075, -37.13057569238397804 ) ) ;
#1810 = ORIENTED_EDGE ( 'NONE', *, *, #1174, .F. ) ;
#1811 = DIRECTION ( 'NONE',  ( 0.000000000000000000, 1.000000000000000000, 0.000000000000000000 ) ) ;
#1812 = CARTESIAN_POINT ( 'NONE',  ( -53.02693798200436248, -3.569430482707220964, 16.52408025594356289 ) ) ;
#1813 = CARTESIAN_POINT ( 'NONE',  ( 48.45568038987661197, -39.97039901564560438, 48.45568038988417214 ) ) ;
#1814 = CARTESIAN_POINT ( 'NONE',  ( -43.82803810959946844, -41.85786437626945400, 52.64178190772578603 ) ) ;
#1815 = CARTESIAN_POINT ( 'NONE',  ( -52.18562007262392655, -37.04845886313572123, 52.13741310645528415 ) ) ;
#1816 = ORIENTED_EDGE ( 'NONE', *, *, #1200, .T. ) ;
#1817 = CARTESIAN_POINT ( 'NONE',  ( -25.90602117439494378, -2.928932188134560022, -2.928932188134560466 ) ) ;
#1818 = ADVANCED_FACE ( 'NONE', ( #451 ), #241, .F. ) ;
#1819 = EDGE_CURVE ( 'NONE', #1454, #1770, #2021, .T. ) ;
#1820 = CARTESIAN_POINT ( 'NONE',  ( 50.36171664970398609, 4.617801098167000795, 7.532554001124631249 ) ) ;
#1821 = VERTEX_POINT ( 'NONE', #2166 ) ;
#1822 = CARTESIAN_POINT ( 'NONE',  ( -2.928932188134651060, -2.928932188134560466, 25.90602117439493313 ) ) ;
#1823 = AXIS2_PLACEMENT_3D ( 'NONE', #1595, #1971, #1434 ) ;
#1824 = SHAPE_DEFINITION_REPRESENTATION ( #341, #535 ) ;
#1825 = CARTESIAN_POINT ( 'NONE',  ( -63.82073293591764696, -27.48998628770416630, 27.48998628768421781 ) ) ;
#1826 = CARTESIAN_POINT ( 'NONE',  ( 40.19516226005999471, -25.69296928275921843, -54.28329764859989126 ) ) ;
#1827 = CARTESIAN_POINT ( 'NONE',  ( 52.13741310645601601, -37.04845886313572123, -52.18562007262319469 ) ) ;
#1828 = CARTESIAN_POINT ( 'NONE',  ( -0.07401882803742225458, -0.07401882803735025662, 20.39559172964814238 ) ) ;
#1829 = CARTESIAN_POINT ( 'NONE',  ( 2.928932188134457881, -2.928932188134560022, 25.90602117439495800 ) ) ;
#1830 = ORIENTED_EDGE ( 'NONE', *, *, #339, .T. ) ;
#1831 = CARTESIAN_POINT ( 'NONE',  ( -51.73746934966685274, -41.85786437626943979, -42.87591801926672019 ) ) ;
#1832 = DIRECTION ( 'NONE',  ( 0.000000000000000000, 1.000000000000000000, 0.000000000000000000 ) ) ;
#1833 = ORIENTED_EDGE ( 'NONE', *, *, #829, .F. ) ;
#1834 = CARTESIAN_POINT ( 'NONE',  ( 30.78540859500243343, -8.875664068992048072, -8.875664068992014322 ) ) ;
#1835 = EDGE_CURVE ( 'NONE', #1353, #195, #1764, .T. ) ;
#1836 = CARTESIAN_POINT ( 'NONE',  ( -60.26812964605910850, -13.86694978943339862, 13.86694978943334888 ) ) ;
#1837 = CARTESIAN_POINT ( 'NONE',  ( 7.532554001125137511, 4.617801098167022111, -50.36171664970390083 ) ) ;
#1838 = B_SPLINE_CURVE_WITH_KNOTS ( 'NONE', 3,
 ( #1092, #1482, #136, #2209, #1639, #1831, #2184, #2221, #901, #864, #1290, #874, #2027, #1106, #1301, #2005 ),
 .UNSPECIFIED., .F., .F.,
 ( 4, 2, 2, 2, 2, 2, 2, 4 ),
 ( 6.433743026399380618E-15, 0.0009774482615248028007, 0.001954896523043171946, 0.002932344784561541091, 0.003909793046079910669, 0.004887241307598279814, 0.005864689569116648959, 0.007819586092153380311 ),
 .UNSPECIFIED. ) ;
#1839 = DIRECTION ( 'NONE',  ( 0.7071067811865463515, -0.7071067811865486830, 0.000000000000000000 ) ) ;
#1840 = CARTESIAN_POINT ( 'NONE',  ( -2.718302418630385464, -2.718302418630294870, 25.71786326857647964 ) ) ;
#1841 = CARTESIAN_POINT ( 'NONE',  ( -1.581277415212862789E-13, 0.2361784965679059323, 45.52495197906574020 ) ) ;
#1842 = ORIENTED_EDGE ( 'NONE', *, *, #446, .F. ) ;
#1843 = FACE_OUTER_BOUND ( 'NONE', #928, .T. ) ;
#1844 = CARTESIAN_POINT ( 'NONE',  ( -54.10879007258167661, -41.85786437626945400, 47.75816595311565749 ) ) ;
#1845 = ORIENTED_EDGE ( 'NONE', *, *, #2238, .T. ) ;
#1846 = EDGE_CURVE ( 'NONE', #634, #738, #663, .T. ) ;
#1847 = CARTESIAN_POINT ( 'NONE',  ( 53.84572127731012614, -7.676508426022580878, -20.97330929324155946 ) ) ;
#1848 = CARTESIAN_POINT ( 'NONE',  ( 51.20377544527236324, -41.85786437626946821, -42.49460559243983937 ) ) ;
#1849 = CARTESIAN_POINT ( 'NONE',  ( 48.41938354525423449, -39.93410217101595805, 48.46415277037321800 ) ) ;
#1850 = CARTESIAN_POINT ( 'NONE',  ( 21.68028439506007032, -8.332144142800613551, -53.94332488116396718 ) ) ;
#1851 = CARTESIAN_POINT ( 'NONE',  ( -25.71786326857648675, -2.718302418630294870, 2.718302418630284656 ) ) ;
#1852 = CARTESIAN_POINT ( 'NONE',  ( -44.65101725691075529, -41.85786437626945400, 53.16896475184989157 ) ) ;
#1853 = EDGE_CURVE ( 'NONE', #659, #1498, #1701, .T. ) ;
#1854 = CARTESIAN_POINT ( 'NONE',  ( 52.18562007262391234, -37.04845886313572123, -52.13741310645529836 ) ) ;
#1855 = VERTEX_POINT ( 'NONE', #1075 ) ;
#1856 = CARTESIAN_POINT ( 'NONE',  ( -50.31407977848456881, -41.85786437626947531, 42.07293586212839642 ) ) ;
#1857 = CARTESIAN_POINT ( 'NONE',  ( 1.136539656038535684, -1.136539655995933540, 54.69959190440952312 ) ) ;
#1858 = ORIENTED_EDGE ( 'NONE', *, *, #1421, .T. ) ;
#1859 = CARTESIAN_POINT ( 'NONE',  ( 47.62381434203064856, -37.38009914628373309, -37.38009914628359809 ) ) ;
#1860 = CARTESIAN_POINT ( 'NONE',  ( 53.00724301853210108, -41.85786437626945400, -44.36809184592907229 ) ) ;
#1861 = CARTESIAN_POINT ( 'NONE',  ( 41.97863577826360171, -41.85786437626945400, -50.00145812334562834 ) ) ;
#1862 = AXIS2_PLACEMENT_3D ( 'NONE', #1188, #799, #1366 ) ;
#1863 = DIRECTION ( 'NONE',  ( 1.000000000000000000, 0.000000000000000000, 0.000000000000000000 ) ) ;
#1864 = AXIS2_PLACEMENT_3D ( 'NONE', #1935, #1525, #1173 ) ;
#1865 = DIRECTION ( 'NONE',  ( 0.000000000000000000, 1.000000000000000000, 0.000000000000000000 ) ) ;
#1866 = FACE_OUTER_BOUND ( 'NONE', #1439, .T. ) ;
#1867 = AXIS2_PLACEMENT_3D ( 'NONE', #511, #1077, #973 ) ;
#1868 = CARTESIAN_POINT ( 'NONE',  ( -41.92138050178469655, -41.85786437626945400, -49.67492180994938877 ) ) ;
#1869 = ORIENTED_EDGE ( 'NONE', *, *, #93, .T. ) ;
#1870 = CARTESIAN_POINT ( 'NONE',  ( -49.67492180994828033, -41.85786437626945400, 41.92138050178602526 ) ) ;
#1871 = FACE_OUTER_BOUND ( 'NONE', #903, .T. ) ;
#1872 = CONICAL_SURFACE ( 'NONE', #1747, 26.07106781186551103, 0.7853981633974432830 ) ;
#1873 = B_SPLINE_CURVE_WITH_KNOTS ( 'NONE', 3,
 ( #723, #140, #172, #1080 ),
 .UNSPECIFIED., .F., .F.,
 ( 4, 4 ),
 ( 0.000000000000000000, 0.0001086942509573664598 ),
 .UNSPECIFIED. ) ;
#1874 = ORIENTED_EDGE ( 'NONE', *, *, #2204, .F. ) ;
#1875 = CARTESIAN_POINT ( 'NONE',  ( -4.386560765951217356, -4.386560765951121432, 27.20813692616459178 ) ) ;
#1876 =( BOUNDED_SURFACE ( )  B_SPLINE_SURFACE ( 3, 2, ( 
 ( #1882, #1705, #2274 ),
 ( #971, #947, #1693 ),
 ( #1160, #615, #811 ),
 ( #35, #629, #1175 ) ),
 .UNSPECIFIED., .F., .F., .F. ) 
 B_SPLINE_SURFACE_WITH_KNOTS ( ( 4, 4 ),
 ( 3, 3 ),
 ( 0.02197228569937690473, 0.02202368522100794229 ),
 ( 0.5080218227712089973, 1.000000000000000000 ),
 .UNSPECIFIED. ) 
 GEOMETRIC_REPRESENTATION_ITEM ( )  RATIONAL_B_SPLINE_SURFACE ( (
 ( 0.6665752175355399434, 0.6718400986736547953, 1.000000000000000000),
 ( 0.6670427125715170380, 0.6723002118174434827, 1.000000000000000000),
 ( 0.6675105685205449113, 0.6727606801753535093, 1.000000000000000000),
 ( 0.6679787026215898704, 0.6732214222931737213, 1.000000000000000000) ) ) 
 REPRESENTATION_ITEM ( '' )  SURFACE ( )  );
#1877 = B_SPLINE_CURVE_WITH_KNOTS ( 'NONE', 3,
 ( #1078, #124, #1966, #1614, #1993, #1604, #1809, #2360, #442, #326, #2340, #2295 ),
 .UNSPECIFIED., .F., .F.,
 ( 4, 2, 2, 2, 2, 4 ),
 ( 3.328679405665808486E-07, 0.007278294191273996031, 0.01455625551460742670, 0.02911217816127428110, 0.04366810080794114590, 0.05822402345460800377 ),
 .UNSPECIFIED. ) ;
#1878 = CARTESIAN_POINT ( 'NONE',  ( 28.43653834442158512, -5.870222574542254712, 5.870222574542255600 ) ) ;
#1879 = FACE_OUTER_BOUND ( 'NONE', #900, .T. ) ;
#1880 = FACE_OUTER_BOUND ( 'NONE', #1358, .T. ) ;
#1881 = B_SPLINE_CURVE_WITH_KNOTS ( 'NONE', 3,
 ( #2133, #1960, #2112, #272, #1008, #81, #2309, #1631, #460, #1211, #1223, #1949, #1018, #92, #2366, #835 ),
 .UNSPECIFIED., .F., .F.,
 ( 4, 2, 2, 2, 2, 2, 2, 4 ),
 ( 6.433743026399380618E-15, 0.0009774482615247999818, 0.001954896523043166308, 0.002932344784561532851, 0.003909793046079899394, 0.004887241307598265937, 0.005864689569116632480, 0.007819586092153357759 ),
 .UNSPECIFIED. ) ;
#1882 = CARTESIAN_POINT ( 'NONE',  ( 47.72763354284787596, -41.88545648029146662, 54.09564442834835063 ) ) ;
#1883 = ORIENTED_EDGE ( 'NONE', *, *, #2329, .F. ) ;
#1884 = DIRECTION ( 'NONE',  ( 0.7071067811865481278, 0.7071067811865469066, 0.000000000000000000 ) ) ;
#1885 = DIRECTION ( 'NONE',  ( 1.000000000000000000, 0.000000000000000000, 0.000000000000000000 ) ) ;
#1886 = EDGE_LOOP ( 'NONE', ( #2000, #1395, #1720 ) ) ;
#1887 = DIRECTION ( 'NONE',  ( -1.734723475976807726E-14, 0.7071067811865486830, -0.7071067811865463515 ) ) ;
#1888 = CIRCLE ( 'NONE', #1020, 5.999999999999998224 ) ;
#1889 = CARTESIAN_POINT ( 'NONE',  ( 46.02461357315250012, -34.13416408858277862, 34.13416408858277862 ) ) ;
#1890 = CARTESIAN_POINT ( 'NONE',  ( 4.803621964546094258E-13, 1.612008113040668711, -47.41134905250100928 ) ) ;
#1891 = DIRECTION ( 'NONE',  ( 0.000000000000000000, 1.000000000000000000, 0.000000000000000000 ) ) ;
#1892 = AXIS2_PLACEMENT_3D ( 'NONE', #761, #598, #1348 ) ;
#1893 = ADVANCED_FACE ( 'NONE', ( #1577 ), #534, .F. ) ;
#1894 = CARTESIAN_POINT ( 'NONE',  ( -1.543494584897621123E-13, 0.000000000000000000, 44.07023400875461050 ) ) ;
#1895 = ORIENTED_EDGE ( 'NONE', *, *, #1207, .T. ) ;
#1896 = CARTESIAN_POINT ( 'NONE',  ( 2.514090881281363821, -2.514090881281095591, -25.51431399875155392 ) ) ;
#1897 = CARTESIAN_POINT ( 'NONE',  ( -10.69771447769181982, -10.69771447769237049, -47.99547338916412542 ) ) ;
#1898 = ORIENTED_EDGE ( 'NONE', *, *, #798, .T. ) ;
#1899 = EDGE_CURVE ( 'NONE', #710, #2186, #1025, .T. ) ;
#1900 = CARTESIAN_POINT ( 'NONE',  ( -15.00769046467726753, -15.00769046467714141, 35.14012576694375412 ) ) ;
#1901 = DIRECTION ( 'NONE',  ( 1.000000000000000000, 0.000000000000000000, 0.000000000000000000 ) ) ;
#1902 = CARTESIAN_POINT ( 'NONE',  ( -48.45568038988474058, -39.97039901564600939, 48.45568038987635617 ) ) ;
#1903 = CIRCLE ( 'NONE', #2284, 5.695390637385770560 ) ;
#1904 = CARTESIAN_POINT ( 'NONE',  ( 13.86694978948191448, -13.86694978943200240, -60.26812964598546074 ) ) ;
#1905 = CARTESIAN_POINT ( 'NONE',  ( 25.08093627600350928, -2.124625539051564704, -2.124625539051555823 ) ) ;
#1906 = ORIENTED_EDGE ( 'NONE', *, *, #1846, .T. ) ;
#1907 = CARTESIAN_POINT ( 'NONE',  ( -53.00724301853210108, -41.85786437626945400, 44.36809184592907229 ) ) ;
#1908 = CARTESIAN_POINT ( 'NONE',  ( 6.217229565095744377E-15, 46.80940551313372566, 27.76753207067068274 ) ) ;
#1909 = ORIENTED_EDGE ( 'NONE', *, *, #1306, .T. ) ;
#1910 = CARTESIAN_POINT ( 'NONE',  ( 58.65128814939124879, -9.488401050479433607, -9.488401050479412291 ) ) ;
#1911 = FACE_OUTER_BOUND ( 'NONE', #391, .T. ) ;
#1912 = EDGE_CURVE ( 'NONE', #1662, #497, #709, .T. ) ;
#1913 = CARTESIAN_POINT ( 'NONE',  ( -2.718302418630014206, -2.718302418630294426, -25.71786326857650806 ) ) ;
#1914 = CARTESIAN_POINT ( 'NONE',  ( 0.000000000000000000, -37.04845886313572123, 0.000000000000000000 ) ) ;
#1915 = AXIS2_PLACEMENT_3D ( 'NONE', #1336, #792, #252 ) ;
#1916 = CARTESIAN_POINT ( 'NONE',  ( -52.18562007262373470, -37.04845886313575676, -52.13741310645549731 ) ) ;
#1917 = ORIENTED_EDGE ( 'NONE', *, *, #1529, .T. ) ;
#1918 = DIRECTION ( 'NONE',  ( -0.6968841448355932444, 0.6968841448355949098, -0.1694254330185573088 ) ) ;
#1919 = CARTESIAN_POINT ( 'NONE',  ( 45.54636941983624610, -41.85786437626945400, 53.58029751303113386 ) ) ;
#1920 = VERTEX_POINT ( 'NONE', #558 ) ;
#1921 = CARTESIAN_POINT ( 'NONE',  ( 25.51421878198081927, -2.513999150291108542, 2.513999150291110318 ) ) ;
#1922 = EDGE_CURVE ( 'NONE', #68, #302, #1164, .T. ) ;
#1923 = CARTESIAN_POINT ( 'NONE',  ( 52.17679047889010491, -37.10902827324635211, -52.19295197981118406 ) ) ;
#1924 = CARTESIAN_POINT ( 'NONE',  ( 48.52723927953523031, 4.008342957572819998, -3.048222332717036415E-14 ) ) ;
#1925 = DIRECTION ( 'NONE',  ( 0.000000000000000000, 0.000000000000000000, -1.000000000000000000 ) ) ;
#1926 = CARTESIAN_POINT ( 'NONE',  ( 35.87742112645813108, -35.87742112645759818, -49.93087654877535897 ) ) ;
#1927 = CARTESIAN_POINT ( 'NONE',  ( -49.15958877646512803, -40.64246182869739954, -40.64246182869739954 ) ) ;
#1928 = EDGE_LOOP ( 'NONE', ( #449, #870, #1292, #180, #866, #1794 ) ) ;
#1929 = CARTESIAN_POINT ( 'NONE',  ( -40.20779402538256875, -25.70491927948112831, -54.28213061807466744 ) ) ;
#1930 = CARTESIAN_POINT ( 'NONE',  ( 0.000000000000000000, 0.000000000000000000, 0.000000000000000000 ) ) ;
#1931 = ORIENTED_EDGE ( 'NONE', *, *, #2402, .T. ) ;
#1932 = DIRECTION ( 'NONE',  ( 0.000000000000000000, 1.000000000000000000, 0.000000000000000000 ) ) ;
#1933 = CARTESIAN_POINT ( 'NONE',  ( -48.45568038987794068, -41.85786437626945400, -48.45568038987869386 ) ) ;
#1934 = CARTESIAN_POINT ( 'NONE',  ( -2.812123984236319707, -2.812123984236157614, 45.40846830017930813 ) ) ;
#1935 = CARTESIAN_POINT ( 'NONE',  ( -5.808225924029510437E-16, -5.808225924029488744E-16, -2.018935112317510273E-30 ) ) ;
#1936 = CARTESIAN_POINT ( 'NONE',  ( 5.870222574542137473, -5.870222574542260041, 28.43653834442161710 ) ) ;
#1937 = EDGE_LOOP ( 'NONE', ( #1515, #672, #1909, #365 ) ) ;
#1938 = CARTESIAN_POINT ( 'NONE',  ( -52.13741310645475124, -37.04845886313572123, -52.18562007262446656 ) ) ;
#1939 = CARTESIAN_POINT ( 'NONE',  ( -34.47712042696174706, -20.28868811036902287, -54.73484819581927496 ) ) ;
#1940 = ORIENTED_EDGE ( 'NONE', *, *, #1473, .F. ) ;
#1941 = CARTESIAN_POINT ( 'NONE',  ( -47.94734359066066531, -41.85786437626945400, 54.12834010212785074 ) ) ;
#1942 = AXIS2_PLACEMENT_3D ( 'NONE', #283, #2289, #1032 ) ;
#1943 = CARTESIAN_POINT ( 'NONE',  ( 49.15958877646512803, -40.64246182869739954, 40.64246182869739954 ) ) ;
#1944 = CARTESIAN_POINT ( 'NONE',  ( -48.03396531940265390, 2.616764982217859359, 1.484427429889533611E-14 ) ) ;
#1945 = CARTESIAN_POINT ( 'NONE',  ( -4.279415882841888674, 7.552743316553309327, 49.15827555799862836 ) ) ;
#1946 = CARTESIAN_POINT ( 'NONE',  ( 48.93857307896846009, -14.80479242101726989, 14.80479242101727699 ) ) ;
#1947 = EDGE_LOOP ( 'NONE', ( #1762, #2325, #692, #656 ) ) ;
#1948 = EDGE_CURVE ( 'NONE', #1565, #1353, #855, .T. ) ;
#1949 = CARTESIAN_POINT ( 'NONE',  ( 53.45544577645798512, -41.85786437626945400, 45.23956148067014027 ) ) ;
#1950 = CARTESIAN_POINT ( 'NONE',  ( 30.38269899322961365, -16.44247189003238674, 54.70684166243140822 ) ) ;
#1951 = CARTESIAN_POINT ( 'NONE',  ( 0.000000000000000000, -2.928932188134560466, 0.000000000000000000 ) ) ;
#1952 = ORIENTED_EDGE ( 'NONE', *, *, #2238, .F. ) ;
#1953 = CARTESIAN_POINT ( 'NONE',  ( 27.68558167605921128, -27.68558167605876363, -42.65908012387427561 ) ) ;
#1954 = CARTESIAN_POINT ( 'NONE',  ( -48.45568038988474058, -39.97039901564600939, 48.45568038987635617 ) ) ;
#1955 = EDGE_CURVE ( 'NONE', #1315, #1579, #1235, .T. ) ;
#1956 = CARTESIAN_POINT ( 'NONE',  ( -47.73984928750384427, 10.31589715634088655, 1.863054099514086135E-13 ) ) ;
#1957 = FACE_OUTER_BOUND ( 'NONE', #1886, .T. ) ;
#1958 = CARTESIAN_POINT ( 'NONE',  ( 37.38009914628341335, -37.38009914628373309, 47.62381434203076935 ) ) ;
#1959 = CARTESIAN_POINT ( 'NONE',  ( -48.46415277037296221, -44.17674285813522772, -44.17674285813523483 ) ) ;
#1960 = CARTESIAN_POINT ( 'NONE',  ( 50.00145812334609730, -41.85786437626946821, 41.97863577826309722 ) ) ;
#1961 = EDGE_CURVE ( 'NONE', #1855, #1821, #1435, .T. ) ;
#1962 = CARTESIAN_POINT ( 'NONE',  ( 47.75816595311548696, -41.85786437626945400, 54.10879007258184004 ) ) ;
#1963 = CARTESIAN_POINT ( 'NONE',  ( 40.64246182869710111, -40.64246182869743507, 49.15958877646541225 ) ) ;
#1964 = VERTEX_POINT ( 'NONE', #1505 ) ;
#1965 = CARTESIAN_POINT ( 'NONE',  ( -52.19628980901752158, -37.13920097471083182, 52.19628980900848347 ) ) ;
#1966 = CARTESIAN_POINT ( 'NONE',  ( -5.870222574541936744, -5.870222574542260041, -28.43653834442165973 ) ) ;
#1967 = EDGE_CURVE ( 'NONE', #1780, #1920, #1666, .T. ) ;
#1968 = ORIENTED_EDGE ( 'NONE', *, *, #1736, .T. ) ;
#1969 = CARTESIAN_POINT ( 'NONE',  ( -48.45568038988474058, -39.97039901564600939, 48.45568038987635617 ) ) ;
#1970 = CARTESIAN_POINT ( 'NONE',  ( 0.9662655834933525645, 0.9662655834935083288, 43.76457135821288347 ) ) ;
#1971 = DIRECTION ( 'NONE',  ( 0.000000000000000000, 1.000000000000000000, 0.000000000000000000 ) ) ;
#1972 = DIRECTION ( 'NONE',  ( -0.000000000000000000, -1.000000000000000000, -0.000000000000000000 ) ) ;
#1973 = ORIENTED_EDGE ( 'NONE', *, *, #911, .T. ) ;
#1974 = EDGE_CURVE ( 'NONE', #1353, #1202, #1114, .T. ) ;
#1975 = CARTESIAN_POINT ( 'NONE',  ( -43.09201033902105138, -41.85786437626946821, -51.98291543747338039 ) ) ;
#1976 = PRESENTATION_STYLE_ASSIGNMENT (( #1599 ) ) ;
#1977 = ORIENTED_EDGE ( 'NONE', *, *, #506, .F. ) ;
#1978 = TOROIDAL_SURFACE ( 'NONE', #417, 65.00000000000000000, 9.999999999999987566 ) ;
#1979 = DIRECTION ( 'NONE',  ( 5.889823067460858167E-17, -0.8767532070670679412, 0.4809405513133731547 ) ) ;
#1980 =( GEOMETRIC_REPRESENTATION_CONTEXT ( 3 ) GLOBAL_UNCERTAINTY_ASSIGNED_CONTEXT ( ( #1573 ) ) GLOBAL_UNIT_ASSIGNED_CONTEXT ( ( #95, #134, #1394 ) ) REPRESENTATION_CONTEXT ( 'NONE', 'WORKASPACE' ) );
#1981 = CARTESIAN_POINT ( 'NONE',  ( 52.74151410235231197, -34.99450056962001554, 49.98688355097841196 ) ) ;
#1982 = ORIENTED_EDGE ( 'NONE', *, *, #15, .T. ) ;
#1983 = DIRECTION ( 'NONE',  ( -1.095209583345269751E-17, -0.7071067811865462405, -0.7071067811865489050 ) ) ;
#1984 = AXIS2_PLACEMENT_3D ( 'NONE', #1777, #260, #1753 ) ;
#1985 = CARTESIAN_POINT ( 'NONE',  ( -47.01630309732630053, 1.174707851197305919, 1.098265633922320308E-14 ) ) ;
#1986 = CARTESIAN_POINT ( 'NONE',  ( 0.000000000000000000, -2.928932188134560466, 0.000000000000000000 ) ) ;
#1987 = CARTESIAN_POINT ( 'NONE',  ( 63.82073293591930963, -27.48998628771692410, 27.48998628769712482 ) ) ;
#1988 = CARTESIAN_POINT ( 'NONE',  ( -50.61792982938580820, 4.316160010773617550, -7.882612295611663988 ) ) ;
#1989 = CARTESIAN_POINT ( 'NONE',  ( -54.28213061807424822, -25.70491927948111055, 40.20779402538312297 ) ) ;
#1990 = CARTESIAN_POINT ( 'NONE',  ( -1.543494584897621123E-13, 0.000000000000000000, 44.07023400875461050 ) ) ;
#1991 = VERTEX_POINT ( 'NONE', #935 ) ;
#1992 = CARTESIAN_POINT ( 'NONE',  ( -55.37030828957595929, -39.24423010468023421, 50.65396592356897543 ) ) ;
#1993 = CARTESIAN_POINT ( 'NONE',  ( -10.39755817907238900, -10.39755817907276025, -31.90555342968889718 ) ) ;
#1994 = ORIENTED_EDGE ( 'NONE', *, *, #404, .T. ) ;
#1995 = CARTESIAN_POINT ( 'NONE',  ( 35.14012576694384649, -15.00769046467716272, -15.00769046467710055 ) ) ;
#1996 = B_SPLINE_CURVE_WITH_KNOTS ( 'NONE', 3,
 ( #2276, #1695, #26, #605, #2040, #770, #1516, #181, #925, #401, #1674, #584, #1152, #1896, #215, #435 ),
 .UNSPECIFIED., .F., .F.,
 ( 4, 2, 2, 2, 2, 2, 2, 4 ),
 ( 2.951234432950331766E-07, 0.002087854995204737728, 0.003131634931085459060, 0.004175414866966179958, 0.005219194802846901723, 0.006262974738727622621, 0.007306754674608343519, 0.008350534610489065285 ),
 .UNSPECIFIED. ) ;
#1997 = CARTESIAN_POINT ( 'NONE',  ( -49.37931082883385159, -40.08521590474859408, 40.08521590474843777 ) ) ;
#1998 = CARTESIAN_POINT ( 'NONE',  ( -0.07401882803713483172, -0.07401882803734961824, -20.39559172964814948 ) ) ;
#1999 = EDGE_CURVE ( 'NONE', #710, #118, #2303, .T. ) ;
#2000 = ORIENTED_EDGE ( 'NONE', *, *, #2346, .F. ) ;
#2001 = CIRCLE ( 'NONE', #824, 27.76753207067068274 ) ;
#2002 = EDGE_CURVE ( 'NONE', #195, #2399, #1785, .T. ) ;
#2003 = CARTESIAN_POINT ( 'NONE',  ( 47.82127526705975384, -41.85786437626945400, 54.11618275104346765 ) ) ;
#2004 = ORIENTED_EDGE ( 'NONE', *, *, #1377, .F. ) ;
#2005 = CARTESIAN_POINT ( 'NONE',  ( -54.10879007258153450, -41.85786437626945400, -47.75816595311585644 ) ) ;
#2006 = CARTESIAN_POINT ( 'NONE',  ( 48.32637481935292811, 8.655095731745522158, -9.838286173448182200E-14 ) ) ;
#2007 = ORIENTED_EDGE ( 'NONE', *, *, #2073, .T. ) ;
#2008 = CARTESIAN_POINT ( 'NONE',  ( 31.90555342968878705, -10.39755817907276203, -10.39755817907272295 ) ) ;
#2009 = CARTESIAN_POINT ( 'NONE',  ( 52.64178190772454258, -41.85786437626946821, -43.82803810959710233 ) ) ;
#2010 = CARTESIAN_POINT ( 'NONE',  ( 42.87591801926728152, -41.85786437626946110, -51.73746934966640509 ) ) ;
#2011 = CARTESIAN_POINT ( 'NONE',  ( -24.36221681670457073, -1.586130609297372818, -1.586130609297373706 ) ) ;
#2012 =( GEOMETRIC_REPRESENTATION_CONTEXT ( 3 ) GLOBAL_UNCERTAINTY_ASSIGNED_CONTEXT ( ( #2035 ) ) GLOBAL_UNIT_ASSIGNED_CONTEXT ( ( #2226, #1307, #2176 ) ) REPRESENTATION_CONTEXT ( 'NONE', 'WORKASPACE' ) );
#2013 = CARTESIAN_POINT ( 'NONE',  ( -50.65396592356842120, -39.24423010468026263, -55.37030828957647088 ) ) ;
#2014 = CARTESIAN_POINT ( 'NONE',  ( 54.07818680504711040, -41.95314697332064213, 47.77894398367064355 ) ) ;
#2015 = CARTESIAN_POINT ( 'NONE',  ( 49.15958877646512803, -40.64246182869739954, 40.64246182869739954 ) ) ;
#2016 = ORIENTED_EDGE ( 'NONE', *, *, #251, .T. ) ;
#2017 = CARTESIAN_POINT ( 'NONE',  ( -30.78540859500241211, -8.875664068992040967, -8.875664068992042743 ) ) ;
#2018 = CARTESIAN_POINT ( 'NONE',  ( 10.69771447769712758, -10.69771447769734074, 47.99547338914421601 ) ) ;
#2019 = EDGE_LOOP ( 'NONE', ( #2371, #2301, #1527, #1215, #1952, #351 ) ) ;
#2020 = CARTESIAN_POINT ( 'NONE',  ( 50.28220041540765806, -27.41697210537068585, -27.41697210537057927 ) ) ;
#2021 = B_SPLINE_CURVE_WITH_KNOTS ( 'NONE', 3,
 ( #2181, #1609, #273, #1062, #1224, #311, #1793, #1021, #323, #825, #2146, #1989, #1047, #508, #284, #1251, #1261, #1815 ),
 .UNSPECIFIED., .F., .F.,
 ( 4, 2, 2, 2, 2, 2, 2, 2, 4 ),
 ( 0.000000000000000000, 0.009066885862519306200, 0.01360032879377895583, 0.01813377172503860546, 0.03626754345007719010, 0.05440131517511578169, 0.05893475810637541917, 0.06346820103763504972, 0.07253508690015435245 ),
 .UNSPECIFIED. ) ;
#2022 = CARTESIAN_POINT ( 'NONE',  ( 43.09201033902481015, -41.85786437626945400, -51.98291543747499333 ) ) ;
#2023 = CARTESIAN_POINT ( 'NONE',  ( -2.124703946929594522, -2.124703946929506593, 25.08103038132934159 ) ) ;
#2024 = CARTESIAN_POINT ( 'NONE',  ( -9.793236058372178892E-14, 7.515495636242234490, 48.57691842084226153 ) ) ;
#2025 = EDGE_CURVE ( 'NONE', #622, #2384, #921, .T. ) ;
#2026 = VERTEX_POINT ( 'NONE', #226 ) ;
#2027 = CARTESIAN_POINT ( 'NONE',  ( -53.58029751303139676, -41.85786437626945400, -45.54636941983809351 ) ) ;
#2028 = LINE ( 'NONE', #207, #2225 ) ;
#2029 = ORIENTED_EDGE ( 'NONE', *, *, #1643, .F. ) ;
#2030 = CARTESIAN_POINT ( 'NONE',  ( 54.69974241821441296, -16.03627704372078000, -29.94986734860384914 ) ) ;
#2031 = AXIS2_PLACEMENT_3D ( 'NONE', #2386, #748, #1201 ) ;
#2032 = CARTESIAN_POINT ( 'NONE',  ( -45.40846830017931524, -2.812123984231225560, 2.812123984231207352 ) ) ;
#2033 = CARTESIAN_POINT ( 'NONE',  ( 2.129261486241621704, 9.478936704165279892, -48.24505767885308671 ) ) ;
#2034 = ADVANCED_FACE ( 'NONE', ( #1150 ), #1876, .T. ) ;
#2035 = UNCERTAINTY_MEASURE_WITH_UNIT (LENGTH_MEASURE( 1.000000000000000082E-05 ), #2226, 'distance_accuracy_value', 'NONE');
#2036 = CARTESIAN_POINT ( 'NONE',  ( 49.15958877646527725, -40.64246182869744217, -40.64246182869727875 ) ) ;
#2037 = CARTESIAN_POINT ( 'NONE',  ( -41.92138050179380571, -41.85786437626945400, 49.67492180994170781 ) ) ;
#2038 = CARTESIAN_POINT ( 'NONE',  ( 1.586130609297278005, -1.586130609297369709, 24.36221681670457428 ) ) ;
#2039 = ORIENTED_EDGE ( 'NONE', *, *, #1306, .F. ) ;
#2040 = CARTESIAN_POINT ( 'NONE',  ( 0.3759753149347537238, -0.3759753149345252954, -21.73402968150024961 ) ) ;
#2041 = CARTESIAN_POINT ( 'NONE',  ( -2.850191655750834663, 2.850191655707102534, 52.42874021087384051 ) ) ;
#2042 = ORIENTED_EDGE ( 'NONE', *, *, #19, .F. ) ;
#2043 = CARTESIAN_POINT ( 'NONE',  ( 49.52361354189801546, -41.46020538473854344, 41.48409509168055820 ) ) ;
#2044 = PRODUCT_CONTEXT ( 'NONE', #993, 'mechanical' ) ;
#2045 = CARTESIAN_POINT ( 'NONE',  ( 42.07293586213041436, -41.85786437626945400, -50.31407977848785862 ) ) ;
#2046 = FACE_OUTER_BOUND ( 'NONE', #800, .T. ) ;
#2047 = CARTESIAN_POINT ( 'NONE',  ( -52.19628980901856607, -37.13920097471386583, -52.19628980900975534 ) ) ;
#2048 = CARTESIAN_POINT ( 'NONE',  ( -41.97863577826349513, -41.85786437626945400, 50.00145812334687889 ) ) ;
#2049 = CARTESIAN_POINT ( 'NONE',  ( 0.2870486971726383119, -0.2870486971727149728, 21.40162778172362934 ) ) ;
#2050 = EDGE_LOOP ( 'NONE', ( #827, #149, #1053, #1337 ) ) ;
#2051 = CARTESIAN_POINT ( 'NONE',  ( 0.000000000000000000, -41.85786437626945400, 0.000000000000000000 ) ) ;
#2052 = CARTESIAN_POINT ( 'NONE',  ( 46.79558332358223538, 0.9731580557275196774, -7.025767578988386288E-15 ) ) ;
#2053 = ORIENTED_EDGE ( 'NONE', *, *, #1167, .F. ) ;
#2054 = DIRECTION ( 'NONE',  ( -0.6984253643104775255, -0.6984253643104781917, 0.1562178638170190481 ) ) ;
#2055 = CARTESIAN_POINT ( 'NONE',  ( 50.68031517153062282, -39.28637496152111197, -55.36342173643556919 ) ) ;
#2056 = AXIS2_PLACEMENT_3D ( 'NONE', #767, #2253, #1333 ) ;
#2057 = CARTESIAN_POINT ( 'NONE',  ( 52.19628980900854742, -37.13920097470981574, 52.19628980901668314 ) ) ;
#2058 = CARTESIAN_POINT ( 'NONE',  ( -0.6992493099797527645, -0.6992493099796729394, 22.67783112712753635 ) ) ;
#2059 = CIRCLE ( 'NONE', #119, 19.00000000000000000 ) ;
#2060 = ADVANCED_FACE ( 'NONE', ( #2263 ), #1206, .T. ) ;
#2061 = CARTESIAN_POINT ( 'NONE',  ( -1.446623957918309256E-13, 4.008342957572819998, 48.52723927953522320 ) ) ;
#2062 = VERTEX_POINT ( 'NONE', #46 ) ;
#2063 = CARTESIAN_POINT ( 'NONE',  ( -52.43619396822644063, -41.85786437626945400, 43.56890086767748471 ) ) ;
#2064 = CARTESIAN_POINT ( 'NONE',  ( 14.80479242101702653, -14.80479242101725745, 48.93857307896850983 ) ) ;
#2065 = CIRCLE ( 'NONE', #503, 5.999999999999998224 ) ;
#2066 = CARTESIAN_POINT ( 'NONE',  ( -5.870222574542354188, -5.870222574542257377, 28.43653834442157091 ) ) ;
#2067 = CARTESIAN_POINT ( 'NONE',  ( 54.15107102726408073, -41.85786437626945400, -48.45568038987772752 ) ) ;
#2068 = EDGE_CURVE ( 'NONE', #2195, #2149, #1041, .T. ) ;
#2069 = CARTESIAN_POINT ( 'NONE',  ( 4.711354276849346999E-13, 0.02828108346075474885, -44.66145935711607962 ) ) ;
#2070 = DIRECTION ( 'NONE',  ( 1.000000000000000000, 0.000000000000000000, 0.000000000000000000 ) ) ;
#2071 = ADVANCED_FACE ( 'NONE', ( #56 ), #1352, .F. ) ;
#2072 = CARTESIAN_POINT ( 'NONE',  ( -52.19295197981404755, -37.10902827326365383, -52.17679047890048594 ) ) ;
#2073 = EDGE_CURVE ( 'NONE', #1334, #437, #1121, .T. ) ;
#2074 = ORIENTED_EDGE ( 'NONE', *, *, #1651, .T. ) ;
#2075 = DIRECTION ( 'NONE',  ( 0.000000000000000000, 1.000000000000000000, 0.000000000000000000 ) ) ;
#2076 = CARTESIAN_POINT ( 'NONE',  ( -27.41697210537002860, -27.41697210537066098, -50.28220041540799201 ) ) ;
#2077 = EDGE_LOOP ( 'NONE', ( #2086, #594 ) ) ;
#2078 = FACE_OUTER_BOUND ( 'NONE', #1076, .T. ) ;
#2079 = AXIS2_PLACEMENT_3D ( 'NONE', #1933, #1258, #1654 ) ;
#2080 = CARTESIAN_POINT ( 'NONE',  ( 0.000000000000000000, -37.04845886313572123, 0.000000000000000000 ) ) ;
#2081 = ADVANCED_FACE ( 'NONE', ( #433 ), #783, .T. ) ;
#2082 = ADVANCED_FACE ( 'NONE', ( #281 ), #2345, .T. ) ;
#2083 = CARTESIAN_POINT ( 'NONE',  ( 4.902439573686480825E-13, 3.428013092681486462, -48.37573822590672989 ) ) ;
#2084 = CARTESIAN_POINT ( 'NONE',  ( 54.15107102726445021, -41.85786437626945400, 48.45568038988417925 ) ) ;
#2085 = CARTESIAN_POINT ( 'NONE',  ( -52.18939763305813528, -37.07878164742625415, -52.15716622318476681 ) ) ;
#2086 = ORIENTED_EDGE ( 'NONE', *, *, #1318, .T. ) ;
#2087 = DIRECTION ( 'NONE',  ( -0.7071067811865475727, 0.7071067811865475727, 0.000000000000000000 ) ) ;
#2088 = CARTESIAN_POINT ( 'NONE',  ( -1.136539655928529235, -1.136539655981488428, -54.69959190439595176 ) ) ;
#2089 = ORIENTED_EDGE ( 'NONE', *, *, #1948, .T. ) ;
#2090 = DIRECTION ( 'NONE',  ( 0.1694254330185491486, 0.6968841448355963530, 0.6968841448355937995 ) ) ;
#2091 = EDGE_CURVE ( 'NONE', #622, #924, #1903, .T. ) ;
#2092 = B_SPLINE_CURVE_WITH_KNOTS ( 'NONE', 3,
 ( #774, #1875, #2066, #416, #1519, #1900, #2103, #1700, #209, #955, #2259, #587 ),
 .UNSPECIFIED., .F., .F.,
 ( 4, 2, 2, 2, 2, 4 ),
 ( 3.328679405654834645E-07, 0.007278294191273996898, 0.01455625551460742843, 0.02911217816127429150, 0.04366810080794115284, 0.05822402345460801765 ),
 .UNSPECIFIED. ) ;
#2093 = SPHERICAL_SURFACE ( 'NONE', #1443, 6.000000000000000000 ) ;
#2094 = CARTESIAN_POINT ( 'NONE',  ( -1.586130609297110139, -1.586130609297372152, -24.36221681670458139 ) ) ;
#2095 = AXIS2_PLACEMENT_3D ( 'NONE', #1902, #796, #1713 ) ;
#2096 = FACE_OUTER_BOUND ( 'NONE', #399, .T. ) ;
#2097 = CARTESIAN_POINT ( 'NONE',  ( 22.67776155612486377, -0.6992216261835279001, -0.6992216261835243474 ) ) ;
#2098 = VERTEX_POINT ( 'NONE', #1424 ) ;
#2099 = DIRECTION ( 'NONE',  ( 0.000000000000000000, -0.000000000000000000, 1.000000000000000000 ) ) ;
#2100 = ADVANCED_FACE ( 'NONE', ( #1438 ), #1978, .T. ) ;
#2101 = CARTESIAN_POINT ( 'NONE',  ( 43.09201033902144218, -41.85786437626946821, 51.98291543747308197 ) ) ;
#2102 = EDGE_LOOP ( 'NONE', ( #112, #1049, #501, #1699, #803, #1940 ) ) ;
#2103 = CARTESIAN_POINT ( 'NONE',  ( -18.13971302679804154, -18.13971302679791009, 37.13057569238367250 ) ) ;
#2104 = CARTESIAN_POINT ( 'NONE',  ( 47.94734359064968032, -41.85786437626945400, 54.12834010213528302 ) ) ;
#2105 = B_SPLINE_CURVE_WITH_KNOTS ( 'NONE', 3,
 ( #2130, #868, #845, #1029 ),
 .UNSPECIFIED., .F., .F.,
 ( 4, 4 ),
 ( 0.000000000000000000, 0.0001086942509671241981 ),
 .UNSPECIFIED. ) ;
#2106 = CARTESIAN_POINT ( 'NONE',  ( 4.745977376719546367E-13, 5.753347879341147220, -48.72004566260829961 ) ) ;
#2107 =( BOUNDED_SURFACE ( )  B_SPLINE_SURFACE ( 3, 2, ( 
 ( #1530, #71, #784 ),
 ( #2267, #815, #2123 ),
 ( #1709, #2113, #50 ),
 ( #1939, #414, #2076 ),
 ( #402, #1729, #264 ),
 ( #596, #230, #1346 ),
 ( #633, #217, #1897 ),
 ( #1754, #2088, #964 ),
 ( #59, #1741, #1564 ),
 ( #998, #802, #1009 ) ),
 .UNSPECIFIED., .F., .F., .F. ) 
 B_SPLINE_SURFACE_WITH_KNOTS ( ( 4, 2, 2, 2, 4 ),
 ( 3, 3 ),
 ( 1.309405442755825710, 1.521172624221031278, 1.732939805686237067, 1.944706987151442856, 2.156474168616648424 ),
 ( 0.000000000000000000, 1.000000000000000000 ),
 .UNSPECIFIED. ) 
 GEOMETRIC_REPRESENTATION_ITEM ( )  RATIONAL_B_SPLINE_SURFACE ( (
 ( 1.000000000000000000, 0.3329787447589659388, 1.000000000000000000),
 ( 1.000000000000000000, 0.3500000725265547397, 1.000000000000000000),
 ( 1.000000000000000000, 0.3678726894529081304, 1.000000000000000000),
 ( 1.000000000000000000, 0.4053261631710339818, 1.000000000000000000),
 ( 1.000000000000000000, 0.4249119281930189840, 1.000000000000000000),
 ( 1.000000000000000000, 0.4657196719900537629, 1.000000000000000000),
 ( 1.000000000000000000, 0.4869484956522548980, 1.000000000000000000),
 ( 1.000000000000000000, 0.5307158790681159033, 1.000000000000000000),
 ( 1.000000000000000000, 0.5532537136070190265, 1.000000000000000000),
 ( 1.000000000000000000, 0.5760537520925826938, 1.000000000000000000) ) ) 
 REPRESENTATION_ITEM ( '' )  SURFACE ( )  );
#2108 = CARTESIAN_POINT ( 'NONE',  ( -40.19516226005958970, -25.69296928275921132, 54.28329764860018969 ) ) ;
#2109 = CIRCLE ( 'NONE', #1057, 19.00000000000000000 ) ;
#2110 = CARTESIAN_POINT ( 'NONE',  ( -55.35624551137385652, -39.32823598117496999, -50.70635638320824512 ) ) ;
#2111 = ORIENTED_EDGE ( 'NONE', *, *, #727, .F. ) ;
#2112 = CARTESIAN_POINT ( 'NONE',  ( 50.31407977848829205, -41.85786437626946110, 42.07293586212988856 ) ) ;
#2113 = CARTESIAN_POINT ( 'NONE',  ( -36.85200695188279951, -36.85200695186176745, -65.06683145025390047 ) ) ;
#2114 = EDGE_LOOP ( 'NONE', ( #2255, #2074, #1653, #184, #1011, #669 ) ) ;
#2115 = CARTESIAN_POINT ( 'NONE',  ( 54.70684166243129454, -16.44247189003238674, -30.38269899322980194 ) ) ;
#2116 = SPHERICAL_SURFACE ( 'NONE', #1456, 6.000000000000000000 ) ;
#2117 = CARTESIAN_POINT ( 'NONE',  ( 52.18562007262374891, -37.04845886313572123, 52.13741310645546179 ) ) ;
#2118 = CARTESIAN_POINT ( 'NONE',  ( 2.850191655683299796, 2.850191655722210893, 52.42874021085726355 ) ) ;
#2119 = CARTESIAN_POINT ( 'NONE',  ( 9.488401050462364594, -9.488401050451392038, -58.65128814941466118 ) ) ;
#2120 = CARTESIAN_POINT ( 'NONE',  ( -1.602390105498612398E-13, -1.687289630930574756E-15, 44.36814862018460559 ) ) ;
#2121 = ORIENTED_EDGE ( 'NONE', *, *, #1019, .F. ) ;
#2122 = CARTESIAN_POINT ( 'NONE',  ( -4.272261873945532251, 7.559150081813601041, -49.15521736738379133 ) ) ;
#2123 = CARTESIAN_POINT ( 'NONE',  ( -40.08521590474793328, -40.08521590474860830, -49.37931082883430634 ) ) ;
#2124 = ORIENTED_EDGE ( 'NONE', *, *, #1421, .F. ) ;
#2125 = CARTESIAN_POINT ( 'NONE',  ( 53.74264736310312429, -29.84353017242106887, -44.57346034464283946 ) ) ;
#2126 = CIRCLE ( 'NONE', #1074, 65.00000000000000000 ) ;
#2127 = CARTESIAN_POINT ( 'NONE',  ( -27.20813692616460955, -4.386560765951124985, 4.386560765951107221 ) ) ;
#2128 = EDGE_CURVE ( 'NONE', #2399, #1381, #1550, .T. ) ;
#2129 = CARTESIAN_POINT ( 'NONE',  ( -44.66145935711606541, 0.02828108346075406190, -3.037632288648551502E-15 ) ) ;
#2130 = CARTESIAN_POINT ( 'NONE',  ( -52.13741310645475124, -37.04845886313572123, -52.18562007262446656 ) ) ;
#2131 = CARTESIAN_POINT ( 'NONE',  ( 54.69974241821530825, -16.03627704373057838, 29.94986734861469557 ) ) ;
#2132 = DIRECTION ( 'NONE',  ( -0.7071067811865475727, 0.7071067811865475727, 0.000000000000000000 ) ) ;
#2133 = CARTESIAN_POINT ( 'NONE',  ( 49.67492180994153017, -41.85786437626945400, 41.92138050179401887 ) ) ;
#2134 = AXIS2_PLACEMENT_3D ( 'NONE', #155, #557, #1273 ) ;
#2135 = CARTESIAN_POINT ( 'NONE',  ( 44.57346034464262630, -29.84353017242105821, 53.74264736310328061 ) ) ;
#2136 = CARTESIAN_POINT ( 'NONE',  ( 4.848189086566594980E-13, 11.37092468211881702, -47.20721289669467780 ) ) ;
#2137 = VERTEX_POINT ( 'NONE', #640 ) ;
#2138 = CARTESIAN_POINT ( 'NONE',  ( 0.000000000000000000, 42.00000000000000000, 0.000000000000000000 ) ) ;
#2139 = CARTESIAN_POINT ( 'NONE',  ( -35.14012576694384649, -15.00769046467716628, 15.00769046467710588 ) ) ;
#2140 = EDGE_CURVE ( 'NONE', #1579, #2161, #2277, .T. ) ;
#2141 = CARTESIAN_POINT ( 'NONE',  ( 0.000000000000000000, -41.85786437626945400, 0.000000000000000000 ) ) ;
#2142 = CARTESIAN_POINT ( 'NONE',  ( -11.88785520667892470, 0.6621522475840267985, 51.74257167191322537 ) ) ;
#2143 = CARTESIAN_POINT ( 'NONE',  ( 53.02693798200068187, -3.569430482698084273, 16.52408025593745222 ) ) ;
#2144 = EDGE_LOOP ( 'NONE', ( #1538, #965, #1079, #1495, #685, #574 ) ) ;
#2145 = CARTESIAN_POINT ( 'NONE',  ( 65.00000000000000000, -41.85786437626945400, 0.000000000000000000 ) ) ;
#2146 = CARTESIAN_POINT ( 'NONE',  ( -54.72284875697177853, -20.54094707205647552, 34.74467359338134287 ) ) ;
#2147 = VERTEX_POINT ( 'NONE', #919 ) ;
#2148 = CARTESIAN_POINT ( 'NONE',  ( -52.15710605901425367, -37.07868929112767375, 52.18938612814167755 ) ) ;
#2149 = VERTEX_POINT ( 'NONE', #347 ) ;
#2150 = CARTESIAN_POINT ( 'NONE',  ( -47.62381434203064856, -37.38009914628373309, 37.38009914628359809 ) ) ;
#2151 = CARTESIAN_POINT ( 'NONE',  ( -16.52408025593764052, -3.569430482698099816, 53.02693798200064634 ) ) ;
#2152 = DIRECTION ( 'NONE',  ( 0.000000000000000000, 0.000000000000000000, -1.000000000000000000 ) ) ;
#2153 = EDGE_CURVE ( 'NONE', #2265, #1964, #620, .T. ) ;
#2154 = CARTESIAN_POINT ( 'NONE',  ( -49.52361354189801546, -41.46020538473854344, -41.48409509168055820 ) ) ;
#2155 = CARTESIAN_POINT ( 'NONE',  ( -54.10879007258153450, -41.85786437626945400, -47.75816595311585644 ) ) ;
#2156 = CARTESIAN_POINT ( 'NONE',  ( -44.65101725690779233, -41.85786437626946821, -53.16896475184952209 ) ) ;
#2157 = CARTESIAN_POINT ( 'NONE',  ( -49.15958877646512803, -40.64246182869739954, -40.64246182869739954 ) ) ;
#2158 = ORIENTED_EDGE ( 'NONE', *, *, #1061, .F. ) ;
#2159 = CARTESIAN_POINT ( 'NONE',  ( 18.13971302679829734, -18.13971302679791009, -37.13057569238354461 ) ) ;
#2160 = CARTESIAN_POINT ( 'NONE',  ( 47.49082457346729313, 10.85390143154651099, -7.055171753499884808E-10 ) ) ;
#2161 = VERTEX_POINT ( 'NONE', #1125 ) ;
#2162 = CARTESIAN_POINT ( 'NONE',  ( -49.15958877646526304, -40.64246182869744217, 40.64246182869728585 ) ) ;
#2163 = CARTESIAN_POINT ( 'NONE',  ( -47.20721289669467780, 11.37092468211881702, 1.011229668145101543E-14 ) ) ;
#2164 = CARTESIAN_POINT ( 'NONE',  ( 62.88817789687996651, -22.87269661391646380, 22.87269661392726405 ) ) ;
#2165 = CARTESIAN_POINT ( 'NONE',  ( -49.37931082883594769, -40.08521590474885699, -40.08521590474886409 ) ) ;
#2166 = CARTESIAN_POINT ( 'NONE',  ( 52.19628980900699133, -37.13920097469416959, -52.19628980900639448 ) ) ;
#2167 = LINE ( 'NONE', #849, #1322 ) ;
#2168 = VERTEX_POINT ( 'NONE', #742 ) ;
#2169 = CARTESIAN_POINT ( 'NONE',  ( -54.10879007258153450, -41.85786437626945400, -47.75816595311585644 ) ) ;
#2170 = ADVANCED_FACE ( 'NONE', ( #2229 ), #176, .F. ) ;
#2171 = STYLED_ITEM ( 'NONE', ( #1976 ), #240 ) ;
#2172 = CARTESIAN_POINT ( 'NONE',  ( 54.70672904638077938, -16.44663459499147606, 30.38711698365430181 ) ) ;
#2173 = ORIENTED_EDGE ( 'NONE', *, *, #2025, .T. ) ;
#2174 = CARTESIAN_POINT ( 'NONE',  ( 52.18562007262389102, -37.04845886313573544, -52.13741310645530547 ) ) ;
#2175 = CIRCLE ( 'NONE', #1131, 5.999999999999998224 ) ;
#2176 =( NAMED_UNIT ( * ) SI_UNIT ( $, .STERADIAN. ) SOLID_ANGLE_UNIT ( ) );
#2177 = CARTESIAN_POINT ( 'NONE',  ( 41.92138050179453757, -41.85786437626945400, -49.67492180994108253 ) ) ;
#2178 = AXIS2_PLACEMENT_3D ( 'NONE', #280, #1571, #2152 ) ;
#2179 = CARTESIAN_POINT ( 'NONE',  ( 2.928932188134457881, -2.928932188134560022, 25.90602117439495800 ) ) ;
#2180 = ORIENTED_EDGE ( 'NONE', *, *, #2128, .F. ) ;
#2181 = CARTESIAN_POINT ( 'NONE',  ( -47.20721289669467780, 11.37092468211881702, 1.011229668145101543E-14 ) ) ;
#2182 = FILL_AREA_STYLE ('',( #837 ) ) ;
#2183 = ORIENTED_EDGE ( 'NONE', *, *, #2382, .F. ) ;
#2184 = CARTESIAN_POINT ( 'NONE',  ( -51.98291543747543386, -41.85786437626944689, -43.09201033902425593 ) ) ;
#2185 = CARTESIAN_POINT ( 'NONE',  ( -51.54082322911649783, -26.65548377519250423, 26.65548377519239764 ) ) ;
#2186 = VERTEX_POINT ( 'NONE', #2191 ) ;
#2187 = CARTESIAN_POINT ( 'NONE',  ( 40.89239011484588104, -24.48113118346826766, -24.48113118346817174 ) ) ;
#2188 = DIRECTION ( 'NONE',  ( 1.000000000000000000, 0.000000000000000000, 0.000000000000000000 ) ) ;
#2189 = CARTESIAN_POINT ( 'NONE',  ( 44.65101725691106793, -41.85786437626946110, -53.16896475184955051 ) ) ;
#2190 = CARTESIAN_POINT ( 'NONE',  ( -21.73402968150025316, -0.3759753149345269052, -0.3759753149345276269 ) ) ;
#2191 = CARTESIAN_POINT ( 'NONE',  ( 52.13741310645507099, -37.04845886313572123, 52.18562007262413971 ) ) ;
#2192 = FACE_OUTER_BOUND ( 'NONE', #426, .T. ) ;
#2193 = CIRCLE ( 'NONE', #1147, 26.07106781186551103 ) ;
#2194 = CARTESIAN_POINT ( 'NONE',  ( -1.515267797523854836E-13, 1.851677006114475166, 47.58936998003116514 ) ) ;
#2195 = VERTEX_POINT ( 'NONE', #1827 ) ;
#2196 = CARTESIAN_POINT ( 'NONE',  ( -54.06909945212543533, -41.98660758131685355, 47.80419788720438135 ) ) ;
#2197 = CARTESIAN_POINT ( 'NONE',  ( 41.48409509167769471, -41.46020538473615602, 49.52361354189730491 ) ) ;
#2198 =( BOUNDED_SURFACE ( )  B_SPLINE_SURFACE ( 3, 2, ( 
 ( #1159, #2262, #2297 ),
 ( #395, #1187, #592 ),
 ( #1926, #1196, #408 ),
 ( #628, #580, #602 ),
 ( #1376, #20, #1341 ),
 ( #246, #1904, #1535 ),
 ( #945, #2119, #970 ),
 ( #1691, #34, #2252 ),
 ( #959, #223, #1704 ),
 ( #444, #1351, #421 ) ),
 .UNSPECIFIED., .F., .F., .F. ) 
 B_SPLINE_SURFACE_WITH_KNOTS ( ( 4, 2, 2, 2, 4 ),
 ( 3, 3 ),
 ( 1.309405442755818383, 1.521172624221025060, 1.732939805686231960, 1.944706987151438637, 2.156474168616645315 ),
 ( 0.000000000000000000, 1.000000000000000000 ),
 .UNSPECIFIED. ) 
 GEOMETRIC_REPRESENTATION_ITEM ( )  RATIONAL_B_SPLINE_SURFACE ( (
 ( 1.000000000000000000, 0.3329787447589653282, 1.000000000000000000),
 ( 1.000000000000000000, 0.3500000725265522972, 1.000000000000000000),
 ( 1.000000000000000000, 0.3678726894529070202, 1.000000000000000000),
 ( 1.000000000000000000, 0.4053261631710330382, 1.000000000000000000),
 ( 1.000000000000000000, 0.4249119281887331345, 1.000000000000000000),
 ( 1.000000000000000000, 0.4657196719943395569, 1.000000000000000000),
 ( 1.000000000000000000, 0.4869484956506645035, 1.000000000000000000),
 ( 1.000000000000000000, 0.5307158790697031892, 1.000000000000000000),
 ( 1.000000000000000000, 0.5532537136058262028, 1.000000000000000000),
 ( 1.000000000000000000, 0.5760537520925818056, 1.000000000000000000) ) ) 
 REPRESENTATION_ITEM ( '' )  SURFACE ( )  );
#2199 = EDGE_LOOP ( 'NONE', ( #1116, #28, #1226, #327, #1730, #1906, #2208 ) ) ;
#2200 = CARTESIAN_POINT ( 'NONE',  ( 8.996130235884892308E-33, -5.808225924029488744E-16, 5.808225924029510437E-16 ) ) ;
#2201 = CIRCLE ( 'NONE', #1071, 5.999999999999998224 ) ;
#2202 = CARTESIAN_POINT ( 'NONE',  ( -49.73331977894181932, 6.693646581991412603, -6.693646581991380629 ) ) ;
#2203 = CARTESIAN_POINT ( 'NONE',  ( 44.56085887486110408, -29.83156059003703930, -53.74460037477246743 ) ) ;
#2204 = EDGE_CURVE ( 'NONE', #853, #249, #561, .T. ) ;
#2205 = CARTESIAN_POINT ( 'NONE',  ( -24.36221681670456363, -1.586130609297371485, 1.586130609297364602 ) ) ;
#2206 = CARTESIAN_POINT ( 'NONE',  ( -6.720550717600792468E-14, 0.000000000000000000, 19.00000000000000000 ) ) ;
#2207 = CARTESIAN_POINT ( 'NONE',  ( 51.54082322911649783, -26.65548377519250778, 26.65548377519250778 ) ) ;
#2208 = ORIENTED_EDGE ( 'NONE', *, *, #875, .T. ) ;
#2209 = CARTESIAN_POINT ( 'NONE',  ( -50.91375495834957121, -41.85786437626945400, -42.32960571923278081 ) ) ;
#2210 = CARTESIAN_POINT ( 'NONE',  ( 44.66145935711606541, 0.02828108346075406190, 3.037632288648551502E-15 ) ) ;
#2211 = AXIS2_PLACEMENT_3D ( 'NONE', #2336, #496, #2310 ) ;
#2212 = ADVANCED_FACE ( 'NONE', ( #321 ), #1685, .T. ) ;
#2213 = VERTEX_POINT ( 'NONE', #153 ) ;
#2214 = CARTESIAN_POINT ( 'NONE',  ( 63.82073293587806262, -27.48998628770420893, -27.48998628766444696 ) ) ;
#2215 = CARTESIAN_POINT ( 'NONE',  ( 50.91375495834638798, -41.85786437626946110, -42.32960571923086945 ) ) ;
#2216 = CARTESIAN_POINT ( 'NONE',  ( 46.47391007016346265, -41.85786437626945400, -53.89583786218874906 ) ) ;
#2217 = CARTESIAN_POINT ( 'NONE',  ( -24.85086701972781498, -1.938942731151723109, -1.938942731151723553 ) ) ;
#2218 = CARTESIAN_POINT ( 'NONE',  ( -54.10879007258167661, -41.85786437626945400, 47.75816595311565749 ) ) ;
#2219 = CARTESIAN_POINT ( 'NONE',  ( 52.18938612814133648, -37.07868929112211021, -52.15710605901026753 ) ) ;
#2220 = ORIENTED_EDGE ( 'NONE', *, *, #1200, .F. ) ;
#2221 = CARTESIAN_POINT ( 'NONE',  ( -52.43619396822803935, -41.85786437626943979, -43.56890086767970161 ) ) ;
#2222 = CARTESIAN_POINT ( 'NONE',  ( 2.326828918379970970E-15, 42.00000000000000000, -19.00000000000000000 ) ) ;
#2223 = VERTEX_POINT ( 'NONE', #1478 ) ;
#2224 = CARTESIAN_POINT ( 'NONE',  ( 0.000000000000000000, 2.000000000000000000, 0.000000000000000000 ) ) ;
#2225 = VECTOR ( 'NONE', #2233, 1000.000000000000000 ) ;
#2226 =( LENGTH_UNIT ( ) NAMED_UNIT ( * ) SI_UNIT ( .MILLI., .METRE. ) );
#2227 = CARTESIAN_POINT ( 'NONE',  ( 5.808225924029489730E-16, 5.808225924029489730E-16, 6.074797597424278484E-30 ) ) ;
#2228 = CARTESIAN_POINT ( 'NONE',  ( 34.74266256340636261, -20.53908607581671575, -54.72241537905078701 ) ) ;
#2229 = FACE_OUTER_BOUND ( 'NONE', #1192, .T. ) ;
#2230 = DIRECTION ( 'NONE',  ( -1.095209583345267748E-17, 0.7071067811865475727, -0.7071067811865475727 ) ) ;
#2231 = EDGE_LOOP ( 'NONE', ( #1023, #1858, #2268 ) ) ;
#2232 = CARTESIAN_POINT ( 'NONE',  ( 55.36342173643595288, -39.28637496152087039, -50.68031517152983412 ) ) ;
#2233 = DIRECTION ( 'NONE',  ( 3.475992736379054890E-15, 0.000000000000000000, -1.000000000000000000 ) ) ;
#2234 = VERTEX_POINT ( 'NONE', #7 ) ;
#2235 = CARTESIAN_POINT ( 'NONE',  ( 22.67776155612486377, -0.6992216261835293434, 0.6992216261835300095 ) ) ;
#2236 = CARTESIAN_POINT ( 'NONE',  ( 45.23956148067070870, -41.85786437626945400, -53.45544577645752327 ) ) ;
#2237 = ADVANCED_FACE ( 'NONE', ( #505 ), #362, .T. ) ;
#2238 = EDGE_CURVE ( 'NONE', #469, #1565, #1183, .T. ) ;
#2239 = CARTESIAN_POINT ( 'NONE',  ( -47.85350992886250054, -32.95692780843464220, 53.29297346577023831 ) ) ;
#2240 = CARTESIAN_POINT ( 'NONE',  ( -47.10907348779333859, -41.85786437626945400, 54.03275483169387172 ) ) ;
#2241 = CARTESIAN_POINT ( 'NONE',  ( -42.49460559243890856, -41.85786437626946821, -51.20377544527213587 ) ) ;
#2242 = EDGE_LOOP ( 'NONE', ( #10, #1694, #999, #1442 ) ) ;
#2243 = CARTESIAN_POINT ( 'NONE',  ( 54.09564442834813036, -41.88545648029157320, -47.72763354284811754 ) ) ;
#2244 = DIRECTION ( 'NONE',  ( -5.229477707032659025E-15, -5.229477707032659025E-15, 1.000000000000000000 ) ) ;
#2245 = ORIENTED_EDGE ( 'NONE', *, *, #1285, .T. ) ;
#2246 = CARTESIAN_POINT ( 'NONE',  ( 45.40846830019917491, -2.812123984226266860, -2.812123984226248652 ) ) ;
#2247 = FACE_OUTER_BOUND ( 'NONE', #1947, .T. ) ;
#2248 = EDGE_CURVE ( 'NONE', #2062, #145, #1613, .T. ) ;
#2249 = CIRCLE ( 'NONE', #1204, 19.00000000000000000 ) ;
#2250 = EDGE_CURVE ( 'NONE', #265, #1622, #647, .T. ) ;
#2251 = CARTESIAN_POINT ( 'NONE',  ( -1.938942731151454213, -1.938942731151723109, -24.85086701972784695 ) ) ;
#2252 = CARTESIAN_POINT ( 'NONE',  ( 7.882612295616996612, 4.316160010773140598, -50.61792982938486318 ) ) ;
#2253 = DIRECTION ( 'NONE',  ( 0.000000000000000000, 1.000000000000000000, 0.000000000000000000 ) ) ;
#2254 = CARTESIAN_POINT ( 'NONE',  ( 25.90602117439494378, -2.928932188134561354, -2.928932188134549808 ) ) ;
#2255 = ORIENTED_EDGE ( 'NONE', *, *, #1325, .F. ) ;
#2256 = CARTESIAN_POINT ( 'NONE',  ( 55.35624551137856031, -39.32823598115167840, -50.70635638319359373 ) ) ;
#2257 = CARTESIAN_POINT ( 'NONE',  ( 47.10907348779235804, -41.85786437626945400, 54.03275483169424831 ) ) ;
#2258 = VERTEX_POINT ( 'NONE', #1186 ) ;
#2259 = CARTESIAN_POINT ( 'NONE',  ( -37.38009914628386809, -37.38009914628369756, 47.62381434203037855 ) ) ;
#2260 = CARTESIAN_POINT ( 'NONE',  ( 42.65908012387455273, -27.68558167605876719, 27.68558167605876719 ) ) ;
#2261 = FACE_OUTER_BOUND ( 'NONE', #275, .T. ) ;
#2262 = CARTESIAN_POINT ( 'NONE',  ( 46.05360288298041382, -46.05360288297970328, -65.24644148668822652 ) ) ;
#2263 = FACE_OUTER_BOUND ( 'NONE', #168, .T. ) ;
#2264 = EDGE_CURVE ( 'NONE', #1169, #1155, #1781, .T. ) ;
#2265 = VERTEX_POINT ( 'NONE', #2057 ) ;
#2266 = DIRECTION ( 'NONE',  ( 0.6984253643104761933, 0.6984253643104766374, 0.1562178638170310108 ) ) ;
#2267 = CARTESIAN_POINT ( 'NONE',  ( -47.85350992886154131, -32.95692780843465641, -53.29297346577106254 ) ) ;
#2268 = ORIENTED_EDGE ( 'NONE', *, *, #1846, .F. ) ;
#2269 = CARTESIAN_POINT ( 'NONE',  ( -48.41938354525385080, -39.93410217101595805, -48.46415277037360880 ) ) ;
#2270 = CARTESIAN_POINT ( 'NONE',  ( 37.13057569238372935, -18.13971302679790298, 18.13971302679790298 ) ) ;
#2271 = CARTESIAN_POINT ( 'NONE',  ( 4.816882717563060973E-13, 4.008342957572819998, -48.52723927953522320 ) ) ;
#2272 = DIRECTION ( 'NONE',  ( 0.000000000000000000, -0.000000000000000000, 1.000000000000000000 ) ) ;
#2273 = EDGE_CURVE ( 'NONE', #2149, #2098, #1750, .T. ) ;
#2274 = CARTESIAN_POINT ( 'NONE',  ( 52.13741310645507099, -37.04845886313565018, 52.18562007262408997 ) ) ;
#2275 = ORIENTED_EDGE ( 'NONE', *, *, #1696, .T. ) ;
#2276 = CARTESIAN_POINT ( 'NONE',  ( 1.998817980520470174E-13, 0.000000000000000000, -19.00000000000000000 ) ) ;
#2277 = B_SPLINE_CURVE_WITH_KNOTS ( 'NONE', 3,
 ( #2179, #846, #1936, #258, #1006, #458, #651, #2332, #1400, #1221, #1958, #665 ),
 .UNSPECIFIED., .F., .F.,
 ( 4, 2, 2, 2, 2, 4 ),
 ( 3.328679405643860803E-07, 0.007278294191273997765, 0.01455625551460743017, 0.02911217816127429150, 0.04366810080794115284, 0.05822402345460801765 ),
 .UNSPECIFIED. ) ;
#2278 = CARTESIAN_POINT ( 'NONE',  ( 42.87591801926392066, -41.85786437626946110, 51.73746934966415267 ) ) ;
#2279 = ORIENTED_EDGE ( 'NONE', *, *, #41, .F. ) ;
#2280 = CARTESIAN_POINT ( 'NONE',  ( 24.36212684654160654, -1.586070555745454858, 1.586070555745455746 ) ) ;
#2281 = ADVANCED_FACE ( 'NONE', ( #32 ), #731, .T. ) ;
#2282 = FACE_OUTER_BOUND ( 'NONE', #988, .T. ) ;
#2283 = CARTESIAN_POINT ( 'NONE',  ( -1.105352250545389881, -1.105352250545641679, -23.55591379069888802 ) ) ;
#2284 = AXIS2_PLACEMENT_3D ( 'NONE', #678, #1972, #131 ) ;
#2285 = CARTESIAN_POINT ( 'NONE',  ( -41.28606928383121755, -26.72568155668218992, 54.17230680209345905 ) ) ;
#2286 =( BOUNDED_SURFACE ( )  B_SPLINE_SURFACE ( 3, 2, ( 
 ( #2243, #937, #389 ),
 ( #747, #2232, #560 ),
 ( #572, #2256, #1163 ),
 ( #228, #1539, #1142 ) ),
 .UNSPECIFIED., .F., .F., .F. ) 
 B_SPLINE_SURFACE_WITH_KNOTS ( ( 4, 4 ),
 ( 3, 3 ),
 ( 0.02197228569937685616, 0.02202368522100178055 ),
 ( 0.5080218227712074430, 1.000000000000000000 ),
 .UNSPECIFIED. ) 
 GEOMETRIC_REPRESENTATION_ITEM ( )  RATIONAL_B_SPLINE_SURFACE ( (
 ( 0.6665752175355401654, 0.6718400986736539071, 1.000000000000000000),
 ( 0.6670427125714637473, 0.6723002118173899699, 1.000000000000000000),
 ( 0.6675105685204341111, 0.6727606801752434862, 1.000000000000000000),
 ( 0.6679787026214243362, 0.6732214222930097414, 1.000000000000000000) ) ) 
 REPRESENTATION_ITEM ( '' )  SURFACE ( )  );
#2287 = CARTESIAN_POINT ( 'NONE',  ( 21.73397522079775612, -0.3759599777128837528, -0.3759599777128813658 ) ) ;
#2288 = ORIENTED_EDGE ( 'NONE', *, *, #2091, .F. ) ;
#2289 = DIRECTION ( 'NONE',  ( 0.1694254330208072590, -0.6968841448353216839, 0.6968841448353193524 ) ) ;
#2290 = CIRCLE ( 'NONE', #1867, 19.00000000000000000 ) ;
#2291 = CARTESIAN_POINT ( 'NONE',  ( 2.863685422718401892E-15, 52.00000000000000711, -19.00000000000000000 ) ) ;
#2292 = ORIENTED_EDGE ( 'NONE', *, *, #1285, .F. ) ;
#2293 = CARTESIAN_POINT ( 'NONE',  ( 53.19348573943921821, -4.295620959661568428, -17.31340408808077669 ) ) ;
#2294 = AXIS2_PLACEMENT_3D ( 'NONE', #2227, #1308, #1722 ) ;
#2295 = CARTESIAN_POINT ( 'NONE',  ( -40.64246182869675295, -40.64246182869742086, -49.15958877646569647 ) ) ;
#2296 = CARTESIAN_POINT ( 'NONE',  ( 54.28585298109386059, -41.38782187302487614, -48.45568038987772752 ) ) ;
#2297 = CARTESIAN_POINT ( 'NONE',  ( 52.13741310645601601, -37.04845886313571413, -52.18562007262322311 ) ) ;
#2298 = CARTESIAN_POINT ( 'NONE',  ( 23.26989781521824696, -0.9607305767960273579, -0.9607305767960229170 ) ) ;
#2299 = ORIENTED_EDGE ( 'NONE', *, *, #357, .F. ) ;
#2300 = CARTESIAN_POINT ( 'NONE',  ( 4.848189086566594980E-13, 11.37092468211881702, -47.20721289669467780 ) ) ;
#2301 = ORIENTED_EDGE ( 'NONE', *, *, #1207, .F. ) ;
#2302 = CARTESIAN_POINT ( 'NONE',  ( 54.17055402605132031, -26.74090770463293509, -41.30214586962787138 ) ) ;
#2303 = B_SPLINE_CURVE_WITH_KNOTS ( 'NONE', 3,
 ( #1288, #1466, #1311, #1494, #570, #2024, #1682, #1321, #1139, #2061, #387, #144, #718, #2194, #1275, #167, #536, #350, #1103, #1841, #202, #67, #2120, #1894 ),
 .UNSPECIFIED., .F., .F.,
 ( 4, 2, 2, 2, 2, 2, 2, 2, 2, 2, 2, 4 ),
 ( -1.597728060969471416E-05, 0.001753128829766319305, 0.003522234940142333296, 0.005291341050518351408, 0.007060447160894368218, 0.008829553271270385029, 0.009714106326458388230, 0.01059865938164639317, 0.01148321243683439637, 0.01236776549202239957, 0.01325231854721040450, 0.01413687160239840770 ),
 .UNSPECIFIED. ) ;
#2304 = CIRCLE ( 'NONE', #86, 5.999999999999998224 ) ;
#2305 = DIRECTION ( 'NONE',  ( 0.000000000000000000, 0.7071067811865486830, -0.7071067811865463515 ) ) ;
#2306 = CARTESIAN_POINT ( 'NONE',  ( -13.86694978949589085, -13.86694978941686074, 60.26812964598693867 ) ) ;
#2307 = CARTESIAN_POINT ( 'NONE',  ( -2.129261486241282419, 9.478936704165283444, 48.24505767885312224 ) ) ;
#2308 = CARTESIAN_POINT ( 'NONE',  ( 54.28585298108769308, -41.38782187304952487, 48.45568038988417925 ) ) ;
#2309 = CARTESIAN_POINT ( 'NONE',  ( 51.98291543747542676, -41.85786437626944689, 43.09201033902424882 ) ) ;
#2310 = DIRECTION ( 'NONE',  ( 0.000000000000000000, 0.000000000000000000, -1.000000000000000000 ) ) ;
#2311 = DIRECTION ( 'NONE',  ( -2.802170561263898972E-14, 0.000000000000000000, 1.000000000000000000 ) ) ;
#2312 = ORIENTED_EDGE ( 'NONE', *, *, #1359, .F. ) ;
#2313 = CYLINDRICAL_SURFACE ( 'NONE', #960, 19.00000000000000000 ) ;
#2314 = ADVANCED_FACE ( 'NONE', ( #2261 ), #247, .T. ) ;
#2315 = DIRECTION ( 'NONE',  ( -5.229477707032679535E-15, 5.229477707032661392E-15, 1.000000000000000000 ) ) ;
#2316 = CARTESIAN_POINT ( 'NONE',  ( -48.52723927953523031, 4.008342957572819998, 3.048222332717036415E-14 ) ) ;
#2317 = VECTOR ( 'NONE', #1807, 1000.000000000000000 ) ;
#2318 = CARTESIAN_POINT ( 'NONE',  ( -48.45568038987563853, -39.97039901564961184, -48.45568038988817960 ) ) ;
#2319 = ADVANCED_FACE ( 'NONE', ( #1879 ), #1361, .T. ) ;
#2320 = CARTESIAN_POINT ( 'NONE',  ( 49.73331977894184774, 6.693646581991442801, -6.693646581991438360 ) ) ;
#2321 = CARTESIAN_POINT ( 'NONE',  ( -49.93087654877569292, -35.87742112645759107, -35.87742112645759818 ) ) ;
#2322 = FACE_OUTER_BOUND ( 'NONE', #525, .T. ) ;
#2323 = CARTESIAN_POINT ( 'NONE',  ( 49.98959203285786401, -34.99708742493928781, 52.74081398228094741 ) ) ;
#2324 = CARTESIAN_POINT ( 'NONE',  ( -41.92138050178469655, -41.85786437626945400, -49.67492180994938877 ) ) ;
#2325 = ORIENTED_EDGE ( 'NONE', *, *, #1974, .T. ) ;
#2326 = CARTESIAN_POINT ( 'NONE',  ( 48.24341192835498759, 9.481936902471151285, -2.125885034182117828 ) ) ;
#2327 = ORIENTED_EDGE ( 'NONE', *, *, #2382, .T. ) ;
#2328 = CARTESIAN_POINT ( 'NONE',  ( -49.15827555799864967, 7.552743316553304886, -4.279415882841719032 ) ) ;
#2329 = EDGE_CURVE ( 'NONE', #469, #286, #2126, .T. ) ;
#2330 = CARTESIAN_POINT ( 'NONE',  ( -47.94734359066066531, -41.85786437626945400, 54.12834010212785074 ) ) ;
#2331 = CARTESIAN_POINT ( 'NONE',  ( -26.65548377519185408, -26.65548377519250067, -51.54082322911677494 ) ) ;
#2332 = CARTESIAN_POINT ( 'NONE',  ( 24.48113118346802608, -24.48113118346825701, 40.89239011484597341 ) ) ;
#2333 = CARTESIAN_POINT ( 'NONE',  ( -50.08195571336067786, -23.16456103872516437, -23.16456103872517147 ) ) ;
#2334 = AXIS2_PLACEMENT_3D ( 'NONE', #680, #690, #2348 ) ;
#2335 = EDGE_CURVE ( 'NONE', #1454, #2026, #765, .T. ) ;
#2336 = CARTESIAN_POINT ( 'NONE',  ( 0.000000000000000000, -2.928932188134560466, 0.000000000000000000 ) ) ;
#2337 = CARTESIAN_POINT ( 'NONE',  ( -25.90602117439494378, -2.928932188134561354, 2.928932188134549808 ) ) ;
#2338 = VERTEX_POINT ( 'NONE', #1056 ) ;
#2339 = CARTESIAN_POINT ( 'NONE',  ( 10.39755817907308533, -10.39755817907274960, -31.90555342968866981 ) ) ;
#2340 = CARTESIAN_POINT ( 'NONE',  ( -37.38009914628306518, -37.38009914628371178, -47.62381434203103225 ) ) ;
#2341 = ORIENTED_EDGE ( 'NONE', *, *, #1099, .T. ) ;
#2342 = SPHERICAL_SURFACE ( 'NONE', #203, 6.000000000000000000 ) ;
#2343 = CARTESIAN_POINT ( 'NONE',  ( -48.72004566260829250, 5.753347879341144555, 4.103665699593597505E-14 ) ) ;
#2344 = B_SPLINE_CURVE_WITH_KNOTS ( 'NONE', 3,
 ( #994, #236, #981, #1735 ),
 .UNSPECIFIED., .F., .F.,
 ( 4, 4 ),
 ( 0.01156581374790482952, 0.01175298827339597667 ),
 .UNSPECIFIED. ) ;
#2345 = SPHERICAL_SURFACE ( 'NONE', #1244, 6.000000000000000000 ) ;
#2346 = EDGE_CURVE ( 'NONE', #434, #793, #212, .T. ) ;
#2347 = CARTESIAN_POINT ( 'NONE',  ( -45.40846830017932234, -2.812123984236139407, -2.812123984236142960 ) ) ;
#2348 = DIRECTION ( 'NONE',  ( -3.655005079910685467E-15, 0.000000000000000000, 1.000000000000000000 ) ) ;
#2349 = VERTEX_POINT ( 'NONE', #2330 ) ;
#2350 = CARTESIAN_POINT ( 'NONE',  ( -40.64246182869757718, -40.64246182869739954, 49.15958877646497172 ) ) ;
#2351 = CARTESIAN_POINT ( 'NONE',  ( 48.65933864398294162, 6.934959370121279498, -5.431565040264890311E-14 ) ) ;
#2352 = LINE ( 'NONE', #552, #2381 ) ;
#2353 = APPLICATION_PROTOCOL_DEFINITION ( 'draft international standard', 'automotive_design', 1998, #1698 ) ;
#2354 = DIRECTION ( 'NONE',  ( 0.000000000000000000, 0.000000000000000000, -1.000000000000000000 ) ) ;
#2355 = CARTESIAN_POINT ( 'NONE',  ( 49.02774490863105683, 8.094452514044776947, 3.690211918103899258 ) ) ;
#2356 = CARTESIAN_POINT ( 'NONE',  ( -63.82073293591930963, -27.48998628771692410, -27.48998628769712482 ) ) ;
#2357 = CARTESIAN_POINT ( 'NONE',  ( -43.82803810959612179, -41.85786437626946821, -52.64178190772467758 ) ) ;
#2358 = ORIENTED_EDGE ( 'NONE', *, *, #1912, .F. ) ;
#2359 = CARTESIAN_POINT ( 'NONE',  ( -6.720550717600792468E-14, 0.000000000000000000, 19.00000000000000000 ) ) ;
#2360 = CARTESIAN_POINT ( 'NONE',  ( -24.48113118346772055, -24.48113118346823924, -40.89239011484612973 ) ) ;
#2361 =( BOUNDED_CURVE ( )  B_SPLINE_CURVE ( 3, ( #471, #58, #801, #1549 ),
 .UNSPECIFIED., .F., .T. ) 
 B_SPLINE_CURVE_WITH_KNOTS ( ( 4, 4 ),
 ( 4.214196916687098948, 4.913258122395602889 ),
 .UNSPECIFIED. ) 
 CURVE ( )  GEOMETRIC_REPRESENTATION_ITEM ( )  RATIONAL_B_SPLINE_CURVE ( ( 1.000000000000000000, 0.9596890430705663499, 0.9596890430705663499, 1.000000000000000000 ) ) 
 REPRESENTATION_ITEM ( '' )  );
#2362 = ORIENTED_EDGE ( 'NONE', *, *, #1967, .F. ) ;
#2363 = CARTESIAN_POINT ( 'NONE',  ( 54.12834010212507962, -41.85786437626945400, -47.94734359062550055 ) ) ;
#2364 = AXIS2_PLACEMENT_3D ( 'NONE', #205, #2075, #1313 ) ;
#2365 = CARTESIAN_POINT ( 'NONE',  ( 52.17670857500245063, -37.10890153653127754, -52.19293795902472510 ) ) ;
#2366 = CARTESIAN_POINT ( 'NONE',  ( 54.03275483169403515, -41.85786437626946110, 47.10907348779312542 ) ) ;
#2367 = CIRCLE ( 'NONE', #618, 5.695390637387838240 ) ;
#2368 = CARTESIAN_POINT ( 'NONE',  ( -0.2870486971724882097, -0.2870486971727143621, -21.40162778172363289 ) ) ;
#2369 = CARTESIAN_POINT ( 'NONE',  ( -46.47391007016312869, -41.85786437626946110, 53.89583786218909722 ) ) ;
#2370 = CARTESIAN_POINT ( 'NONE',  ( 49.15958877646527725, -40.64246182869744217, -40.64246182869727875 ) ) ;
#2371 = ORIENTED_EDGE ( 'NONE', *, *, #1105, .F. ) ;
#2372 = CARTESIAN_POINT ( 'NONE',  ( 0.000000000000000000, 42.00000000000000000, 0.000000000000000000 ) ) ;
#2373 = CARTESIAN_POINT ( 'NONE',  ( -44.07023400875459629, 0.000000000000000000, -4.790588497453791174E-16 ) ) ;
#2374 = ORIENTED_EDGE ( 'NONE', *, *, #2002, .F. ) ;
#2375 = CARTESIAN_POINT ( 'NONE',  ( 65.06683145025272097, -36.85200695185517361, -36.85200695189868014 ) ) ;
#2376 = EDGE_CURVE ( 'NONE', #1562, #286, #1182, .T. ) ;
#2377 = CARTESIAN_POINT ( 'NONE',  ( 53.89583786218920380, -41.85786437626944689, -46.47391007016202025 ) ) ;
#2378 = CARTESIAN_POINT ( 'NONE',  ( -49.02774490863903623, 8.094452514030056278, 3.690211918098718513 ) ) ;
#2379 = CARTESIAN_POINT ( 'NONE',  ( -50.68031517153583820, -39.28637496152873609, 55.36342173643403441 ) ) ;
#2380 = CARTESIAN_POINT ( 'NONE',  ( -0.9607681889653311158, -0.9607681889652490703, 23.26997609253539423 ) ) ;
#2381 = VECTOR ( 'NONE', #1447, 1000.000000000000000 ) ;
#2382 = EDGE_CURVE ( 'NONE', #1622, #2062, #674, .T. ) ;
#2383 = CARTESIAN_POINT ( 'NONE',  ( 44.07023400875459629, 0.000000000000000000, 4.790588497453791174E-16 ) ) ;
#2384 = VERTEX_POINT ( 'NONE', #2296 ) ;
#2385 = CARTESIAN_POINT ( 'NONE',  ( -28.43653834442158512, -5.870222574542254712, -5.870222574542255600 ) ) ;
#2386 = CARTESIAN_POINT ( 'NONE',  ( 48.45568038987661197, -39.97039901564560438, 48.45568038988417214 ) ) ;
#2387 = ORIENTED_EDGE ( 'NONE', *, *, #1568, .T. ) ;
#2388 = CARTESIAN_POINT ( 'NONE',  ( 49.15958877646527725, -40.64246182869744217, -40.64246182869727875 ) ) ;
#2389 = EDGE_CURVE ( 'NONE', #476, #2234, #762, .T. ) ;
#2390 = CARTESIAN_POINT ( 'NONE',  ( -50.61792982938211338, 4.316160010782662759, 7.882612295605575525 ) ) ;
#2391 = CARTESIAN_POINT ( 'NONE',  ( -22.37094870727469598, -0.5819097832793916902, -0.5819097832793926894 ) ) ;
#2392 = CARTESIAN_POINT ( 'NONE',  ( -23.26997609253539423, -0.9607681889652491813, 0.9607681889652446294 ) ) ;
#2393 = CARTESIAN_POINT ( 'NONE',  ( -2.928932188134651060, -2.928932188134560466, 25.90602117439493313 ) ) ;
#2394 = CARTESIAN_POINT ( 'NONE',  ( 0.9607681889651638052, -0.9607681889652492924, 23.26997609253539423 ) ) ;
#2395 = ORIENTED_EDGE ( 'NONE', *, *, #1165, .T. ) ;
#2396 = CARTESIAN_POINT ( 'NONE',  ( -54.07818680504869491, -41.95314697331740206, 47.77894398366778717 ) ) ;
#2397 = CARTESIAN_POINT ( 'NONE',  ( 46.31813827718658416, 0.6227616036602241500, -4.059562093493108884E-15 ) ) ;
#2398 = AXIS2_PLACEMENT_3D ( 'NONE', #1537, #411, #603 ) ;
#2399 = VERTEX_POINT ( 'NONE', #553 ) ;
#2400 = CARTESIAN_POINT ( 'NONE',  ( 25.90602117439494378, -2.928932188134561354, -2.928932188134549808 ) ) ;
#2401 = CIRCLE ( 'NONE', #306, 5.999999999999998224 ) ;
#2402 = EDGE_CURVE ( 'NONE', #2137, #469, #130, .T. ) ;
#2403 = CARTESIAN_POINT ( 'NONE',  ( 54.10879007258167661, -41.85786437626945400, -47.75816595311565749 ) ) ;
#2404 = CARTESIAN_POINT ( 'NONE',  ( -52.18562007262390523, -37.04845886313572834, 52.13741310645529836 ) ) ;
#2405 = CARTESIAN_POINT ( 'NONE',  ( -47.72763354284849413, -41.88545648029158741, 54.09564442834783193 ) ) ;
#2406 = CARTESIAN_POINT ( 'NONE',  ( -24.85086701972782564, -1.938942731151722221, 1.938942731151714449 ) ) ;
#2407 = CARTESIAN_POINT ( 'NONE',  ( -54.12269371798483775, -41.85786437626945400, 47.88433415302259277 ) ) ;
#2408 = AXIS2_PLACEMENT_3D ( 'NONE', #1543, #30, #1350 ) ;
#2409 = CARTESIAN_POINT ( 'NONE',  ( 1.938942731151625853, -1.938942731151720444, 24.85086701972782919 ) ) ;
#2410 = ORIENTED_EDGE ( 'NONE', *, *, #1240, .F. ) ;
#2411 = DIRECTION ( 'NONE',  ( 0.000000000000000000, 0.000000000000000000, -1.000000000000000000 ) ) ;
ENDSEC;
END-ISO-10303-21;
